t_s,wall_time,phase,frame,roll,base_ang_vel_x,base_ang_vel_y,base_ang_vel_z,base_quat_x,base_quat_y,base_quat_z,base_quat_w,left_hip_pitch_joint__pos_meas,left_hip_pitch_joint__vel_meas,left_hip_pitch_joint__tgt,left_hip_roll_joint__pos_meas,left_hip_roll_joint__vel_meas,left_hip_roll_joint__tgt,left_hip_yaw_joint__pos_meas,left_hip_yaw_joint__vel_meas,left_hip_yaw_joint__tgt,left_knee_joint__pos_meas,left_knee_joint__vel_meas,left_knee_joint__tgt,left_ankle_pitch_joint__pos_meas,left_ankle_pitch_joint__vel_meas,left_ankle_pitch_joint__tgt,left_ankle_roll_joint__pos_meas,left_ankle_roll_joint__vel_meas,left_ankle_roll_joint__tgt,right_hip_pitch_joint__pos_meas,right_hip_pitch_joint__vel_meas,right_hip_pitch_joint__tgt,right_hip_roll_joint__pos_meas,right_hip_roll_joint__vel_meas,right_hip_roll_joint__tgt,right_hip_yaw_joint__pos_meas,right_hip_yaw_joint__vel_meas,right_hip_yaw_joint__tgt,right_knee_joint__pos_meas,right_knee_joint__vel_meas,right_knee_joint__tgt,right_ankle_pitch_joint__pos_meas,right_ankle_pitch_joint__vel_meas,right_ankle_pitch_joint__tgt,right_ankle_roll_joint__pos_meas,right_ankle_roll_joint__vel_meas,right_ankle_roll_joint__tgt,waist_yaw_joint__pos_meas,waist_yaw_joint__vel_meas,waist_yaw_joint__tgt,waist_pitch_joint__pos_meas,waist_pitch_joint__vel_meas,waist_pitch_joint__tgt,waist_roll_joint__pos_meas,waist_roll_joint__vel_meas,waist_roll_joint__tgt,left_shoulder_pitch_joint__pos_meas,left_shoulder_pitch_joint__vel_meas,left_shoulder_pitch_joint__tgt,left_shoulder_roll_joint__pos_meas,left_shoulder_roll_joint__vel_meas,left_shoulder_roll_joint__tgt,left_shoulder_yaw_joint__pos_meas,left_shoulder_yaw_joint__vel_meas,left_shoulder_yaw_joint__tgt,left_elbow_joint__pos_meas,left_elbow_joint__vel_meas,left_elbow_joint__tgt,left_wrist_yaw_joint__pos_meas,left_wrist_yaw_joint__vel_meas,left_wrist_yaw_joint__tgt,left_wrist_pitch_joint__pos_meas,left_wrist_pitch_joint__vel_meas,left_wrist_pitch_joint__tgt,left_wrist_roll_joint__pos_meas,left_wrist_roll_joint__vel_meas,left_wrist_roll_joint__tgt,right_shoulder_pitch_joint__pos_meas,right_shoulder_pitch_joint__vel_meas,right_shoulder_pitch_joint__tgt,right_shoulder_roll_joint__pos_meas,right_shoulder_roll_joint__vel_meas,right_shoulder_roll_joint__tgt,right_shoulder_yaw_joint__pos_meas,right_shoulder_yaw_joint__vel_meas,right_shoulder_yaw_joint__tgt,right_elbow_joint__pos_meas,right_elbow_joint__vel_meas,right_elbow_joint__tgt,right_wrist_yaw_joint__pos_meas,right_wrist_yaw_joint__vel_meas,right_wrist_yaw_joint__tgt,right_wrist_pitch_joint__pos_meas,right_wrist_pitch_joint__vel_meas,right_wrist_pitch_joint__tgt,right_wrist_roll_joint__pos_meas,right_wrist_roll_joint__vel_meas,right_wrist_roll_joint__tgt,head_yaw_joint__pos_meas,head_yaw_joint__vel_meas,head_yaw_joint__tgt,head_pitch_joint__pos_meas,head_pitch_joint__vel_meas,head_pitch_joint__tgt,pelvis_roll,pelvis_ang_vel_x,pelvis_ang_vel_y,pelvis_ang_vel_z,obs_ang_vel_x,obs_ang_vel_y,obs_ang_vel_z
0.0000,1786493793.4927,ramp,0,-0.014330,0.005260992549964771,0.0018751206703659705,-0.00020838375659132334,0.0059503051452338696,-0.5195279121398926,-0.0034399970900267363,-0.8544257879257202,-2.6166462898254395,-0.0061054229736328125,-2.6166368093821846,-0.15636777877807617,-0.0061054229736328125,-0.15636716534485107,1.5200576782226562,0.0061054229736328125,1.520051715063016,0.20027732849121094,-0.0061054229736328125,0.2002781120341372,-0.7724442481994629,0.0061054229736328125,-0.7724420025058414,-0.2570338249206543,0.0061054229736328125,-0.2570328165545326,-2.6676502227783203,0.0061054229736328125,-2.6676405422454685,-0.20948123931884766,-0.0061054229736328125,-0.20948041753882882,0.3555908203125,0.0061054229736328125,0.3555894253049806,0.029049396514892578,0.0061054229736328125,0.029050851777627933,-0.551170825958252,-0.0061054229736328125,-0.5511694483202042,0.29308176040649414,0.0061054229736328125,0.2930806106360582,-0.15042400360107422,-0.0061054229736328125,-0.15042341350100516,0.06361725206626294,0.00015362138814610076,0.06361700252265867,0.11931357603591501,0.005297168689041657,0.11931310797588246,-0.02003765106201172,-0.0061054229736328125,-0.020036787874758107,-0.1222372055053711,-0.0061054229736328125,-0.12223594139119597,1.383918285369873,0.0061054229736328125,1.3839128562452976,-0.724891185760498,-0.0061054229736328125,-0.7248895189506602,1.4138307571411133,0.0061054229736328125,1.413825210668475,0.5716409683227539,-0.0073261260986328125,0.5716387257274852,-1.5444040298461914,-0.0073261260986328125,-1.5443979710872386,-0.2781257629394531,0.0061054229736328125,-0.2781238872892591,-0.007381916046142578,-0.0061054229736328125,-0.007382671682919765,-0.7350540161132812,0.0061054229736328125,-0.7350511325219946,-1.668851375579834,0.0061054229736328125,-1.6688460056054164,1.031491756439209,0.0061054229736328125,1.0314877098786093,-0.036431312561035156,0.0073261260986328125,-0.03643116968875745,-0.6704435348510742,-0.0073261260986328125,-0.6704409045666193,0.014812707901000977,0.0030689239501953125,0.014812649790748094,0.0,0.0,5.889418435755825e-27,0.13178887963294983,0.00022502761567011476,0.001718658022582531,0.006123984698206186,0.00022502761567011476,0.001718658022582531,0.006123984698206186
0.0205,1786493793.5128,ramp,0,-0.014256,-6.285440124921478e-05,-0.0002737641825516701,-0.0009688206839051602,0.005935838911682367,-0.5195170044898987,-0.0034488087985664606,-0.8544325828552246,-2.6166462898254395,-0.0061054229736328125,-2.6067397248974986,-0.15636777877807617,-0.0061054229736328125,-0.15572677329867327,1.5200576782226562,0.0061054229736328125,1.513826489810402,0.20027732849121094,-0.0061054229736328125,0.20109608966772624,-0.7724442481994629,0.0061054229736328125,-0.7700976163941012,-0.2570338249206543,0.0061054229736328125,-0.25598013532119085,-2.6676502227783203,0.0061054229736328125,-2.6575345747374177,-0.20948123931884766,-0.0061054229736328125,-0.20862252239026666,0.3555908203125,0.0061054229736328125,0.3541331107735015,0.029049396514892578,0.0061054229736328125,0.030570069587642888,-0.551170825958252,-0.0061054229736328125,-0.5497312666042732,0.2905893325805664,-0.6776561737060547,0.2918803107305519,-0.15042400360107422,-0.0061054229736328125,-0.14980738004338995,0.06361725206626294,0.00015362138814610076,0.06335649211531476,0.11931357603591501,0.005297168689041657,0.11882447790219418,-0.02003765106201172,-0.0061054229736328125,-0.01913566574937805,-0.1222372055053711,0.018314361572265625,-0.12091627263165783,1.383918285369873,0.0061054229736328125,1.3782451355323915,-0.724891185760498,0.03052520751953125,-0.723149457084145,1.4138307571411133,0.0061054229736328125,1.4080349847455946,0.5708780288696289,-0.09523773193359375,0.5692975741332442,-1.541733741760254,0.3296699523925781,-1.5380729451767867,-0.2781257629394531,0.0061054229736328125,-0.27616580706710425,-0.007381916046142578,-0.0061054229736328125,-0.00817151676354841,-0.7350540161132812,0.0061054229736328125,-0.7320408147745634,-1.668851375579834,0.0061054229736328125,-1.663240034548589,1.031491756439209,0.0061054229736328125,1.027263313291643,-0.036431312561035156,0.0073261260986328125,-0.036282018539911934,-0.6704435348510742,-0.0073261260986328125,-0.667695025838171,0.014812707901000977,0.0030689239501953125,0.014751985740896442,0.0,0.0,6.1541327293332575e-24,0.1318366974592209,-0.00539776124060154,0.00050447101239115,0.005453675519675016,-0.00539776124060154,0.00050447101239115,0.005453675519675016
0.0406,1786493793.5330,ramp,0,-0.014288,-0.005617739622737697,-0.009916896174912123,-0.010265697456901448,0.0059419372119009495,-0.5195527076721191,-0.0034450474195182323,-0.8544107675552368,-2.6166462898254395,0.1892547607421875,-2.597032174846403,-0.15636777877807617,-0.0061054229736328125,-0.15509864510089805,1.5200576782226562,-0.04273414611816406,1.507720480933484,0.20027732849121094,-0.0061054229736328125,0.20189840259443,-0.7724442481994629,0.0061054229736328125,-0.7677981265237234,-0.2570338249206543,0.018314361572265625,-0.2549476134935429,-2.6676502227783203,0.0061054229736328125,-2.6476221418839896,-0.20948123931884766,-0.0061054229736328125,-0.2077810563902395,0.3555908203125,0.0061054229736328125,0.35270468544012723,0.029049396514892578,0.0061054229736328125,0.03206019356830167,-0.551170825958252,-0.0061054229736328125,-0.5483206268333817,0.2821526527404785,-0.21367454528808594,0.29070299720685133,-0.15042400360107422,-0.0061054229736328125,-0.14920314395424644,0.06361725206626294,0.004902947200136668,0.06310097062087512,0.11931357603591501,0.010946955770088572,0.11834520535439091,-0.02003765106201172,-0.0061054229736328125,-0.018251800592137823,-0.12204551696777344,0.018314361572265625,-0.11962187623098991,1.383918285369873,0.0061054229736328125,1.3726859546866286,-0.7245078086853027,0.018314361572265625,-0.7214427183281673,1.4138307571411133,-0.0061054229736328125,1.4023556447298064,0.5697336196899414,-0.0073261260986328125,0.5670012568376342,-1.535630226135254,0.15384674072265625,-1.5318690468777274,-0.2781257629394531,0.0061054229736328125,-0.27424522512299326,-0.007381916046142578,-0.0061054229736328125,-0.00894525504118082,-0.7350540161132812,0.0061054229736328125,-0.7290881462136243,-1.668851375579834,0.03052520751953125,-1.6577414208201366,1.031491756439209,0.0061054229736328125,1.0231198161468924,-0.036431312561035156,0.0073261260986328125,-0.03613572371492216,-0.6704435348510742,-0.0073261260986328125,-0.6650017321483075,0.014812707901000977,0.0030689239501953125,0.014692483439875543,0.0,0.0,1.2184633909676254e-23,0.1318584680557251,-0.0190865658223629,-0.010788977146148682,-0.0041916100308299065,-0.0190865658223629,-0.010788977146148682,-0.0041916100308299065
0.0609,1786493793.5535,ramp,0,-0.014297,-0.00932394231790868,-0.07020608620910074,-0.010816220707896663,0.005948385689407587,-0.519342839717865,-0.0034487610682845116,-0.8545382618904114,-2.6158792972564697,0.018314361572265625,-2.5872214829855698,-0.15636777877807617,-0.0061054229736328125,-0.15446384309987438,1.5200576782226562,-0.10378456115722656,1.5015495962843561,0.20027732849121094,-0.0061054229736328125,0.2027092400208067,-0.7724442481994629,0.018314361572265625,-0.765474204788925,-0.2570338249206543,0.04273414611816406,-0.2539041212182191,-2.6665000915527344,0.07936477661132812,-2.6376043903602473,-0.20948123931884766,-0.0061054229736328125,-0.20693064989280385,0.3555908203125,-0.0061054229736328125,0.3512610832214232,0.029049396514892578,0.018314361572265625,0.033566149976636685,-0.551170825958252,-0.0061054229736328125,-0.5468949991470953,0.27755069732666016,-0.07936477661132812,0.28951317483727074,-0.15042400360107422,-0.0061054229736328125,-0.14859248791327015,0.06390588174447503,0.03309618998698657,0.06284273423449832,0.11933576873583887,0.03425939642281805,0.11786084058067303,-0.02003765106201172,-0.05494499206542969,-0.017358544450416312,-0.12166213989257812,0.0061054229736328125,-0.11831372698984433,1.383918285369873,0.0061054229736328125,1.367067708065251,-0.7241244316101074,-0.0061054229736328125,-0.7197178456328214,1.413447380065918,-0.03052520751953125,1.3966159622584806,0.5693521499633789,-0.021978378295898438,0.5646805413859136,-1.531815528869629,0.15384674072265625,-1.5255992327405195,-0.2787013053894043,0.018314361572265625,-0.2723042371756764,-0.007381916046142578,-0.0061054229736328125,-0.009727214215517095,-0.7350540161132812,0.0061054229736328125,-0.7261041058258775,-1.668851375579834,0.018314361572265625,-1.6521843848360158,1.031491756439209,0.0061054229736328125,1.0189322947332067,-0.036431312561035156,0.0073261260986328125,-0.03598787452112406,-0.6704435348510742,-0.0073261260986328125,-0.6622798224653395,0.014812707901000977,0.0030689239501953125,0.014632348932481406,0.0,0.0,1.827920860002815e-23,0.1314379870891571,-0.05942186713218689,-0.09366820007562637,-0.010169778019189835,-0.05942186713218689,-0.09366820007562637,-0.010169778019189835
0.0801,1786493793.5725,ramp,0,-0.014414,-0.013282748963365584,-0.07263678662552969,-0.005486744346322125,0.006001043599098921,-0.5189369916915894,-0.0034775089006870985,-0.8547843098640442,-2.6149206161499023,0.05494499206542969,-2.577931418984057,-0.15636777877807617,-0.0061054229736328125,-0.15386272838732873,1.518907070159912,-0.10378456115722656,1.4957061844078476,0.20027732849121094,-0.0061054229736328125,0.20347704841727,-0.7724442481994629,0.018314361572265625,-0.7632736075265673,-0.2570338249206543,0.06715583801269531,-0.2529160043595554,-2.665349006652832,0.07936477661132812,-2.6281182548127258,-0.20948123931884766,-0.0061054229736328125,-0.2061253722528017,0.3555908203125,-0.018314361572265625,0.34989408921175214,0.029049396514892578,0.018314361572265625,0.034992189201533255,-0.551170825958252,0.0061054229736328125,-0.5455450258082317,0.2742910385131836,-0.2991447448730469,0.28838649324124943,-0.15042400360107422,-0.0061054229736328125,-0.14801423779757455,0.06463735991642929,0.042296300650198765,0.06259820178041754,0.11972426355935337,0.03498680116675417,0.11740217978368256,-0.02003765106201172,-0.03052520751953125,-0.01651269108512337,-0.12166213989257812,0.018314361572265625,-0.11707499782107987,1.3835349082946777,-0.018314361572265625,1.3617476071560315,-0.7241244316101074,-0.0061054229736328125,-0.718084507437969,1.4121050834655762,-0.06715583801269531,1.3911808697835186,0.5693521499633789,-0.0073261260986328125,0.5624829802575432,-1.5295257568359375,0.13919448852539062,-1.5196621413061433,-0.28023529052734375,0.018314361572265625,-0.2704662524022755,-0.007381916046142578,-0.0061054229736328125,-0.010467676853545327,-0.7350540161132812,0.03052520751953125,-0.7232784206878149,-1.668851375579834,0.04273414611816406,-1.6469222462749942,1.031491756439209,-0.03052520751953125,1.0149669941720754,-0.036431312561035156,0.0073261260986328125,-0.035847871298880375,-0.6704435348510742,0.0073261260986328125,-0.6597023574384269,0.014812707901000977,0.0030689239501953125,0.014575405606738878,0.0,0.0,2.405036008847831e-23,0.13018645346164703,-0.06557419896125793,-0.1051180511713028,-0.00487033324316144,-0.06557419896125793,-0.1051180511713028,-0.00487033324316144
0.1002,1786493793.5929,ramp,0,-0.014848,-0.02201426589529963,-0.0844463497752691,-0.02086553424563457,0.006122524384409189,-0.5182875990867615,-0.003474314697086811,-0.8551774024963379,-2.613386631011963,0.05494499206542969,-2.5682267456904837,-0.15636777877807617,-0.0061054229736328125,-0.15323478633049625,1.5160307884216309,-0.15262603759765625,1.489601984999527,0.20027732849121094,-0.0061054229736328125,0.20427912358473113,-0.7718691825866699,0.10378456115722656,-0.7609747990922621,-0.2570338249206543,0.03052520751953125,-0.2518837885117809,-2.6634321212768555,0.09157562255859375,-2.618208759432257,-0.20948123931884766,-0.0061054229736328125,-0.2052841556147282,0.3555908203125,-0.018314361572265625,0.34846608718119904,0.029049396514892578,0.04273414611816406,0.03648187159545294,-0.5507874488830566,0.0061054229736328125,-0.5441348040695473,0.2716069221496582,0.018314361572265625,0.2872095286053237,-0.15080738067626953,-0.0061054229736328125,-0.14741018076913187,0.06565782609919726,0.06513865046549687,0.06234275600780034,0.12013505762907851,0.031477942860945574,0.11692304926459923,-0.02042102813720703,-0.05494499206542969,-0.015629087854499756,-0.12127876281738281,0.018314361572265625,-0.11578098500479357,1.3831515312194824,-0.03052520751953125,1.3561900737305996,-0.7241244316101074,-0.0061054229736328125,-0.716378274460847,1.409804344177246,-0.10378456115722656,1.3855032127963038,0.5693521499633789,-0.0073261260986328125,0.5601873434578379,-1.5272369384765625,0.124542236328125,-1.5134600814844554,-0.28157711029052734,-0.07936477661132812,-0.2685462396077982,-0.007381916046142578,-0.018314361572265625,-0.011241185839811804,-0.7344789505004883,0.0061054229736328125,-0.7203266271274115,-1.6678924560546875,0.03052520751953125,-1.6414252620182752,1.0305328369140625,-0.04273414611816406,1.010824724920719,-0.036431312561035156,0.0073261260986328125,-0.035701619827232696,-0.6700620651245117,0.0073261260986328125,-0.6570098618853583,0.014812707901000977,0.0030689239501953125,0.014515920938765572,0.0,0.0,3.007907417634718e-23,0.1288405805826187,-0.07677729427814484,-0.1364900916814804,-0.02115420252084732,-0.07677729427814484,-0.1364900916814804,-0.02115420252084732
0.1206,1786493793.6130,ramp,0,-0.015595,-0.034986908475076905,-0.1536360322319627,-0.02351303261955278,0.006356232799589634,-0.5175025463104248,-0.003513227216899395,-0.8556509017944336,-2.611469268798828,0.128204345703125,-2.558353401705152,-0.15655994415283203,-0.0061054229736328125,-0.15259593041619468,1.5125794410705566,-0.1770458221435547,1.4833916924229265,0.20027732849121094,-0.0061054229736328125,0.2050951391053856,-0.7695679664611816,0.11599540710449219,-0.7586360365454272,-0.2570338249206543,0.0061054229736328125,-0.2508336323835021,-2.660555839538574,0.1892547607421875,-2.6081270334789264,-0.20967340469360352,-0.0061054229736328125,-0.20442831833070707,0.3555908203125,-0.0061054229736328125,0.3470132659647713,0.029049396514892578,0.05494499206542969,0.03799744520201654,-0.550595760345459,0.0061054229736328125,-0.5427000721728181,0.27007293701171875,-0.11599540710449219,0.2860121079032006,-0.15080738067626953,-0.0061054229736328125,-0.14679562501355356,0.06776400390298375,0.13398967774392556,0.06208287049632016,0.12071317701190505,0.031514852703274296,0.1164355912857806,-0.021187782287597656,-0.09157562255859375,-0.014730127283794584,-0.12108707427978516,0.0061054229736328125,-0.1144644817830845,1.381617546081543,-0.05494499206542969,1.3505359483871313,-0.7239327430725098,-0.0061054229736328125,-0.714642386544517,1.4073114395141602,-0.10378456115722656,1.379726876100599,0.5693521499633789,-0.0073261260986328125,0.5578518076697465,-1.5241851806640625,0.13919448852539062,-1.5071502276455135,-0.2831110954284668,-0.10378456115722656,-0.26659285630445034,-0.007381916046142578,-0.05494499206542969,-0.012028138688828589,-0.7342872619628906,0.0061054229736328125,-0.7173235303395112,-1.6675090789794922,0.0061054229736328125,-1.6358327382097217,1.0293822288513184,-0.05494499206542969,1.006610461548701,-0.036431312561035156,0.0073261260986328125,-0.0355528264527154,-0.6692991256713867,0.021978378295898438,-0.6542705697968725,0.014716863632202148,0.0030689239501953125,0.014455402405994085,0.0,0.0,3.621256947063663e-23,0.12590470910072327,-0.111015684902668,-0.2700628340244293,-0.031138379126787186,-0.111015684902668,-0.2700628340244293,-0.031138379126787186
0.1405,1786493793.6329,ramp,0,-0.016778,-0.012197273631373708,-0.19985224682833197,-0.023402671640098818,0.006673223339021206,-0.5153300166130066,-0.003465255256742239,-0.8569589257240295,-2.608017921447754,0.1892547607421875,-2.5487474163703974,-0.15694332122802734,-0.0061054229736328125,-0.15197437397564936,1.5095114707946777,-0.1770458221435547,1.4773495673329886,0.20027732849121094,-0.0061054229736328125,0.2058890578765724,-0.7676506042480469,0.10378456115722656,-0.7563606049632048,-0.2570338249206543,0.0061054229736328125,-0.24981191325952176,-2.656529426574707,0.22588539123535156,-2.598318308917056,-0.20986509323120117,0.0061054229736328125,-0.20359565612310476,0.3555908203125,-0.0061054229736328125,0.34559978545403863,0.02847433090209961,0.05494499206542969,0.03947197884128001,-0.5498285293579102,0.03052520751953125,-0.5413041911440846,0.26911401748657227,-0.10378456115722656,0.28484711195844115,-0.15042400360107422,0.018314361572265625,-0.14619771071174814,0.07166502907548973,0.20674547995490217,0.061830022381668945,0.12101244927159598,0.005192132925205409,0.11596133310103612,-0.022913455963134766,-0.11599540710449219,-0.01385550951786384,-0.12070369720458984,0.04273414611816406,-0.11318362793461305,1.3800835609436035,-0.06715583801269531,1.3450349301697055,-0.7239327430725098,-0.0061054229736328125,-0.7129535044502826,1.4046273231506348,-0.15262603759765625,1.3741069558719532,0.5693521499633789,-0.0073261260986328125,0.5555795154694005,-1.521514892578125,0.124542236328125,-1.5010112372962086,-0.2854123115539551,-0.15262603759765625,-0.26469236834485005,-0.00795745849609375,-0.018314361572265625,-0.012793781771661449,-0.7342872619628906,0.0061054229736328125,-0.7144017539133807,-1.6669340133666992,0.04273414611816406,-1.630391653429424,1.0282320976257324,-0.05494499206542969,1.0025103155182844,-0.036431312561035156,0.0073261260986328125,-0.03540806222940412,-0.6681547164916992,0.05128288269042969,-0.651605454546285,0.014716863632202148,0.0030689239501953125,0.014396522644573084,0.0,0.0,4.21799768591833e-23,0.11979778110980988,-0.08079084008932114,-0.3946606516838074,-0.06430481374263763,-0.08079084008932114,-0.3946606516838074,-0.06430481374263763
0.1603,1786493793.6528,ramp,0,-0.017719,-0.02560329158310173,-0.21757626631783863,-0.018809838119607805,0.006915700621902943,-0.513757586479187,-0.003407631767913699,-0.8579007387161255,-2.604374885559082,0.1892547607421875,-2.539163578008464,-0.15732669830322266,0.0061054229736328125,-0.15135425055765364,1.5058684349060059,-0.1770458221435547,1.4713213725974588,0.20027732849121094,0.0061054229736328125,0.20668114623715214,-0.7659249305725098,0.09157562255859375,-0.7540904194770001,-0.2570338249206543,0.0061054229736328125,-0.24879254974872236,-2.6521196365356445,0.23809432983398438,-2.588532198751181,-0.21005678176879883,0.06715583801269531,-0.20276491365060914,0.35539913177490234,-0.0061054229736328125,0.3441895637776019,0.028282642364501953,-0.0061054229736328125,0.04094311288588498,-0.5494451522827148,0.018314361572265625,-0.5399115283733568,0.26834726333618164,0.07936477661132812,0.2836848019571458,-0.15023231506347656,0.0061054229736328125,-0.14560117492462193,0.07671997251073102,0.24847582482722413,0.0615777572181808,0.12123024647423931,0.013478786390062164,0.11548816833698325,-0.024255752563476562,-0.10378456115722656,-0.012982908217211412,-0.11993646621704102,0.03052520751953125,-0.11190572714450908,1.3783578872680664,-0.06715583801269531,1.3395465947637468,-0.7239327430725098,0.018314361572265625,-0.7112685161394069,1.4025177955627441,-0.11599540710449219,1.3684999925879855,0.5689706802368164,-0.021978378295898438,0.5533124621271052,-1.5196075439453125,0.08058547973632812,-1.4948864006279348,-0.2882881164550781,-0.1770458221435547,-0.26279626203416157,-0.008149147033691406,-0.03052520751953125,-0.013557659634586536,-0.734095573425293,0.0061054229736328125,-0.7114867137564456,-1.6659750938415527,0.05494499206542969,-1.6249631132817226,1.026698112487793,-0.06715583801269531,0.9984196225340191,-0.036431312561035156,0.0073261260986328125,-0.03526363176564039,-0.6666288375854492,0.0659332275390625,-0.6489464838225698,0.01462101936340332,0.0030689239501953125,0.014337778632732216,0.0,0.0,4.813362615788858e-23,0.11479610949754715,-0.11111070960760117,-0.4506264925003052,-0.04796171188354492,-0.11111070960760117,-0.4506264925003052,-0.04796171188354492
0.1809,1786493793.6733,ramp,0,-0.018674,-0.02121146014588445,-0.26552446772914096,-0.027637208044838695,0.007163911126554012,-0.5119506120681763,-0.0033427965827286243,-0.8589785099029541,-2.5999643802642822,0.23809432983398438,-2.52920484671779,-0.1575183868408203,0.0061054229736328125,-0.15070986964745348,1.502800464630127,-0.16483497619628906,1.4650573717585622,0.20027732849121094,0.0061054229736328125,0.20750421887710982,-0.7641992568969727,0.09157562255859375,-0.7517314306894908,-0.2570338249206543,0.018314361572265625,-0.24773331159087839,-2.6465587615966797,0.27472496032714844,-2.578363283349814,-0.21024847030639648,-0.0061054229736328125,-0.20190167485808158,0.35501527786254883,-0.0061054229736328125,0.3427241781768076,0.028282642364501953,-0.018314361572265625,0.04247179357617871,-0.5488700866699219,0.018314361572265625,-0.5384643885335101,0.26777172088623047,-0.09157562255859375,0.2824770256422468,-0.14984893798828125,0.03052520751953125,-0.14498130432738218,0.08284601056130518,0.30364888624002534,0.06131562414766126,0.12093557974645852,0.006539894764191613,0.11499649469188775,-0.026556968688964844,-0.15262603759765625,-0.012076173196344742,-0.11974477767944336,0.03052520751953125,-0.11057783845271582,1.3777828216552734,-0.0061054229736328125,1.3338435710401693,-0.7235493659973145,0.0061054229736328125,-0.7095176158025869,1.4021344184875488,-0.04273414611816406,1.362673700595886,0.5689706802368164,-0.021978378295898438,0.5509567280042071,-1.518463134765625,0.05128288269042969,-1.4885219774944145,-0.29135608673095703,-0.1770458221435547,-0.26082598535235735,-0.008340835571289062,-0.04273414611816406,-0.014351418261190796,-0.734095573425293,0.0061054229736328125,-0.7084576453886247,-1.6648244857788086,0.04273414611816406,-1.6193222238395215,1.0249724388122559,-0.07936477661132812,0.9941689130912603,-0.036431312561035156,0.0073261260986328125,-0.03511355158643751,-0.6654844284057617,0.05128288269042969,-0.6461835016073825,0.01462101936340332,0.0030689239501953125,0.014276736719589874,0.0,0.0,5.43201655511465e-23,0.10939997434616089,-0.11639610677957535,-0.5527171492576599,-0.08749327808618546,-0.11639610677957535,-0.5527171492576599,-0.08749327808618546
0.2010,1786493793.6934,ramp,0,-0.019560,-0.009133562710373544,-0.2776772707314995,-0.027199188785737113,0.007385835517197847,-0.5098395943641663,-0.0032527975272387266,-0.8602316379547119,-2.5955543518066406,0.23809432983398438,-2.5194797582091306,-0.15771007537841797,0.03052520751953125,-0.1500806066216647,1.499732494354248,-0.14041519165039062,1.4589403312642948,0.20027732849121094,0.018314361572265625,0.20830798132827064,-0.7622814178466797,0.09157562255859375,-0.7494277863717707,-0.2570338249206543,0.04273414611816406,-0.24669892432445728,-2.6406145095825195,0.28693580627441406,-2.5684329418807175,-0.21024847030639648,-0.0061054229736328125,-0.20105868859643802,0.35482358932495117,-0.0061054229736328125,0.34129317213285654,0.027898788452148438,-0.018314361572265625,0.04396460973726005,-0.5482940673828125,0.03052520751953125,-0.5370512001849002,0.2675800323486328,0.07936477661132812,0.2812975850871979,-0.1486983299255371,0.04273414611816406,-0.14437597657567172,0.08911680947046992,0.31756122877923315,0.06105964100709431,0.12047190489191952,0.0016853820558603038,0.1145163562509192,-0.030008316040039062,-0.1770458221435547,-0.011190711175686843,-0.11936140060424805,0.018314361572265625,-0.10928110348915371,1.3775911331176758,-0.018314361572265625,1.3282743465215086,-0.7235493659973145,0.0061054229736328125,-0.707807793512135,1.4015593528747559,0.0061054229736328125,1.3569840998177705,0.5682077407836914,-0.03663063049316406,0.5486562619930893,-1.5173187255859375,0.05128288269042969,-1.4823068707229319,-0.29442405700683594,-0.16483497619628906,-0.2589019335270975,-0.009107589721679688,-0.04273414611816406,-0.015126554437971375,-0.734095573425293,-0.018314361572265625,-0.705499642294051,-1.6636743545532227,0.04273414611816406,-1.613813675863702,1.0228633880615234,-0.06715583801269531,0.9900179299641089,-0.036431312561035156,0.0073261260986328125,-0.03496699245319628,-0.6635770797729492,0.08058547973632812,-0.6434853419918388,0.014525175094604492,0.0030689239501953125,0.01421712691682282,0.0,0.0,6.036156193043046e-23,0.1027982234954834,-0.103373683989048,-0.5810542702674866,-0.10190519690513611,-0.103373683989048,-0.5810542702674866,-0.10190519690513611
0.2210,1786493793.7134,ramp,0,-0.020444,-0.020518434890029375,-0.2839167409151757,-0.02819842555208626,0.007605331018567085,-0.5078611373901367,-0.003155769081786275,-0.8613995313644409,-2.591144323348999,0.25030517578125,-2.509822549964341,-0.15790176391601562,0.04273414611816406,-0.14945573579654287,1.4966645240783691,-0.16483497619628906,1.4528659871755638,0.20027732849121094,0.03052520751953125,0.20910613358809754,-0.7601723670959473,0.11599540710449219,-0.7471402212891143,-0.256650447845459,0.05494499206542969,-0.2456717569903304,-2.6354379653930664,0.2991447448730469,-2.5585719133231315,-0.21024847030639648,-0.0061054229736328125,-0.20022158630488143,0.35482358932495117,-0.018314361572265625,0.3398721543854413,0.02770709991455078,-0.0061054229736328125,0.045447006172615295,-0.5477190017700195,0.018314361572265625,-0.5356478757668772,0.2671961784362793,-0.09157562255859375,0.28012637692366127,-0.14773941040039062,0.04273414611816406,-0.1437748739585168,0.09596754023005387,0.3121196873202229,0.060805444606371654,0.1198678966312908,-0.03702427616443561,0.11403956913410956,-0.033075809478759766,-0.1892547607421875,-0.010311429602184237,-0.11936140060424805,0.0061054229736328125,-0.10799341962177611,1.3773994445800781,-0.0061054229736328125,1.3227439947009765,-0.7235493659973145,0.04273414611816406,-0.7061099056311375,1.4011754989624023,0.0061054229736328125,1.351334211953505,0.5674448013305664,-0.03663063049316406,0.5463718530327343,-1.51617431640625,0.0659332275390625,-1.4761351448509905,-0.29710865020751953,-0.16483497619628906,-0.25699131141463466,-0.009491443634033203,-0.05494499206542969,-0.015896280232299647,-0.7342872619628906,-0.018314361572265625,-0.7025622858013472,-1.6627154350280762,0.04273414611816406,-1.6083435770690706,1.0207538604736328,-0.11599540710449219,0.9858959203347036,-0.036431312561035156,0.0073261260986328125,-0.03482145628983631,-0.6612882614135742,0.10988998413085938,-0.640806015293497,0.014429330825805664,0.0030689239501953125,0.01415793318524498,0.0,0.0,6.636078989345799e-23,0.09679906815290451,-0.07656204700469971,-0.5857378244400024,-0.1059778481721878,-0.07656204700469971,-0.5857378244400024,-0.1059778481721878
0.2408,1786493793.7332,ramp,0,-0.021459,-0.011492659463587587,-0.30731321030276715,-0.022147748522561447,0.007868567481637001,-0.5055661201477051,-0.003055047709494829,-0.8627466559410095,-2.5855836868286133,0.28693580627441406,-2.5002673854122497,-0.15809345245361328,-0.0061054229736328125,-0.14883746772087394,1.4935965538024902,-0.16483497619628906,1.4468558281479633,0.20027732849121094,0.04273414611816406,0.2098958521058052,-0.7580633163452148,0.10378456115722656,-0.7448768279528267,-0.2556915283203125,0.03052520751953125,-0.2446554433051191,-2.629110336303711,0.33577537536621094,-2.548815082142502,-0.21024847030639648,-0.0061054229736328125,-0.19939332932418818,0.3542485237121582,-0.018314361572265625,0.33846615194003266,0.02732372283935547,-0.03052520751953125,0.046913738742961855,-0.5469522476196289,0.018314361572265625,-0.534259379692827,0.26700448989868164,0.09157562255859375,0.27896754442842303,-0.14678096771240234,0.06715583801269531,-0.14318012294207197,0.10260864849556522,0.3904190975011984,0.06055393419302165,0.11931865079232341,-0.04851693084140361,0.11356782002795449,-0.03633546829223633,-0.20146560668945312,-0.009441439030429537,-0.11897802352905273,0.04273414611816406,-0.10671934217289185,1.3773994445800781,0.0061054229736328125,1.3172720798021085,-0.7237410545349121,-0.0061054229736328125,-0.7044299586234002,1.4004087448120117,-0.04273414611816406,1.3457440240984337,0.5670633316040039,-0.021978378295898438,0.5441115824693197,-1.5146484375,0.03663063049316406,-1.4700286330328767,-0.2994098663330078,-0.128204345703125,-0.2551008780493508,-0.010449886322021484,-0.06715583801269531,-0.016657872655116424,-0.7342872619628906,-0.0061054229736328125,-0.6996559671298948,-1.661564826965332,0.03052520751953125,-1.6029312785275018,1.018261432647705,-0.15262603759765625,0.9818174662622734,-0.036431312561035156,0.0073261260986328125,-0.03467745794642947,-0.6593809127807617,0.09523773193359375,-0.6381549999231616,0.014429330825805664,0.0030689239501953125,0.014099364929146358,0.0,0.0,7.229662651613418e-23,0.0905488133430481,-0.07084271311759949,-0.6899691224098206,-0.1292116492986679,-0.07084271311759949,-0.6899691224098206,-0.1292116492986679
0.2604,1786493793.7529,ramp,0,-0.022354,-0.016276723554805802,-0.3148067131094912,-0.03276876784493371,0.008112840354442596,-0.5028421878814697,-0.00295894593000412,-0.8643350601196289,-2.580406665802002,0.2991447448730469,-2.490771671431905,-0.15809345245361328,-0.0061054229736328125,-0.1482230464016257,1.4905290603637695,-0.15262603759765625,1.440883063284381,0.20027732849121094,0.04273414611816406,0.21068065713226514,-0.7559542655944824,0.10378456115722656,-0.7426275170561661,-0.2549247741699219,0.018314361572265625,-0.2436454529468721,-2.6229734420776367,0.34798622131347656,-2.539118956268302,-0.21044015884399414,-0.0061054229736328125,-0.19857022561435564,0.3538651466369629,-0.03052520751953125,0.337068897397269,0.026940345764160156,-0.018314361572265625,0.04837134555839005,-0.5461850166320801,0.0061054229736328125,-0.5328795225998242,0.26662111282348633,-0.04273414611816406,0.27781592198739435,-0.14505529403686523,0.06715583801269531,-0.1425890723629961,0.11026138162291386,0.39523840292263285,0.06030398863371392,0.11848242061574824,-0.054712092217083626,0.11309900606267838,-0.0399785041809082,-0.21367454528808594,-0.008576861388679684,-0.1182107925415039,0.03052520751953125,-0.10545319181227207,1.3772072792053223,-0.03052520751953125,1.3118342102059155,-0.7237410545349121,-0.03052520751953125,-0.7027604639537226,1.3994498252868652,-0.03052520751953125,1.3401886174197981,0.5666818618774414,-0.03663063049316406,0.5418653749161823,-1.5135040283203125,0.08058547973632812,-1.4639601148690828,-0.30151891708374023,-0.128204345703125,-0.2532222066316296,-0.011600494384765625,-0.06715583801269531,-0.017414726582355468,-0.7342872619628906,0.0061054229736328125,-0.6967677310676693,-1.660414695739746,0.06715583801269531,-1.5975526543660037,1.0142340660095215,-0.20146560668945312,0.9777643876216452,-0.036431312561035156,0.0073261260986328125,-0.03453435553566717,-0.6570920944213867,0.09523773193359375,-0.6355204787093233,0.014333486557006836,-0.0030689239501953125,0.014041161074549386,0.0,0.0,7.819553139586752e-23,0.08304649591445923,-0.07154995948076248,-0.7009840607643127,-0.14071251451969147,-0.07154995948076248,-0.7009840607643127,-0.14071251451969147
0.2801,1786493793.7725,ramp,0,-0.023233,-0.02148240973907019,-0.3279101647524672,-0.0327465949482642,0.008343235589563847,-0.5001509785652161,-0.002839338034391403,-0.8658933639526367,-2.5754213333129883,0.28693580627441406,-2.481244407367627,-0.15809345245361328,-0.0061054229736328125,-0.14760658363038837,1.4870777130126953,-0.20146560668945312,1.4348904535483482,0.20066070556640625,0.03052520751953125,0.21146806972088503,-0.7538447380065918,0.128204345703125,-0.7403707326880288,-0.25415754318237305,0.03052520751953125,-0.24263210683458267,-2.6170291900634766,0.372406005859375,-2.529390614429532,-0.21044015884399414,-0.0061054229736328125,-0.19774438709267164,0.3532896041870117,-0.04273414611816406,0.3356670003917907,0.026556968688964844,-0.018314361572265625,0.049833795360608356,-0.5456099510192871,0.0061054229736328125,-0.5314950808481858,0.26642942428588867,-0.06715583801269531,0.2766604732111632,-0.14352130889892578,0.06715583801269531,-0.14199605798262865,0.11836176970160317,0.3830898499703396,0.06005321261517043,0.11782588044012636,-0.007570225263637575,0.11262863443465203,-0.04381370544433594,-0.21367454528808594,-0.007709411135431516,-0.11744403839111328,0.05494499206542969,-0.10418283459051123,1.3766322135925293,-0.03052520751953125,1.3063782729591453,-0.7239327430725098,-0.03052520751953125,-0.7010854222870457,1.397916316986084,-0.04273414611816406,1.3346147525665204,0.5659189224243164,-0.03663063049316406,0.5396117042026148,-1.512359619140625,0.05128288269042969,-1.4578714336867087,-0.30362796783447266,-0.128204345703125,-0.25133729321451415,-0.013326168060302734,-0.09157562255859375,-0.01817409520253699,-0.7342872619628906,0.0061054229736328125,-0.6938698986664669,-1.6590723991394043,0.05494499206542969,-1.5921561594004674,1.010399341583252,-0.20146560668945312,0.9736978423821318,-0.036431312561035156,0.0073261260986328125,-0.03439077765849128,-0.6548023223876953,0.10988998413085938,-0.6328772041394346,0.014333486557006836,0.0030689239501953125,0.013982763834125755,0.0,0.0,8.411403574378821e-23,0.07590225338935852,-0.12279637902975082,-0.6944535970687866,-0.13608230650424957,-0.12279637902975082,-0.6944535970687866,-0.13608230650424957
0.3008,1786493793.7935,ramp,0,-0.024172,-0.018259493799748328,-0.3268341478035343,-0.02424696652646499,0.008612001314759254,-0.4976675808429718,-0.0027542184107005596,-0.867320716381073,-2.568901777267456,0.28693580627441406,-2.471259492363757,-0.15809345245361328,-0.0061054229736328125,-0.14696050849986544,1.4826669692993164,-0.1770458221435547,1.4286099832620254,0.20162010192871094,0.03052520751953125,0.212293306401353,-0.7511606216430664,0.09157562255859375,-0.7380055415958241,-0.25319910049438477,0.018314361572265625,-0.2415700837047054,-2.6099348068237305,0.3601951599121094,-2.519194962694327,-0.2106318473815918,-0.0061054229736328125,-0.19687887865391074,0.35233116149902344,-0.03052520751953125,0.3341977619672608,0.026173114776611328,-0.018314361572265625,0.0513664952914654,-0.5450344085693359,0.03052520751953125,-0.5300441361567555,0.266237735748291,-0.06715583801269531,0.2754495213844735,-0.14198684692382812,0.06715583801269531,-0.14137455760811474,0.1263140731805643,0.39206901827755897,0.05979039033867301,0.11679468054389747,-0.02987018042384207,0.11213566807050093,-0.04764842987060547,-0.20146560668945312,-0.006800292107100639,-0.11629343032836914,0.04273414611816406,-0.10285145458485005,1.375673770904541,-0.05494499206542969,1.30066025472139,-0.7245078086853027,-0.05494499206542969,-0.6993299184449281,1.3963823318481445,-0.05494499206542969,1.3287731419606272,0.5655374526977539,-0.021978378295898438,0.5372497763322566,-1.5115966796875,0.021978378295898438,-1.4514902770732778,-0.3051619529724121,-0.09157562255859375,-0.24936183623834843,-0.015435218811035156,-0.10378456115722656,-0.0189699407966092,-0.7342872619628906,0.0061054229736328125,-0.6908328662061246,-1.6577301025390625,0.05494499206542969,-1.5865004388088941,1.0063729286193848,-0.16483497619628906,0.969435956881532,-0.036431312561035156,0.0073261260986328125,-0.034240302885212716,-0.6528949737548828,0.08058547973632812,-0.6301069574312336,0.014237403869628906,0.0030689239501953125,0.013921561428255975,0.0,0.0,9.031684092115253e-23,0.06953693926334381,-0.09736791998147964,-0.7071890830993652,-0.13029079139232635,-0.09736791998147964,-0.7071890830993652,-0.13029079139232635
0.3206,1786493793.8130,ramp,0,-0.025147,-0.022787833048778187,-0.3527539290344621,-0.022133590076297394,0.008902085945010185,-0.4950440526008606,-0.0026749412063509226,-0.8688181638717651,-2.562957763671875,0.3235645294189453,-2.461674045492283,-0.15809345245361328,-0.0061054229736328125,-0.14634028100306576,1.4788322448730469,-0.1892547607421875,1.4225807767806398,0.2021951675415039,0.0061054229736328125,0.21308552770258105,-0.7488594055175781,0.10378456115722656,-0.7357349750916099,-0.2522401809692383,0.04273414611816406,-0.2405505491083899,-2.6028404235839844,0.39682579040527344,-2.5094072100704965,-0.21082353591918945,-0.0061054229736328125,-0.19604799675322962,0.35175609588623047,-0.04273414611816406,0.33278730360538195,0.02559804916381836,-0.018314361572265625,0.05283787624477827,-0.5442676544189453,0.018314361572265625,-0.5286512396475954,0.2658538818359375,-0.03052520751953125,0.2742870163061478,-0.14026117324829102,0.07936477661132812,-0.1407779217010294,0.13506720607826997,0.419933105994007,0.05953808283610244,0.11552976131354624,-0.04038050867389941,0.11166242389254219,-0.0514836311340332,-0.1892547607421875,-0.005927544352859946,-0.11475944519042969,0.06715583801269531,-0.10157333931746303,1.3741397857666016,-0.09157562255859375,1.2951709981772055,-0.724891185760498,-0.05494499206542969,-0.6976446473329792,1.394848346710205,-0.06715583801269531,1.3231652376284495,0.5651559829711914,-0.021978378295898438,0.5349823424976372,-1.5112152099609375,0.0073261260986328125,-1.4453644124391887,-0.3068876266479492,-0.11599540710449219,-0.24746541169346448,-0.017736434936523438,-0.128204345703125,-0.019733946865455983,-0.7342872619628906,0.0061054229736328125,-0.6879173368015907,-1.656196117401123,0.06715583801269531,-1.581070987558742,1.0029215812683105,-0.1892547607421875,0.9653445773332362,-0.036431312561035156,0.0073261260986328125,-0.03409584818087125,-0.6509876251220703,0.0659332275390625,-0.627447540437494,0.014237403869628906,0.0030689239501953125,0.013862807557076924,0.0,0.0,9.627148945433341e-23,0.06302352994680405,-0.09842957556247711,-0.7615017890930176,-0.14381219446659088,-0.09842957556247711,-0.7615017890930176,-0.14381219446659088
0.3405,1786493793.8329,ramp,0,-0.025808,-0.015873372203253786,-0.32999964765422973,-0.03144910078458299,0.009125182405114174,-0.4924349784851074,-0.002632733667269349,-0.8702974319458008,-2.5573973655700684,0.2991447448730469,-2.4520713235759835,-0.15809345245361328,-0.0061054229736328125,-0.1457189357224055,1.4753808975219727,-0.1770458221435547,1.4165407043674278,0.20257854461669922,0.018314361572265625,0.21387917675763987,-0.746558666229248,0.09157562255859375,-0.7334603165363245,-0.25147342681884766,0.05494499206542969,-0.23952917709060734,-2.596896171569824,0.3601951599121094,-2.4996018178031947,-0.2110152244567871,-0.018314361572265625,-0.1952156174239704,0.35098886489868164,-0.04273414611816406,0.33137430329300727,0.025406360626220703,-0.03052520751953125,0.05431190894425021,-0.5435009002685547,0.018314361572265625,-0.5272558328381899,0.26566219329833984,0.05494499206542969,0.2731224161426783,-0.1385354995727539,0.07936477661132812,-0.14018021052722168,0.14389377752827195,0.3694356873735368,0.05928532062093733,0.11397910928523777,-0.03919539296361631,0.11118832682639813,-0.05512666702270508,-0.1892547607421875,-0.0050532237187339065,-0.11341714859008789,0.06715583801269531,-0.10029292061041035,1.3722224235534668,-0.128204345703125,1.2896718488075605,-0.7256584167480469,-0.09157562255859375,-0.695956338998625,1.3933143615722656,-0.04273414611816406,1.3175472266418804,0.5643930435180664,-0.03663063049316406,0.5327108222576934,-1.510833740234375,0.0073261260986328125,-1.4392275076744125,-0.30803823471069336,-0.07936477661132812,-0.24556556938209959,-0.020229339599609375,-0.128204345703125,-0.020499329838192956,-0.7342872619628906,0.0061054229736328125,-0.6849965529835873,-1.6542787551879883,0.07936477661132812,-1.5756317512651816,0.9985113143920898,-0.22588539123535156,0.9612458242356375,-0.036431312561035156,0.0073261260986328125,-0.03395113313796379,-0.6490802764892578,0.09523773193359375,-0.6247833306001453,0.014141559600830078,0.0030689239501953125,0.013803947798736645,0.0,0.0,1.0223686954982038e-22,0.05725653097033501,-0.08270543813705444,-0.6888964176177979,-0.1507750302553177,-0.08270543813705444,-0.6888964176177979,-0.1507750302553177
0.3611,1786493793.8535,ramp,0,-0.026657,-0.026544592112174043,-0.3490336927287032,-0.019973040304727165,0.009404746815562248,-0.4895460903644562,-0.0025755122769623995,-0.8719229698181152,-2.551069498062134,0.3113555908203125,-2.4421097928599838,-0.15809345245361328,-0.0061054229736328125,-0.14507437367505174,1.470970630645752,-0.16483497619628906,1.4102749427015668,0.2031540870666504,0.03052520751953125,0.21470248076546217,-0.744257926940918,0.09157562255859375,-0.7311006646309177,-0.25051450729370117,0.06715583801269531,-0.23846964117815597,-2.589993476867676,0.39682579040527344,-2.4894300438932,-0.21120691299438477,-0.018314361572265625,-0.19435213597276801,0.3498382568359375,-0.06715583801269531,0.3299085057685007,0.024831295013427734,-0.03052520751953125,0.05584101935067086,-0.5427336692810059,0.03052520751953125,-0.5258082862035619,0.26527881622314453,0.018314361572265625,0.2719143003187088,-0.13700151443481445,0.09157562255859375,-0.1395601656827412,0.1527422137153877,0.4107996089308227,0.05902311386412836,0.11292014488359026,-0.06576154974840714,0.11069651497055932,-0.058194637298583984,-0.1770458221435547,-0.004146233812289244,-0.11245870590209961,0.05494499206542969,-0.09896465864564437,1.3693461418151855,-0.16483497619628906,1.2839672219491478,-0.727384090423584,-0.11599540710449219,-0.6942049464791561,1.391779899597168,-0.05494499206542969,1.311719296863914,0.5636301040649414,-0.05128288269042969,0.5303544259317927,-1.510833740234375,0.0073261260986328125,-1.432861295484959,-0.3091888427734375,-0.07936477661132812,-0.24359473885038413,-0.023105621337890625,-0.16483497619628906,-0.021293311592416285,-0.7339038848876953,0.018314361572265625,-0.681966633136752,-1.6521697044372559,0.10378456115722656,-1.5699892761542535,0.9939098358154297,-0.16483497619628906,0.9569939199073739,-0.036431312561035156,0.0073261260986328125,-0.03380101077083131,-0.6471729278564453,0.09523773193359375,-0.622019571703455,0.014141559600830078,0.0030689239501953125,0.013742888726553397,0.0,0.0,1.084251479954285e-22,0.051185548305511475,-0.07368389517068863,-0.7523460984230042,-0.15602856874465942,-0.07368389517068863,-0.7523460984230042,-0.15602856874465942
0.3808,1786493793.8731,ramp,0,-0.027570,-0.019969582356499264,-0.343665425761376,-0.02984067632185123,0.00970247108489275,-0.48661643266677856,-0.0025066554080694914,-0.8735582828521729,-2.5451254844665527,0.2991447448730469,-2.432618363083045,-0.15809345245361328,-0.0061054229736328125,-0.14446022956570195,1.468094825744629,-0.16483497619628906,1.404304872584227,0.2035374641418457,0.0061054229736328125,0.21548693170960942,-0.7423405647277832,0.09157562255859375,-0.7288523685610961,-0.2495560646057129,0.06715583801269531,-0.23746010649961258,-2.5828990936279297,0.3846149444580078,-2.4797382926427076,-0.21159076690673828,-0.018314361572265625,-0.19352940362455445,0.3484964370727539,-0.06715583801269531,0.32851188162832523,0.024255752563476562,-0.018314361572265625,0.057297968534235286,-0.5417752265930176,0.03052520751953125,-0.5244290516638994,0.2650871276855469,0.07936477661132812,0.27076319745786054,-0.13489246368408203,0.09157562255859375,-0.1389693817693325,0.16144758762467834,0.4530717734477699,0.0587732810733411,0.11165122312393833,-0.05929889746719793,0.11022791252117246,-0.06049537658691406,-0.14041519165039062,-0.0032820462440488595,-0.11092424392700195,0.09157562255859375,-0.09769907953703345,1.3662781715393066,-0.21367454528808594,1.2785318057692532,-0.7285346984863281,-0.07936477661132812,-0.6925362050392793,1.3896708488464355,-0.06715583801269531,1.306166396631056,0.5628671646118164,-0.03663063049316406,0.5281092318053519,-1.5104522705078125,0.021978378295898438,-1.4267955152686478,-0.31033897399902344,-0.07936477661132812,-0.24171691503722456,-0.02559804916381836,-0.14041519165039062,-0.022049824048105175,-0.7333283424377441,0.018314361572265625,-0.6790797001667217,-1.650252342224121,0.09157562255859375,-1.5646130786791528,0.9902663230895996,-0.1770458221435547,0.9529426699036815,-0.036431312561035156,0.0073261260986328125,-0.033657972923917166,-0.6452655792236328,0.08058547973632812,-0.6193862391126922,0.01404571533203125,0.0030689239501953125,0.013684711131925143,0.0,0.0,1.1432139145250025e-22,0.0448019802570343,-0.0787709504365921,-0.787835955619812,-0.16495996713638306,-0.0787709504365921,-0.787835955619812,-0.16495996713638306
0.4003,1786493793.8927,ramp,0,-0.028561,-0.017475224067639017,-0.3561734611636375,-0.026934081502192734,0.010012970305979252,-0.48374006152153015,-0.002411274705082178,-0.8751511573791504,-2.5391812324523926,0.3235645294189453,-2.423180198269309,-0.15809345245361328,-0.0061054229736328125,-0.1438495319722254,1.4629178047180176,-0.23809432983398438,1.3983683059086858,0.20411252975463867,0.03052520751953125,0.21626698039280587,-0.7404227256774902,0.10378456115722656,-0.7266166897059875,-0.24840545654296875,0.04273414611816406,-0.23645623722962913,-2.576571464538574,0.40903472900390625,-2.470100930539673,-0.21178245544433594,-0.0061054229736328125,-0.19271128836873716,0.34734582901000977,-0.04273414611816406,0.32712309520440347,0.02387237548828125,-0.018314361572265625,0.05874674146338133,-0.5410079956054688,0.018314361572265625,-0.523057557251776,0.26470375061035156,-0.10378456115722656,0.26961855447218036,-0.13297510147094727,0.10378456115722656,-0.1383819132766926,0.17074752679605384,0.42102344281255755,0.05852485031941455,0.11055959378223841,-0.05683136628954755,0.10976193982228787,-0.06241321563720703,-0.10378456115722656,-0.0024227084107908865,-0.10900688171386719,0.10378456115722656,-0.09644060273294719,1.3618683815002441,-0.25030517578125,1.2731268926062502,-0.7298765182495117,-0.10378456115722656,-0.6908768284109723,1.3875617980957031,-0.05494499206542969,1.3006446587239509,0.5624856948852539,-0.03663063049316406,0.5258766374858249,-1.51007080078125,0.021978378295898438,-1.4207637756097242,-0.3114895820617676,-0.07936477661132812,-0.23984962938519142,-0.02847433090209961,-0.15262603759765625,-0.022802091030871496,-0.7327532768249512,0.018314361572265625,-0.6762089683783922,-1.6483349800109863,0.07936477661132812,-1.5592670518914415,0.9864315986633301,-0.16483497619628906,0.948914155113486,-0.036431312561035156,0.0073261260986328125,-0.03351573779122327,-0.6429767608642578,0.10988998413085938,-0.6167676845234364,0.013949871063232422,0.0030689239501953125,0.0136268600241919,0.0,0.0,1.2018454577567386e-22,0.03864564746618271,-0.0750468522310257,-0.7688884139060974,-0.1755790114402771,-0.0750468522310257,-0.7688884139060974,-0.1755790114402771
0.4207,1786493793.9131,ramp,0,-0.029480,-0.02378621261015146,-0.3409807263559807,-0.03540349760978175,0.010292761027812958,-0.48110175132751465,-0.0023008615244179964,-0.8766013383865356,-2.5332372188568115,0.2991447448730469,-2.413325907969123,-0.15809345245361328,-0.0061054229736328125,-0.143211908928921,1.4577407836914062,-0.1892547607421875,1.3921699980213247,0.2048797607421875,0.018314361572265625,0.2170814211579542,-0.7381219863891602,0.06715583801269531,-0.7242824405282062,-0.24744653701782227,0.018314361572265625,-0.23540810770391293,-2.569093704223633,0.372406005859375,-2.4600386604092446,-0.2119741439819336,-0.018314361572265625,-0.1918571026886883,0.3463869094848633,-0.04273414611816406,0.3256730776579453,0.02329730987548828,-0.03052520751953125,0.06025939029973962,-0.5400495529174805,0.03052520751953125,-0.5216255941160534,0.2645120620727539,0.05494499206542969,0.2684234445653743,-0.13086557388305664,0.07936477661132812,-0.1377685434974045,0.1795495271135586,0.37641076942381435,0.058265466337782505,0.1096782811427061,0.007107594478014849,0.10927542254510628,-0.06394672393798828,-0.09157562255859375,-0.0015254826638392872,-0.10728120803833008,0.10378456115722656,-0.09512664011327908,1.3566908836364746,-0.2625160217285156,1.2674836786545285,-0.7314105033874512,-0.11599540710449219,-0.6891442904297661,1.3854522705078125,-0.06715583801269531,1.294879469264771,0.5613412857055664,-0.08058547973632812,0.5235456088397532,-1.5096893310546875,0.03663063049316406,-1.414466098594414,-0.31244802474975586,-0.06715583801269531,-0.23790001574189854,-0.031350135803222656,-0.14041519165039062,-0.02358752520983767,-0.7325611114501953,0.0061054229736328125,-0.6732116669988909,-1.6466093063354492,0.07936477661132812,-1.5536853205953316,0.982213020324707,-0.20146560668945312,0.9447080244721349,-0.036431312561035156,0.0073261260986328125,-0.033367231559756405,-0.6406879425048828,0.09523773193359375,-0.6140336787502108,0.013949871063232422,0.0030689239501953125,0.013566458280734208,0.0,0.0,1.2630620458494308e-22,0.032692886888980865,-0.13581760227680206,-0.6997274160385132,-0.1451958566904068,-0.13581760227680206,-0.6997274160385132,-0.1451958566904068
0.4406,1786493793.9330,ramp,0,-0.030489,-0.014497255490469096,-0.3625542952669265,-0.03147650637667559,0.010617018677294254,-0.4783288240432739,-0.002205832162871957,-0.8781139254570007,-2.527101516723633,0.3235645294189453,-2.403705492930865,-0.15809345245361328,-0.0061054229736328125,-0.1425894188126688,1.4537134170532227,-0.1892547607421875,1.3861187967074975,0.20545482635498047,0.018314361572265625,0.2178765325202261,-0.736396312713623,0.10378456115722656,-0.7220035908892277,-0.24667978286743164,0.05494499206542969,-0.2343848537968252,-2.5616159439086914,0.39682579040527344,-2.450215201597609,-0.2119741439819336,-0.0061054229736328125,-0.19102318969125495,0.34523677825927734,-0.07936477661132812,0.32425747387677595,0.02272176742553711,-0.03052520751953125,0.06173613892085847,-0.539090633392334,0.03052520751953125,-0.520227616254078,0.2645120620727539,-0.1770458221435547,0.2672566986131477,-0.12894821166992188,0.07936477661132812,-0.1371697310341097,0.1886534193669403,0.4686113750504035,0.058012238405424056,0.10896264825154288,-0.03463834040551857,0.10880045194984367,-0.06509733200073242,-0.09157562255859375,-0.0006495510842183388,-0.10536384582519531,0.09157562255859375,-0.09384386222051441,1.3518972396850586,-0.23809432983398438,1.2619743970409933,-0.7331361770629883,-0.11599540710449219,-0.6874528713685241,1.38334321975708,-0.09157562255859375,1.2892511070304606,0.5594339370727539,-0.09523773193359375,0.5212699032984974,-1.5081634521484375,0.0659332275390625,-1.408317886514338,-0.3135986328125,-0.07936477661132812,-0.23599667294993987,-0.03441810607910156,-0.15262603759765625,-0.024354318409216542,-0.7317938804626465,0.018314361572265625,-0.67028550160421,-1.644883632659912,0.07936477661132812,-1.5482360624483904,0.9772276878356934,-0.23809432983398438,0.9406017193763566,-0.036431312561035156,0.0073261260986328125,-0.03322224987777249,-0.6387805938720703,0.09523773193359375,-0.6113645600765983,0.013854026794433594,0.0030689239501953125,0.013507490072634392,0.0,0.0,1.3228257595961888e-22,0.02682868391275406,-0.09969624131917953,-0.8195768594741821,-0.1526038646697998,-0.09969624131917953,-0.8195768594741821,-0.1526038646697998
0.4606,1786493793.9530,ramp,0,-0.031462,-0.022670023540650407,-0.3487071891790595,-0.03913913863797112,0.01093440130352974,-0.47544509172439575,-0.0021044560708105564,-0.8796749114990234,-2.5211572647094727,0.3113555908203125,-2.3940215282314075,-0.15809345245361328,-0.0061054229736328125,-0.14196281670791813,1.4493036270141602,-0.21367454528808594,1.380027622919321,0.20583820343017578,0.0061054229736328125,0.2186768961566969,-0.7342872619628906,0.07936477661132812,-0.7197096878329168,-0.2455291748046875,0.07936477661132812,-0.2333548405723007,-2.5547122955322266,0.372406005859375,-2.4403268518767125,-0.2123575210571289,-0.0061054229736328125,-0.1901837681073161,0.3437027931213379,-0.07936477661132812,0.3228325190291163,0.02214670181274414,-0.03052520751953125,0.06322264251348077,-0.5383234024047852,0.018314361572265625,-0.5188204037573035,0.2641282081604004,0.20146560668945312,0.26608224547680537,-0.12722253799438477,0.06715583801269531,-0.1365669629899992,0.19775820952858103,0.38506657825544693,0.057757337723060145,0.1080432388618781,-0.039658845478476895,0.10832234383709466,-0.0660562515258789,-0.09157562255859375,0.00023216664443026502,-0.10306262969970703,0.128204345703125,-0.09255261067041212,1.3472952842712402,-0.22588539123535156,1.2564287227168942,-0.7344784736633301,-0.09157562255859375,-0.6857502792853425,1.3800835609436035,-0.16483497619628906,1.2835855654736699,0.5579080581665039,-0.0659332275390625,0.5189791651089034,-1.5074005126953125,0.03663063049316406,-1.4021290611350308,-0.31513261795043945,-0.10378456115722656,-0.23408075722956845,-0.037102699279785156,-0.128204345703125,-0.025126176821253832,-0.7306437492370605,0.04273414611816406,-0.6673400068127507,-1.6427741050720215,0.07936477661132812,-1.542750808088432,0.9728174209594727,-0.1892547607421875,0.9364682892244781,-0.036431312561035156,0.0073261260986328125,-0.03307631048900214,-0.6353473663330078,0.16849899291992188,-0.6086778099820196,0.013758182525634766,0.0030689239501953125,0.013448132337717758,0.0,0.0,1.3829842550384927e-22,0.021487319841980934,-0.09069555252790451,-0.7218464016914368,-0.14551550149917603,-0.09069555252790451,-0.7218464016914368,-0.14551550149917603
0.4808,1786493793.9732,ramp,0,-0.032449,-0.019134774981516497,-0.3553495457013942,-0.03995332107866798,0.011246337555348873,-0.47250643372535706,-0.001972394296899438,-0.8812532424926758,-2.5154051780700684,0.3113555908203125,-2.3842556257256025,-0.15809345245361328,-0.0061054229736328125,-0.14133091280751772,1.445085048675537,-0.20146560668945312,1.3738849105894653,0.2062215805053711,0.0061054229736328125,0.2194840318170947,-0.7323694229125977,0.09157562255859375,-0.7173963756409635,-0.24457073211669922,0.05494499206542969,-0.23231611221644874,-2.5470428466796875,0.40903472900390625,-2.4303548350102133,-0.21254920959472656,-0.0061054229736328125,-0.18933724402297342,0.3419771194458008,-0.06715583801269531,0.3213955073764202,0.021763324737548828,-0.03052520751953125,0.06472172368639036,-0.5377483367919922,0.018314361572265625,-0.5174012845767867,0.26393651962280273,-0.16483497619628906,0.26489785507647695,-0.1256885528564453,0.06715583801269531,-0.13595909481460947,0.2068040345840393,0.39882468595427184,0.057500280279142724,0.10754017237330812,-0.05719336201186062,0.10784019036367251,-0.06663131713867188,-0.07936477661132812,0.0011213447489419638,-0.1005702018737793,0.128204345703125,-0.09125043360346406,1.3428850173950195,-0.22588539123535156,1.2508361254224065,-0.7358207702636719,-0.10378456115722656,-0.6840332812574131,1.3764405250549316,-0.15262603759765625,1.2778720867277897,0.5567636489868164,-0.0659332275390625,0.5166690445621864,-1.5058746337890625,0.05128288269042969,-1.3958878709659726,-0.31685829162597656,-0.11599540710449219,-0.23214863059392166,-0.04017066955566406,-0.16483497619628906,-0.025904566069271606,-0.7293014526367188,0.04273414611816406,-0.6643695896481406,-1.6408567428588867,0.07936477661132812,-1.5372191419825145,0.9684076309204102,-0.16483497619628906,0.9322998853598854,-0.036049842834472656,0.021978378295898438,-0.032929136280223,-0.6319141387939453,0.16849899291992188,-0.6059683268007573,0.013758182525634766,0.0030689239501953125,0.013388272366089225,0.0,0.0,1.4436517625747757e-22,0.01617896929383278,-0.07265474647283554,-0.7445989847183228,-0.15117467939853668,-0.07265474647283554,-0.7445989847183228,-0.15117467939853668
0.5005,1786493793.9929,ramp,0,-0.033658,-0.024736855008985068,-0.35832839124918875,-0.04311051519571373,0.011615915223956108,-0.4693606495857239,-0.0017955295043066144,-0.8829283118247986,-2.509077310562134,0.3113555908203125,-2.3747222678846645,-0.15809345245361328,-0.0061054229736328125,-0.1407140557377261,1.440291404724121,-0.25030517578125,1.3678884678930892,0.20679712295532227,0.018314361572265625,0.22027194804625833,-0.730259895324707,0.09157562255859375,-0.7151381478007217,-0.24342012405395508,0.03052520751953125,-0.23130211795324782,-2.539565086364746,0.372406005859375,-2.4206202707825146,-0.21254920959472656,-0.0061054229736328125,-0.18851087728295998,0.34025144577026367,-0.10378456115722656,0.3199927136972281,0.02099609375,-0.04273414611816406,0.06618510889277199,-0.5367898941040039,0.018314361572265625,-0.5160159573160688,0.26393651962280273,0.07936477661132812,0.26374166725840376,-0.1239628791809082,0.07936477661132812,-0.13536570113361954,0.21512559375067913,0.45533968182143086,0.0572493438606105,0.1071641513217457,-0.033242187658744364,0.10736951787911182,-0.0673980712890625,-0.06715583801269531,0.0019893498359882765,-0.09846115112304688,0.10378456115722656,-0.08997926384274814,1.3388586044311523,-0.1892547607421875,1.2453766984788222,-0.7369718551635742,-0.10378456115722656,-0.6823571682097245,1.3729891777038574,-0.16483497619628906,1.2722946567494857,0.5552377700805664,-0.10988998413085938,0.5144139323680533,-1.5043487548828125,0.10988998413085938,-1.3897952953745603,-0.31858396530151367,-0.11599540710449219,-0.23026251155877048,-0.04285478591918945,-0.14041519165039062,-0.02666442039266682,-0.727959156036377,0.04273414611816406,-0.6614699037511884,-1.6391310691833496,0.07936477661132812,-1.5318191953403117,0.9638056755065918,-0.21367454528808594,0.928230739098893,-0.036049842834472656,0.0073261260986328125,-0.03278546656854868,-0.6284809112548828,0.16849899291992188,-0.6033233615540099,0.013662338256835938,0.0030689239501953125,0.01332983777394129,0.0,0.0,1.502874661668577e-22,0.010559412650763988,-0.10873527079820633,-0.7996932864189148,-0.16049866378307343,-0.10873527079820633,-0.7996932864189148,-0.16049866378307343
0.5205,1786493794.0137,ramp,0,-0.034872,-0.02367523993588462,-0.35193913489895234,-0.03886518258558603,0.011978390626609325,-0.4665669798851013,-0.0016070246929302812,-0.8844033479690552,-2.5025582313537598,0.3113555908203125,-2.3650605125071076,-0.15809345245361328,-0.0061054229736328125,-0.14008889068982971,1.434922695159912,-0.2625160217285156,1.3618112636766337,0.20718050003051758,0.018314361572265625,0.22107047611907404,-0.727959156036377,0.10378456115722656,-0.7128495056094559,-0.2424616813659668,0.018314361572265625,-0.2302744669735244,-2.5320863723754883,0.40903472900390625,-2.410754599122602,-0.21274089813232422,-0.0061054229736328125,-0.18767338083864593,0.33775854110717773,-0.10378456115722656,0.31857102685827027,0.02042102813720703,-0.03052520751953125,0.06766820332005552,-0.5362143516540527,0.0061054229736328125,-0.5146119721374738,0.2635531425476074,0.10378456115722656,0.26256990762710525,-0.12204551696777344,0.07936477661132812,-0.13476431548504006,0.22403485303824947,0.37637691656709654,0.056995027770558,0.10678965641807754,-0.03166635923013521,0.10689250626529781,-0.06816530227661133,-0.04273414611816406,0.0028690454225216468,-0.09635162353515625,0.10378456115722656,-0.08869097366458607,1.3346405029296875,-0.23809432983398438,1.239843742671368,-0.738889217376709,-0.15262603759765625,-0.6806584808718424,1.3693461418151855,-0.11599540710449219,1.2666421086143032,0.5533304214477539,-0.08058547973632812,0.5121284477851608,-1.50091552734375,0.1978015899658203,-1.383620663522316,-0.32050132751464844,-0.09157562255859375,-0.22835098982271124,-0.0457310676574707,-0.14041519165039062,-0.027434508615275837,-0.7270007133483887,0.04273414611816406,-0.6585311641931496,-1.6374049186706543,0.07936477661132812,-1.5263465209291214,0.9592037200927734,-0.21367454528808594,0.9241067886057749,-0.036049842834472656,0.0073261260986328125,-0.03263986187893967,-0.6258106231689453,0.124542236328125,-0.6006427732846308,0.013662338256835938,0.0030689239501953125,0.013270616170772652,0.0,0.0,1.5628951888889996e-22,0.00509264413267374,-0.09697870165109634,-0.7156857252120972,-0.15539276599884033,-0.09697870165109634,-0.7156857252120972,-0.15539276599884033
0.5408,1786493794.0331,ramp,0,-0.035773,-0.023832123010630906,-0.36846052077444974,-0.04313745889580477,0.012245871126651764,-0.46392786502838135,-0.0014248007209971547,-0.8857871890068054,-2.4962306022644043,0.3113555908203125,-2.3552874799733083,-0.15809345245361328,-0.0061054229736328125,-0.1394565254401073,1.430321216583252,-0.23809432983398438,1.355664066588626,0.2075638771057129,0.018314361572265625,0.22187820106447143,-0.7256584167480469,0.10378456115722656,-0.7105345044818738,-0.24131107330322266,0.05494499206542969,-0.2292349802482077,-2.5242252349853516,0.39682579040527344,-2.4007753017452256,-0.21274089813232422,-0.0061054229736328125,-0.18682623871204695,0.33584117889404297,-0.09157562255859375,0.3171329660518164,0.019654273986816406,-0.04273414611816406,0.06916837896331468,-0.5356392860412598,0.018314361572265625,-0.5131918168663878,0.26336145401000977,-0.09157562255859375,0.2613846525103099,-0.11993646621704102,0.128204345703125,-0.13415600350866982,0.2324314201792487,0.41917830530023037,0.05673778265051232,0.10628493537789384,0.008963200241394914,0.10641000077445982,-0.06835699081420898,-0.05494499206542969,0.003758872710738978,-0.09462594985961914,0.11599540710449219,-0.0873878458858184,1.329270839691162,-0.2625160217285156,1.234247062254481,-0.7415733337402344,-0.16483497619628906,-0.6789402292737491,1.3658947944641113,-0.15262603759765625,1.2609244584911867,0.5514230728149414,-0.09523773193359375,0.5098166406330165,-1.4982452392578125,0.124542236328125,-1.3773749166970142,-0.32126855850219727,-0.06715583801269531,-0.22641745255276888,-0.04879951477050781,-0.16483497619628906,-0.028213466160706566,-0.7256584167480469,0.03052520751953125,-0.6555585783444341,-1.6362547874450684,0.04273414611816406,-1.5208108161863065,0.9551773071289062,-0.20146560668945312,0.9199353414140312,-0.036049842834472656,0.0073261260986328125,-0.0324925802191361,-0.6227588653564453,0.124542236328125,-0.59793131192563,0.01356649398803711,0.0030689239501953125,0.013210712495730817,0.0,0.0,1.6236069894158029e-22,0.0001227479224326089,-0.14387661218643188,-0.7692950963973999,-0.20042771100997925,-0.14387661218643188,-0.7692950963973999,-0.20042771100997925
0.5605,1786493794.0529,ramp,0,-0.036813,-0.015057504480929605,-0.36465799279100736,-0.03865712312542358,0.01258245948702097,-0.46082040667533875,-0.00125339615624398,-0.8874034285545349,-2.489711284637451,0.3113555908203125,-2.3457209944717192,-0.15809345245361328,-0.0061054229736328125,-0.13883752484103468,1.425527572631836,-0.25030517578125,1.3496467867305622,0.20813941955566406,0.018314361572265625,0.22266885523989663,-0.7235493659973145,0.11599540710449219,-0.7082684294794033,-0.24016046524047852,0.04273414611816406,-0.22821746243554877,-2.516939163208008,0.3846149444580078,-2.3910069106806766,-0.21274089813232422,-0.0061054229736328125,-0.1859970004133033,0.33469104766845703,-0.03052520751953125,0.31572529777610303,0.019078731536865234,-0.03052520751953125,0.07063684931695786,-0.5350642204284668,0.0061054229736328125,-0.5118016757035642,0.26297807693481445,0.20146560668945312,0.26022444703147907,-0.11763572692871094,0.10378456115722656,-0.13356054783180982,0.24127170556494548,0.4046487720168896,0.056485974247873674,0.10595410095487846,-0.02121038862393948,0.10593769274043101,-0.06931591033935547,-0.04273414611816406,0.0046298940464614205,-0.09309196472167969,0.07936477661132812,-0.08611225891123458,1.3244776725769043,-0.22588539123535156,1.22876866423626,-0.7450246810913086,-0.21367454528808594,-0.6772582918664608,1.3618683815002441,-0.1770458221435547,1.2553276473870814,0.5498971939086914,-0.08058547973632812,0.5075536921032768,-1.4936676025390625,0.1978015899658203,-1.3712611698897463,-0.3220353126525879,-0.03052520751953125,-0.22452477940390608,-0.052634239196777344,-0.1770458221435547,-0.02897596091747158,-0.7243161201477051,0.03052520751953125,-0.652648816269498,-1.6351041793823242,0.05494499206542969,-1.5153921051587864,0.9515337944030762,-0.21367454528808594,0.9158520551932554,-0.036049842834472656,0.0073261260986328125,-0.03234841126663461,-0.6204700469970703,0.10988998413085938,-0.5952771556349096,0.01347041130065918,0.0030689239501953125,0.013152074848020378,0.0,0.0,1.683035683376079e-22,-0.005420848727226257,-0.10190845280885696,-0.7564409971237183,-0.18002934753894806,-0.10190845280885696,-0.7564409971237183,-0.18002934753894806
0.5803,1786493794.0727,ramp,0,-0.037756,-0.02096313285780217,-0.36654730584733675,-0.050860900695521974,0.012905718758702278,-0.45767372846603394,-0.0011035141069442034,-0.8890258073806763,-2.48376727104187,0.3235645294189453,-2.336159581478573,-0.15809345245361328,-0.0061054229736328125,-0.13821885245923313,1.4207334518432617,-0.2625160217285156,1.3436326974593527,0.20852279663085938,0.018314361572265625,0.223459090180904,-0.7212481498718262,0.128204345703125,-0.7060035560346604,-0.23920202255249023,0.03052520751953125,-0.22720048414889393,-2.510228157043457,0.40903472900390625,-2.381243699182452,-0.21274089813232422,0.0061054229736328125,-0.18516820180772292,0.3339238166809082,-0.04273414611816406,0.3143183758987626,0.018503665924072266,-0.04273414611816406,0.0721045410326921,-0.5344886779785156,0.0061054229736328125,-0.5104122716455828,0.2624025344848633,0.04273414611816406,0.25906485673699015,-0.11533451080322266,0.128204345703125,-0.13296540788782238,0.24988383684442,0.445828969028459,0.05623429936346889,0.10514220088513145,-0.06132114794296646,0.1054656351417883,-0.06989097595214844,-0.07936477661132812,0.0055004535340915026,-0.09136629104614258,0.07936477661132812,-0.08483734830057746,1.3194923400878906,-0.22588539123535156,1.2232931710695856,-0.7480926513671875,-0.1770458221435547,-0.6755772462852981,1.3574576377868652,-0.15262603759765625,1.2497338039215697,0.5479898452758789,-0.13919448852539062,0.5052919434734924,-1.490234375,0.21245384216308594,-1.3651506648197174,-0.32261037826538086,-0.05494499206542969,-0.22263310982114137,-0.056468963623046875,-0.21367454528808594,-0.029738051370995795,-0.7227821350097656,0.05494499206542969,-0.6497405970592526,-1.6331868171691895,0.09157562255859375,-1.5099762673345374,0.9469318389892578,-0.25030517578125,0.9117709340835672,-0.036049842834472656,0.0073261260986328125,-0.03220431875790432,-0.6181812286376953,0.09523773193359375,-0.592624406677132,0.01347041130065918,0.0030689239501953125,0.01309346829218407,0.0,0.0,1.7424328660199145e-22,-0.010335827246308327,-0.07567014545202255,-0.8016319870948792,-0.2244674414396286,-0.07567014545202255,-0.8016319870948792,-0.2244674414396286
0.6005,1786493794.0929,ramp,0,-0.038947,-0.020459797492371798,-0.3604373485164225,-0.04607951953104255,0.013288099318742752,-0.4545331299304962,-0.0008996445685625076,-0.890630304813385,-2.4770560264587402,0.3113555908203125,-2.326392145378765,-0.15809345245361328,-0.0061054229736328125,-0.1375868493274476,1.415748119354248,-0.22588539123535156,1.3374890205052046,0.20928955078125,0.018314361572265625,0.2242663525903051,-0.7187557220458984,0.11599540710449219,-0.7036898805704234,-0.2380514144897461,0.07936477661132812,-0.22616159267574923,-2.5021753311157227,0.40903472900390625,-2.3712701163546646,-0.21274089813232422,-0.0061054229736328125,-0.18432154478899362,0.3329653739929199,-0.04273414611816406,0.31288113858413186,0.017736434936523438,-0.04273414611816406,0.07360385761465851,-0.5339136123657227,0.018314361572265625,-0.5089929296128856,0.26163578033447266,-0.14041519165039062,0.25788028034524774,-0.11265039443969727,0.128204345703125,-0.1323574442555112,0.25835622120504526,0.38681004492870363,0.055977201552390894,0.10466519942082364,0.022366799924887125,0.10498340595312372,-0.07065773010253906,-0.04273414611816406,0.006389771271187963,-0.08964061737060547,0.11599540710449219,-0.08353496674551981,1.314507007598877,-0.2625160217285156,1.2176996955384303,-0.7511606216430664,-0.14041519165039062,-0.6738599786276158,1.3536229133605957,-0.128204345703125,1.244019427956335,0.5457010269165039,-0.09523773193359375,0.5029814601556934,-1.4868011474609375,0.13919448852539062,-1.3589084945618435,-0.32318592071533203,-0.04273414611816406,-0.22070067977289942,-0.06049537658691406,-0.21367454528808594,-0.030516562853807806,-0.7212481498718262,0.04273414611816406,-0.646769713433509,-1.631077766418457,0.09157562255859375,-1.5044437325603155,0.9415631294250488,-0.20146560668945312,0.9076018756313244,-0.036049842834472656,0.0073261260986328125,-0.03205712143754035,-0.6162738800048828,0.08058547973632812,-0.5899144980106514,0.013374567031860352,0.0030689239501953125,0.013033598920411157,0.0,0.0,1.8031099005124341e-22,-0.01580919325351715,-0.14557389914989471,-0.7287153601646423,-0.1979755461215973,-0.14557389914989471,-0.7287153601646423,-0.1979755461215973
0.6204,1786493794.1127,ramp,0,-0.040200,-0.023354050224853456,-0.3649877920025,-0.04951634140135742,0.013705050572752953,-0.45165205001831055,-0.000725242483895272,-0.8920885920524597,-2.4703450202941895,0.3235645294189453,-2.3167937492319233,-0.15809345245361328,-0.0061054229736328125,-0.13696578394622225,1.410954475402832,-0.2625160217285156,1.3314516689831104,0.20986509323120117,0.018314361572265625,0.22505964412768584,-0.716646671295166,0.09157562255859375,-0.7014162466879954,-0.2370924949645996,0.09157562255859375,-0.22514068075875043,-2.494504928588867,0.39682579040527344,-2.361469141154395,-0.21274089813232422,-0.0061054229736328125,-0.1834895404243654,0.33200645446777344,-0.04273414611816406,0.31146877479061597,0.017160892486572266,-0.04273414611816406,0.07507722630181315,-0.5331463813781738,0.03052520751953125,-0.5075981513969362,0.26067686080932617,0.14041519165039062,0.2567162048030119,-0.10996532440185547,0.11599540710449219,-0.13176000233460522,0.26712023083218406,0.4055277056428763,0.055724553199845164,0.1041743364968361,0.0334934336310028,0.10450952245503117,-0.0718083381652832,-0.07936477661132812,0.007263698047246588,-0.0877232551574707,0.11599540710449219,-0.08225512483285785,1.3095216751098633,-0.21367454528808594,1.2122030233885355,-0.7532696723937988,-0.128204345703125,-0.672172430831023,1.3503632545471191,-0.1770458221435547,1.2384039477334963,0.5441751480102539,-0.08058547973632812,0.5007109631748801,-1.483367919921875,0.1978015899658203,-1.3527743543085706,-0.323760986328125,-0.04273414611816406,-0.21880169328969637,-0.0643305778503418,-0.1770458221435547,-0.031281601041980966,-0.7200980186462402,0.04273414611816406,-0.6438502453505174,-1.6291604042053223,0.09157562255859375,-1.4990069464972666,0.9377284049987793,-0.1892547607421875,0.9035049689124007,-0.035668373107910156,0.0073261260986328125,-0.031912471584890224,-0.6143665313720703,0.08058547973632812,-0.5872514883285967,0.013374567031860352,0.0030689239501953125,0.012974765676818174,0.0,0.0,1.862736829025043e-22,-0.021015159785747528,-0.1611555516719818,-0.7502334713935852,-0.18509916961193085,-0.1611555516719818,-0.7502334713935852,-0.18509916961193085
0.6405,1786493794.1328,ramp,0,-0.041300,-0.02727255263198499,-0.3724850898137774,-0.0487119502388558,0.014088396914303303,-0.4486808180809021,-0.0005675846477970481,-0.8935808539390564,-2.4644010066986084,0.3235645294189453,-2.307084787385,-0.15809345245361328,-0.0061054229736328125,-0.1363375643980276,1.4057774543762207,-0.25030517578125,1.32534477209245,0.21044015884399414,0.0061054229736328125,0.22586207373697542,-0.7145371437072754,0.09157562255859375,-0.6991164223964517,-0.23575067520141602,0.07936477661132812,-0.2241080087686001,-2.486642837524414,0.40903472900390625,-2.3515552667084676,-0.21274089813232422,0.0061054229736328125,-0.18264795204761275,0.33104753494262695,-0.04273414611816406,0.3100401417173985,0.016585826873779297,-0.04273414611816406,0.07656756699531987,-0.5321879386901855,0.018314361572265625,-0.506187306472805,0.25991010665893555,0.04273414611816406,0.25553872005935246,-0.10785627365112305,0.10378456115722656,-0.13115567836973768,0.2755210184862476,0.4277898434607289,0.05546899454420854,0.10392518327093384,-0.019013397114541062,0.10403018020529699,-0.07295894622802734,-0.07936477661132812,0.008147691747438877,-0.08523082733154297,0.09157562255859375,-0.08096054018454477,1.3051114082336426,-0.23809432983398438,1.206643034055741,-0.7549953460693359,-0.10378456115722656,-0.6704654438593118,1.3463363647460938,-0.1892547607421875,1.2327237817555967,0.5430307388305664,-0.08058547973632812,0.49841431191950075,-1.480316162109375,0.13919448852539062,-1.3465695537594393,-0.32452821731567383,-0.05494499206542969,-0.2168808320300464,-0.06816530227661133,-0.1892547607421875,-0.032055451846509035,-0.7185640335083008,0.06715583801269531,-0.6408971473748307,-1.6270508766174316,0.10378456115722656,-1.4935075330902263,0.9340853691101074,-0.1892547607421875,0.8993608691674111,-0.035668373107910156,0.0073261260986328125,-0.031766155483839806,-0.6128406524658203,0.08058547973632812,-0.58455780294559,0.013278722763061523,0.0030689239501953125,0.01291525472221322,0.0,0.0,1.9230506111529708e-22,-0.02567395567893982,-0.11684361100196838,-0.7851967215538025,-0.18534301221370697,-0.11684361100196838,-0.7851967215538025,-0.18534301221370697
0.6605,1786493794.1529,ramp,0,-0.042343,-0.02594179184121841,-0.3714266830175527,-0.04179982798166362,0.014452551491558552,-0.44555506110191345,-0.00038772376137785614,-0.8951377868652344,-2.457306385040283,0.33577537536621094,-2.2974018391204933,-0.15809345245361328,-0.018314361572265625,-0.1357110280618231,1.4006004333496094,-0.27472496032714844,1.3192542376376584,0.2110152244567871,-0.0061054229736328125,0.22666235336678178,-0.712428092956543,0.09157562255859375,-0.6968227601096306,-0.23479175567626953,0.06715583801269531,-0.22307810365490352,-2.478398323059082,0.4212455749511719,-2.3416679548749015,-0.21274089813232422,0.0061054229736328125,-0.18180861856988487,0.33008909225463867,-0.06715583801269531,0.30861533643388495,0.01581859588623047,-0.04273414611816406,0.07805391456360163,-0.5314207077026367,0.0061054229736328125,-0.5047802416779285,0.2593350410461426,-0.1892547607421875,0.25436439019434093,-0.10555553436279297,0.10378456115722656,-0.13055297359253556,0.2839903992821234,0.44185144544604754,0.055214120616378606,0.10356552344712712,-0.002386275312867197,0.10355212227507253,-0.07391738891601562,-0.06715583801269531,0.009029316930446923,-0.08292961120605469,0.09157562255859375,-0.07966942416500736,1.30070161819458,-0.27472496032714844,1.2010979418090642,-0.7569127082824707,-0.128204345703125,-0.6687630304812532,1.342118263244629,-0.1770458221435547,1.2270588348575675,0.5411233901977539,-0.09523773193359375,0.49612381416721024,-1.4776458740234375,0.10988998413085938,-1.340381377963089,-0.32567834854125977,-0.07936477661132812,-0.2149651174053793,-0.07219171524047852,-0.1892547607421875,-0.03282722924380789,-0.716646671295166,0.07936477661132812,-0.6379519617443347,-1.624558448791504,0.11599540710449219,-1.4880228544659735,0.9298667907714844,-0.21367454528808594,0.8952278728629294,-0.035668373107910156,0.0073261260986328125,-0.03162023141295838,-0.6105518341064453,0.09523773193359375,-0.5818713348539702,0.013182878494262695,0.0030689239501953125,0.01285590321752132,0.0,0.0,1.9832027923222204e-22,-0.030297446995973587,-0.12979096174240112,-0.7977319955825806,-0.17395535111427307,-0.12979096174240112,-0.7977319955825806,-0.17395535111427307
0.6805,1786493794.1728,ramp,0,-0.043159,-0.01777910115099007,-0.35908093399421787,-0.039431670238959514,0.014756815508008003,-0.4425055980682373,-0.0002360751386731863,-0.8966442942619324,-2.4509787559509277,0.3113555908203125,-2.287761746906245,-0.15809345245361328,-0.0061054229736328125,-0.13508726473152338,1.3958067893981934,-0.2625160217285156,1.3131906594614262,0.21120691299438477,-0.0061054229736328125,0.22745909101504502,-0.7103190422058105,0.10378456115722656,-0.6945392494113085,-0.23325777053833008,0.06715583801269531,-0.22205275682904535,-2.4703445434570312,0.39682579040527344,-2.3318244035904243,-0.21274089813232422,0.0061054229736328125,-0.1809729999232933,0.32874631881713867,-0.05494499206542969,0.3071968372386794,0.0152435302734375,-0.03052520751953125,0.07953368366173695,-0.5308456420898438,0.03052520751953125,-0.503379404453201,0.2583761215209961,-0.09157562255859375,0.25319525783099306,-0.10382986068725586,0.09157562255859375,-0.1299529363444286,0.2920149444590148,0.386005564812414,0.05496037474268695,0.10299438370364469,0.007149920266742805,0.10307618019573607,-0.0744929313659668,-0.018314361572265625,0.009907040102195622,-0.0802454948425293,0.04273414611816406,-0.07838402253446707,1.295332431793213,-0.2625160217285156,1.195577391751968,-0.7590217590332031,-0.11599540710449219,-0.667068151865469,1.3380918502807617,-0.20146560668945312,1.2214189606174044,0.5395975112915039,-0.08058547973632812,0.4938434539974108,-1.4753570556640625,0.10988998413085938,-1.3342205905990312,-0.3268294334411621,-0.06715583801269531,-0.21305788159935213,-0.07583475112915039,-0.1770458221435547,-0.03359559080844677,-0.7145371437072754,0.05494499206542969,-0.6350198112989859,-1.622065544128418,0.10378456115722656,-1.4825624506448436,0.9258403778076172,-0.1892547607421875,0.891113168910374,-0.035668373107910156,0.0073261260986328125,-0.0314749531917856,-0.6082630157470703,0.09523773193359375,-0.5791967568818066,0.013087034225463867,-0.009205818176269531,0.012796814398428731,0.0,0.0,2.0430887441541951e-22,-0.03395082429051399,-0.12215252220630646,-0.7304028272628784,-0.15731631219387054,-0.12215252220630646,-0.7304028272628784,-0.15731631219387054
0.7005,1786493794.1928,ramp,0,-0.044019,-0.02824221166547744,-0.38396328082250536,-0.05083794341468764,0.01508280634880066,-0.4390918016433716,-6.310558092081919e-05,-0.8983155488967896,-2.4446511268615723,0.3235645294189453,-2.278099955762488,-0.15809345245361328,-0.018314361572265625,-0.13446209736937073,1.3904376029968262,-0.25030517578125,1.307113432748179,0.21159076690673828,0.0061054229736328125,0.2282576220438778,-0.7082099914550781,0.09157562255859375,-0.6922505987478729,-0.23210716247558594,0.05494499206542969,-0.22102510204513018,-2.46286678314209,0.4212455749511719,-2.321958695409448,-0.21274089813232422,-0.0061054229736328125,-0.18013550037870774,0.3274040222167969,-0.06715583801269531,0.30577514513687504,0.014668464660644531,-0.05494499206542969,0.08101678357918758,-0.5300788879394531,0.04273414611816406,-0.5019754140772881,0.2574172019958496,0.11599540710449219,0.25202349386203665,-0.10152864456176758,0.09157562255859375,-0.1293515484696202,0.29997167782032175,0.4315897878606568,0.0547060577111989,0.10304156236830983,-0.039514192020727694,0.10259916681610498,-0.07468461990356445,-0.05494499206542969,0.010786738945214668,-0.0775604248046875,0.14041519165039062,-0.0770957275872706,1.2907304763793945,-0.25030517578125,1.1900444154624383,-0.7611312866210938,-0.14041519165039062,-0.6653694582393309,1.333681583404541,-0.1770458221435547,1.2157663915574355,0.5384531021118164,-0.0659332275390625,0.4915579609540373,-1.4723052978515625,0.15384674072265625,-1.3280459358893342,-0.3281717300415039,-0.09157562255859375,-0.21114635278715965,-0.07928609848022461,-0.20146560668945312,-0.034365681881793356,-0.7130031585693359,0.04273414611816406,-0.6320810608622255,-1.619189739227295,0.128204345703125,-1.4770897559747291,0.9220051765441895,-0.1770458221435547,0.886989203151082,-0.035668373107910156,0.0073261260986328125,-0.03132934796317243,-0.6052112579345703,0.16849899291992188,-0.5765161586893388,0.013087034225463867,0.0030689239501953125,0.01273759257603164,0.0,0.0,2.1031094935605536e-22,-0.038568198680877686,-0.0976860299706459,-0.8025190830230713,-0.18094715476036072,-0.0976860299706459,-0.8025190830230713,-0.18094715476036072
0.7205,1786493794.2128,ramp,0,-0.045064,-0.027759026858763802,-0.3786043016294798,-0.048166880226311444,0.01546925026923418,-0.43567484617233276,0.0001261424768017605,-0.8999711871147156,-2.437556743621826,0.3113555908203125,-2.26840783590014,-0.15809345245361328,-0.0061054229736328125,-0.13383496758382094,1.3850688934326172,-0.2625160217285156,1.3010171293962363,0.21178245544433594,0.0061054229736328125,0.22905865969104874,-0.7061004638671875,0.11599540710449219,-0.6899547639256315,-0.23114824295043945,0.05494499206542969,-0.2199942214149629,-2.45443058013916,0.4212455749511719,-2.3120620184067837,-0.21274089813232422,-0.0061054229736328125,-0.17929537189217648,0.3258700370788574,-0.07936477661132812,0.3043489902911512,0.013901233673095703,-0.04273414611816406,0.08250453900195495,-0.5291199684143066,0.03052520751953125,-0.5005670165238258,0.25645875930786133,-0.20146560668945312,0.25084805168278357,-0.09941959381103516,0.10378456115722656,-0.12874827281610207,0.307552850068568,0.3766765372254987,0.05445094236917338,0.10260771290128869,0.04021207359586824,0.10212065607388969,-0.07468461990356445,-0.04273414611816406,0.011669199195332877,-0.07506799697875977,0.11599540710449219,-0.07580338863474068,1.2863202095031738,-0.22588539123535156,1.1844940709563576,-0.7638154029846191,-0.1770458221435547,-0.6636654323512766,1.329270839691162,-0.22588539123535156,1.2100960788747999,0.5376901626586914,-0.03663063049316406,0.4892652936637439,-1.4681081771850586,0.1978015899658203,-1.3218518987108692,-0.3295135498046875,-0.06715583801269531,-0.20922882361555542,-0.08312177658081055,-0.22588539123535156,-0.035138190299409316,-0.7107024192810059,0.09157562255859375,-0.6291330855795045,-1.615546703338623,0.1770458221435547,-1.4715998823142895,0.9174032211303711,-0.2625160217285156,0.8828522921112377,-0.035668373107910156,0.0073261260986328125,-0.03118328567437876,-0.6017780303955078,0.15384674072265625,-0.573827146000322,0.012991189956665039,0.0030689239501953125,0.012678184854150778,0.0,0.0,2.16331865031202e-22,-0.04266776517033577,-0.16485533118247986,-0.7356256246566772,-0.16583311557769775,-0.16485533118247986,-0.7356256246566772,-0.16583311557769775
0.7405,1786493794.2328,ramp,0,-0.046265,-0.027245055493729922,-0.34925733168124257,-0.048961168021427574,0.015896659344434738,-0.43280884623527527,0.0003145763766951859,-0.9013454914093018,-2.4314208030700684,0.23809432983398438,-2.2587517364056717,-0.15828561782836914,-0.0061054229736328125,-0.13321016850052245,1.3797001838684082,-0.2625160217285156,1.2949434827068775,0.21216583251953125,0.0061054229736328125,0.22985672031449872,-0.7039914131164551,0.11599540710449219,-0.6876674614798011,-0.2299976348876953,0.05494499206542969,-0.2189671720105817,-2.446761131286621,0.40903472900390625,-2.3022021220002613,-0.21274089813232422,-0.0061054229736328125,-0.1784583657088752,0.3241443634033203,-0.07936477661132812,0.3029281356917022,0.013134479522705078,-0.04273414611816406,0.08398676524241713,-0.5281615257263184,0.04273414611816406,-0.4991638532223866,0.2553081512451172,-0.1892547607421875,0.24967697798641333,-0.09692716598510742,0.10378456115722656,-0.1281472392119272,0.31520528449761925,0.273825619646959,0.054196775152903824,0.1024321366369191,0.0032126119723369954,0.10164392369731716,-0.07506799697875977,-0.06715583801269531,0.012548379817949599,-0.07257509231567383,0.14041519165039062,-0.07451585260718036,1.2813348770141602,-0.27472496032714844,1.1789643540790935,-0.7657327651977539,-0.15262603759765625,-0.6619677394058846,1.3248610496520996,-0.14041519165039062,1.204446839677813,0.5361642837524414,-0.10988998413085938,0.48698114697785844,-1.463149070739746,0.3150177001953125,-1.315680881418765,-0.33008909225463867,-0.06715583801269531,-0.2073184208628525,-0.0877232551574707,-0.22588539123535156,-0.03590782772102154,-0.7082099914550781,0.07936477661132812,-0.6261960663265984,-1.6117115020751953,0.1892547607421875,-1.4661304115452367,0.9126095771789551,-0.22588539123535156,0.8787307557324229,-0.035668373107910156,0.0073261260986328125,-0.03103776622011978,-0.5979633331298828,0.1831493377685547,-0.5711481269172106,0.012991189956665039,0.0030689239501953125,0.012618997918643527,0.0,0.0,2.2233040421898875e-22,-0.04696374759078026,-0.11450614035129547,-0.6080183386802673,-0.1746005117893219,-0.11450614035129547,-0.6080183386802673,-0.1746005117893219
0.7604,1786493794.2528,ramp,0,-0.047488,-0.022209567149364912,-0.22071621646682613,-0.03905667219034113,0.01629047282040119,-0.4310155212879181,0.0005182751337997615,-0.9021973609924316,-2.4277775287628174,0.1770458221435547,-2.249102442144024,-0.1584773063659668,-0.018314361572265625,-0.13258580975063508,1.3747148513793945,-0.1892547607421875,1.2888741164808482,0.2123575210571289,-0.0061054229736328125,0.23065421849673207,-0.7018823623657227,0.10378456115722656,-0.685381771033276,-0.22884750366210938,0.05494499206542969,-0.2179408464295537,-2.4421586990356445,0.2625160217285156,-2.2923491744544746,-0.21274089813232422,-0.0061054229736328125,-0.1776219494140638,0.32261037826538086,-0.06715583801269531,0.30150828245376143,0.01236724853515625,-0.03052520751953125,0.08546794686909243,-0.5273942947387695,0.04273414611816406,-0.49776167881433614,0.25377416610717773,0.10378456115722656,0.2485067296159585,-0.09424257278442383,0.14041519165039062,-0.12754662919220403,0.3181265671445065,0.07471630445068372,0.05394278706352532,0.10301415892605484,0.04161273650507425,0.10116752730266132,-0.07545137405395508,-0.0061054229736328125,0.01342694082921788,-0.07065773010253906,0.10378456115722656,-0.0732292239835296,1.2769250869750977,-0.21367454528808594,1.1734385343251768,-0.766883373260498,-0.03052520751953125,-0.6602712429265974,1.3200674057006836,-0.2625160217285156,1.1988015818387248,0.5338754653930664,-0.13919448852539062,0.48469861006722464,-1.4589529037475586,0.21245384216308594,-1.3095142132128976,-0.330472469329834,0.05494499206542969,-0.20540936448562147,-0.0917501449584961,-0.20146560668945312,-0.03667692273295327,-0.7061004638671875,0.06715583801269531,-0.623261116967424,-1.6065340042114258,0.2625160217285156,-1.4606647954404832,0.9083914756774902,-0.20146560668945312,0.8746121240476464,-0.035668373107910156,0.0073261260986328125,-0.030892349322153515,-0.5945301055908203,0.16849899291992188,-0.5684709958996274,0.012895345687866211,0.0030689239501953125,0.01255985269572181,0.0,0.0,2.283247158762099e-22,-0.051079850643873215,-0.10682947188615799,-0.2814421057701111,-0.17891047894954681,-0.10682947188615799,-0.2814421057701111,-0.17891047894954681
0.7807,1786493794.2731,ramp,0,-0.048344,-0.02778072121867494,-0.25433716049047694,-0.040636725665085145,0.016608063131570816,-0.4288236200809479,0.0006520237075164914,-0.9032353758811951,-2.423367500305176,0.21367454528808594,-2.23932450239935,-0.15866899490356445,-0.0061054229736328125,-0.1319531269792407,1.3699212074279785,-0.22588539123535156,1.2827238327774735,0.21293258666992188,0.03052520751953125,0.23146234901497714,-0.699772834777832,0.11599540710449219,-0.6830656075030652,-0.22769689559936523,0.03052520751953125,-0.2169008377597387,-2.4369821548461914,0.2991447448730469,-2.2823648662970317,-0.21274089813232422,-0.0061054229736328125,-0.1767743819225598,0.3210768699645996,-0.07936477661132812,0.3000694995717794,0.011983871459960938,-0.03052520751953125,0.08696887577682755,-0.5260519981384277,0.05494499206542969,-0.4963408104584051,0.2522401809692383,-0.21367454528808594,0.24732087936180147,-0.0917501449584961,0.128204345703125,-0.12693801177173183,0.3188594081862821,0.02817961775597559,0.053685412776197504,0.1033883109868523,0.029443860816438676,0.1006847795373621,-0.07545137405395508,-0.018314361572265625,0.014317214915307835,-0.06912374496459961,0.06715583801269531,-0.0719254418814713,1.2732820510864258,-0.20146560668945312,1.1678390437169894,-0.7670750617980957,-0.0061054229736328125,-0.6585521285642701,1.31508207321167,-0.21367454528808594,1.193081060783299,0.5319681167602539,-0.09523773193359375,0.48238564211620255,-1.454756736755371,0.124542236328125,-1.3032653302886794,-0.33028078079223633,-0.018314361572265625,-0.20347485635273715,-0.09462594985961914,-0.16483497619628906,-0.03745627140661614,-0.7053337097167969,0.04273414611816406,-0.6202870385312693,-1.5994396209716797,0.40903472900390625,-1.4551263111233224,0.904940128326416,-0.1770458221435547,0.8704385822991774,-0.035668373107910156,0.0073261260986328125,-0.030744993709647943,-0.5914773941040039,0.13919448852539062,-0.565758173068369,0.012799501419067383,0.0030689239501953125,0.012499918941995126,0.0,0.0,2.3439894437477155e-22,-0.05463554710149765,-0.10029900819063187,-0.26890629529953003,-0.17357325553894043,-0.10029900819063187,-0.26890629529953003,-0.17357325553894043
0.8004,1786493794.2930,ramp,0,-0.048996,-0.014246135004134136,-0.29402673291387543,-0.01680242843309554,0.016873057931661606,-0.42644092440605164,0.000767482677474618,-0.9043576717376709,-2.418574094772339,0.2625160217285156,-2.2297831749928507,-0.15866899490356445,-0.0061054229736328125,-0.1313357542377475,1.3653197288513184,-0.21367454528808594,1.2767223772572842,0.21350812911987305,0.018314361572265625,0.23225092391552918,-0.6980471611022949,0.11599540710449219,-0.6808054918605269,-0.22673797607421875,0.04273414611816406,-0.2158859958315393,-2.431036949157715,0.3235645294189453,-2.272622164302019,-0.21274089813232422,-0.0061054229736328125,-0.1759473243678279,0.31954288482666016,-0.07936477661132812,0.29866553320439265,0.011408805847167969,-0.018314361572265625,0.0884334843238766,-0.5247101783752441,0.05494499206542969,-0.49495432511082904,0.25109004974365234,-0.04273414611816406,0.24616372500971462,-0.08944892883300781,0.09157562255859375,-0.12634412203364181,0.31922460966280014,0.023330163092975444,0.053434266583284346,0.10348370697361904,0.011904323625362149,0.10021371358648176,-0.07545137405395508,-0.05494499206542969,0.015185945625326058,-0.06778192520141602,0.09157562255859375,-0.07065320946571643,1.268871784210205,-0.23809432983398438,1.1623750528766457,-0.7670750617980957,-0.0061054229736328125,-0.6568746143426147,1.310288429260254,-0.23809432983398438,1.1874989682616792,0.529296875,-0.13919448852539062,0.48012864472434785,-1.4490346908569336,0.3150177001953125,-1.2971676615095966,-0.33028078079223633,-0.03052520751953125,-0.20158716058569803,-0.09711885452270508,-0.14041519165039062,-0.038216760942593166,-0.7036080360412598,0.06715583801269531,-0.6173849285947237,-1.5902361869812012,0.47008514404296875,-1.449721850307886,0.900721549987793,-0.1892547607421875,0.8663660343691774,-0.035668373107910156,0.0073261260986328125,-0.030601203894941142,-0.5888071060180664,0.10988998413085938,-0.5631109967198993,0.012799501419067383,0.0030689239501953125,0.01244143550049936,0.0,0.0,2.403261851187363e-22,-0.05772722139954567,-0.06750158965587616,-0.3092547357082367,-0.1280752569437027,-0.06750158965587616,-0.3092547357082367,-0.1280752569437027
0.8205,1786493794.3129,ramp,0,-0.049515,-0.02516384087491423,-0.3378184888776206,-0.03990431891461052,0.0171341635286808,-0.4233972132205963,0.0008494534413330257,-0.9057816863059998,-2.4126298427581787,0.3235645294189453,-2.2200574944095464,-0.15866899490356445,-0.0061054229736328125,-0.13070645290169733,1.3607172966003418,-0.21367454528808594,1.270604964350511,0.21389150619506836,0.0061054229736328125,0.23305473530067838,-0.6957459449768066,0.128204345703125,-0.6785017072942743,-0.22577953338623047,0.04273414611816406,-0.2148515455904242,-2.4239425659179688,0.3846149444580078,-2.26269121826224,-0.21274089813232422,-0.0061054229736328125,-0.175104286784205,0.3176255226135254,-0.09157562255859375,0.2972344400391373,0.010833263397216797,-0.04273414611816406,0.0899263913693337,-0.5235595703125,0.05494499206542969,-0.4935410507256769,0.24974775314331055,0.04273414611816406,0.2449842126489596,-0.08753156661987305,0.128204345703125,-0.1257387574288772,0.31966387230324955,0.014189904666399807,0.053178267858167504,0.10367157578289972,0.023462757424354365,0.0997335459141292,-0.07583475112915039,-0.03052520751953125,0.016071461553936666,-0.0660562515258789,0.10378456115722656,-0.06935639555542883,1.2631192207336426,-0.3113555908203125,1.15680548929715,-0.7670750617980957,-0.0061054229736328125,-0.6551646879562026,1.3053030967712402,-0.21367454528808594,1.181809021094083,0.5266265869140625,-0.13919448852539062,0.47782803865819656,-1.4444570541381836,0.2564105987548828,-1.29095217635522,-0.33028078079223633,-0.0061054229736328125,-0.19966299162193607,-0.09999465942382812,-0.16483497619628906,-0.038991944310561376,-0.7011146545410156,0.14041519165039062,-0.6144267454134982,-1.5800738334655762,0.5067157745361328,-1.4442129669652901,0.8976535797119141,-0.15262603759765625,0.8622147985253686,-0.035668373107910156,0.0073261260986328125,-0.030454635839010247,-0.5865182876586914,0.124542236328125,-0.5604126728372751,0.012703418731689453,0.0030689239501953125,0.012381822068618516,0.0,0.0,2.463679493052245e-22,-0.06078053265810013,-0.09960807114839554,-0.3386538624763489,-0.18379144370555878,-0.09960807114839554,-0.3386538624763489,-0.18379144370555878
0.8418,1786493794.3341,ramp,0,-0.050323,-0.031697615326179415,-0.40852491647652,-0.03727189652917569,0.01750507391989231,-0.4196023941040039,0.0009843097068369389,-0.907538652420044,-2.4049601554870605,0.3846149444580078,-2.209776078118863,-0.1588606834411621,-0.018314361572265625,-0.13004119261962288,1.3555402755737305,-0.25030517578125,1.264137995979731,0.21427488327026367,0.0061054229736328125,0.23390447732121084,-0.6938285827636719,0.14041519165039062,-0.6760662820336136,-0.22482061386108398,0.03052520751953125,-0.21375798576499042,-2.4151220321655273,0.45787620544433594,-2.2521928074291138,-0.21274089813232422,-0.0061054229736328125,-0.17421307713859943,0.3158998489379883,-0.06715583801269531,0.2957215726920437,0.010066509246826172,-0.03052520751953125,0.09150460470732769,-0.5224089622497559,0.05494499206542969,-0.49204702034268716,0.2485971450805664,-0.14041519165039062,0.2437373017004602,-0.08465576171875,0.128204345703125,-0.12509880164831055,0.31981166710379827,0.014189402973662378,0.05290764109428541,0.1038561308717667,0.02346206087800582,0.09922594095152529,-0.0762186050415039,-0.05494499206542969,0.01700757680223163,-0.06356334686279297,0.128204345703125,-0.06798548032240076,1.2569832801818848,-0.27472496032714844,1.1509176749454708,-0.7670750617980957,0.0061054229736328125,-0.6533570545618562,1.298975944519043,-0.23809432983398438,1.1757939443083534,0.523193359375,-0.1831493377685547,0.4753959735205054,-1.4360647201538086,0.4322338104248047,-1.2843815317845548,-0.33028078079223633,0.0061054229736328125,-0.19762887360206077,-0.1022958755493164,-0.11599540710449219,-0.0398114224786371,-0.6974716186523438,0.1770458221435547,-0.6112995285066946,-1.5679936408996582,0.5555553436279297,-1.438389300183628,0.8940105438232422,-0.128204345703125,0.8578263566610249,-0.035286903381347656,0.0073261260986328125,-0.03029969272885622,-0.5838479995727539,0.10988998413085938,-0.5575601638651034,0.012607574462890625,0.0030689239501953125,0.012318802261990747,0.0,0.0,2.5275494630758008e-22,-0.06488965451717377,-0.11228499561548233,-0.4086182415485382,-0.18625831604003906,-0.11228499561548233,-0.4086182415485382,-0.18625831604003906
0.8604,1786493794.3528,ramp,0,-0.050878,-0.022592138562333202,-0.4415315358157168,-0.032560924766609836,0.01779823750257492,-0.41652020812034607,0.0010385219939053059,-0.9089516997337341,-2.397481918334961,0.39682579040527344,-2.2007875792126623,-0.15905237197875977,-0.018314361572265625,-0.12945959071296892,1.3505549430847168,-0.2625160217285156,1.2584842673023053,0.21446657180786133,-0.0061054229736328125,0.23464736186222773,-0.6915278434753418,0.16483497619628906,-0.6739371184366278,-0.2238621711730957,0.04273414611816406,-0.21280194420253726,-2.4057273864746094,0.47008514404296875,-2.2430146016622774,-0.21274089813232422,-0.0061054229736328125,-0.17343393964448012,0.31513261795043945,-0.04273414611816406,0.29439895272314903,0.009491443634033203,-0.04273414611816406,0.0928843532226333,-0.5214505195617676,0.03052520751953125,-0.4907408685360045,0.24744701385498047,0.018314361572265625,0.24264719335547746,-0.0819711685180664,0.128204345703125,-0.12453932213002161,0.3201050755344802,0.009482063655920607,0.05267104641682381,0.1040421945856279,0.017584150599110563,0.09878216875884778,-0.07679367065429688,-0.05494499206542969,0.017825972891591536,-0.0616459846496582,0.128204345703125,-0.06678696158488678,1.2516145706176758,-0.3113555908203125,1.1457702700195627,-0.766883373260498,-0.0061054229736328125,-0.6517767362157721,1.2930312156677246,-0.3113555908203125,1.1705352805619749,0.5201416015625,-0.16849899291992188,0.47326974750145445,-1.4284353256225586,0.3882789611816406,-1.2786371644846948,-0.33028078079223633,0.0061054229736328125,-0.1958505517172345,-0.10325431823730469,-0.05494499206542969,-0.04052784893284829,-0.6940202713012695,0.1770458221435547,-0.6085655680335906,-1.5572562217712402,0.5799751281738281,-1.4332979760880873,0.8909420967102051,-0.1892547607421875,0.8539897738613069,-0.035286903381347656,0.0073261260986328125,-0.0301642341561492,-0.5819406509399414,0.09523773193359375,-0.555066366021364,0.012607574462890625,0.0030689239501953125,0.012263707375554144,0.0,0.0,2.5833876024395367e-22,-0.06833876669406891,-0.09900052845478058,-0.43861106038093567,-0.18982774019241333,-0.09900052845478058,-0.43861106038093567,-0.18982774019241333
0.8808,1786493794.3732,ramp,0,-0.051597,-0.03633311143897674,-0.4821820266946863,-0.03464430320381122,0.01818789727985859,-0.41218867897987366,0.0011218793224543333,-0.910916268825531,-2.3877029418945312,0.4456653594970703,-2.190937212554563,-0.15943574905395508,-0.018314361572265625,-0.12882222154939932,1.3446106910705566,-0.25030517578125,1.2522884273696069,0.21446657180786133,-0.0061054229736328125,0.23546147834485892,-0.6888432502746582,0.14041519165039062,-0.671603798677205,-0.22290325164794922,0.03052520751953125,-0.21175423200622728,-2.3947973251342773,0.5433464050292969,-2.232956337984407,-0.21274089813232422,0.0061054229736328125,-0.1725800940720171,0.3139820098876953,-0.04273414611816406,0.2929495125241911,0.008915901184082031,-0.03052520751953125,0.09439639977384916,-0.5204916000366211,0.04273414611816406,-0.4893094755591318,0.24629640579223633,-0.10378456115722656,0.24145255930064918,-0.07928609848022461,0.128204345703125,-0.1239261965736463,0.3203269251140496,0.004774869629238417,0.0524117657130409,0.1043192271576847,0.011705986528976047,0.09829584519624195,-0.07813596725463867,-0.07936477661132812,0.018722841393871537,-0.059345245361328125,0.09157562255859375,-0.06547352214029042,1.2452869415283203,-0.28693580627441406,1.1401293030030428,-0.7661166191101074,0.04273414611816406,-0.6500448880720615,1.286895751953125,-0.3113555908203125,1.1647723866044812,0.51708984375,-0.16849899291992188,0.4709396469914356,-1.419661521911621,0.4468860626220703,-1.2723419949894426,-0.33028078079223633,0.0061054229736328125,-0.1939017143435573,-0.10382986068725586,-0.0061054229736328125,-0.04131297037872996,-0.689610481262207,0.23809432983398438,-0.6055694600772058,-1.5449838638305664,0.6166057586669922,-1.427718467246884,0.8871073722839355,-0.20146560668945312,0.8497853179576289,-0.035286903381347656,0.0073261260986328125,-0.030015787054795434,-0.5796518325805664,0.124542236328125,-0.5523334488359302,0.012511730194091797,-0.0030689239501953125,0.012203329682009285,0.0,0.0,2.644579816176071e-22,-0.07239391654729843,-0.11010286957025528,-0.47349509596824646,-0.193436861038208,-0.11010286957025528,-0.47349509596824646,-0.193436861038208
0.9005,1786493794.3933,ramp,0,-0.052274,-0.030210620606182258,-0.5130684369110438,-0.03895405726458902,0.018557274714112282,-0.4077918827533722,0.001229262095876038,-0.9128854870796204,-2.3786909580230713,0.4822959899902344,-2.1813888948013456,-0.15962743759155273,-0.018314361572265625,-0.12820439649667795,1.3388586044311523,-0.3113555908203125,1.2462825749502113,0.21446657180786133,-0.0061054229736328125,0.23625063098598453,-0.6863508224487305,0.14041519165039062,-0.669342027186241,-0.22175264358520508,0.05494499206542969,-0.21073864656544936,-2.383101463317871,0.5555553436279297,-2.223206498107838,-0.21254920959472656,0.0061054229736328125,-0.17175243058282588,0.3132152557373047,-0.05494499206542969,0.29154451755656136,0.008149147033691406,-0.03052520751953125,0.09586208134995532,-0.5197248458862305,0.04273414611816406,-0.4879219744185862,0.2451457977294922,-0.128204345703125,0.24029455717237952,-0.07641029357910156,0.128204345703125,-0.12333187172888772,0.32040081099326984,0.004774785168501977,0.052160435520680844,0.10441149143867945,0.011705843960667841,0.0978244341241658,-0.07966995239257812,-0.09157562255859375,0.01959220856971985,-0.0572357177734375,0.128204345703125,-0.06420035763769757,1.238959789276123,-0.28693580627441406,1.134661309030974,-0.7649660110473633,0.04273414611816406,-0.6483661448383897,1.2803764343261719,-0.25030517578125,1.159186204425262,0.513275146484375,-0.1831493377685547,0.4686809960357067,-1.411269187927246,0.40293121337890625,-1.2662398588215864,-0.32932186126708984,0.04273414611816406,-0.19201263557734538,-0.10344600677490234,0.03052520751953125,-0.04207401707885258,-0.6844334602355957,0.25030517578125,-0.6026652239423016,-1.532137393951416,0.6410255432128906,-1.4223100469137286,0.882697582244873,-0.20146560668945312,0.8457097863209763,-0.035286903381347656,0.0073261260986328125,-0.029871891894090476,-0.5773630142211914,0.09523773193359375,-0.5496843330633414,0.012415885925292969,0.0030689239501953125,0.012144803393274771,0.0,0.0,2.7038956488815323e-22,-0.07632137089967728,-0.10763213038444519,-0.504244327545166,-0.20252487063407898,-0.10763213038444519,-0.504244327545166,-0.20252487063407898
0.9205,1786493794.4128,ramp,0,-0.052799,-0.034331606479943884,-0.5293618229077167,-0.03787417873207551,0.018908970057964325,-0.4029119908809662,0.0012992469128221273,-0.9150424599647522,-2.369295597076416,0.4822959899902344,-2.1717583912954277,-0.16001129150390625,-0.018314361572265625,-0.12758125360490813,1.3332982063293457,-0.2625160217285156,1.240225028031905,0.21446657180786133,-0.0061054229736328125,0.23704657614339233,-0.6844334602355957,0.128204345703125,-0.6670607878269861,-0.22098588943481445,0.05494499206542969,-0.2097143196210853,-2.3719797134399414,0.5677661895751953,-2.2133727379062784,-0.2123575210571289,0.0061054229736328125,-0.17091764310084354,0.31244850158691406,-0.05494499206542969,0.29012742929962776,0.007381916046142578,-0.04273414611816406,0.09734037856649826,-0.518765926361084,0.03052520751953125,-0.48652253056430245,0.24399566650390625,0.07936477661132812,0.2391265877096537,-0.07353401184082031,0.128204345703125,-0.12273243131969391,0.32047469550981883,6.892490323024248e-05,0.05190694204033969,0.10450375400756245,0.005829420925178103,0.09734896545002919,-0.08120393753051758,-0.10378456115722656,0.020469058696760873,-0.05493497848510742,0.10378456115722656,-0.06291623455730488,1.232248306274414,-0.3235645294189453,1.129146250098148,-0.7636237144470215,0.05494499206542969,-0.6466729520671329,1.274240493774414,-0.2625160217285156,1.153551939997527,0.5098419189453125,-0.1978015899658203,0.4664029040712388,-1.4017314910888672,0.5054950714111328,-1.260085199406495,-0.3285551071166992,0.03052520751953125,-0.19010729684112376,-0.1019124984741211,0.05494499206542969,-0.042841614377468654,-0.6781058311462402,0.3113555908203125,-0.5997359900183695,-1.519482135772705,0.6043949127197266,-1.416855074391226,0.87847900390625,-0.16483497619628906,0.8415991751400659,-0.035286903381347656,0.0073261260986328125,-0.029726758176772925,-0.5746927261352539,0.10988998413085938,-0.5470124154130411,0.012415885925292969,0.0030689239501953125,0.012085773348044435,0.0,0.0,2.763722033967414e-22,-0.08021193742752075,-0.10558891296386719,-0.5162296891212463,-0.2037108838558197,-0.10558891296386719,-0.5162296891212463,-0.2037108838558197
0.9405,1786493794.4329,ramp,0,-0.053368,-0.03528010170514861,-0.5656806489841587,-0.03311653715200063,0.019274255260825157,-0.3978652060031891,0.0013934404123574495,-0.9172403216362,-2.3595166206359863,0.5189247131347656,-2.162053961114887,-0.1602029800415039,-0.018314361572265625,-0.12695332727873374,1.326970100402832,-0.3113555908203125,1.234120981540677,0.21446657180786133,-0.0061054229736328125,0.23784863121796423,-0.6825160980224609,0.128204345703125,-0.6647620369804298,-0.22021913528442383,0.07936477661132812,-0.20868212963148408,-2.359707832336426,0.628814697265625,-2.203463490769868,-0.21216583251953125,0.0061054229736328125,-0.1700764475361974,0.31168127059936523,-0.03052520751953125,0.28869946304213917,0.006806850433349609,-0.04273414611816406,0.09883002364219068,-0.5179991722106934,0.04273414611816406,-0.4851123441532661,0.24265336990356445,0.0061054229736328125,0.23794965255802203,-0.07084941864013672,0.128204345703125,-0.12212838942356236,0.32047469550981883,6.892490323024248e-05,0.05165150266692775,0.10450375400756245,0.005829420925178103,0.09686984693370677,-0.08312177658081055,-0.10378456115722656,0.02135263979212511,-0.052825927734375,0.14041519165039062,-0.06162225415750183,1.2255373001098633,-0.34798622131347656,1.123588855895208,-0.7622814178466797,0.04273414611816406,-0.6449667618330749,1.2679133415222168,-0.27472496032714844,1.1478744252420354,0.50640869140625,-0.15384674072265625,0.46410732477982947,-1.3910503387451172,0.46153831481933594,-1.2538832949534142,-0.3277878761291504,0.0061054229736328125,-0.1881873321451366,-0.09961128234863281,0.11599540710449219,-0.043615103986460985,-0.6717782020568848,0.28693580627441406,-0.5967842704037304,-1.5070185661315918,0.5799751281738281,-1.4113582278401744,0.8738770484924316,-0.21367454528808594,0.8374570096572349,-0.034905433654785156,0.021978378295898438,-0.029580510368889874,-0.5724039077758789,0.09523773193359375,-0.5443199873100285,0.01232004165649414,0.0030689239501953125,0.01202629017022928,0.0,0.0,2.824007664585101e-22,-0.08391192555427551,-0.10739637911319733,-0.5529937148094177,-0.20251697301864624,-0.10739637911319733,-0.5529937148094177,-0.20251697301864624
0.9607,1786493794.4532,ramp,0,-0.053967,-0.035380948125489343,-0.5595165629040886,-0.03764052795831309,0.019650790840387344,-0.3931327164173126,0.001464400440454483,-0.9192705154418945,-2.34877872467041,0.5189247131347656,-2.1523186454239336,-0.16039466857910156,-0.0061054229736328125,-0.1263234025018802,1.32102632522583,-0.25030517578125,1.2279975081909982,0.21446657180786133,-0.0061054229736328125,0.23865323892879564,-0.6804065704345703,0.11599540710449219,-0.662455970084205,-0.21926021575927734,0.05494499206542969,-0.2076466545737152,-2.346285820007324,0.5921859741210938,-2.193522706268571,-0.2119741439819336,0.018314361572265625,-0.16923257476599796,0.3109145164489746,-0.04273414611816406,0.2872669521111465,0.006040096282958984,-0.03052520751953125,0.1003244096916075,-0.5174236297607422,0.018314361572265625,-0.48369766965521466,0.2407360076904297,-0.1770458221435547,0.23676897166942237,-0.06816530227661133,0.128204345703125,-0.12152242509180856,0.32047469550981883,6.892490323024248e-05,0.05139525032714061,0.10450375400756245,0.005829420925178103,0.09638920356536838,-0.08503913879394531,-0.128204345703125,0.022239032990066573,-0.04994964599609375,0.15262603759765625,-0.060324155510221265,1.2186346054077148,-0.3235645294189453,1.1180137746201448,-0.7601723670959473,0.06715583801269531,-0.6432551414444113,1.2608184814453125,-0.33577537536621094,1.142178841116387,0.502593994140625,-0.22710609436035156,0.4618044395326053,-1.3815135955810547,0.4908428192138672,-1.247661652197208,-0.32759618759155273,-0.03052520751953125,-0.18626125693173562,-0.0965433120727539,0.16483497619628906,-0.04439105531870012,-0.665642261505127,0.3113555908203125,-0.593823156588175,-1.494938850402832,0.5555553436279297,-1.405843886917147,0.865440845489502,-0.23809432983398438,0.8333016612370475,-0.034905433654785156,0.0073261260986328125,-0.029433797109856254,-0.5701150894165039,0.09523773193359375,-0.541618990232366,0.012224197387695312,-0.0030689239501953125,0.01196661768008217,0.0,0.0,2.88448516143682e-22,-0.08743444085121155,-0.10676945745944977,-0.5466036796569824,-0.20614518225193024,-0.10676945745944977,-0.5466036796569824,-0.20614518225193024
0.9809,1786493794.4732,ramp,0,-0.054616,-0.032061742268004303,-0.5482852136388974,-0.04402462027274821,0.020018748939037323,-0.3883863389492035,0.00160564249381423,-0.9212777614593506,-2.3389999866485596,0.5067157745361328,-2.142560610018631,-0.16058635711669922,-0.0061054229736328125,-0.12569200764316737,1.3148903846740723,-0.28693580627441406,1.2218597442348573,0.21446657180786133,-0.0061054229736328125,0.2394597243863723,-0.6782975196838379,0.11599540710449219,-0.6601445214229901,-0.21830129623413086,0.06715583801269531,-0.20660876298439515,-2.3342065811157227,0.5799751281738281,-2.1835587225417497,-0.21139907836914062,0.018314361572265625,-0.16838673261453815,0.3101472854614258,-0.04273414611816406,0.2858310980693408,0.005272865295410156,-0.04273414611816406,0.10182228325239497,-0.5170397758483887,0.0061054229736328125,-0.48227969367198154,0.23881864547729492,0.1770458221435547,0.23558553537633686,-0.06548070907592773,0.128204345703125,-0.1209150465956907,0.32047469550981883,6.892490323024248e-05,0.051138399960525584,0.10450375400756245,0.005829420925178103,0.09590743849945192,-0.08695650100708008,-0.11599540710449219,0.02312749480097314,-0.04688119888305664,0.1770458221435547,-0.0590230274357091,1.2123069763183594,-0.2625160217285156,1.1124256825441932,-0.7580633163452148,0.06715583801269531,-0.6415395265754926,1.2535319328308105,-0.3235645294189453,1.1364699649672956,0.4991607666015625,-0.15384674072265625,0.4594961799455389,-1.3712139129638672,0.5934066772460938,-1.24142548973248,-0.32759618759155273,-0.0061054229736328125,-0.18433068675586484,-0.09290027618408203,0.128204345703125,-0.045168817521092475,-0.6604652404785156,0.22588539123535156,-0.5908551322971733,-1.4834342002868652,0.5311355590820312,-1.4003166769455373,0.8604550361633301,-0.2625160217285156,0.8291366153060528,-0.034523963928222656,0.021978378295898438,-0.029286741459939557,-0.5685892105102539,0.08058547973632812,-0.5389116897245929,0.012224197387695312,0.009205818176269531,0.011906805929743233,0.0,0.0,2.9451037971582586e-22,-0.09091299027204514,-0.10301129519939423,-0.5351770520210266,-0.21210485696792603,-0.10301129519939423,-0.5351770520210266,-0.21210485696792603
