t_s,wall_time,phase,frame,roll,base_ang_vel_x,base_ang_vel_y,base_ang_vel_z,base_quat_x,base_quat_y,base_quat_z,base_quat_w,left_hip_pitch_joint__pos_meas,left_hip_pitch_joint__vel_meas,left_hip_pitch_joint__tgt,left_hip_pitch_joint__eff_meas,left_hip_pitch_joint__eff_cmd,left_hip_roll_joint__pos_meas,left_hip_roll_joint__vel_meas,left_hip_roll_joint__tgt,left_hip_roll_joint__eff_meas,left_hip_roll_joint__eff_cmd,left_hip_yaw_joint__pos_meas,left_hip_yaw_joint__vel_meas,left_hip_yaw_joint__tgt,left_hip_yaw_joint__eff_meas,left_hip_yaw_joint__eff_cmd,left_knee_joint__pos_meas,left_knee_joint__vel_meas,left_knee_joint__tgt,left_knee_joint__eff_meas,left_knee_joint__eff_cmd,left_ankle_pitch_joint__pos_meas,left_ankle_pitch_joint__vel_meas,left_ankle_pitch_joint__tgt,left_ankle_pitch_joint__eff_meas,left_ankle_pitch_joint__eff_cmd,left_ankle_roll_joint__pos_meas,left_ankle_roll_joint__vel_meas,left_ankle_roll_joint__tgt,left_ankle_roll_joint__eff_meas,left_ankle_roll_joint__eff_cmd,right_hip_pitch_joint__pos_meas,right_hip_pitch_joint__vel_meas,right_hip_pitch_joint__tgt,right_hip_pitch_joint__eff_meas,right_hip_pitch_joint__eff_cmd,right_hip_roll_joint__pos_meas,right_hip_roll_joint__vel_meas,right_hip_roll_joint__tgt,right_hip_roll_joint__eff_meas,right_hip_roll_joint__eff_cmd,right_hip_yaw_joint__pos_meas,right_hip_yaw_joint__vel_meas,right_hip_yaw_joint__tgt,right_hip_yaw_joint__eff_meas,right_hip_yaw_joint__eff_cmd,right_knee_joint__pos_meas,right_knee_joint__vel_meas,right_knee_joint__tgt,right_knee_joint__eff_meas,right_knee_joint__eff_cmd,right_ankle_pitch_joint__pos_meas,right_ankle_pitch_joint__vel_meas,right_ankle_pitch_joint__tgt,right_ankle_pitch_joint__eff_meas,right_ankle_pitch_joint__eff_cmd,right_ankle_roll_joint__pos_meas,right_ankle_roll_joint__vel_meas,right_ankle_roll_joint__tgt,right_ankle_roll_joint__eff_meas,right_ankle_roll_joint__eff_cmd,waist_yaw_joint__pos_meas,waist_yaw_joint__vel_meas,waist_yaw_joint__tgt,waist_yaw_joint__eff_meas,waist_yaw_joint__eff_cmd,waist_pitch_joint__pos_meas,waist_pitch_joint__vel_meas,waist_pitch_joint__tgt,waist_pitch_joint__eff_meas,waist_pitch_joint__eff_cmd,waist_roll_joint__pos_meas,waist_roll_joint__vel_meas,waist_roll_joint__tgt,waist_roll_joint__eff_meas,waist_roll_joint__eff_cmd,left_shoulder_pitch_joint__pos_meas,left_shoulder_pitch_joint__vel_meas,left_shoulder_pitch_joint__tgt,left_shoulder_pitch_joint__eff_meas,left_shoulder_pitch_joint__eff_cmd,left_shoulder_roll_joint__pos_meas,left_shoulder_roll_joint__vel_meas,left_shoulder_roll_joint__tgt,left_shoulder_roll_joint__eff_meas,left_shoulder_roll_joint__eff_cmd,left_shoulder_yaw_joint__pos_meas,left_shoulder_yaw_joint__vel_meas,left_shoulder_yaw_joint__tgt,left_shoulder_yaw_joint__eff_meas,left_shoulder_yaw_joint__eff_cmd,left_elbow_joint__pos_meas,left_elbow_joint__vel_meas,left_elbow_joint__tgt,left_elbow_joint__eff_meas,left_elbow_joint__eff_cmd,left_wrist_yaw_joint__pos_meas,left_wrist_yaw_joint__vel_meas,left_wrist_yaw_joint__tgt,left_wrist_yaw_joint__eff_meas,left_wrist_yaw_joint__eff_cmd,left_wrist_pitch_joint__pos_meas,left_wrist_pitch_joint__vel_meas,left_wrist_pitch_joint__tgt,left_wrist_pitch_joint__eff_meas,left_wrist_pitch_joint__eff_cmd,left_wrist_roll_joint__pos_meas,left_wrist_roll_joint__vel_meas,left_wrist_roll_joint__tgt,left_wrist_roll_joint__eff_meas,left_wrist_roll_joint__eff_cmd,right_shoulder_pitch_joint__pos_meas,right_shoulder_pitch_joint__vel_meas,right_shoulder_pitch_joint__tgt,right_shoulder_pitch_joint__eff_meas,right_shoulder_pitch_joint__eff_cmd,right_shoulder_roll_joint__pos_meas,right_shoulder_roll_joint__vel_meas,right_shoulder_roll_joint__tgt,right_shoulder_roll_joint__eff_meas,right_shoulder_roll_joint__eff_cmd,right_shoulder_yaw_joint__pos_meas,right_shoulder_yaw_joint__vel_meas,right_shoulder_yaw_joint__tgt,right_shoulder_yaw_joint__eff_meas,right_shoulder_yaw_joint__eff_cmd,right_elbow_joint__pos_meas,right_elbow_joint__vel_meas,right_elbow_joint__tgt,right_elbow_joint__eff_meas,right_elbow_joint__eff_cmd,right_wrist_yaw_joint__pos_meas,right_wrist_yaw_joint__vel_meas,right_wrist_yaw_joint__tgt,right_wrist_yaw_joint__eff_meas,right_wrist_yaw_joint__eff_cmd,right_wrist_pitch_joint__pos_meas,right_wrist_pitch_joint__vel_meas,right_wrist_pitch_joint__tgt,right_wrist_pitch_joint__eff_meas,right_wrist_pitch_joint__eff_cmd,right_wrist_roll_joint__pos_meas,right_wrist_roll_joint__vel_meas,right_wrist_roll_joint__tgt,right_wrist_roll_joint__eff_meas,right_wrist_roll_joint__eff_cmd,head_yaw_joint__pos_meas,head_yaw_joint__vel_meas,head_yaw_joint__tgt,head_yaw_joint__eff_meas,head_yaw_joint__eff_cmd,head_pitch_joint__pos_meas,head_pitch_joint__vel_meas,head_pitch_joint__tgt,head_pitch_joint__eff_meas,head_pitch_joint__eff_cmd,pelvis_roll,pelvis_ang_vel_x,pelvis_ang_vel_y,pelvis_ang_vel_z,obs_ang_vel_x,obs_ang_vel_y,obs_ang_vel_z
0.0000,1788396529.7047,ramp,0,-0.017187,0.006884541375004391,0.006343726698569005,0.006004172099137951,-0.1986483484506607,-0.03573336452245712,0.9701030850410461,-0.1347663253545761,-0.07200002670288086,0.018314361572265625,-0.08005379428728748,0.02930450439453125,0.0,0.2278885841369629,-0.0061054229736328125,0.22961398620846926,-0.14652252197265625,0.0,3.051140069961548,0.0061054229736328125,3.051321340880988,0.08791351318359375,0.0,0.9174032211303711,0.0061054229736328125,0.8932412581348609,-0.08791351318359375,0.0,-0.579932689666748,0.018314361572265625,-0.5611397939140789,0.08791351318359375,0.0,0.19835996627807617,0.0061054229736328125,0.20219337790397024,0.02930450439453125,0.0,-0.029241085052490234,0.04273414611816406,-0.035761228961842126,0.02930450439453125,0.0,0.1818699836730957,0.0061054229736328125,0.18301936571083888,-0.08791351318359375,0.0,-3.5191898345947266,0.0061054229736328125,-3.518984942272409,0.14652252197265625,-8.898494227240894,0.9473152160644531,0.04273414611816406,0.9267964125346567,0.20513153076171875,0.0,-0.5567312240600586,-0.0061054229736328125,-0.5390889456244962,-0.02930450439453125,0.0,0.059920310974121094,0.0061054229736328125,0.062413486198430554,0.02930450439453125,0.0,-3.48831844329834,-0.0061054229736328125,-3.4883050265279363,0.02930450439453125,-2.332201061117445,0.3491,1.9460827665940324e-05,0.3490986572915793,-5.2300103424357536e-05,2.105919437494758,0.038496330538620935,0.005871074068653914,0.050968350312183885,0.060948610482771746,0.0,-0.11360883712768555,-0.0061054229736328125,-0.10919815024454577,-0.08791351318359375,0.0,-0.14793109893798828,-0.0061054229736328125,-0.14812269460190644,-0.08791351318359375,-1.742453892038129,-0.7757039070129395,0.0061054229736328125,-0.7758926112995863,0.08791351318359375,0.0,-0.4572157859802246,-0.0061054229736328125,-0.4595147578838206,-0.08791351318359375,0.0,-0.9394540786743164,0.0061054229736328125,-0.9392587791329957,0.08791351318359375,0.0,-0.2882051467895508,-0.0073261260986328125,-0.2882040389688049,-0.007814407348632812,0.0,0.01964569091796875,-0.0073261260986328125,0.019645616231078928,-0.007814407348632812,0.0,2.0997023582458496,0.0061054229736328125,2.099694282371836,0.08791351318359375,1.193885647436721,-3.05765962600708,-0.018314361572265625,-3.0545799071599067,-0.08791351318359375,-1.231598143198136,0.12204551696777344,0.0061054229736328125,0.12281227558093065,0.02930450439453125,0.0,-1.099177360534668,0.0061054229736328125,-1.0997481962824724,0.08791351318359375,0.0,0.14927339553833008,0.0061054229736328125,0.14927282105693976,0.08791351318359375,0.0,0.09212589263916016,0.0073261260986328125,0.09212553763066138,0.007814407348632812,0.0,-0.7238502502441406,-0.0073261260986328125,-0.7238474642740278,-0.007814407348632812,0.0,-0.0399320125579834,0.0030689239501953125,-0.039931858971476615,0.0001221001148223877,0.0,0.0,0.0,2.6176498148105183e-28,0.0,0.0,0.028629371896386147,-0.00497328769415617,-0.004676773212850094,0.011626013554632664,-0.00497328769415617,-0.004676773212850094,0.011626013554632664
0.0205,1788396529.7252,ramp,0,-0.017003,0.010281676423441924,0.047929288806373545,0.014012214793370807,-0.19880807399749756,-0.035685352981090546,0.9700609445571899,-0.13484659790992737,-0.0718083381652832,-0.06715583801269531,-0.08004099415208414,-1.4358978271484375,0.0,0.22769689559936523,-0.0061054229736328125,0.22932469753677123,0.08791351318359375,0.0,3.051140069961548,0.0061054229736328125,3.0399714698781715,0.20513153076171875,0.0,0.9175949096679688,-0.05494499206542969,0.8905448870219941,-2.373626708984375,0.0,-0.5787820816040039,0.09157562255859375,-0.5593322754585639,1.4358978271484375,0.0,0.19835996627807617,0.04273414611816406,0.20079509866725956,0.26373291015625,0.0,-0.028857707977294922,-0.03052520751953125,-0.03664131213628908,-0.9084243774414062,0.0,0.1818699836730957,-0.0061054229736328125,0.18171351195380797,0.02930450439453125,0.0,-3.5191898345947266,0.0061054229736328125,-3.5049214347012088,0.14652252197265625,-7.49214347012086,0.9476990699768066,-0.0061054229736328125,0.9242316647936253,-1.9633712768554688,0.0,-0.5561561584472656,0.04273414611816406,-0.5372912841002421,1.377288818359375,0.0,0.059920310974121094,0.04273414611816406,0.06270166416378321,0.20513153076171875,0.0,-3.48831844329834,-0.0061054229736328125,-3.4740146653809343,-0.20513153076171875,-1.760586615237365,0.3491,0.004684509653405811,0.34766852264145787,-0.0007844878082101658,2.020111358487472,0.03849632393225961,0.011745217461594836,0.050759550873061346,0.9142132890031358,0.0,-0.11360883712768555,-0.03052520751953125,-0.10875079589791332,0.02930450439453125,0.0,-0.14793109893798828,-0.0061054229736328125,-0.14751588883756744,-0.14652252197265625,-1.730317776751349,-0.7757039070129395,0.0061054229736328125,-0.7727140502481797,0.02930450439453125,0.0,-0.4572157859802246,-0.0061054229736328125,-0.45763229545988093,-0.08791351318359375,0.0,-0.9394540786743164,0.0061054229736328125,-0.9354126562769013,0.08791351318359375,0.0,-0.2882051467895508,-0.0073261260986328125,-0.28702408596462314,-0.023443222045898438,0.0,0.01964569091796875,-0.0073261260986328125,0.01956606633968507,-0.023443222045898438,0.0,2.0997023582458496,0.0061054229736328125,2.0910925732605667,0.14652252197265625,1.0218514652113342,-3.0578513145446777,-0.0061054229736328125,-3.042066364652646,0.02930450439453125,-0.9813272930529227,0.12204551696777344,0.0061054229736328125,0.12230914401873391,0.08791351318359375,0.0,-1.099177360534668,0.0061054229736328125,-1.0952429169587212,0.02930450439453125,0.0,0.14927339553833008,0.0061054229736328125,0.14866093412043355,0.08791351318359375,0.0,0.09212589263916016,0.0073261260986328125,0.09174741387172754,0.023443222045898438,0.0,-0.7238502502441406,-0.0073261260986328125,-0.7208800944928454,-0.03907203674316406,0.0,-0.0399320125579834,0.0030689239501953125,-0.03976827216308861,0.0006105005741119385,0.0,0.0,0.0,2.790707486962282e-25,0.0,0.0,0.028359362855553627,-0.01830446720123291,-0.038756113499403,0.021496664732694626,-0.01830446720123291,-0.038756113499403,0.021496664732694626
0.0406,1788396529.7449,ramp,0,-0.017008,0.0025986561555707516,0.009232231788463678,0.003910403692644711,-0.19903956353664398,-0.03572763502597809,0.9700071215629578,-0.134881392121315,-0.07200002670288086,-0.04273414611816406,-0.08002846588772444,-1.377288818359375,0.0,0.22769689559936523,0.0061054229736328125,0.22904155326542414,-0.02930450439453125,0.0,3.051140069961548,-0.018314361572265625,3.0288626665637755,-0.8498153686523438,0.0,0.915677547454834,-0.09157562255859375,0.8879057859830465,-2.1977996826171875,0.0,-0.5772480964660645,0.11599540710449219,-0.5575631481262381,1.4358978271484375,0.0,0.19835996627807617,0.0061054229736328125,0.19942651844151363,0.3223419189453125,0.0,-0.029049396514892578,-0.0061054229736328125,-0.037502702621063214,-1.2014617919921875,0.0,0.1818699836730957,-0.0061054229736328125,0.1804353941196387,-0.26373291015625,0.0,-3.5191898345947266,0.03052520751953125,-3.49115663160519,1.3186798095703125,-6.1156631605189915,0.9467401504516602,-0.09157562255859375,0.9217213914875156,-1.7875442504882812,0.0,-0.5548138618469238,0.05494499206542969,-0.5355318043410588,1.3186798095703125,0.0,0.059920310974121094,-0.018314361572265625,0.06298372131983819,0.380950927734375,0.0,-3.48831844329834,0.03052520751953125,-3.4600278270076767,0.20513153076171875,-1.2011130803070635,0.3491,0.0047242507385548554,0.3462687636012574,-0.23177722513826704,1.9361258160754444,0.03855195576861287,0.023486386381726686,0.05055518626831889,0.854034058607782,0.0,-0.11360883712768555,-0.0061054229736328125,-0.10831294321682589,0.02930450439453125,0.0,-0.14793109893798828,-0.0061054229736328125,-0.14692197143670793,-0.14652252197265625,-1.7184394287341587,-0.7757039070129395,0.0061054229736328125,-0.7696030008332471,0.14652252197265625,0.0,-0.4572157859802246,-0.0061054229736328125,-0.4557898159454356,-0.02930450439453125,0.0,-0.9394540786743164,0.0061054229736328125,-0.9316482238599377,0.14652252197265625,0.0,-0.2882051467895508,-0.0073261260986328125,-0.285869194790932,-0.007814407348632812,0.0,0.01964569091796875,-0.0073261260986328125,0.01948820606295094,-0.03907203674316406,0.0,2.0997023582458496,-0.03052520751953125,2.082673561743957,-0.08791351318359375,0.8534712348791373,-3.0578513145446777,0.0061054229736328125,-3.029818605850366,0.14652252197265625,-0.7363721170073223,0.12204551696777344,0.0061054229736328125,0.12181669881258829,0.08791351318359375,0.0,-1.099177360534668,0.0061054229736328125,-1.090833328350045,0.14652252197265625,0.0,0.14927339553833008,0.0061054229736328125,0.1480620434699047,0.08791351318359375,0.0,0.09212589263916016,0.0073261260986328125,0.0913773213424421,0.023443222045898438,0.0,-0.7238502502441406,-0.0073261260986328125,-0.7179757507120169,0.007816314697265625,0.0,-0.0399320125579834,0.0030689239501953125,-0.039608159887031806,0.00158730149269104,0.0,0.0,0.0,5.519579173349751e-25,0.0,0.0,0.028239406645298004,0.015609903261065483,-0.010265884920954704,-0.019374342635273933,0.015609903261065483,-0.010265884920954704,-0.019374342635273933
0.0606,1788396529.7649,ramp,0,-0.017212,-0.005245907718954344,0.01744403699485797,-0.005360315454908466,-0.19912734627723694,-0.03582839295268059,0.9699905514717102,-0.13484418392181396,-0.07276725769042969,-0.04273414611816406,-0.08001596075878269,-1.3186798095703125,0.0,0.22808027267456055,-0.0061054229736328125,0.22875893186467272,-0.08791351318359375,0.0,3.0507566928863525,-0.0061054229736328125,3.0177743774083936,-2.0805892944335938,0.0,0.9137601852416992,-0.09157562255859375,0.8852715584607896,-2.1977996826171875,0.0,-0.5755219459533691,0.10378456115722656,-0.5557972877668151,1.377288818359375,0.0,0.19874334335327148,0.0061054229736328125,0.19806046551520579,0.20513153076171875,0.0,-0.02943277359008789,-0.03052520751953125,-0.03836250241232359,-1.26007080078125,0.0,0.1818699836730957,-0.0061054229736328125,0.17915963653182054,-0.14652252197265625,0.0,-3.5186147689819336,0.05494499206542969,-3.477417247391073,2.4908447265625,-4.741724739107278,0.9444394111633301,-0.10378456115722656,0.9192157537973507,-1.611724853515625,0.0,-0.5530881881713867,0.06715583801269531,-0.5337755737390117,1.26007080078125,0.0,0.059920310974121094,0.03052520751953125,0.06326525761282749,0.3223419189453125,0.0,-3.48831844329834,0.09157562255859375,-3.4460668175395104,0.5567779541015625,-0.642672701580409,0.3491,0.004684717195541293,0.34487158943709806,-0.07775209293827201,1.8522953662258836,0.03877098260168708,0.011745073826064495,0.05035119905508117,0.8535339225443156,0.0,-0.11360883712768555,-0.0061054229736328125,-0.10787589909983579,0.02930450439453125,0.0,-0.14793109893798828,-0.0061054229736328125,-0.146329150798088,-0.08791351318359375,-1.70658301596176,-0.7757039070129395,0.018314361572265625,-0.7664976964621857,0.14652252197265625,0.0,-0.45702409744262695,-0.0061054229736328125,-0.45395073886027726,-0.02930450439453125,0.0,-0.9394540786743164,0.03052520751953125,-0.9278907430617053,0.20513153076171875,0.0,-0.2882051467895508,-0.0073261260986328125,-0.2847164363061102,0.007816314697265625,0.0,0.01926422119140625,-0.0073261260986328125,0.019410489567509237,-0.03907203674316406,0.0,2.0997023582458496,-0.05494499206542969,2.074270097261182,-0.08791351318359375,0.6854019452236404,-3.0578513145446777,0.0061054229736328125,-3.01759346446821,0.380950927734375,-0.4918692893641996,0.12204551696777344,-0.0061054229736328125,0.1213251629842558,0.08791351318359375,0.0,-1.099177360534668,0.05494499206542969,-1.0864318827428556,0.14652252197265625,0.0,0.14927339553833008,0.0061054229736328125,0.14746425876550606,0.08791351318359375,0.0,0.09212589263916016,0.0073261260986328125,0.09100791224743673,0.023443222045898438,0.0,-0.7238502502441406,-0.0073261260986328125,-0.7150767702604747,0.07033157348632812,0.0,-0.03983616828918457,0.009205818176269531,-0.0394483432835689,0.004029303789138794,0.0,0.0,0.0,8.2434115673742835e-25,0.0,0.0,0.028528988361358643,0.012119523249566555,-0.01815270259976387,-0.09016165137290955,0.012119523249566555,-0.01815270259976387,-0.09016165137290955
0.0803,1788396529.7847,ramp,0,-0.017385,-0.01908293280582782,0.010071132733325144,0.025558733569113343,-0.19919507205486298,-0.03594144806265831,0.9699582457542419,-0.13494619727134705,-0.07334232330322266,-0.04273414611816406,-0.08000360048397821,-1.2014617919921875,0.0,0.22903919219970703,-0.018314361572265625,0.22847958423097953,-0.08791351318359375,0.0,3.049798011779785,-0.05494499206542969,3.00681453031604,-2.7838821411132812,0.0,0.9120345115661621,-0.07936477661132812,0.8826678447186753,-2.4322357177734375,0.0,-0.5739879608154297,0.09157562255859375,-0.5540518823887157,1.4358978271484375,0.0,0.19893503189086914,0.0061054229736328125,0.19671023636960946,0.02930450439453125,0.0,-0.029624462127685547,0.0061054229736328125,-0.03921234264558244,-1.4945068359375,0.0,0.1818699836730957,-0.03052520751953125,0.17789865678161174,-0.3223419189453125,0.0,-3.5168886184692383,0.10378456115722656,-3.4638370144065513,3.4871826171875,-3.383701440655118,0.9429054260253906,-0.07936477661132812,0.9167391403569699,-2.139190673828125,0.0,-0.5513625144958496,0.05494499206542969,-0.5320396865712419,1.3186798095703125,0.0,0.060303688049316406,0.04273414611816406,0.06354353270818909,0.26373291015625,0.0,-3.48831844329834,-0.018314361572265625,-3.432267526514372,1.611724853515625,-0.09070106057487592,0.3491,1.9640147585347343e-05,0.34349059954893824,-0.30885423730102585,1.7694359729362943,0.03886164141874989,0.005870962680765992,0.05014957474365206,0.9152612449547067,0.0,-0.11360883712768555,-0.0061054229736328125,-0.1074439175174923,0.02930450439453125,0.0,-0.14793109893798828,-0.0061054229736328125,-0.14574319714361353,-0.08791351318359375,-1.6948639428722707,-0.7757039070129395,0.03052520751953125,-0.7634283626267192,0.20513153076171875,0.0,-0.45702409744262695,-0.0061054229736328125,-0.4521329648681006,-0.02930450439453125,0.0,-0.9394540786743164,0.04273414611816406,-0.9241767873356233,0.26373291015625,0.0,-0.2882051467895508,-0.0073261260986328125,-0.2835770308891864,0.039073944091796875,0.0,0.01964569091796875,-0.0073261260986328125,0.019333673307159342,-0.03907203674316406,0.0,2.0997023582458496,-0.10378456115722656,2.065963974965252,-0.20513153076171875,0.5192794993050409,-3.0574679374694824,0.04273414611816406,-3.005509933965598,0.615386962890625,-0.25019867931196593,0.12204551696777344,-0.018314361572265625,0.12083932089956209,0.14652252197265625,0.0,-1.0989856719970703,0.05494499206542969,-1.0820814216244519,0.20513153076171875,0.0,0.14927339553833008,0.0061054229736328125,0.14687339854689632,0.02930450439453125,0.0,0.09212589263916016,0.0073261260986328125,0.09064278223152093,0.007814407348632812,0.0,-0.7238502502441406,-0.0073261260986328125,-0.712211370375299,0.117218017578125,0.0,-0.03974032402038574,0.009205818176269531,-0.039290377928208144,0.0050061047077178955,0.0,0.0,0.0,1.093569223622923e-24,0.0,0.0,0.028694845736026764,0.010635772719979286,-0.01346652302891016,0.051216498017311096,0.010635772719979286,-0.01346652302891016,0.051216498017311096
0.1007,1788396529.8051,ramp,0,-0.017672,-0.02445657602960564,0.009769891763334352,0.018416098074817998,-0.1992766261100769,-0.0361473523080349,0.9698951244354248,-0.13522446155548096,-0.07391738891601562,-0.04273414611816406,-0.07999086091817635,-1.0256423950195312,0.0,0.23057317733764648,0.09157562255859375,0.22819166445433,-0.6739959716796875,0.0,3.048072338104248,-0.09157562255859375,2.9955183661594873,-3.369964599609375,0.0,0.910883903503418,-0.05494499206542969,0.8799842326573251,-2.373626708984375,0.0,-0.5726456642150879,0.10378456115722656,-0.5522529169921551,1.4945068359375,0.0,0.19931840896606445,-0.05494499206542969,0.19531857369867134,0.08791351318359375,0.0,-0.029816150665283203,0.0061054229736328125,-0.04008826132408597,-1.5531158447265625,0.0,0.18167829513549805,-0.06715583801269531,0.17659898223903664,-0.08791351318359375,0.0,-3.514012336730957,0.1892547607421875,-3.449840054432136,4.24908447265625,-1.984005443213599,0.9413714408874512,-0.05494499206542969,0.9141865288342795,-2.0805892944335938,0.0,-0.5500202178955078,0.03052520751953125,-0.5302505314635888,1.4945068359375,0.0,0.06049537658691406,0.04273414611816406,0.06383034703428293,0.3223419189453125,0.0,-3.48831844329834,-0.0061054229736328125,-3.418044786420419,2.0219802856445312,0.0,0.3491,1.9640702052398192e-05,0.3420672322023194,-0.30885427355880624,1.6840339321391626,0.03886277121312015,0.005870962334956527,0.04994176332980083,0.9152613281553134,0.0,-0.1138010025024414,-0.0061054229736328125,-0.10699868002233018,0.08791351318359375,0.0,-0.14793109893798828,-0.0061054229736328125,-0.1451392627444107,-0.02930450439453125,-1.6827852548882138,-0.7757039070129395,0.05494499206542969,-0.7602648423180388,0.20513153076171875,0.0,-0.45702409744262695,-0.0061054229736328125,-0.45025941013306553,0.02930450439453125,0.0,-0.9386868476867676,0.04273414611816406,-0.920348864080995,0.26373291015625,0.0,-0.2882051467895508,-0.0073261260986328125,-0.28240266134534336,0.0547027587890625,0.0,0.01926422119140625,-0.0073261260986328125,0.019254499840641707,-0.03907203674316406,0.0,2.0997023582458496,0.0061054229736328125,2.057402968578157,-0.615386962890625,0.3480593715631386,-3.0555503368377686,0.09157562255859375,-2.99305560472195,0.7325973510742188,-0.0011120944389997334,0.12147045135498047,-0.0061054229736328125,0.12033857012296677,0.14652252197265625,0.0,-1.0980267524719238,0.06715583801269531,-1.0775974609874026,0.3223419189453125,0.0,0.14927339553833008,0.0061054229736328125,0.14626440701930024,0.02930450439453125,0.0,0.09212589263916016,0.0073261260986328125,0.09026644772945044,0.007814407348632812,0.0,-0.7234687805175781,0.0073261260986328125,-0.7092580419935834,0.1797332763671875,0.0,-0.039548635482788086,0.009205818176269531,-0.03912756520188387,0.0050061047077178955,0.0,0.0,0.0,1.3710589014863802e-24,0.0,0.0,0.028860867023468018,0.017692575231194496,-0.01599128358066082,0.03412790969014168,0.017692575231194496,-0.01599128358066082,0.03412790969014168
0.1205,1788396529.8250,ramp,0,-0.017748,-0.011473207984657,0.017345152575226567,0.01888427347207552,-0.1994324028491974,-0.03625677525997162,0.9698247909545898,-0.13546963036060333,-0.07468461990356445,-0.04273414611816406,-0.07997850614257984,-0.8498153686523438,0.0,0.23191499710083008,0.07936477661132812,0.22791244110514963,-1.0256423950195312,0.0,3.0459630489349365,-0.09157562255859375,2.9845633952110218,-4.4249114990234375,0.0,0.9097332954406738,-0.04273414611816406,0.8773816773330921,-2.8424911499023438,0.0,-0.5713038444519043,0.09157562255859375,-0.5505082881620946,1.611724853515625,0.0,0.20008563995361328,-0.10378456115722656,0.193968945283317,0.14652252197265625,0.0,-0.029816150665283203,0.018314361572265625,-0.04093772345505705,-1.9047622680664062,0.0,0.17976093292236328,-0.128204345703125,0.17533856351113503,-0.08791351318359375,0.0,-3.509410858154297,0.28693580627441406,-3.4362658634269883,4.600730895996094,-0.6265863426988094,0.9406042098999023,-0.03052520751953125,0.9117110172636046,-2.139190673828125,0.0,-0.5490617752075195,0.0061054229736328125,-0.5285154166091125,1.7289352416992188,0.0,0.06068754196166992,-0.09157562255859375,0.06410849832231455,0.7325973510742188,0.0,-3.48831844329834,0.018314361572265625,-3.4042516348357337,2.7252731323242188,0.0,0.3491,1.964070207500441e-05,0.34068685673015886,-0.4627705995083953,1.6012114038095318,0.038862771450458786,0.005870962334486413,0.049740228723013175,0.79388497943664,0.0,-0.1138010025024414,-0.0061054229736328125,-0.1065668906328462,0.08791351318359375,0.0,-0.14793109893798828,-0.0061054229736328125,-0.1445535697864867,-0.02930450439453125,-1.671071395729734,-0.7749371528625488,0.07936477661132812,-0.757196874059418,0.26373291015625,0.0,-0.45702409744262695,-0.0061054229736328125,-0.44844244488643686,0.02930450439453125,0.0,-0.9377284049987793,0.05494499206542969,-0.9166365607303852,0.26373291015625,0.0,-0.2882051467895508,-0.0073261260986328125,-0.28126376286110877,0.07033157348632812,0.0,0.01926422119140625,-0.0073261260986328125,0.01917771775660242,-0.03907203674316406,0.0,2.0997023582458496,0.0061054229736328125,2.0491005417578236,-0.7325973510742188,0.18201083515647198,-3.0532493591308594,0.09157562255859375,-2.9809774503010398,0.9084243774414062,0.0,0.12127876281738281,0.0061054229736328125,0.11985294419420041,0.08791351318359375,0.0,-1.096876621246338,0.10378456115722656,-1.0732489354319876,0.26373291015625,0.0,0.14927339553833008,0.0061054229736328125,0.1456738096802197,0.02930450439453125,0.0,0.09212589263916016,0.0073261260986328125,0.089901480163474,0.007814407348632812,0.0,-0.7227058410644531,0.021978378295898438,-0.7063939169530311,0.1797332763671875,0.0,-0.03945279121398926,0.015343666076660156,-0.03896967012686513,0.004517704248428345,0.0,0.0,0.0,1.640167186153947e-24,0.0,0.0,0.02880025841295719,0.003407100448384881,-0.018858784809708595,0.005983305163681507,0.003407100448384881,-0.018858784809708595,0.005983305163681507
0.1404,1788396529.8448,ramp,0,-0.017811,-0.0171246397160761,0.017591999520249788,0.01119403484130834,-0.199646458029747,-0.03636154532432556,0.9697471857070923,-0.13568204641342163,-0.07545137405395508,-0.05494499206542969,-0.07996605772359539,-0.7912063598632812,0.0,0.23383331298828125,0.10378456115722656,0.22763110137431503,-1.26007080078125,0.0,3.043278694152832,-0.15262603759765625,2.9735253907354307,-4.893775939941406,0.0,0.9085831642150879,-0.04273414611816406,0.874759395863612,-3.0769195556640625,0.0,-0.5703449249267578,0.10378456115722656,-0.5487504358660874,1.611724853515625,0.0,0.20027732849121094,0.03052520751953125,0.1926090873193712,-0.5567779541015625,0.0,-0.029816150665283203,0.0061054229736328125,-0.0417936241094369,-1.9633712768554688,0.0,0.1770763397216797,-0.16483497619628906,0.17406859140211306,0.4395599365234375,0.0,-3.502124786376953,0.39682579040527344,-3.422588786438634,4.717948913574219,0.0,0.9394540786743164,-0.06715583801269531,0.9092167424795793,-2.1977996826171875,0.0,-0.5486783981323242,0.0061054229736328125,-0.5267671504001493,1.8461532592773438,0.0,0.06068754196166992,0.11599540710449219,0.06438875786628116,-0.02930450439453125,0.0,-3.4879350662231445,0.04273414611816406,-3.3903539376496363,3.0183181762695312,0.0,0.3491,-0.00464621273310426,0.33929601866117814,-0.5398431229096818,1.5177611196706886,0.03895538509629664,-4.02648605292267e-06,0.04953716657869775,0.8551007302636923,0.0,-0.1138010025024414,-0.0061054229736328125,-0.10613182848288182,0.02930450439453125,0.0,-0.14793109893798828,-0.0061054229736328125,-0.14396343755142202,-0.08791351318359375,-1.6592687510284403,-0.7739782333374023,0.05494499206542969,-0.7541056520444139,0.3223419189453125,0.0,-0.45702409744262695,0.0061054229736328125,-0.4466117078978472,0.02930450439453125,0.0,-0.9365777969360352,0.05494499206542969,-0.9128961198664577,0.3223419189453125,0.0,-0.2882051467895508,-0.0073261260986328125,-0.2801162320620439,0.10158920288085938,0.0,0.01926422119140625,-0.0073261260986328125,0.019100353700480525,-0.03907203674316406,0.0,2.0997023582458496,0.0061054229736328125,2.040735186447233,-0.9670333862304688,0.014703728944658323,-3.0507566928863525,0.14041519165039062,-2.968807749150572,1.0256423950195312,0.0,0.12108707427978516,-0.0061054229736328125,0.11936363744930788,0.02930450439453125,0.0,-1.0953426361083984,0.10378456115722656,-1.0688674500981885,0.380950927734375,0.0,0.14927339553833008,0.0061054229736328125,0.14507873589109604,0.02930450439453125,0.0,0.09212589263916016,0.0073261260986328125,0.08953374631500972,-0.007816314697265625,0.0,-0.7219429016113281,0.03663063049316406,-0.7035080831918107,0.19536209106445312,0.0,-0.0392611026763916,0.009205818176269531,-0.038810578281443596,0.00476190447807312,0.0,0.0,0.0,1.9113151850443797e-24,0.0,0.0,0.028794948011636734,0.003916881047189236,-0.024577954784035683,-0.025723358616232872,0.003916881047189236,-0.024577954784035683,-0.025723358616232872
0.1606,1788396529.8650,ramp,0,-0.017894,0.0018946043985128822,0.026271742936117018,0.001521602810451927,-0.1998029202222824,-0.03643910959362984,0.9697012305259705,-0.1357591152191162,-0.07660198211669922,-0.05494499206542969,-0.07995342329827557,-0.4981689453125,0.0,0.23632574081420898,0.128204345703125,0.22734555781869067,-1.611724853515625,0.0,3.038485050201416,-0.2625160217285156,2.962322454571359,-4.893775939941406,0.0,0.9074325561523438,-0.05494499206542969,0.8720979318307084,-3.0183181762695312,0.0,-0.5686192512512207,0.10378456115722656,-0.5469663174503372,1.6703262329101562,0.0,0.2004690170288086,-0.0061054229736328125,0.1912289101328174,-0.615386962890625,0.0,-0.029624462127685547,0.0061054229736328125,-0.04266231377295426,-2.139190673828125,0.0,0.1734333038330078,-0.21367454528808594,0.17277964315979388,0.9670333862304688,0.0,-3.4925365447998047,0.4456653594970703,-3.40870734430383,4.835166931152344,0.0,0.9383034706115723,-0.06715583801269531,0.9066851978291959,-2.373626708984375,0.0,-0.5482940673828125,0.0061054229736328125,-0.5249927613083414,1.9633712768554688,0.0,0.061070919036865234,0.22588539123535156,0.06467320509470662,-0.26373291015625,0.0,-3.4865927696228027,0.07936477661132812,-3.376248578773606,3.25274658203125,0.0,0.3491,-0.004606117771814398,0.33788439845973606,-0.5397374826547369,1.4330639075841631,0.03895539645918715,0.011736924942184406,0.049331070246236945,0.7332005930095732,0.0,-0.1138010025024414,-0.0061054229736328125,-0.10569026556231652,0.02930450439453125,0.0,-0.14793109893798828,-0.0061054229736328125,-0.14336448746289732,0.02930450439453125,-1.6472897492579464,-0.7730193138122559,0.09157562255859375,-0.7509682404787958,0.3223419189453125,0.0,-0.45702409744262695,0.0061054229736328125,-0.4447536157343834,0.08791351318359375,0.0,-0.934852123260498,0.10378456115722656,-0.9090997887164991,0.26373291015625,0.0,-0.2882051467895508,-0.0073261260986328125,-0.2789515546679861,0.117218017578125,0.0,0.01926422119140625,-0.0073261260986328125,0.019021833657836596,-0.03907203674316406,0.0,2.0997023582458496,0.0061054229736328125,2.0322448346140223,-1.1428604125976562,0.0,-3.046921968460083,0.20146560668945312,-2.9564562063127333,1.0842514038085938,0.0,0.12051153182983398,-0.03052520751953125,0.11886701940210533,0.08791351318359375,0.0,-1.093808650970459,0.128204345703125,-1.0644204958858658,0.380950927734375,0.0,0.14927339553833008,0.0061054229736328125,0.14447477041099438,0.02930450439453125,0.0,0.09212589263916016,0.0073261260986328125,0.08916051772656117,-0.007816314697265625,0.0,-0.7207984924316406,0.05128288269042969,-0.7005791288252342,0.19536209106445312,0.0,-0.03916501998901367,0.009205818176269531,-0.038649109259355136,0.005250304937362671,0.0,0.0,0.0,2.186514722180153e-24,0.0,0.0,0.028844112530350685,-0.002531124511733651,-0.0318174846470356,-0.07360800355672836,-0.002531124511733651,-0.0318174846470356,-0.07360800355672836
0.1802,1788396529.8846,ramp,0,-0.017889,0.01105560456008386,0.02082447787236072,-0.03710422973260918,-0.19992350041866302,-0.03640078380703926,0.9697126150131226,-0.13551026582717896,-0.0775604248046875,-0.018314361572265625,-0.07994118806108752,-0.4395599365234375,0.0,0.23901033401489258,0.14041519165039062,0.22706903608998893,-1.8461532592773438,0.0,3.032541036605835,-0.3235645294189453,2.9514734782467102,-5.3040313720703125,0.0,0.9064736366271973,-0.05494499206542969,0.8695205574835727,-3.25274658203125,0.0,-0.5670852661132812,0.11599540710449219,-0.545238568745054,1.5531158447265625,0.0,0.2004690170288086,0.0061054229736328125,0.18989234002285252,-0.7912063598632812,0.0,-0.029624462127685547,0.0061054229736328125,-0.04350355694839893,-2.0219802856445312,0.0,0.16959810256958008,-0.23809432983398438,0.1715314195905598,1.377288818359375,0.0,-3.482757568359375,0.5433464050292969,-3.395264490138914,4.717948913574219,0.0,0.9367694854736328,-0.06715583801269531,0.904233638026072,-2.4322357177734375,0.0,-0.5479106903076172,0.0061054229736328125,-0.5232744345263431,2.25640869140625,0.0,0.06126260757446289,-0.1770458221435547,0.06494866513496791,1.1428604125976562,0.0,-3.484675407409668,0.128204345703125,-3.3625888825782897,3.5457839965820312,0.0,0.3491,-0.009232136397938103,0.33651737878555854,-0.53974805603666,1.3510427271335124,0.03921875581543685,0.017603543906489785,0.04913148558390218,0.7332226373148576,0.0,-0.1138010025024414,-0.018314361572265625,-0.10526265394328228,0.14652252197265625,0.0,-0.14793109893798828,-0.0061054229736328125,-0.1427844613666236,0.02930450439453125,-1.635689227332472,-0.7707185745239258,0.15262603759765625,-0.7479299562917243,0.20513153076171875,0.0,-0.45702409744262695,0.0061054229736328125,-0.44295423050222577,0.14652252197265625,0.0,-0.9327430725097656,0.128204345703125,-0.9054234036899993,0.26373291015625,0.0,-0.2882051467895508,-0.0073261260986328125,-0.27782367557549337,0.14847564697265625,0.0,0.01926422119140625,-0.0073261260986328125,0.01894579447746651,-0.03907203674316406,0.0,2.0997023582458496,0.0061054229736328125,2.0240227377746374,-1.3186798095703125,0.0,-3.0423200130462646,0.21367454528808594,-2.9444949138570684,1.2014617919921875,0.0,0.11993646621704102,-0.018314361572265625,0.11838609213825349,0.08791351318359375,0.0,-1.0918912887573242,0.14041519165039062,-1.0601140444110275,0.3223419189453125,0.0,0.14927339553833008,0.0061054229736328125,0.1438898873858155,-0.02930450439453125,0.0,0.09212589263916016,0.0073261260986328125,0.0887990813976864,-0.007816314697265625,0.0,-0.7192726135253906,0.05128288269042969,-0.6977427155748513,0.22661972045898438,0.0,-0.038973331451416016,0.015343666076660156,-0.03849274189528678,0.004029303789138794,0.0,0.0,0.0,2.4530192544933407e-24,0.0,0.0,0.029126813635230064,0.0068793403916060925,-0.03590184822678566,-0.16003668308258057,0.0068793403916060925,-0.03590184822678566,-0.16003668308258057
0.2006,1788396529.9050,ramp,0,-0.017867,0.026735809159036332,0.004737343299141436,-0.05898582651313623,-0.20003116130828857,-0.0362904891371727,0.9697702527046204,-0.13496752083301544,-0.07832765579223633,-0.03052520751953125,-0.07992847025090226,-0.26373291015625,0.0,0.24226951599121094,0.16483497619628906,0.22678160799981995,-2.4908447265625,0.0,3.025254726409912,-0.3601951599121094,2.940196604780301,-5.479850769042969,0.0,0.9057068824768066,-0.04273414611816406,0.8668415282813262,-3.3113555908203125,0.0,-0.5653595924377441,0.11599540710449219,-0.5434426754784274,1.611724853515625,0.0,0.2004690170288086,0.0061054229736328125,0.1885030539226687,-0.9670333862304688,0.0,-0.029624462127685547,0.0061054229736328125,-0.04437797980269308,-2.3150177001953125,0.0,0.16480445861816406,-0.20146560668945312,0.17023396452873424,1.4945068359375,0.0,-3.4702939987182617,0.5433464050292969,-3.3812914330587986,4.893775939941406,0.0,0.935427188873291,-0.06715583801269531,0.9016853856501912,-2.6080551147460938,0.0,-0.5479106903076172,-0.0061054229736328125,-0.5214883347953934,2.25640869140625,0.0,0.06183767318725586,-0.25030517578125,0.0652349896623817,1.26007080078125,0.0,-3.481607437133789,0.16483497619628906,-3.3483904309479557,3.9560470581054688,0.0,0.3491,-0.013857002570436414,0.3350964421524159,-0.6167243116620139,1.2657865291449544,0.039500998908403126,0.023469008912493147,0.04892402905384491,0.6725562769154261,0.0,-0.1138010025024414,-0.018314361572265625,-0.10481817678928028,0.14652252197265625,0.0,-0.14793109893798828,-0.0061054229736328125,-0.14218155831852372,0.02930450439453125,-1.6236311663704743,-0.7676506042480469,0.16483497619628906,-0.744771838391259,0.14652252197265625,0.0,-0.45702409744262695,0.0061054229736328125,-0.4410838752748607,0.20513153076171875,0.0,-0.9308257102966309,0.10378456115722656,-0.9016020174580609,0.380950927734375,0.0,-0.2878236770629883,0.0073261260986328125,-0.27665131152649536,0.16410446166992188,0.0,0.01926422119140625,-0.0073261260986328125,0.01886675621709399,-0.03907203674316406,0.0,2.0997023582458496,0.0061054229736328125,2.015476351192924,-1.4945068359375,0.0,-3.037142753601074,0.27472496032714844,-2.9320618531257274,1.2014617919921875,0.0,0.1195530891418457,-0.018314361572265625,0.1178861965039823,0.08791351318359375,0.0,-1.0892066955566406,0.16483497619628906,-1.0556377411250994,0.380950927734375,0.0,0.14927339553833008,0.0061054229736328125,0.14328193584548377,-0.02930450439453125,0.0,0.09212589263916016,0.0073261260986328125,0.08842338956972805,-0.02344512939453125,0.0,-0.7177457809448242,0.08058547973632812,-0.6947944306523061,0.21099090576171875,0.0,-0.03878164291381836,0.015343666076660156,-0.038330207207579105,0.0030525028705596924,0.0,0.0,0.0,2.7300350575688878e-24,0.0,0.0,0.029516585171222687,0.009075111709535122,-0.025400806218385696,-0.22116121649742126,0.009075111709535122,-0.025400806218385696,-0.22116121649742126
0.2206,1788396529.9251,ramp,0,-0.017992,0.03717063815110383,0.009147443397258282,-0.0925549429252606,-0.20008616149425507,-0.03617925941944122,0.9698799252510071,-0.13412508368492126,-0.07909440994262695,-0.0061054229736328125,-0.0799159522844344,-0.26373291015625,0.0,0.24533748626708984,0.16483497619628906,0.22649869646534682,-2.6666641235351562,0.0,3.018160104751587,-0.3846149444580078,2.9290969325994602,-5.538459777832031,0.0,0.904940128326416,-0.04273414611816406,0.864204596511504,-3.7216110229492188,0.0,-0.5634422302246094,0.14041519165039062,-0.5416750023205513,1.4945068359375,0.0,0.2004690170288086,0.0061054229736328125,0.18713559863256773,-1.0842514038085938,0.0,-0.029624462127685547,0.0061054229736328125,-0.045238662247965876,-2.5494537353515625,0.0,0.16135311126708984,-0.20146560668945312,0.1689568972725896,1.8461532592773438,0.0,-3.4591732025146484,0.5921859741210938,-3.367537944255766,4.9523773193359375,0.0,0.9337015151977539,-0.06715583801269531,0.8991771757203219,-2.7838821411132812,0.0,-0.5477190017700195,-0.0061054229736328125,-0.5197303012806177,2.5494537353515625,0.0,0.06260490417480469,0.28693580627441406,0.06551681497514185,-0.4981689453125,0.0,-3.4777724742889404,0.20146560668945312,-3.3344150893746307,3.8388290405273438,0.0,0.3491,-0.013855789989709337,0.33369783367599615,-0.6937101770270432,1.181870020559769,0.039957495748329554,0.023468321155840004,0.048719832431237606,0.611907610192456,0.0,-0.11399269104003906,-0.03052520751953125,-0.10438068401116304,0.20513153076171875,0.0,-0.14793109893798828,-0.0061054229736328125,-0.14158812910158053,0.02930450439453125,-1.6117625820316106,-0.7641992568969727,0.1770458221435547,-0.7416633461741541,0.08791351318359375,0.0,-0.45702409744262695,0.018314361572265625,-0.43924291022835965,0.20513153076171875,0.0,-0.9281411170959473,0.16483497619628906,-0.8978406793019448,0.26373291015625,0.0,-0.2878236770629883,0.0073261260986328125,-0.2754973696418725,0.16410446166992188,0.0,0.01926422119140625,-0.0073261260986328125,0.01878895993938526,-0.05470085144042969,0.0,2.0997023582458496,0.0061054229736328125,2.007064259874322,-1.611724853515625,0.0,-3.0304317474365234,0.3235645294189453,-2.9198241616473712,1.2014617919921875,0.0,0.11916971206665039,-0.018314361572265625,0.11739415607437458,0.14652252197265625,0.0,-1.0865225791931152,0.1770458221435547,-1.0512317770780768,0.380950927734375,0.0,0.14927339553833008,0.0061054229736328125,0.14268353746674692,-0.08791351318359375,0.0,0.09212589263916016,0.0073261260986328125,0.08805360124641483,-0.02344512939453125,0.0,-0.7158384323120117,0.09523773193359375,-0.6918924741629077,0.21099090576171875,0.0,-0.0385899543762207,0.0030689239501953125,-0.03817022653944937,0.0037851035594940186,0.0,0.0,0.0,3.002697920392538e-24,0.0,0.0,0.030281808227300644,0.008783900178968906,-0.031345538794994354,-0.29271185398101807,0.008783900178968906,-0.031345538794994354,-0.29271185398101807
0.2406,1788396529.9449,ramp,0,-0.017861,0.04761041687772859,0.011898911164014264,-0.07450888900331452,-0.20016466081142426,-0.03593956306576729,0.9699954986572266,-0.13323329389095306,-0.08005380630493164,0.0061054229736328125,-0.07990348093000325,-0.20513153076171875,0.0,0.24878883361816406,0.16483497619628906,0.2262168383833537,-3.1941375732421875,0.0,3.0095314979553223,-0.4212455749511719,2.918038591279193,-5.772895812988281,0.0,0.9039812088012695,-0.05494499206542969,0.8615774836496233,-3.8388290405273438,0.0,-0.561333179473877,0.128204345703125,-0.5399139112897541,1.4945068359375,0.0,0.2004690170288086,0.0061054229736328125,0.18577323521392172,-1.2014617919921875,0.0,-0.029624462127685547,-0.0061054229736328125,-0.04609613984668424,-2.6666641235351562,0.0,0.15771007537841797,-0.1892547607421875,0.16768458531802935,1.8461532592773438,0.0,-3.446518898010254,0.5799751281738281,-3.35383566809387,5.1868133544921875,0.0,0.9323596954345703,-0.04273414611816406,0.8966783053883445,-3.0769195556640625,0.0,-0.5477190017700195,-0.0061054229736328125,-0.5179788139986407,2.6080551147460938,0.0,0.06413888931274414,-0.128204345703125,0.06579759088008905,0.5567779541015625,0.0,-3.473745822906494,0.22588539123535156,-3.32049178653584,4.1904754638671875,0.0,0.3491,-0.018479839085164887,0.3323044330733762,-0.693625131129037,1.0982659844025722,0.04047562384369608,0.029333836396859606,0.04851639615740468,0.4900447166169315,0.0,-0.11456775665283203,-0.04273414611816406,-0.10394482028593315,0.20513153076171875,0.0,-0.14812326431274414,-0.0061054229736328125,-0.1409969095841516,-0.02930450439453125,-1.599938191683032,-0.7613229751586914,0.16483497619628906,-0.7385664287726227,0.14652252197265625,0.0,-0.45798301696777344,-0.0061054229736328125,-0.4374088002194146,0.26373291015625,0.0,-0.925264835357666,0.1892547607421875,-0.894093346905672,0.3223419189453125,0.0,-0.2874422073364258,0.0073261260986328125,-0.2743477245878557,0.16410446166992188,0.0,0.01926422119140625,-0.0073261260986328125,0.018711453344745978,-0.03907203674316406,0.0,2.0997023582458496,0.0061054229736328125,1.9986834919108387,-1.7289352416992188,0.0,-3.0231454372406006,0.40903472900390625,-2.907632038570676,1.1428604125976562,0.0,0.11878585815429688,-0.018314361572265625,0.1169039478118851,0.08791351318359375,0.0,-1.0838379859924316,0.1770458221435547,-1.0468422191269056,0.380950927734375,0.0,0.14927339553833008,0.0061054229736328125,0.14208736729074944,-0.08791351318359375,0.0,0.09212589263916016,0.0073261260986328125,0.0876851898709415,-0.039073944091796875,0.0,-0.7139310836791992,0.09523773193359375,-0.6890013234303912,0.21099090576171875,0.0,-0.038494110107421875,0.009205818176269531,-0.03801084157708295,0.002319902181625366,0.0,0.0,0.0,3.274345492801883e-24,0.0,0.0,0.030890749767422676,-0.003203769912943244,-0.034209076315164566,-0.3016417324542999,-0.003203769912943244,-0.034209076315164566,-0.3016417324542999
0.2607,1788396529.9651,ramp,0,-0.017478,0.064107830142226,0.010511997205544443,-0.11901946543478574,-0.20028150081634521,-0.0355466790497303,0.970133364200592,-0.13215507566928864,-0.08101224899291992,0.0061054229736328125,-0.07989089673557391,-0.02930450439453125,0.0,0.2520484924316406,0.14041519165039062,0.22593243006789338,-3.4871826171875,0.0,3.0009031295776367,-0.4334545135498047,2.9068801948108622,-6.0659332275390625,0.0,0.903022289276123,-0.04273414611816406,0.8589266008426155,-4.3076934814453125,0.0,-0.5590319633483887,0.14041519165039062,-0.5381368860226426,1.377288818359375,0.0,0.2004690170288086,0.0061054229736328125,0.18439854522028384,-1.3186798095703125,0.0,-0.029624462127685547,-0.0061054229736328125,-0.04696137584656029,-2.5494537353515625,0.0,0.15368366241455078,-0.23809432983398438,0.16640076156822686,2.373626708984375,0.0,-3.434629440307617,0.6410255432128906,-3.340009414634612,5.0695953369140625,0.0,0.9315924644470215,-0.05494499206542969,0.8941568254412523,-3.135528564453125,0.0,-0.5475273132324219,-0.018314361572265625,-0.5162114793744398,2.8424911499023438,0.0,0.06567239761352539,-0.09157562255859375,0.0660809072270364,0.4981689453125,0.0,-3.468377113342285,0.2991447448730469,-3.3064425065647898,4.24908447265625,0.0,0.3491,-0.009228231428125731,0.3308984250733564,-0.8477091532055578,1.0139055044013823,0.04123349116923334,0.017601288979337718,0.048311119205489,0.4906548133368541,0.0,-0.11533451080322266,-0.06715583801269531,-0.10350501289426173,0.380950927734375,0.0,-0.1483149528503418,-0.0061054229736328125,-0.14040034075124738,0.08791351318359375,-1.5880068150249476,-0.7586383819580078,0.14041519165039062,-0.7354414906652568,0.20513153076171875,0.0,-0.4581747055053711,-0.0061054229736328125,-0.43555809530322287,0.3223419189453125,0.0,-0.9218134880065918,0.1892547607421875,-0.8903121088912872,0.26373291015625,0.0,-0.2870607376098633,0.0073261260986328125,-0.2731876776206795,0.1797332763671875,0.0,0.01926422119140625,-0.0073261260986328125,0.01863324547551424,-0.05470085144042969,0.0,2.0997023582458496,0.0061054229736328125,1.9902268953076714,-1.9047622680664062,0.0,-3.014517068862915,0.40903472900390625,-2.8953296019628345,1.2014617919921875,0.0,0.11840248107910156,-0.0061054229736328125,0.11640930417713993,0.02930450439453125,0.0,-1.080578327178955,0.20146560668945312,-1.0424129447428607,0.380950927734375,0.0,0.14927339553833008,0.0061054229736328125,0.14148580300604224,-0.02930450439453125,0.0,0.09212589263916016,0.0073261260986328125,0.08731344513346984,-0.0547027587890625,0.0,-0.7116422653198242,0.09523773193359375,-0.6860840137553861,0.2578773498535156,0.0,-0.03830218315124512,0.009205818176269531,-0.037850014510015025,0.0025641024112701416,0.0,0.0,0.0,3.548450914656411e-24,0.0,0.0,0.03157982602715492,-0.01091394666582346,-0.022315047681331635,-0.42639049887657166,-0.01091394666582346,-0.022315047681331635,-0.42639049887657166
0.2806,1788396529.9850,ramp,0,-0.017005,0.07871306329103288,0.001606946980490284,-0.1406469633578056,-0.2003549188375473,-0.03505853936076164,0.9703119397163391,-0.13085724413394928,-0.0815877914428711,-0.018314361572265625,-0.07987844149819648,0.14652252197265625,0.0,0.2549247741699219,0.14041519165039062,0.2256509362383858,-3.7802200317382812,0.0,2.9918909072875977,-0.4334545135498047,2.895836144470947,-6.0659332275390625,0.0,0.9022555351257324,-0.03052520751953125,0.8563028830665984,-4.3076934814453125,0.0,-0.5567312240600586,0.15262603759765625,-0.5363780708953098,1.26007080078125,0.0,0.2004690170288086,-0.018314361572265625,0.18303794241910157,-1.377288818359375,0.0,-0.03000783920288086,0.0061054229736328125,-0.04781774530481156,-2.8424911499023438,0.0,0.14946508407592773,-0.22588539123535156,0.16513009385529545,2.7252731323242188,0.0,-3.422165870666504,0.6410255432128906,-3.326324846278411,5.3040313720703125,0.0,0.9304423332214355,-0.05494499206542969,0.8916611844640021,-3.0769195556640625,0.0,-0.5475273132324219,-0.018314361572265625,-0.5144622555847542,3.1941375732421875,0.0,0.06720638275146484,0.15262603759765625,0.06636132027802341,-0.4981689453125,0.0,-3.4622411727905273,0.34798622131347656,-3.2925371971701827,4.4249114990234375,0.0,0.3491,-0.02772315689412554,0.3295068251983554,-0.693575841177049,0.9304095119013231,0.04187769094681154,0.04106164486131977,0.048107945837611694,0.3682442623652823,0.0,-0.11667680740356445,-0.06715583801269531,-0.10306971244699124,0.3223419189453125,0.0,-0.14850664138793945,-0.0061054229736328125,-0.13980988528208413,-0.02930450439453125,-1.5761977056416825,-0.7559542655944824,0.15262603759765625,-0.7323485754901404,0.20513153076171875,0.0,-0.4581747055053711,-0.0061054229736328125,-0.4337263555620551,0.380950927734375,0.0,-0.9181699752807617,0.16483497619628906,-0.8865696192695406,0.26373291015625,0.0,-0.2862977981567383,0.021978378295898438,-0.27203951828268497,0.1797332763671875,0.0,0.01926422119140625,-0.0073261260986328125,0.018555839044650795,-0.05470085144042969,0.0,2.0997023582458496,0.0061054229736328125,1.9818569580272747,-2.0219802856445312,0.0,-3.005504846572876,0.47008514404296875,-2.883153235081964,1.1428604125976562,0.0,0.1182107925415039,0.0061054229736328125,0.11591972942346021,0.08791351318359375,0.0,-1.0771269798278809,0.1770458221435547,-1.0380290595309027,0.4395599365234375,0.0,0.14927339553833008,0.0061054229736328125,0.14089040327617453,-0.08791351318359375,0.0,0.09212589263916016,0.0073261260986328125,0.08694550986554066,-0.0547027587890625,0.0,-0.7093534469604492,0.10988998413085938,-0.6831965993316992,0.21099090576171875,0.0,-0.03811049461364746,0.015343666076660156,-0.03769083552495566,0.00158730149269104,0.0,0.0,0.0,3.819747429885695e-24,0.0,0.0,0.032189756631851196,0.0009179243934340775,-0.037413161247968674,-0.4928491413593292,0.0009179243934340775,-0.037413161247968674,-0.4928491413593292
0.3019,1788396530.0068,ramp,0,-0.016522,0.09117232123345394,-0.00040824364219269803,-0.1521472086693107,-0.20036736130714417,-0.03447924554347992,0.9705537557601929,-0.12918786704540253,-0.0819711685180664,-0.03052520751953125,-0.07986516420859059,0.26373291015625,0.0,0.2579927444458008,0.15262603759765625,0.22535086366783708,-4.0732574462890625,0.0,2.9824955463409424,-0.4456653594970703,2.884063180990485,-6.124542236328125,0.0,0.9012966156005859,-0.05494499206542969,0.8535059985351642,-4.366302490234375,0.0,-0.5542387962341309,0.16483497619628906,-0.534503173043012,1.1428604125976562,0.0,0.20027732849121094,-0.03052520751953125,0.18158753911626246,-1.4945068359375,0.0,-0.03020000457763672,-0.0061054229736328125,-0.04873063559845116,-2.9597091674804688,0.0,0.14505529403686523,-0.22588539123535156,0.16377556140391045,3.0183181762695312,0.0,-3.409128189086914,0.6532363891601562,-3.3117370892015376,5.0695953369140625,0.0,0.9291000366210938,-0.06715583801269531,0.8890008298675255,-3.3113555908203125,0.0,-0.5475273132324219,-0.018314361572265625,-0.5125975821034412,3.25274658203125,0.0,0.06854867935180664,0.05494499206542969,0.0666602407380999,-0.380950927734375,0.0,-3.455146551132202,0.3601951599121094,-3.2777141300300796,4.659339904785156,0.0,0.3491,-0.01384653911089429,0.328023378998496,-1.0016537461604167,0.8414027399097588,0.04340748131754741,0.02346293909058946,0.047891362920420774,0.24758985810481915,0.0,-0.11801910400390625,-0.07936477661132812,-0.10260568194088042,0.380950927734375,0.0,-0.1486983299255371,-0.0061054229736328125,-0.13918045944089844,0.02930450439453125,-1.5636091888179688,-0.75250244140625,0.128204345703125,-0.7290515262840886,0.26373291015625,0.0,-0.45836639404296875,-0.0061054229736328125,-0.4317737200329919,0.4395599365234375,0.0,-0.9139518737792969,0.1892547607421875,-0.8825801233611789,0.26373291015625,0.0,-0.2859163284301758,0.021978378295898438,-0.27081557982352134,0.1797332763671875,0.0,0.01926422119140625,-0.0073261260986328125,0.018473323748571906,-0.03907203674316406,0.0,2.0997023582458496,0.0061054229736328125,1.9729346004770074,-2.25640869140625,0.0,-2.9949591159820557,0.4945049285888672,-2.870173221572328,1.1428604125976562,0.0,0.11801910400390625,-0.03052520751953125,0.11539784247812489,0.08791351318359375,0.0,-1.0725245475769043,0.23809432983398438,-1.0333558355854817,0.3223419189453125,0.0,0.14927339553833008,0.0061054229736328125,0.1402557068504732,-0.08791351318359375,0.0,0.09212589263916016,0.0073261260986328125,0.08655329067609628,-0.0547027587890625,0.0,-0.7066831588745117,0.10988998413085938,-0.6801186140349309,0.21099090576171875,0.0,-0.0379185676574707,0.015343666076660156,-0.03752115064302534,0.00158730149269104,0.0,0.0,0.0,4.10894965804175e-24,0.0,0.0,0.03368189558386803,-0.01724049635231495,-0.015477904118597507,-0.5262070894241333,-0.01724049635231495,-0.015477904118597507,-0.5262070894241333
0.3207,1788396530.0252,ramp,0,-0.016163,0.07892548367748034,-0.0026420927290688643,-0.1550123039490452,-0.2003309279680252,-0.03394852951169014,0.970802903175354,-0.1275016814470291,-0.08216285705566406,-0.03052520751953125,-0.07985338174994083,0.4395599365234375,0.0,0.2610602378845215,0.1770458221435547,0.225084574932759,-4.776557922363281,0.0,2.9738669395446777,-0.4334545135498047,2.873615683081564,-6.710624694824219,0.0,0.900146484375,-0.06715583801269531,0.8510240027876919,-4.483512878417969,0.0,-0.5517458915710449,0.15262603759765625,-0.5328393615970808,1.0842514038085938,0.0,0.19989395141601562,-0.03052520751953125,0.18030043026736042,-1.611724853515625,0.0,-0.030391693115234375,-0.0061054229736328125,-0.04954074763606191,-3.0769195556640625,0.0,0.14045333862304688,-0.22588539123535156,0.16257352973389844,3.369964599609375,0.0,-3.396472930908203,0.6532363891601562,-3.298791702782102,5.1868133544921875,0.0,0.9273743629455566,-0.09157562255859375,0.8866399927571579,-3.0769195556640625,0.0,-0.5477190017700195,-0.0061054229736328125,-0.5109428439120616,3.4285736083984375,0.0,0.06950759887695312,0.128204345703125,0.06692550707369715,-0.4981689453125,0.0,-3.4484357833862305,0.40903472900390625,-3.264559926060363,4.717948913574219,0.0,0.3491,-0.02766640468243899,0.3267069474053165,-1.0785795113242798,0.762416844318988,0.0444687025600387,0.05279155604427818,0.04769916411013693,0.06508019126706405,0.0,-0.11936140060424805,-0.06715583801269531,-0.10219389456463367,0.4395599365234375,0.0,-0.14889001846313477,-0.0061054229736328125,-0.13862189785438528,0.14652252197265625,-1.5524379570877056,-0.7486677169799805,0.14041519165039062,-0.7261256771771071,0.14652252197265625,0.0,-0.45836639404296875,-0.0061054229736328125,-0.4300409230494094,0.4981689453125,0.0,-0.910308837890625,0.23809432983398438,-0.8790397870448868,0.20513153076171875,0.0,-0.2851533889770508,0.021978378295898438,-0.2697294391492568,0.1797332763671875,0.0,0.01926422119140625,-0.0073261260986328125,0.018400098482506237,-0.05470085144042969,0.0,2.0997023582458496,0.0061054229736328125,1.9650167714610798,-2.4322357177734375,0.0,-2.985755205154419,0.5189247131347656,-2.8586545700259487,1.1428604125976562,0.0,0.11763572692871094,-0.0061054229736328125,0.11493471246169933,0.02930450439453125,0.0,-1.06907320022583,0.20146560668945312,-1.0292087491294055,0.4395599365234375,0.0,0.14927339553833008,0.0061054229736328125,0.1396924680711022,-0.08791351318359375,0.0,0.09212589263916016,0.0073261260986328125,0.08620522969991479,-0.07033157348632812,0.0,-0.7043943405151367,0.13919448852539062,-0.6773871654064659,0.19536209106445312,0.0,-0.037822723388671875,0.009205818176269531,-0.03737056982689654,0.0018315017223358154,0.0,0.0,0.0,4.365591894206838e-24,0.0,0.0,0.03487226739525795,0.017482735216617584,-0.03902112692594528,-0.5636023879051208,0.017482735216617584,-0.03902112692594528,-0.5636023879051208
0.3405,1788396530.0448,ramp,0,-0.016012,0.07690072391258512,-0.01118171460037482,-0.15101982600085292,-0.20021064579486847,-0.03350125625729561,0.9710661172866821,-0.12579280138015747,-0.08254623413085938,-0.018314361572265625,-0.07984102495463521,0.380950927734375,0.0,0.26470422744750977,0.1892547607421875,0.22480530593726683,-5.0695953369140625,0.0,2.9644715785980225,-0.45787620544433594,2.8626589212584412,-6.593406677246094,0.0,0.8989958763122559,-0.05494499206542969,0.8484210220081662,-4.717948913574219,0.0,-0.5488700866699219,0.15262603759765625,-0.5310944475621054,1.0256423950195312,0.0,0.19970226287841797,-0.03052520751953125,0.17895058122017266,-1.7289352416992188,0.0,-0.03058338165283203,-0.0061054229736328125,-0.05039034863369085,-3.369964599609375,0.0,0.13604259490966797,-0.23809432983398438,0.1613129049578048,3.4285736083984375,0.0,-3.3842010498046875,0.628814697265625,-3.2852152927227203,5.421241760253906,0.0,0.9252653121948242,-0.10378456115722656,0.8841640764997925,-3.135528564453125,0.0,-0.5477190017700195,0.0061054229736328125,-0.5092074454079767,3.5457839965820312,0.0,0.0704660415649414,-0.15262603759765625,0.06720370383278433,0.26373291015625,0.0,-3.440190553665161,0.3846149444580078,-3.250764519626647,4.9523773193359375,0.0,0.3491,-0.013706080733924568,0.32532634627491713,-1.2327082573602874,0.6795807764950279,0.04519494489048871,0.058670454766113184,0.04749759655728108,0.06574432775346928,0.0,-0.12108707427978516,-0.10378456115722656,-0.10176203458795428,0.4981689453125,0.0,-0.14908170700073242,-0.0061054229736328125,-0.1380361091497286,0.14652252197265625,-1.540722182994572,-0.7452163696289062,0.20146560668945312,-0.7230572073793559,0.08791351318359375,0.0,-0.45836639404296875,-0.0061054229736328125,-0.4282236607725988,0.4395599365234375,0.0,-0.9064736366271973,0.21367454528808594,-0.8753268768218334,0.14652252197265625,0.0,-0.2843904495239258,0.03663063049316406,-0.26859035448247165,0.1797332763671875,0.0,0.01926422119140625,-0.0073261260986328125,0.0183233038464402,-0.05470085144042969,0.0,2.0997023582458496,0.0061054229736328125,1.9567129873933506,-2.6080551147460938,0.0,-2.975592613220215,0.5189247131347656,-2.846574441116858,1.26007080078125,0.0,0.11744403839111328,-0.0061054229736328125,0.11444900714475632,0.02930450439453125,0.0,-1.0656218528747559,0.1892547607421875,-1.0248595126944953,0.4981689453125,0.0,0.14927339553833008,0.0061054229736328125,0.13910177418354042,-0.14652252197265625,0.0,0.09212589263916016,0.0073261260986328125,0.08584020247050629,-0.07033157348632812,0.0,-0.7021055221557617,0.09523773193359375,-0.6745225721502539,0.22661972045898438,0.0,-0.03763079643249512,0.0030689239501953125,-0.03721264893982502,0.0037851035594940186,0.0,0.0,0.0,4.634744171616087e-24,0.0,0.0,0.0361105240881443,0.030359817668795586,-0.019136866554617882,-0.5330908894538879,0.030359817668795586,-0.019136866554617882,-0.5330908894538879
0.3605,1788396530.0649,ramp,0,-0.015770,0.0803912292848111,-0.02207551235858765,-0.16514463321138792,-0.20004087686538696,-0.03299456462264061,0.9713448882102966,-0.12403296679258347,-0.08254623413085938,-0.018314361572265625,-0.07982853642330297,0.4395599365234375,0.0,0.268155574798584,0.15262603759765625,0.22452305964977257,-5.1868133544921875,0.0,2.9562265872955322,-0.45787620544433594,2.851585349191893,-7.0622711181640625,0.0,0.8978452682495117,-0.07936477661132812,0.8457902908016989,-4.776557922363281,0.0,-0.5461854934692383,0.128204345703125,-0.5293309309658557,0.9670333862304688,0.0,0.19931840896606445,-0.03052520751953125,0.17758634140695972,-1.7875442504882812,0.0,-0.030966758728027344,-0.0061054229736328125,-0.051249007243500254,-3.135528564453125,0.0,0.1314411163330078,-0.2625160217285156,0.1600388406373147,4.1904754638671875,0.0,-3.371929168701172,0.6532363891601562,-3.271494144300903,5.538459777832031,0.0,0.9231553077697754,-0.10378456115722656,0.8816617644527411,-3.1941375732421875,0.0,-0.5477190017700195,-0.0061054229736328125,-0.5074535457878712,3.7216110229492188,0.0,0.07142496109008789,0.11599540710449219,0.06748486645274115,-0.8498153686523438,0.0,-3.4321374893188477,0.40903472900390625,-3.236822040106039,5.0695953369140625,0.0,0.3491,-0.02308167620513591,0.3239310265299565,-1.2327750224392573,0.5958615917973886,0.04611992347447705,0.03518633551147961,0.04729388008896136,0.06584202998760164,0.0,-0.12262105941772461,-0.09157562255859375,-0.10132557054395869,0.4981689453125,0.0,-0.14908170700073242,-0.0061054229736328125,-0.13744407534069789,0.14652252197265625,-1.5288815068139576,-0.7411899566650391,0.21367454528808594,-0.7199560245675038,-0.02930450439453125,0.0,-0.45836639404296875,-0.0061054229736328125,-0.42638702462855005,0.5567779541015625,0.0,-0.9026389122009277,0.16483497619628906,-0.8715743831932107,0.26373291015625,0.0,-0.2832460403442383,0.03663063049316406,-0.26743912601267633,0.1797332763671875,0.0,0.01926422119140625,-0.0073261260986328125,0.018245690501317826,-0.05470085144042969,0.0,2.0997023582458496,0.0061054229736328125,1.9483206765278358,-2.7252731323242188,0.0,-2.9644715785980225,0.5433464050292969,-2.834365525726756,1.1428604125976562,0.0,0.11706018447875977,-0.018314361572265625,0.113958123714314,0.08791351318359375,0.0,-1.0617871284484863,0.21367454528808594,-1.0204639089683294,0.4395599365234375,0.0,0.14927339553833008,-0.0061054229736328125,0.13850478289735763,-0.14652252197265625,0.0,0.09212589263916016,0.0073261260986328125,0.08547128367895451,-0.08596038818359375,0.0,-0.6994352340698242,0.124542236328125,-0.6716274394115765,0.24224853515625,0.0,-0.03753495216369629,0.015343666076660156,-0.037053044455212666,0.002319902181625366,0.0,0.0,0.0,4.906765886506067e-24,0.0,0.0,0.03745834901928902,0.011222606524825096,-0.012377134524285793,-0.5804718136787415,0.011222606524825096,-0.012377134524285793,-0.5804718136787415
0.3804,1788396530.0847,ramp,0,-0.015292,0.08515624865334336,-0.028150958866844798,-0.17899932930836165,-0.19982585310935974,-0.032379474490880966,0.9716280698776245,-0.1223118007183075,-0.08273792266845703,-0.0061054229736328125,-0.0798161142199178,0.4395599365234375,0.0,0.2716069221496582,0.15262603759765625,0.2242423124029841,-5.655677795410156,0.0,2.9472146034240723,-0.47008514404296875,2.840570590070004,-7.003662109375,0.0,0.8963112831115723,-0.06715583801269531,0.8431735316945621,-4.893775939941406,0.0,-0.5433087348937988,0.11599540710449219,-0.5275767805978978,0.8498153686523438,0.0,0.1991267204284668,-0.03052520751953125,0.1762293472196527,-1.9047622680664062,0.0,-0.030966758728027344,-0.0061054229736328125,-0.05210310542411878,-3.4285736083984375,0.0,0.12683916091918945,-0.25030517578125,0.1587715430108888,4.366302490234375,0.0,-3.3590822219848633,0.6654453277587891,-3.257845870389491,5.479850769042969,0.0,0.9212379455566406,-0.09157562255859375,0.8791727424569087,-3.6630020141601562,0.0,-0.5477190017700195,-0.0061054229736328125,-0.5057089613192517,3.8974380493164062,0.0,0.07219171524047852,0.34798622131347656,0.06776453578746819,-1.611724853515625,0.0,-3.423508882522583,0.4456653594970703,-3.222953610609354,5.128204345703125,0.0,0.3491,-0.013790014834399334,0.3225431174797967,-1.30983415878659,0.5125870487878017,0.04707400761495304,0.03519230783087131,0.047091245580943644,0.005274166148278914,0.0,-0.12453842163085938,-0.11599540710449219,-0.10089142460793318,0.5567779541015625,0.0,-0.14927339553833008,-0.0061054229736328125,-0.13685518588756582,0.14652252197265625,-1.5171037177513162,-0.7377386093139648,0.21367454528808594,-0.7168713124745846,0.02930450439453125,0.0,-0.45836639404296875,-0.0061054229736328125,-0.42456014305865747,0.615386962890625,0.0,-0.8988041877746582,0.21367454528808594,-0.8678418194660492,0.20513153076171875,0.0,-0.2821016311645508,0.05128288269042969,-0.2662940118423931,0.13284683227539062,0.0,0.01926422119140625,-0.0073261260986328125,0.01816848936910598,-0.05470085144042969,0.0,2.0997023582458496,-0.0061054229736328125,1.9399729381373565,-2.8424911499023438,0.0,-2.9541172981262207,0.5433464050292969,-2.822221453213086,1.2014617919921875,0.0,0.11667680740356445,-0.0061054229736328125,0.11346984741911721,0.02930450439453125,0.0,-1.0585274696350098,0.21367454528808594,-1.016091650771242,0.4395599365234375,0.0,0.14927339553833008,0.0061054229736328125,0.13791096229677335,-0.14652252197265625,0.0,0.09212589263916016,0.0073261260986328125,0.08510432425519668,-0.08596038818359375,0.0,-0.6967649459838867,0.124542236328125,-0.668747683037501,0.19536209106445312,0.0,-0.03734326362609863,0.009205818176269531,-0.036894287647363015,0.0032967031002044678,0.0,0.0,0.0,5.1773428645064774e-24,0.0,0.0,0.03869376331567764,0.01572665199637413,0.0015944959595799446,-0.6320163607597351,0.01572665199637413,0.0015944959595799446,-0.6320163607597351
0.4004,1788396530.1048,ramp,0,-0.015025,0.06759831470850595,-0.02509383718894798,-0.17412239891739723,-0.19961434602737427,-0.03183673322200775,0.9719220399856567,-0.12044983357191086,-0.08273792266845703,-0.0061054229736328125,-0.07980357103770666,0.380950927734375,0.0,0.27582502365112305,0.20146560668945312,0.22395883098164926,-6.3003692626953125,0.0,2.937243700027466,-0.4822959899902344,2.829448559107089,-7.120880126953125,0.0,0.8955445289611816,-0.03052520751953125,0.8405312881838322,-5.128204345703125,0.0,-0.5404329299926758,0.09157562255859375,-0.5258055467025269,0.8498153686523438,0.0,0.19855165481567383,-0.018314361572265625,0.17485913737659473,-2.0219802856445312,0.0,-0.031158447265625,-0.0061054229736328125,-0.052965521597281504,-3.6043930053710938,0.0,0.12185382843017578,-0.23809432983398438,0.15749190327620524,4.776557922363281,0.0,-3.3452768325805664,0.5677661895751953,-3.244064677051235,5.890106201171875,0.0,0.9191288948059082,-0.09157562255859375,0.8766594800787955,-3.3113555908203125,0.0,-0.5477190017700195,-0.0061054229736328125,-0.503947386484733,4.0732574462890625,0.0,0.07276725769042969,0.25030517578125,0.06804692879904399,-1.2014617919921875,0.0,-3.4148800373077393,0.4212455749511719,-3.208950117608531,5.362640380859375,0.0,0.3491,-0.03231348779581166,0.32114169169655726,-1.3097709274876508,0.4285015017934357,0.0478496872872204,0.046907253988852836,0.04688663763197366,-0.11660578031737179,0.0,-0.12645578384399414,-0.11599540710449219,-0.10045305056003379,0.615386962890625,0.0,-0.14927339553833008,-0.0061054229736328125,-0.1362605612880634,0.14652252197265625,-1.5052112257612682,-0.7339038848876953,0.20146560668945312,-0.7137565586220972,0.02930450439453125,0.0,-0.4585580825805664,-0.0061054229736328125,-0.42271546963810624,0.615386962890625,0.0,-0.8943939208984375,0.21367454528808594,-0.8640729046050748,0.14652252197265625,0.0,-0.2813386917114258,0.03663063049316406,-0.26513774549856967,0.1797332763671875,0.0,0.01926422119140625,-0.0073261260986328125,0.018090536381361936,-0.05470085144042969,0.0,2.0997023582458496,0.0061054229736328125,1.9315439018033054,-3.0769195556640625,0.0,-2.9433796405792236,0.5433464050292969,-2.8099591105673447,1.26007080078125,0.0,0.11629343032836914,-0.0061054229736328125,0.11297681584089195,0.02930450439453125,0.0,-1.054884433746338,0.1892547607421875,-1.0116768115080554,0.4981689453125,0.0,0.14927339553833008,0.0061054229736328125,0.13731135852577575,-0.08791351318359375,0.0,0.09212589263916016,0.0073261260986328125,0.08473379104353002,-0.08596038818359375,0.0,-0.6940946578979492,0.13919448852539062,-0.6658398809508923,0.21099090576171875,0.0,-0.037247419357299805,0.0030689239501953125,-0.03673398471990557,0.004517704248428345,0.0,0.0,0.0,5.45055496963479e-24,0.0,0.0,0.039940692484378815,0.03475271165370941,-0.02591845765709877,-0.5928831100463867,0.03475271165370941,-0.02591845765709877,-0.5928831100463867
0.4202,1788396530.1246,ramp,0,-0.014949,0.08161422775878115,-0.015646746557163752,-0.17258237608278848,-0.19939294457435608,-0.03137865290045738,0.9722143411636353,-0.1185629591345787,-0.08273792266845703,-0.0061054229736328125,-0.07979119026710411,0.4981689453125,0.0,0.2790846824645996,0.15262603759765625,0.2236790201339267,-6.534797668457031,0.0,2.928615093231201,-0.47008514404296875,2.8184705384047946,-7.472526550292969,0.0,0.8951611518859863,-0.03052520751953125,0.837923256965612,-5.538459777832031,0.0,-0.5383234024047852,0.11599540710449219,-0.5240572470945846,0.7912063598632812,0.0,0.19816827774047852,-0.05494499206542969,0.1735066692820774,-1.9633712768554688,0.0,-0.031158447265625,-0.0061054229736328125,-0.0538167710349554,-3.8974380493164062,0.0,0.11706018447875977,-0.27472496032714844,0.15622883257035355,5.24542236328125,0.0,-3.33358097076416,0.6410255432128906,-3.230461925334921,6.124542236328125,0.0,0.9174032211303711,-0.06715583801269531,0.8741787599199305,-3.4285736083984375,0.0,-0.5475273132324219,-0.0061054229736328125,-0.5022086208702092,4.1904754638671875,0.0,0.07295894622802734,-0.25030517578125,0.06832566532995268,0.380950927734375,0.0,-3.406059980392456,0.47008514404296875,-3.195127944609727,5.421241760253906,0.0,0.3491,-0.023071217465396372,0.31975841185203707,-1.463941644359867,0.34550471112222425,0.048570956487219506,0.035179947890504444,0.04668467898726785,-0.11589445080792637,0.0,-0.12894821166992188,-0.14041519165039062,-0.10002035266616581,0.6739959716796875,0.0,-0.14927339553833008,-0.0061054229736328125,-0.135673636005694,0.02930450439453125,-1.4934727201138798,-0.7296848297119141,0.15262603759765625,-0.7106821352196474,0.08791351318359375,0.0,-0.4585580825805664,-0.0061054229736328125,-0.42089468141450703,0.6739959716796875,0.0,-0.8897924423217773,0.22588539123535156,-0.8603527904004911,0.08791351318359375,0.0,-0.2801933288574219,0.05128288269042969,-0.263996450720468,0.13284683227539062,0.0,0.01926422119140625,-0.0073261260986328125,0.01801359274434877,-0.07032966613769531,0.0,2.0997023582458496,0.0061054229736328125,1.9232240063018327,-3.25274658203125,0.0,-2.9322586059570312,0.5433464050292969,-2.797855543163834,1.26007080078125,0.0,0.11610174179077148,-0.018314361572265625,0.11249016813323057,0.08791351318359375,0.0,-1.0516247749328613,0.1892547607421875,-1.0073191364584024,0.5567779541015625,0.0,0.14927339553833008,-0.0061054229736328125,0.13671951854321024,-0.14652252197265625,0.0,0.09174442291259766,0.0073261260986328125,0.08436805556930528,-0.08596038818359375,0.0,-0.6910429000854492,0.13919448852539062,-0.6629697296618515,0.21099090576171875,0.0,-0.03705573081970215,0.015343666076660156,-0.036575757426515185,0.004029303789138794,0.0,0.0,0.0,5.7202294702917875e-24,0.0,0.0,0.04131004959344864,0.01091118436306715,-0.01934690587222576,-0.6486630439758301,0.01091118436306715,-0.01934690587222576,-0.6486630439758301
0.4404,1788396530.1447,ramp,0,-0.014648,0.083627760635206,-0.03030204609416684,-0.17048295626120857,-0.1992206871509552,-0.030831165611743927,0.972489595413208,-0.11672427505254745,-0.08273792266845703,-0.0061054229736328125,-0.07977862414944628,0.4981689453125,0.0,0.28234434127807617,0.16483497619628906,0.22339502036143333,-6.8278350830078125,0.0,2.9190280437469482,-0.47008514404296875,2.8073281705972026,-7.413917541503906,0.0,0.8945856094360352,-0.018314361572265625,0.8352761820624814,-5.538459777832031,0.0,-0.5360226631164551,0.128204345703125,-0.5222827744644234,0.7325973510742188,0.0,0.1974010467529297,-0.05494499206542969,0.1721339539843192,-2.0219802856445312,0.0,-0.031350135803222656,-0.018314361572265625,-0.05468076415245664,-3.9560470581054688,0.0,0.11188316345214844,-0.27472496032714844,0.1549468529901317,5.538459777832031,0.0,-3.321117401123047,0.6166057586669922,-3.216655532823123,6.00732421875,0.0,0.9158692359924316,-0.09157562255859375,0.8716609019938651,-3.7216110229492188,0.0,-0.5475273132324219,-0.03052520751953125,-0.5004438249626765,4.542121887207031,0.0,0.073150634765625,0.10378456115722656,0.06860857470250904,-0.7912063598632812,0.0,-3.3966643810272217,0.4822959899902344,-3.1810988459562104,5.362640380859375,0.0,0.3491,-0.013830857636190054,0.3183544235351584,-1.5409880396219513,0.2612654121095046,0.049133000802738254,0.023453296721811064,0.04647969690878037,-0.1764951099751506,0.0,-0.1314411163330078,-0.15262603759765625,-0.0995811770430009,0.8498153686523438,0.0,-0.14946508407592773,0.0061054229736328125,-0.1350779241238273,0.20513153076171875,-1.481558482476546,-0.7262334823608398,0.1770458221435547,-0.7075616859806325,0.08791351318359375,0.0,-0.4585580825805664,-0.0061054229736328125,-0.41904663497360023,0.6739959716796875,0.0,-0.8857650756835938,0.1770458221435547,-0.8565769840071713,0.20513153076171875,0.0,-0.2790489196777344,0.03663063049316406,-0.26283807012169264,0.1797332763671875,0.0,0.01926422119140625,-0.0073261260986328125,0.01793549721808733,-0.07032966613769531,0.0,2.0997023582458496,0.0061054229736328125,1.9147795573148885,-3.4285736083984375,0.0,-2.92037034034729,0.5677661895751953,-2.785570778591864,1.2014617919921875,0.0,0.11571836471557617,0.0061054229736328125,0.11199623503740834,0.02930450439453125,0.0,-1.0485568046569824,0.21367454528808594,-1.0028962245778432,0.4981689453125,0.0,0.14927339553833008,-0.018314361572265625,0.13611881838533882,-0.14652252197265625,0.0,0.09174442291259766,0.0073261260986328125,0.08399684483062955,-0.10158920288085938,0.0,-0.6887540817260742,0.124542236328125,-0.6600566106039468,0.22661972045898438,0.0,-0.03686380386352539,0.009205818176269531,-0.03641516138211285,0.004273504018783569,0.0,0.0,0.0,5.9939411489390125e-24,0.0,0.0,0.04234657064080238,0.004170595668256283,0.007243717089295387,-0.6642835140228271,0.004170595668256283,0.007243717089295387,-0.6642835140228271
0.4604,1788396530.1648,ramp,0,-0.014571,0.0710281957152298,-0.030906881186642858,-0.18611494620116031,-0.1990126073360443,-0.030377237126231194,0.972770631313324,-0.11484120786190033,-0.08273792266845703,-0.0061054229736328125,-0.07976609148572021,0.3223419189453125,0.0,0.2857956886291504,0.15262603759765625,0.2231117766624757,-7.120880126953125,0.0,2.909632444381714,-0.47008514404296875,2.796215466367684,-7.8241729736328125,0.0,0.8942022323608398,-0.018314361572265625,0.8326361542892258,-5.890106201171875,0.0,-0.5341053009033203,0.10378456115722656,-0.5205130258936644,0.7912063598632812,0.0,0.19682598114013672,-0.03052520751953125,0.17076489317437815,-2.1977996826171875,0.0,-0.03173351287841797,-0.018314361572265625,-0.05554245711906197,-3.8388290405273438,0.0,0.10651397705078125,-0.2625160217285156,0.1536682863381152,6.0659332275390625,0.0,-3.3084611892700195,0.6410255432128906,-3.2028858961435906,6.0659332275390625,0.0,0.9141435623168945,-0.07936477661132812,0.8691497471919881,-3.6043930053710938,0.0,-0.5477190017700195,-0.03052520751953125,-0.4986837273528566,4.717948913574219,0.0,0.073150634765625,0.23809432983398438,0.06889073090442834,-1.0842514038085938,0.0,-3.386885643005371,0.4945049285888672,-3.1671070960305747,5.597068786621094,0.0,0.3491,-0.013829418747357282,0.31695417296215705,-1.541036523790945,0.17725037772942343,0.049651173423466734,0.023452380815089595,0.04627526054032453,-0.17643604776055488,0.0,-0.13431739807128906,-0.14041519165039062,-0.09914317060762536,0.8498153686523438,0.0,-0.1496567726135254,0.0061054229736328125,-0.13448379816572673,0.26373291015625,-1.4696759633145344,-0.7229738235473633,0.16483497619628906,-0.7044495441042198,0.02930450439453125,0.0,-0.4585580825805664,0.0061054229736328125,-0.41720350846271453,0.7325973510742188,0.0,-0.8813552856445312,0.21367454528808594,-0.8528112296898258,0.14652252197265625,0.0,-0.2782859802246094,0.021978378295898438,-0.2616827734018488,0.19536209106445312,0.0,0.01926422119140625,-0.0073261260986328125,0.017857609600304632,-0.05470085144042969,0.0,2.0997023582458496,0.0061054229736328125,1.9063575894177927,-3.5457839965820312,0.0,-2.9086737632751465,0.5555553436279297,-2.7733187189242092,1.26007080078125,0.0,0.11571836471557617,0.0061054229736328125,0.11150361690652029,0.02930450439453125,0.0,-1.04510498046875,0.22588539123535156,-0.9984850875187712,0.4395599365234375,0.0,0.14927339553833008,-0.0061054229736328125,0.13551971743118593,-0.14652252197265625,0.0,0.09174442291259766,0.0073261260986328125,0.08362662234139222,-0.10158920288085938,0.0,-0.6860837936401367,0.124542236328125,-0.6571512469474163,0.2578773498535156,0.0,-0.03676795959472656,0.0030689239501953125,-0.03625499288178225,0.005738705396652222,0.0,0.0,0.0,6.2669241433524115e-24,0.0,0.0,0.04357125982642174,0.020715152844786644,0.0028573982417583466,-0.6868928670883179,0.020715152844786644,0.0028573982417583466,-0.6868928670883179
0.4805,1788396530.1849,ramp,0,-0.014534,0.07172668461250874,-0.04556059843145141,-0.17786622084356019,-0.1987379789352417,-0.029931703582406044,0.9730634689331055,-0.11293686926364899,-0.08273792266845703,-0.0061054229736328125,-0.07975351942954265,0.4395599365234375,0.0,0.28905534744262695,0.14041519165039062,0.22282764267683072,-7.296699523925781,0.0,2.8994698524475098,-0.45787620544433594,2.7850678328787617,-8.0,0.0,0.8938188552856445,-0.018314361572265625,0.8299878284264124,-6.0659332275390625,0.0,-0.5319962501525879,0.07936477661132812,-0.5187377146798592,0.9084243774414062,0.0,0.19625091552734375,-0.04273414611816406,0.16939152915621866,-2.1977996826171875,0.0,-0.032117366790771484,-0.018314361572265625,-0.056406858544070834,-3.8974380493164062,0.0,0.10114526748657227,-0.28693580627441406,0.15238570091754963,6.593406677246094,0.0,-3.2952308654785156,0.7264957427978516,-3.1890729789806103,5.714286804199219,0.0,0.9120345115661621,-0.09157562255859375,0.8666306993718442,-3.4871826171875,0.0,-0.5481023788452148,-0.03052520751953125,-0.49691809743472376,4.893775939941406,0.0,0.07334232330322266,0.07936477661132812,0.06917377397483304,-0.380950927734375,0.0,-3.377873420715332,0.5189247131347656,-3.1530713674789843,5.9487152099609375,0.0,0.3491,-0.018446029272929577,0.3155495211458143,-1.6180796232638675,0.0929712687488582,0.05020407068384217,0.02931347851222703,0.046070181591017265,-0.23702652839342575,0.0,-0.1371932029724121,-0.14041519165039062,-0.09870378743801074,0.9670333862304688,0.0,-0.1496567726135254,0.0061054229736328125,-0.133887804761208,0.20513153076171875,-1.4577560952241604,-0.7200980186462402,0.15262603759765625,-0.7013276201973799,0.08791351318359375,0.0,-0.4585580825805664,-0.0061054229736328125,-0.41535458866851255,0.7912063598632812,0.0,-0.8771367073059082,0.20146560668945312,-0.8490336389187529,0.20513153076171875,0.0,-0.2775230407714844,0.05128288269042969,-0.2605238453733711,0.16410446166992188,0.0,0.01926422119140625,-0.0073261260986328125,0.017779477167511146,-0.07032966613769531,0.0,2.0997023582458496,0.0061054229736328125,1.8979091497371159,-3.7802200317382812,0.0,-2.8965938091278076,0.5555553436279297,-2.7610281487948773,1.2014617919921875,0.0,0.11552667617797852,0.0061054229736328125,0.11100945038685799,0.02930450439453125,0.0,-1.0412702560424805,0.1770458221435547,-0.9940600854501194,0.4981689453125,0.0,0.14927339553833008,-0.0061054229736328125,0.13491873339329355,-0.14652252197265625,0.0,0.09174442291259766,0.0073261260986328125,0.0832552361752409,-0.117218017578125,0.0,-0.6834135055541992,0.124542236328125,-0.6542367512021772,0.22661972045898438,0.0,-0.036576271057128906,0.009205818176269531,-0.03609432094259638,0.005738705396652222,0.0,0.0,0.0,6.540765173184331e-24,0.0,0.0,0.04483204334974289,0.025331735610961914,0.012550144456326962,-0.7025076150894165,0.025331735610961914,0.012550144456326962,-0.7025076150894165
0.5003,1788396530.2047,ramp,0,-0.014459,0.06689384202115274,-0.05284669092352876,-0.15072343281628392,-0.19838953018188477,-0.02948552370071411,0.9733538031578064,-0.11115185916423798,-0.08273792266845703,-0.018314361572265625,-0.07974118423050165,0.4395599365234375,0.0,0.29173946380615234,0.128204345703125,0.222548861766394,-7.706962585449219,0.0,2.889691114425659,-0.47008514404296875,2.7741302204484772,-8.117218017578125,0.0,0.8932437896728516,-0.03052520751953125,0.8273893969382102,-6.534797668457031,0.0,-0.5306539535522461,0.05494499206542969,-0.5169958502725807,1.0256423950195312,0.0,0.19529199600219727,-0.05494499206542969,0.1680440392722667,-2.25640869140625,0.0,-0.03269243240356445,-0.018314361572265625,-0.057254974673859996,-4.131866455078125,0.0,0.09558486938476562,-0.27472496032714844,0.15112727936531437,6.769233703613281,0.0,-3.281808853149414,0.6410255432128906,-3.1755202967355,5.9487152099609375,0.0,0.9101171493530273,-0.10378456115722656,0.8641591103321197,-3.6630020141601562,0.0,-0.5486783981323242,-0.03052520751953125,-0.4951857319278165,5.24542236328125,0.0,0.07372570037841797,-0.23809432983398438,0.06945148452283777,0.4395599365234375,0.0,-3.3682861328125,0.4945049285888672,-3.139300071604704,6.0659332275390625,0.0,0.3491,-0.02773000693931445,0.314171332924797,-1.6951447495514373,0.010279975487819115,0.050823213634969076,0.029302202046848958,0.04586896632256035,-0.2976149428464686,0.0,-0.13968610763549805,-0.14041519165039062,-0.09827268223326836,0.9670333862304688,0.0,-0.1496567726135254,-0.0061054229736328125,-0.1333030398533817,0.26373291015625,-1.4460607970676342,-0.7174134254455566,0.09157562255859375,-0.6982645132371639,0.20513153076171875,0.0,-0.4585580825805664,0.0061054229736328125,-0.41354050246413926,0.7325973510742188,0.0,-0.8733019828796387,0.22588539123535156,-0.84532721783707,0.14652252197265625,0.0,-0.2763786315917969,0.05128288269042969,-0.2593867515119089,0.16410446166992188,0.0,0.01926422119140625,-0.0073261260986328125,0.01770281674725427,-0.07032966613769531,0.0,2.0997023582458496,0.0061054229736328125,1.8896198783899991,-3.8974380493164062,0.0,-2.8847057819366455,0.6043949127197266,-2.7489691326139583,1.1428604125976562,0.0,0.11552667617797852,-0.0061054229736328125,0.11052459394863187,-0.02930450439453125,0.0,-1.037435531616211,0.20146560668945312,-0.9897184502790118,0.5567779541015625,0.0,0.14927339553833008,-0.018314361572265625,0.1343290718754668,-0.14652252197265625,0.0,0.09174442291259766,0.0073261260986328125,0.08289084691258988,-0.117218017578125,0.0,-0.6807432174682617,0.124542236328125,-0.6513771644636268,0.2578773498535156,0.0,-0.03638458251953125,0.015343666076660156,-0.03593667605760948,0.006715506315231323,0.0,0.0,0.0,6.809447046766557e-24,0.0,0.0,0.04617885872721672,0.020554661750793457,0.013107039965689182,-0.6513350605964661,0.020554661750793457,0.013107039965689182,-0.6513350605964661
0.5204,1788396530.2248,ramp,0,-0.014515,0.06563090861439912,-0.0611217108357042,-0.1563216637437395,-0.19796165823936462,-0.029124660417437553,0.973637044429779,-0.10951672494411469,-0.08292961120605469,-0.03052520751953125,-0.07972862045250684,0.5567779541015625,0.0,0.2942323684692383,0.10378456115722656,0.22226491487131123,-7.8241729736328125,0.0,2.8804872035980225,-0.40903472900390625,2.762989927218453,-8.4688720703125,0.0,0.892859935760498,-0.03052520751953125,0.8247428148892294,-6.534797668457031,0.0,-0.529503345489502,0.04273414611816406,-0.5152217080283104,1.1428604125976562,0.0,0.1947169303894043,-0.04273414611816406,0.16667157955791878,-2.373626708984375,0.0,-0.03326749801635742,-0.03052520751953125,-0.0581188069260254,-4.0146484375,0.0,0.0904078483581543,-0.28693580627441406,0.14984553847458149,7.413917541503906,0.0,-3.268962860107422,0.6898651123046875,-3.1617164748112723,6.124542236328125,0.0,0.9080076217651367,-0.11599540710449219,0.8616417212015258,-3.7802200317382812,0.0,-0.5494451522827148,-0.05494499206542969,-0.4934212646044827,5.597068786621094,0.0,0.07391738891601562,0.23809432983398438,0.06973434122100321,-1.2014617919921875,0.0,-3.358699083328247,0.5067157745361328,-3.125273585004016,6.0659332275390625,0.0,0.3491,-0.023109992567178175,0.31276760601399617,-1.7722235450841053,0.0,0.051512672871583405,0.0234390652554105,0.04566402240932006,-0.35819269412967647,0.0,-0.14237022399902344,-0.15262603759765625,-0.09783358837942857,1.0256423950195312,0.0,-0.14984893798828125,-0.0061054229736328125,-0.13270743888604666,0.20513153076171875,-1.4341487777209334,-0.714728832244873,0.128204345703125,-0.6951446449890212,0.14652252197265625,0.0,-0.4585580825805664,-0.0061054229736328125,-0.4116928001076996,0.7912063598632812,0.0,-0.8692755699157715,0.14041519165039062,-0.8415521144544009,0.20513153076171875,0.0,-0.2752342224121094,0.05128288269042969,-0.2582285865899489,0.1797332763671875,0.0,0.01926422119140625,-0.0073261260986328125,0.017624735761459426,-0.07032966613769531,0.0,2.0997023582458496,0.0061054229736328125,1.881177001659934,-4.0732574462890625,0.0,-2.873584508895874,0.5677661895751953,-2.7366866553203693,1.26007080078125,0.0,0.11552667617797852,0.0061054229736328125,0.11003075281733084,-0.02930450439453125,0.0,-1.0339841842651367,0.21367454528808594,-0.9852963618925186,0.5567779541015625,0.0,0.14927339553833008,-0.0061054229736328125,0.13372848356088518,-0.20513153076171875,0.0,0.09136295318603516,0.0073261260986328125,0.08251970528897878,-0.117218017578125,0.0,-0.6776914596557617,0.13919448852539062,-0.648464587794158,0.19536209106445312,0.0,-0.03628873825073242,0.0030689239501953125,-0.0357761099142979,0.005738705396652222,0.0,0.0,0.0,7.083107763525062e-24,0.0,0.0,0.04772103950381279,0.020917410030961037,0.025985967367887497,-0.6708025336265564,0.020917410030961037,0.025985967367887497,-0.6708025336265564
0.5403,1788396530.2446,ramp,0,-0.014508,0.04156184957112982,-0.06270069072363377,-0.13704583693180045,-0.19736455380916595,-0.02874276228249073,0.9739383459091187,-0.10800588130950928,-0.0833134651184082,-0.03052520751953125,-0.07971618679077197,0.4981689453125,0.0,0.2963418960571289,0.128204345703125,0.22198390866079232,-8.175827026367188,0.0,2.8714754581451416,-0.4334545135498047,2.7519650079858406,-8.644683837890625,0.0,0.8920931816101074,-0.03052520751953125,0.8221236420604698,-6.710624694824219,0.0,-0.528353214263916,0.03052520751953125,-0.5134659396166199,1.26007080078125,0.0,0.19394969940185547,-0.04273414611816406,0.16531333366723444,-2.4322357177734375,0.0,-0.033843040466308594,-0.018314361572265625,-0.05897369293432013,-4.131866455078125,0.0,0.08523082733154297,-0.2625160217285156,0.14857707188167524,7.706962585449219,0.0,-3.255732536315918,0.6898651123046875,-3.148055611611926,6.00732421875,0.0,0.9058985710144043,-0.09157562255859375,0.8591504033099061,-3.7216110229492188,0.0,-0.5502119064331055,-0.04273414611816406,-0.4916750709158006,5.772895812988281,0.0,0.07391738891601562,0.21367454528808594,0.07001426852518516,-0.9084243774414062,0.0,-3.3493034839630127,0.4945049285888672,-3.111392363145949,6.3003692626953125,0.0,0.3491,-0.03239205335423607,0.31137841674431765,-1.7723059234028238,0.0,0.052253145220191546,0.02342846531834044,0.045461200989449356,-0.3581049373642212,0.0,-0.14486360549926758,-0.14041519165039062,-0.09739904198337204,1.0256423950195312,0.0,-0.14984893798828125,-0.0061054229736328125,-0.13211800623610195,0.3223419189453125,-1.4223601247220392,-0.7114696502685547,0.15262603759765625,-0.6920570875305281,0.02930450439453125,0.0,-0.45874977111816406,-0.0061054229736328125,-0.40986423340617406,0.7912063598632812,0.0,-0.8662075996398926,0.21367454528808594,-0.8378161077776183,0.14652252197265625,0.0,-0.2740898132324219,0.03663063049316406,-0.2570824161562802,0.16410446166992188,0.0,0.01926422119140625,-0.0073261260986328125,0.017547463418244008,-0.07032966613769531,0.0,2.0995101928710938,0.0061054229736328125,1.8728215632421197,-4.1904754638671875,0.0,-2.8626549243927,0.5189247131347656,-2.724531381007369,1.3186798095703125,0.0,0.11533451080322266,-0.0061054229736328125,0.10954202613178347,-0.02930450439453125,0.0,-1.0305328369140625,0.20146560668945312,-0.9809200706860031,0.6739959716796875,0.0,0.14889001846313477,-0.018314361572265625,0.13313411521495447,-0.20513153076171875,0.0,0.09136295318603516,0.0073261260986328125,0.08215240737861995,-0.13284683227539062,0.0,-0.6750211715698242,0.10988998413085938,-0.6455821751074668,0.2578773498535156,0.0,-0.036096811294555664,0.009205818176269531,-0.03561720666777193,0.006959706544876099,0.0,0.0,0.0,7.353934324110533e-24,0.0,0.0,0.04930026829242706,0.03498590365052223,0.01619861088693142,-0.6323883533477783,0.03498590365052223,0.01619861088693142,-0.6323883533477783
0.5603,1788396530.2647,ramp,0,-0.014761,0.04765522040187997,-0.07734338289764833,-0.11714084663470861,-0.19670076668262482,-0.028500845655798912,0.974234402179718,-0.10660095512866974,-0.08350515365600586,-0.018314361572265625,-0.07970363798999504,0.7325973510742188,0.0,0.29845094680786133,0.09157562255859375,0.22170030025740534,-8.175827026367188,0.0,2.8624632358551025,-0.4212455749511719,2.7408379950445356,-8.644683837890625,0.0,0.8919014930725098,-0.03052520751953125,0.8194802149889213,-7.1794891357421875,0.0,-0.5279693603515625,0.03052520751953125,-0.5116939123185853,1.4358978271484375,0.0,0.1933746337890625,-0.05494499206542969,0.1639425100553558,-2.373626708984375,0.0,-0.03460979461669922,-0.018314361572265625,-0.05983649541631007,-4.1904754638671875,0.0,0.0802454948425293,-0.2625160217285156,0.1472968589479486,8.058609008789062,0.0,-3.2421178817749023,0.6654453277587891,-3.1342682451558614,6.3003692626953125,0.0,0.9034061431884766,-0.10378456115722656,0.8566360151465024,-3.6630020141601562,0.0,-0.5509791374206543,-0.04273414611816406,-0.489912707005277,6.0659332275390625,0.0,0.07391738891601562,-0.25030517578125,0.07029678803127312,0.615386962890625,0.0,-3.340099811553955,0.5189247131347656,-3.0973825974508893,6.593406677246094,0.0,0.3491,-0.027773747560964367,0.3099763632094571,-2.0806784499776274,0.0,0.052787256596393384,0.017566477642189826,0.04525650138883917,-0.35665699588507627,0.0,-0.1473560333251953,-0.14041519165039062,-0.09696047157115388,1.0842514038085938,0.0,-0.14984893798828125,-0.0061054229736328125,-0.1315231152817481,0.26373291015625,-1.4104623056349619,-0.7078261375427246,0.20146560668945312,-0.6889409384619658,0.02930450439453125,0.0,-0.45874977111816406,-0.0061054229736328125,-0.40801873368661784,0.9084243774414062,0.0,-0.8614139556884766,0.25030517578125,-0.8340455046771079,0.08791351318359375,0.0,-0.2729454040527344,0.03663063049316406,-0.25592563187702233,0.19536209106445312,0.0,0.01926422119140625,-0.0073261260986328125,0.017469475512407965,-0.07032966613769531,0.0,2.0995101928710938,0.0061054229736328125,1.8643887512238428,-4.366302490234375,0.0,-2.852108955383301,0.5433464050292969,-2.712263545594499,1.4358978271484375,0.0,0.11495113372802734,-0.0061054229736328125,0.10904877370606403,-0.02930450439453125,0.0,-1.027273178100586,0.20146560668945312,-0.9765032538493068,0.5567779541015625,0.0,0.1486983299255371,-0.0061054229736328125,0.13253424285874618,-0.20513153076171875,0.0,0.09136295318603516,0.0073261260986328125,0.08178170819111133,-0.13284683227539062,0.0,-0.6723508834838867,0.13919448852539062,-0.6426730705063078,0.22661972045898438,0.0,-0.03590512275695801,0.015343666076660156,-0.03545683193456938,0.005494505167007446,0.0,0.0,0.0,7.62726881127573e-24,0.0,0.0,0.05091385170817375,0.02141190506517887,0.03984106704592705,-0.642973005771637,0.02141190506517887,0.03984106704592705,-0.642973005771637
0.5805,1788396530.2848,ramp,0,-0.014833,0.051788017811195006,-0.09382353138814145,-0.11876566618290117,-0.19588245451450348,-0.028185972943902016,0.9745466113090515,-0.10533083975315094,-0.08369684219360352,-0.018314361572265625,-0.07969104365765081,0.5567779541015625,0.0,0.3003683090209961,0.09157562255859375,0.22141566282062,-8.410255432128906,0.0,2.853259325027466,-0.39682579040527344,2.7296706092940886,-9.172164916992188,0.0,0.8913264274597168,-0.018314361572265625,0.8168271966122128,-7.1794891357421875,0.0,-0.5273942947387695,0.018314361572265625,-0.5099154554675095,1.611724853515625,0.0,0.19260787963867188,-0.03052520751953125,0.1625667126018594,-2.6080551147460938,0.0,-0.03499317169189453,-0.0061054229736328125,-0.0607024284563497,-4.24908447265625,0.0,0.07468461990356445,-0.2991447448730469,0.1460120009407682,8.5274658203125,0.0,-3.22792911529541,0.6776561737060547,-3.120430853170266,6.124542236328125,0.0,0.9012970924377441,-0.07936477661132812,0.8541125038775571,-3.8388290405273438,0.0,-0.5521297454833984,-0.06715583801269531,-0.48814394860396126,6.358970642089844,0.0,0.07410907745361328,-0.27472496032714844,0.07058033261984803,0.4981689453125,0.0,-3.3303208351135254,0.45787620544433594,-3.083321999281786,6.886444091796875,0.0,0.3491,-0.023104384417634537,0.30856922251957414,-2.0805935168086793,0.0,0.053149939325020795,0.023435833687220364,0.04505105906437754,-0.478612865549641,0.0,-0.14984893798828125,-0.14041519165039062,-0.09652030986757648,1.2014617919921875,0.0,-0.14984893798828125,-0.0061054229736328125,-0.1309260658488262,0.3223419189453125,-1.3985213169765243,-0.7036080360412598,0.22588539123535156,-0.6858134828826387,-0.02930450439453125,0.0,-0.45874977111816406,-0.0061054229736328125,-0.406166537829622,0.9670333862304688,0.0,-0.8573870658874512,0.20146560668945312,-0.830261220470974,0.14652252197265625,0.0,-0.2718009948730469,0.05128288269042969,-0.2547646503679086,0.14847564697265625,0.0,0.01926422119140625,-0.0073261260986328125,0.017391204638370635,-0.07032966613769531,0.0,2.099318504333496,-0.03052520751953125,1.8559253419273984,-4.542121887207031,0.0,-2.8413712978363037,0.5311355590820312,-2.699951198057817,1.4945068359375,0.0,0.11475944519042969,-0.018314361572265625,0.10855373158295255,0.02930450439453125,0.0,-1.0232467651367188,0.20146560668945312,-0.9720704112108879,0.615386962890625,0.0,0.1483149528503418,-0.018314361572265625,0.1319321939496504,-0.20513153076171875,0.0,0.09098148345947266,-0.0073261260986328125,0.08140966397348322,-0.13284683227539062,0.0,-0.6700620651245117,0.10988998413085938,-0.6397534106262566,0.3203926086425781,0.0,-0.03571343421936035,0.015343666076660156,-0.03529587530409315,0.004517704248428345,0.0,0.0,0.0,7.901595054372223e-24,0.0,0.0,0.05228603258728981,0.027411118149757385,0.06020364165306091,-0.5837020874023438,0.027411118149757385,0.06020364165306091,-0.5837020874023438
0.6002,1788396530.3046,ramp,0,-0.014794,0.054525535191147105,-0.09409730434820159,-0.10601474216684602,-0.19495625793933868,-0.027841294184327126,0.9748618602752686,-0.10421757400035858,-0.08369684219360352,-0.0061054229736328125,-0.07967871821657942,0.5567779541015625,0.0,0.3017106056213379,0.06715583801269531,0.22113710244457763,-8.23443603515625,0.0,2.845973253250122,-0.40903472900390625,2.7187416492486776,-9.289382934570312,0.0,0.8911342620849609,-0.018314361572265625,0.8142308206575603,-7.296699523925781,0.0,-0.5272026062011719,0.018314361572265625,-0.5081749689917809,1.7875442504882812,0.0,0.19222402572631836,-0.05494499206542969,0.16122028867276397,-2.5494537353515625,0.0,-0.03518486022949219,0.0061054229736328125,-0.06154987366940828,-4.600730895996094,0.0,0.06969928741455078,-0.28693580627441406,0.1447545748843664,9.113555908203125,0.0,-3.215465545654297,0.6654453277587891,-3.1068888920056117,6.1831512451171875,0.0,0.8999547958374023,-0.05494499206542969,0.8516428700304998,-4.3076934814453125,0.0,-0.5532798767089844,-0.07936477661132812,-0.48641295351433694,6.769233703613281,0.0,0.07410907745361328,0.2991447448730469,0.07085782348018692,-1.3186798095703125,0.0,-3.3207333087921143,0.5067157745361328,-3.0695615974260013,6.769233703613281,0.0,0.3491,-0.013818749109565624,0.30719212453785644,-2.3119465974263087,0.0,0.05345854014573237,0.023445433497883618,0.04485000297069082,-0.41651527060152116,0.0,-0.15234136581420898,-0.14041519165039062,-0.0960895456959596,1.26007080078125,0.0,-0.14984893798828125,-0.0061054229736328125,-0.13034176352925445,0.26373291015625,-1.386835270585089,-0.6993889808654785,0.21367454528808594,-0.6827527990454303,-0.08791351318359375,0.0,-0.45874977111816406,-0.0061054229736328125,-0.4043538866890832,0.9670333862304688,0.0,-0.8537440299987793,0.16483497619628906,-0.8265577314169072,0.20513153076171875,0.0,-0.2702751159667969,0.0659332275390625,-0.2536284560239407,0.16410446166992188,0.0,0.01926422119140625,-0.0073261260986328125,0.017314604861646783,-0.07032966613769531,0.0,2.0985517501831055,-0.03052520751953125,1.8476426279497693,-4.600730895996094,0.0,-2.8306336402893066,0.5189247131347656,-2.687901721367336,1.4358978271484375,0.0,0.11437606811523438,-0.03052520751953125,0.10806925869868199,0.02930450439453125,0.0,-1.0199871063232422,0.1892547607421875,-0.9677322105643369,0.6739959716796875,0.0,0.14793109893798828,-0.0061054229736328125,0.13134299889362502,-0.20513153076171875,0.0,0.09098148345947266,0.0073261260986328125,0.08104556296717373,-0.13284683227539062,0.0,-0.6670103073120117,0.15384674072265625,-0.6368960860125712,0.22661972045898438,0.0,-0.035521745681762695,0.015343666076660156,-0.03513835512678143,0.004029303789138794,0.0,0.0,0.0,8.170064382575508e-24,0.0,0.0,0.053505636751651764,0.021856622770428658,0.07173286378383636,-0.621549129486084,0.021856622770428658,0.07173286378383636,-0.621549129486084
0.6205,1788396530.3249,ramp,0,-0.014718,0.03626637012534583,-0.10225579847911845,-0.10060650281603238,-0.19392386078834534,-0.02748512662947178,0.975188672542572,-0.10317531228065491,-0.08369684219360352,-0.0061054229736328125,-0.07966603470020497,0.6739959716796875,0.0,0.30324459075927734,0.10378456115722656,0.22085044940957976,-8.76190185546875,0.0,2.8379199504852295,-0.40903472900390625,2.7074951840805297,-9.641021728515625,0.0,0.8909425735473633,-0.0061054229736328125,0.8115590155071996,-7.882781982421875,0.0,-0.5270109176635742,0.0061054229736328125,-0.5063839183846253,1.9633712768554688,0.0,0.1916489601135254,-0.018314361572265625,0.15983474880829257,-2.7838821411132812,0.0,-0.03518486022949219,0.018314361572265625,-0.06242193862627289,-4.776557922363281,0.0,0.06490564346313477,-0.25030517578125,0.1434606184341567,8.937728881835938,0.0,-3.2024269104003906,0.5677661895751953,-3.092953513532831,6.652015686035156,0.0,0.8986124992370605,-0.05494499206542969,0.8491014890643692,-4.131866455078125,0.0,-0.5542387962341309,-0.06715583801269531,-0.4846316700344078,6.9450531005859375,0.0,0.07410907745361328,-0.128204345703125,0.07114337592820699,0.380950927734375,0.0,-3.310762882232666,0.5189247131347656,-3.0554014321835843,6.886444091796875,0.0,0.3491,-0.00458811420846064,0.30577501948667474,-2.5432640040009264,0.0,0.0535521530286386,0.011725185769844474,0.04464310585101099,-0.3544500411438031,0.0,-0.15502595901489258,-0.16483497619628906,-0.09564626708283944,1.377288818359375,0.0,-0.14984893798828125,-0.0061054229736328125,-0.12974048622039547,0.26373291015625,-1.3748097244079094,-0.6951708793640137,0.21367454528808594,-0.6796031970684032,-0.08791351318359375,0.0,-0.45874977111816406,-0.0061054229736328125,-0.4024885749092461,0.9670333862304688,0.0,-0.8483748435974121,0.20146560668945312,-0.822746649623753,0.08791351318359375,0.0,-0.2691307067871094,0.05128288269042969,-0.25245925327632457,0.13284683227539062,0.0,0.01926422119140625,-0.0073261260986328125,0.017235779729407926,-0.07032966613769531,0.0,2.0974011421203613,-0.05494499206542969,1.839119286857837,-4.776557922363281,0.0,-2.8200876712799072,0.5311355590820312,-2.67550218661464,1.4945068359375,0.0,0.1138010025024414,-0.018314361572265625,0.10757071104225162,0.02930450439453125,0.0,-1.0167274475097656,0.16483497619628906,-0.9632679777131645,0.7325973510742188,0.0,0.14773941040039062,-0.0061054229736328125,0.13073668670588706,-0.26373291015625,0.0,0.09060001373291016,0.0073261260986328125,0.08067088419919098,-0.14847564697265625,0.0,-0.6643400192260742,0.124542236328125,-0.6339557511949508,0.2578773498535156,0.0,-0.03542590141296387,0.009205818176269531,-0.034976258716870906,0.0030525028705596924,0.0,0.0,0.0,8.446333207405001e-24,0.0,0.0,0.05451948195695877,0.02849900722503662,0.08860257267951965,-0.6268647909164429,0.02849900722503662,0.08860257267951965,-0.6268647909164429
0.6405,1788396530.3449,ramp,0,-0.014907,0.03152025295876934,-0.10468945333988171,-0.09340802832381864,-0.1928781419992447,-0.027267802506685257,0.9755051136016846,-0.10219735652208328,-0.08369684219360352,0.0061054229736328125,-0.07965352225294223,0.615386962890625,0.0,0.3055453300476074,0.11599540710449219,0.22056766261156321,-9.172164916992188,0.0,2.8296749591827393,-0.40903472900390625,2.69640040577501,-9.816848754882812,0.0,0.8909425735473633,0.0061054229736328125,0.808923246367688,-8.175827026367188,0.0,-0.5268192291259766,0.0061054229736328125,-0.5046170245985994,2.139190673828125,0.0,0.19145727157592773,-0.0061054229736328125,0.15846789643290737,-2.9597091674804688,0.0,-0.03499317169189453,0.018314361572265625,-0.0632822415943404,-4.659339904785156,0.0,0.06049537658691406,-0.25030517578125,0.14218411424040053,9.5238037109375,0.0,-3.1899642944335938,0.5799751281738281,-3.079206088680008,6.886444091796875,0.0,0.8974618911743164,-0.03052520751953125,0.8465943850110048,-4.600730895996094,0.0,-0.5555810928344727,-0.05494499206542969,-0.4828744116413379,7.23809814453125,0.0,0.07410907745361328,-0.25030517578125,0.07142507698342865,0.615386962890625,0.0,-3.3009836673736572,0.5433464050292969,-3.041432252375951,6.8278350830078125,0.0,0.3491,2.6710534469278954e-05,0.3043770276604944,-2.6202688188216414,0.0,0.0535521525921837,0.005865607420961057,0.044438999259243876,-0.41509667883205126,0.0,-0.15828561782836914,-0.1770458221435547,-0.09520896719646492,1.5531158447265625,0.0,-0.14984893798828125,-0.0061054229736328125,-0.1291473186479903,0.3223419189453125,-1.3629463729598061,-0.6919112205505371,0.16483497619628906,-0.6764960753938783,-0.02930450439453125,0.0,-0.45874977111816406,0.0061054229736328125,-0.4006484215491861,1.0842514038085938,0.0,-0.8445401191711426,0.1770458221435547,-0.8189869698517478,0.14652252197265625,0.0,-0.2679862976074219,0.05128288269042969,-0.25130582016778263,0.14847564697265625,0.0,0.01926422119140625,-0.0073261260986328125,0.017158017752287306,-0.07032966613769531,0.0,2.0960588455200195,-0.07936477661132812,1.830710904452925,-4.893775939941406,0.0,-2.809541702270508,0.5555553436279297,-2.663269890767375,1.4358978271484375,0.0,0.11322546005249023,-0.04273414611816406,0.10707888755459286,0.02930450439453125,0.0,-1.0134673118591309,0.16483497619628906,-0.9588639562675416,0.7325973510742188,0.0,0.14773941040039062,-0.0061054229736328125,0.13013855216260506,-0.20513153076171875,0.0,0.09060001373291016,0.0073261260986328125,0.08030125891654422,-0.14847564697265625,0.0,-0.6612882614135742,0.13919448852539062,-0.6310550741859747,0.24224853515625,0.0,-0.03523397445678711,0.009205818176269531,-0.034816348584648084,0.0032967031002044678,0.0,0.0,0.0,8.718875852438984e-24,0.0,0.0,0.055628903210163116,0.025393906980752945,0.09676237404346466,-0.6450352072715759,0.025393906980752945,0.09676237404346466,-0.6450352072715759
0.6605,1788396530.3648,ramp,0,-0.015283,0.03128525395970507,-0.10071250494979596,-0.08170539941422433,-0.1918281465768814,-0.02715086191892624,0.9758124351501465,-0.10126602649688721,-0.08369684219360352,-0.0061054229736328125,-0.0796410700351299,0.5567779541015625,0.0,0.30803823471069336,0.14041519165039062,0.2202862370255519,-9.406593322753906,0.0,2.822005033493042,-0.4334545135498047,2.6853590328813803,-10.051284790039062,0.0,0.8909425735473633,0.03052520751953125,0.8063001646683995,-8.351646423339844,0.0,-0.5268192291259766,0.0061054229736328125,-0.5028586358667358,2.373626708984375,0.0,0.19126558303833008,0.0061054229736328125,0.15710762348724033,-3.135528564453125,0.0,-0.03441810607910156,0.03052520751953125,-0.0641384034400624,-5.1868133544921875,0.0,0.05666065216064453,-0.20146560668945312,0.14091375457971828,9.699630737304688,0.0,-3.179417610168457,0.5189247131347656,-3.0655248379197593,7.531135559082031,0.0,0.8970785140991211,-0.0061054229736328125,0.844099349060394,-4.9523773193359375,0.0,-0.5567312240600586,-0.06715583801269531,-0.4811256119218613,7.648353576660156,0.0,0.07391738891601562,0.22588539123535156,0.07170542205293617,-0.7912063598632812,0.0,-3.2912049293518066,0.5067157745361328,-3.027530314092289,7.120880126953125,0.0,0.3491,2.6754108481559986e-05,0.30298576515573356,-2.6972999988156428,0.0,0.05364470899461965,0.005865568253182259,0.04423587514736978,-0.47573427703454596,0.0,-0.16192865371704102,-0.1892547607421875,-0.09477377228054656,1.611724853515625,0.0,-0.14984893798828125,-0.0061054229736328125,-0.12855700632493322,0.3223419189453125,-1.3511401264986644,-0.6888432502746582,0.11599540710449219,-0.6734039100445949,0.08791351318359375,0.0,-0.45874977111816406,-0.0061054229736328125,-0.3988171258828472,1.0842514038085938,0.0,-0.8410887718200684,0.16483497619628906,-0.8152453875343528,0.20513153076171875,0.0,-0.2668418884277344,0.05128288269042969,-0.25015793918191975,0.16410446166992188,0.0,0.01926422119140625,-0.0073261260986328125,0.01708063008732535,-0.07032966613769531,0.0,2.0941414833068848,-0.10378456115722656,1.822342996324586,-4.9523773193359375,0.0,-2.7978453636169434,0.5433464050292969,-2.6510964758440982,1.4945068359375,0.0,0.11245870590209961,-0.018314361572265625,0.10658943149016797,0.02930450439453125,0.0,-1.009824275970459,0.20146560668945312,-0.9544811338556262,0.6739959716796875,0.0,0.1473560333251953,-0.0061054229736328125,0.12954329677749724,-0.20513153076171875,0.0,0.09060001373291016,0.0073261260986328125,0.07993341284840007,-0.14847564697265625,0.0,-0.6586179733276367,0.124542236328125,-0.6281683597678821,0.27350616455078125,0.0,-0.03504228591918945,0.009205818176269531,-0.03465720818988567,0.0013431012630462646,0.0,0.0,0.0,8.990106596341227e-24,0.0,0.0,0.056945350021123886,0.020143549889326096,0.094263955950737,-0.5971515774726868,0.020143549889326096,0.094263955950737,-0.5971515774726868
0.6802,1788396530.3845,ramp,0,-0.015566,0.03622885284348933,-0.08921270072434638,-0.08278104185612893,-0.19085393846035004,-0.027014367282390594,0.976095974445343,-0.10040779411792755,-0.08350515365600586,-0.0061054229736328125,-0.07962872901692698,0.4981689453125,0.0,0.31072235107421875,0.14041519165039062,0.2200073245995028,-9.816848754882812,0.0,2.8139517307281494,-0.40903472900390625,2.674416260604267,-10.578750610351562,0.0,0.8917098045349121,0.04273414611816406,0.8037005073634517,-8.879119873046875,0.0,-0.5268192291259766,0.0061054229736328125,-0.5011159497304378,2.4908447265625,0.0,0.19126558303833008,0.0061054229736328125,0.15575949792146573,-3.3113555908203125,0.0,-0.03365135192871094,0.04273414611816406,-0.06498691967081976,-5.538459777832031,0.0,0.052825927734375,-0.22588539123535156,0.13965473936387518,9.816848754882812,0.0,-3.1690635681152344,0.5433464050292969,-3.051965762161901,7.706962585449219,0.0,0.8968868255615234,0.018314361572265625,0.8416265940421754,-5.1868133544921875,0.0,-0.5584568977355957,-0.07936477661132812,-0.4793924291670653,8.058609008789062,0.0,0.07391738891601562,-0.21367454528808594,0.07198326361160706,0.5567779541015625,0.0,-3.2806589603424072,0.5555553436279297,-3.0137525215737186,7.120880126953125,0.0,0.3491,8.038313851252554e-05,0.301606926770874,-2.8514821909225616,0.0,0.05373620443769663,0.01759475599659864,0.04403456495509183,-0.47501322627302256,0.0,-0.16538000106811523,-0.20146560668945312,-0.09434246370081374,1.7289352416992188,0.0,-0.14984893798828125,-0.0061054229736328125,-0.12797196555275583,0.3223419189453125,-1.3394393110551168,-0.6857757568359375,0.1770458221435547,-0.6703393580557826,0.02930450439453125,0.0,-0.45874977111816406,0.0061054229736328125,-0.3970021838786356,1.1428604125976562,0.0,-0.838404655456543,0.20146560668945312,-0.8115372179389804,0.14652252197265625,0.0,-0.2660789489746094,0.03663063049316406,-0.24902030889350035,0.19536209106445312,0.0,0.01926422119140625,-0.0073261260986328125,0.017003933502317815,-0.08595848083496094,0.0,2.091649055480957,-0.128204345703125,1.8140498144923662,-4.9523773193359375,0.0,-2.787107467651367,0.5433464050292969,-2.6390317707912434,1.4945068359375,0.0,0.11226701736450195,0.0061054229736328125,0.1061043463196686,-0.02930450439453125,0.0,-1.006181240081787,0.20146560668945312,-0.9501374505069466,0.7325973510742188,0.0,0.14716434478759766,-0.0061054229736328125,0.12895335708533107,-0.20513153076171875,0.0,0.09021854400634766,0.0073261260986328125,0.07956885168417607,-0.16410446166992188,0.0,-0.6555652618408203,0.13919448852539062,-0.6253074240119243,0.24224853515625,0.0,-0.0348505973815918,0.015343666076660156,-0.03449948893551833,0.0008547008037567139,0.0,0.0,0.0,9.258915221289192e-24,0.0,0.0,0.058142393827438354,0.024027207866311073,0.08218088001012802,-0.6441072821617126,0.024027207866311073,0.08218088001012802,-0.6441072821617126
0.7006,1788396530.4050,ramp,0,-0.015813,0.04076990036434592,-0.08758671604317692,-0.08067255064208594,-0.18998372554779053,-0.026871345937252045,0.9763585329055786,-0.09954024851322174,-0.0833134651184082,-0.018314361572265625,-0.07961598091235492,0.5567779541015625,0.0,0.3135986328125,0.128204345703125,0.21971921184290047,-10.168495178222656,0.0,2.8055150508880615,-0.4456653594970703,2.663112525126107,-10.695968627929688,0.0,0.8924765586853027,0.03052520751953125,0.8010150965950621,-8.820510864257812,0.0,-0.5268192291259766,0.0061054229736328125,-0.49931577856655746,2.6666641235351562,0.0,0.19126558303833008,0.0061054229736328125,0.1543669024802966,-3.4871826171875,0.0,-0.033075809478759766,0.018314361572265625,-0.06586342543905785,-5.597068786621094,0.0,0.04937458038330078,-0.1892547607421875,0.13835419370666244,9.582412719726562,0.0,-3.15966796875,0.4945049285888672,-3.0379594206413243,8.058609008789062,0.0,0.8968868255615234,0.0061054229736328125,0.8390722716163406,-5.362640380859375,0.0,-0.5601825714111328,-0.09157562255859375,-0.47760207486749734,8.410263061523438,0.0,0.07372570037841797,0.16483497619628906,0.07227027017671887,-0.7325973510742188,0.0,-3.269921064376831,0.5677661895751953,-2.999520248603128,7.296699523925781,0.0,0.3491,-0.01843202661257611,0.30018260540377545,-2.62022937199958,0.0,0.05410643891962558,0.029304437466638363,0.043826614254397205,-0.5370124271189796,0.0,-0.16883134841918945,-0.1892547607421875,-0.09389692778255677,1.7289352416992188,0.0,-0.14984893798828125,-0.0061054229736328125,-0.12736762636290877,0.3223419189453125,-1.3273525272581754,-0.6828994750976562,0.11599540710449219,-0.6671737173786891,0.08791351318359375,0.0,-0.45874977111816406,-0.0061054229736328125,-0.39512737338233056,1.1428604125976562,0.0,-0.8334193229675293,0.1892547607421875,-0.8077067289958895,0.14652252197265625,0.0,-0.2645530700683594,0.0659332275390625,-0.2478451522214447,0.16410446166992188,0.0,0.01926422119140625,-0.0073261260986328125,0.016924706969310574,-0.07032966613769531,0.0,2.0883893966674805,-0.16483497619628906,1.8054830700395224,-5.0695953369140625,0.0,-2.7754111289978027,0.5677661895751953,-2.6265690939589095,1.4945068359375,0.0,0.11188316345214844,-0.03052520751953125,0.10560325991186946,0.02930450439453125,0.0,-1.002729892730713,0.16483497619628906,-0.9456504844684546,0.7912063598632812,0.0,0.14678096771240234,-0.0061054229736328125,0.1283439573775202,-0.20513153076171875,0.0,0.09021854400634766,0.0073261260986328125,0.07919226494165409,-0.16410446166992188,0.0,-0.6525135040283203,0.15384674072265625,-0.6223521161441921,0.22661972045898438,0.0,-0.03475475311279297,0.009205818176269531,-0.03433656708299018,0.0008547008037567139,0.0,0.0,0.0,9.536590888269355e-24,0.0,0.0,0.059491634368896484,0.02652430161833763,0.06177723407745361,-0.6518344879150391,0.02652430161833763,0.06177723407745361,-0.6518344879150391
0.7204,1788396530.4248,ramp,0,-0.015850,0.05267599478122229,-0.09144043497619767,-0.09536036675182051,-0.1891782134771347,-0.02661997266113758,0.9766184687614441,-0.09858711808919907,-0.0833134651184082,-0.03052520751953125,-0.07960359980117643,0.6739959716796875,0.0,0.3162832260131836,0.11599540710449219,0.21943939329801238,-10.402931213378906,0.0,2.797461748123169,-0.3846149444580078,2.6521342024353687,-11.340652465820312,0.0,0.892859935760498,-0.0061054229736328125,0.7984069936339192,-9.347984313964844,0.0,-0.5268192291259766,0.0061054229736328125,-0.4975674308655851,2.8424911499023438,0.0,0.19126558303833008,0.0061054229736328125,0.15301439718146462,-3.5457839965820312,0.0,-0.03288412094116211,0.0061054229736328125,-0.06671469829329296,-5.831504821777344,0.0,0.045731544494628906,-0.1892547607421875,0.13709108825568062,9.816848754882812,0.0,-3.1491222381591797,0.5921859741210938,-3.024356294734258,8.410255432128906,0.0,0.8968868255615234,0.0061054229736328125,0.8365914832166842,-5.772895812988281,0.0,-0.5620999336242676,-0.10378456115722656,-0.47586326142220897,8.820510864257812,0.0,0.07391738891601562,0.28693580627441406,0.0725490143752403,-0.9670333862304688,0.0,-3.2582244873046875,0.5921859741210938,-2.98569769537763,7.1794891357421875,0.0,0.3491,-0.03227108361212165,0.29879928750735685,-2.5431054570588003,0.0,0.05503256237750363,0.04688061245291796,0.043624650054120084,-0.7202427791693848,0.0,-0.17228269577026367,-0.1892547607421875,-0.09346421798583604,1.8461532592773438,0.0,-0.14984893798828125,-0.0061054229736328125,-0.12678068493512865,0.3223419189453125,-1.315613698702573,-0.6804065704345703,0.14041519165039062,-0.6640992094035859,0.08791351318359375,0.0,-0.45874977111816406,-0.0061054229736328125,-0.3933065350716511,1.2014617919921875,0.0,-0.8299679756164551,0.1892547607421875,-0.8039865124566926,0.14652252197265625,0.0,-0.2634086608886719,0.03663063049316406,-0.24670382604808122,0.16410446166992188,0.0,0.01926422119140625,-0.0073261260986328125,0.016847761215696436,-0.08595848083496094,0.0,2.084554672241211,-0.23809432983398438,1.797162945670536,-5.010986328125,0.0,-2.7648651599884033,0.5433464050292969,-2.614465193604898,1.5531158447265625,0.0,0.11149978637695312,-0.0061054229736328125,0.10511659881727903,-0.02930450439453125,0.0,-1.0000452995300293,0.15262603759765625,-0.9412926895458713,0.9084243774414062,0.0,0.14620542526245117,0.0061054229736328125,0.12775210111434812,-0.26373291015625,0.0,0.09021854400634766,0.0073261260986328125,0.07882651940660965,-0.16410446166992188,0.0,-0.6498432159423828,0.124542236328125,-0.619481885901709,0.2578773498535156,0.0,-0.03456282615661621,0.009205818176269531,-0.034178335437010605,0.0003663003444671631,0.0,0.0,0.0,9.8062728072566e-24,0.0,0.0,0.0611417330801487,0.03490639105439186,0.05006379261612892,-0.6883672475814819,0.03490639105439186,0.05006379261612892,-0.6883672475814819
0.7404,1788396530.4448,ramp,0,-0.015671,0.04218484201269422,-0.09131196242073657,-0.0684466729961291,-0.18832412362098694,-0.02626993879675865,0.9768853783607483,-0.09766697883605957,-0.0833134651184082,-0.04273414611816406,-0.07959114112429436,0.8498153686523438,0.0,0.31858396530151367,0.14041519165039062,0.21915782173419124,-10.695968627929688,0.0,2.7892167568206787,-0.39682579040527344,2.6410871022890907,-11.457870483398438,0.0,0.892859935760498,-0.0061054229736328125,0.7957825513201716,-9.465202331542969,0.0,-0.5268192291259766,0.0061054229736328125,-0.4958081300427508,3.0183181762695312,0.0,0.19126558303833008,0.0061054229736328125,0.15165341865082138,-3.7216110229492188,0.0,-0.03288412094116211,0.0061054229736328125,-0.06757130423733909,-6.24176025390625,0.0,0.04247140884399414,-0.1892547607421875,0.1358200696487966,10.168502807617188,0.0,-3.1383848190307617,0.5799751281738281,-3.0106679473945896,8.644691467285156,0.0,0.8966951370239258,0.0061054229736328125,0.8340951530700171,-5.890106201171875,0.0,-0.5638256072998047,-0.09157562255859375,-0.47411355458566284,9.113555908203125,0.0,0.07468461990356445,-0.21367454528808594,0.07282950486208473,0.5567779541015625,0.0,-3.24595308303833,0.5921859741210938,-2.97178854604208,7.531135559082031,0.0,0.3491,-0.02303935168024606,0.2974073033430758,-2.774460780985533,0.0,0.055865981903587936,0.03515955608732198,0.04342142058006695,-0.7800376339903909,0.0,-0.17535066604614258,-0.15262603759765625,-0.09302879733066782,1.7875442504882812,0.0,-0.1500406265258789,-0.0061054229736328125,-0.12619006641212266,0.380950927734375,-1.3038013282424532,-0.6779141426086426,0.15262603759765625,-0.661005440122223,0.02930450439453125,0.0,-0.45874977111816406,0.0061054229736328125,-0.3914742894969035,1.2014617919921875,0.0,-0.8261322975158691,0.1770458221435547,-0.8002429893491947,0.14652252197265625,0.0,-0.2626457214355469,0.03663063049316406,-0.24555534964673156,0.21099090576171875,0.0,0.01926422119140625,-0.0073261260986328125,0.016770333409104148,-0.08595848083496094,0.0,2.0793771743774414,-0.2991447448730469,1.788790697038127,-4.893775939941406,0.0,-2.753743886947632,0.5067157745361328,-2.602285464229286,1.611724853515625,0.0,0.11130809783935547,-0.0061054229736328125,0.10462688886789182,-0.02930450439453125,0.0,-0.9979362487792969,0.11599540710449219,-0.936907593727242,1.0256423950195312,0.0,0.14601373672485352,-0.018314361572265625,0.1271565369652837,-0.26373291015625,0.0,0.09021854400634766,0.0073261260986328125,0.07845848253362736,-0.1797332763671875,0.0,-0.6467914581298828,0.13919448852539062,-0.6165936741206566,0.21099090576171875,0.0,-0.03446698188781738,0.009205818176269531,-0.03401911249479181,0.0003663003444671631,0.0,0.0,0.0,1.0077644240818652e-23,0.0,0.0,0.06250323355197906,0.025116581469774246,0.06202935799956322,-0.6635977029800415,0.025116581469774246,0.06202935799956322,-0.6635977029800415
0.7609,1788396530.4654,ramp,0,-0.015460,0.05767349562935084,-0.1074201671754865,-0.0863674709618682,-0.18738137185573578,-0.025893209502100945,0.9771701693534851,-0.09672724455595016,-0.08388853073120117,-0.03052520751953125,-0.07957830871436443,0.8498153686523438,0.0,0.32126855850219727,0.128204345703125,0.2188678036395116,-11.047622680664062,0.0,2.780588150024414,-0.39682579040527344,2.6297086133086,-11.75091552734375,0.0,0.8930521011352539,-0.0061054229736328125,0.7930793814790824,-9.934066772460938,0.0,-0.5268192291259766,0.018314361572265625,-0.49399605404444163,3.0769195556640625,0.0,0.19126558303833008,0.0061054229736328125,0.15025161374197155,-3.7802200317382812,0.0,-0.03269243240356445,0.0061054229736328125,-0.06845360648552097,-5.890106201171875,0.0,0.03863668441772461,-0.20146560668945312,0.13451092326459357,10.402923583984375,0.0,-3.12496280670166,0.628814697265625,-2.996568979583745,8.293037414550781,0.0,0.8966951370239258,-0.018314361572265625,0.8315239384807217,-6.00732421875,0.0,-0.5659351348876953,-0.10378456115722656,-0.47231136037223953,9.641021728515625,0.0,0.07564306259155273,-0.20146560668945312,0.07311840944984362,0.26373291015625,0.0,-3.233297824859619,0.6166057586669922,-2.9574621526585756,7.1794891357421875,0.0,0.3491,-0.023034403293391622,0.2959735626994168,-2.774530651323194,0.0,0.056977266356762986,0.035156271048039194,0.04321209466644214,-0.9018996100156698,0.0,-0.17822694778442383,-0.15262603759765625,-0.09258031500851027,1.9047622680664062,0.0,-0.1500406265258789,-0.0061054229736328125,-0.12558173062565287,0.380950927734375,-1.2916346125130573,-0.6742711067199707,0.1892547607421875,-0.6578188645313401,-0.02930450439453125,0.0,-0.45874977111816406,-0.0061054229736328125,-0.38958708056372104,1.26007080078125,0.0,-0.8219141960144043,0.20146560668945312,-0.7963871687390025,0.14652252197265625,0.0,-0.2615013122558594,0.05128288269042969,-0.24437242146611635,0.14847564697265625,0.0,0.01926422119140625,-0.0073261260986328125,0.01669058293771997,-0.08595848083496094,0.0,2.0734329223632812,-0.3235645294189453,1.7801672992645594,-4.893775939941406,0.0,-2.742814302444458,0.5555553436279297,-2.5897403696206838,1.611724853515625,0.0,0.11111593246459961,-0.03052520751953125,0.10412248869146941,-0.02930450439453125,0.0,-0.9956355094909668,0.14041519165039062,-0.9323909546282946,1.0256423950195312,0.0,0.14543867111206055,-0.018314361572265625,0.12654310719479436,-0.20513153076171875,0.0,0.08983707427978516,0.0073261260986328125,0.07807940535969099,-0.1797332763671875,0.0,-0.6437397003173828,0.13919448852539062,-0.6136188223053503,0.2578773498535156,0.0,-0.03427529335021973,0.009205818176269531,-0.03385511321267358,0.0010989010334014893,0.0,0.0,0.0,1.035715622364847e-23,0.0,0.0,0.06407535821199417,0.017645224928855896,0.07800500839948654,-0.7110822200775146,0.017645224928855896,0.07800500839948654,-0.7110822200775146
0.7801,1788396530.4844,ramp,0,-0.015324,0.02920911183052814,-0.10767771149765397,-0.08568165704690235,-0.18634267151355743,-0.025564514100551605,0.9774604439735413,-0.09588605910539627,-0.08446359634399414,-0.04273414611816406,-0.07956631689336816,0.7912063598632812,0.0,0.32433605194091797,0.1770458221435547,0.21859678322354414,-11.575088500976562,0.0,2.772343158721924,-0.4456653594970703,2.619075473952311,-11.692306518554688,0.0,0.8930521011352539,-0.0061054229736328125,0.7905532831831398,-10.109893798828125,0.0,-0.5266275405883789,0.03052520751953125,-0.4923026783556973,3.3113555908203125,0.0,0.19126558303833008,0.0061054229736328125,0.14894163427354767,-3.9560470581054688,0.0,-0.03269243240356445,0.0061054229736328125,-0.06927811339284151,-6.3003692626953125,0.0,0.03537702560424805,-0.15262603759765625,0.1332875327102871,10.461532592773438,0.0,-3.1130733489990234,0.628814697265625,-2.9833935667701827,8.527473449707031,0.0,0.8963117599487305,-0.05494499206542969,0.8291211516880483,-6.24176025390625,0.0,-0.5678524971008301,-0.07936477661132812,-0.4706272191605827,9.816848754882812,0.0,0.07679367065429688,0.34798622131347656,0.0733883892993279,-1.611724853515625,0.0,-3.2216014862060547,0.628814697265625,-2.9440742118185383,7.355308532714844,0.0,0.3491,-0.018418515232351714,0.29463373945127375,-2.85186536272756,0.0,0.057809975676617435,0.02929540413477052,0.04301648067812862,-0.8403713621791534,0.0,-0.1814866065979004,-0.16483497619628906,-0.09216121058801037,2.0219802856445312,0.0,-0.1500406265258789,-0.0061054229736328125,-0.12501324396595295,0.4395599365234375,-1.2802648793190592,-0.6700520515441895,0.23809432983398438,-0.6548410260516174,-0.20513153076171875,0.0,-0.45874977111816406,-0.0061054229736328125,-0.3878234935342508,1.3186798095703125,0.0,-0.8176960945129395,0.23809432983398438,-0.7927839242351564,0.02930450439453125,0.0,-0.2603569030761719,0.05128288269042969,-0.24326698117307488,0.1797332763671875,0.0,0.01926422119140625,-0.03663063049316406,0.01661605653290368,-0.07032966613769531,0.0,2.066913604736328,-0.3235645294189453,1.7721087784532044,-4.9523773193359375,0.0,-2.7318851947784424,0.5433464050292969,-2.5780170433126113,1.6703262329101562,0.0,0.11054086685180664,-0.018314361572265625,0.10365112932411999,-0.02930450439453125,0.0,-0.9925675392150879,0.1892547607421875,-0.9281701786497338,0.9084243774414062,0.0,0.14467191696166992,-0.03052520751953125,0.12596986023326076,-0.20513153076171875,0.0,0.08983707427978516,0.0073261260986328125,0.07772515969278698,-0.1797332763671875,0.0,-0.6410694122314453,0.13919448852539062,-0.6108388386035865,0.21099090576171875,0.0,-0.03408360481262207,0.009205818176269531,-0.03370185672808371,0.0008547008037567139,0.0,0.0,0.0,1.0618358732195782e-23,0.0,0.0,0.06538897007703781,0.03809097036719322,0.08134467899799347,-0.7150102257728577,0.03809097036719322,0.08134467899799347,-0.7150102257728577
0.8001,1788396530.5045,ramp,0,-0.015410,0.03305858843115619,-0.1161789045265936,-0.07932642257959176,-0.18525676429271698,-0.025330685079097748,0.9777587652206421,-0.09500563144683838,-0.08484745025634766,-0.05494499206542969,-0.07955379662785646,1.1428604125976562,0.0,0.32759618759155273,0.1770458221435547,0.218313819729671,-11.868133544921875,0.0,2.7635228633880615,-0.47008514404296875,2.607973763210872,-12.043960571289062,0.0,0.8930521011352539,-0.018314361572265625,0.787915867115663,-10.344322204589844,0.0,-0.5262436866760254,0.03052520751953125,-0.49053468054779625,3.369964599609375,0.0,0.19126558303833008,0.0061054229736328125,0.14757392783724815,-4.131866455078125,0.0,-0.03269243240356445,-0.0061054229736328125,-0.07013895391064938,-6.417579650878906,0.0,0.0325007438659668,-0.15262603759765625,0.1320102309085679,10.695968627929688,0.0,-3.100226402282715,0.628814697265625,-2.9696375520078337,8.703300476074219,0.0,0.895352840423584,-0.04273414611816406,0.8266124811015172,-6.358970642089844,0.0,-0.5693864822387695,-0.07936477661132812,-0.46886886276619455,10.109893798828125,0.0,0.07794427871704102,0.09157562255859375,0.07367026637199309,-0.4981689453125,0.0,-3.2091379165649414,0.6043949127197266,-2.9300963035405205,7.23809814453125,0.0,0.3491,-0.02763721921978422,0.2932348741070759,-2.9289484863012962,0.0,0.058736275402660874,0.04100796056832855,0.042812246552865175,-1.0229283272441707,0.0,-0.1849379539489746,-0.1770458221435547,-0.09172363746017427,2.0805892944335938,0.0,-0.1500406265258789,-0.0061054229736328125,-0.12441970576007749,0.3223419189453125,-1.2683941152015499,-0.6654505729675293,0.1892547607421875,-0.6517319629302866,-0.08791351318359375,0.0,-0.45874977111816406,-0.0061054229736328125,-0.38598219037697085,1.3186798095703125,0.0,-0.8138608932495117,0.20146560668945312,-0.789021895273435,0.08791351318359375,0.0,-0.2592124938964844,0.05128288269042969,-0.24211282735602557,0.13284683227539062,0.0,0.01888275146484375,-0.0073261260986328125,0.016538245967166996,-0.07032966613769531,0.0,2.060394763946533,-0.33577537536621094,1.7636951421738474,-4.9523773193359375,0.0,-2.7209556102752686,0.5189247131347656,-2.5657771042655657,1.6703262329101562,0.0,0.11015701293945312,-0.0061054229736328125,0.10315899852659723,-0.02930450439453125,0.0,-0.9887323379516602,0.20146560668945312,-0.9237634054054161,0.9084243774414062,0.0,0.1439046859741211,-0.03052520751953125,0.12537135195295773,-0.26373291015625,0.0,0.08983707427978516,0.0073261260986328125,0.07735530345432337,-0.19536209106445312,0.0,-0.6383991241455078,0.124542236328125,-0.6079363491422173,0.27350616455078125,0.0,-0.03398776054382324,0.009205818176269531,-0.03354184667797934,0.0010989010334014893,0.0,0.0,0.0,1.0891071672153203e-23,0.0,0.0,0.066968634724617,0.042453743517398834,0.08100402355194092,-0.6824973821640015,0.042453743517398834,0.08100402355194092,-0.6824973821640015
0.8207,1788396530.5252,ramp,0,-0.015269,0.04990414342915419,-0.12989004791843364,-0.08633548806165203,-0.18411512672901154,-0.0249923188239336,0.9780649542808533,-0.094159796833992,-0.08580589294433594,-0.04273414611816406,-0.07954095070049835,1.1428604125976562,0.0,0.3308558464050293,0.15262603759765625,0.21802349613518396,-11.926742553710938,0.0,2.7541275024414062,-0.45787620544433594,2.596583288336204,-12.27838134765625,0.0,0.8926682472229004,-0.03052520751953125,0.7852098498044295,-10.344322204589844,0.0,-0.5256686210632324,0.03052520751953125,-0.48872069574145516,3.4871826171875,0.0,0.19126558303833008,0.0061054229736328125,0.1461706462925002,-4.24908447265625,0.0,-0.03269243240356445,0.0061054229736328125,-0.07102218556003712,-6.534797668457031,0.0,0.029049396514892578,-0.16483497619628906,0.13069970549327817,11.106231689453125,0.0,-3.085270881652832,0.6410255432128906,-2.955523732599692,8.644691467285156,0.0,0.8943939208984375,-0.03052520751953125,0.8240385580413494,-6.593406677246094,0.0,-0.5713038444519043,-0.09157562255859375,-0.46706477015403247,10.695968627929688,0.0,0.07928609848022461,0.2991447448730469,0.07395947528661138,-1.4945068359375,0.0,-3.196099281311035,0.6776561737060547,-2.9157548189937392,6.9450531005859375,0.0,0.34873636513075584,-0.03218327553329106,0.29179962318699426,-2.928776589116849,0.0,0.059751927076663686,0.05858306647332785,0.04260270013911477,-1.1447612923820067,0.0,-0.18781423568725586,-0.15262603759765625,-0.09127468271486255,2.1977996826171875,0.0,-0.1500406265258789,-0.0061054229736328125,-0.12381072916370985,0.380950927734375,-1.2562145832741969,-0.6608486175537109,0.21367454528808594,-0.6485420306583992,-0.20513153076171875,0.0,-0.45874977111816406,-0.0061054229736328125,-0.3840929934920838,1.377288818359375,0.0,-0.8100261688232422,0.22588539123535156,-0.7851620130116578,0.02930450439453125,0.0,-0.2576866149902344,0.08058547973632812,-0.24092865310029293,0.13284683227539062,0.0,0.01888275146484375,-0.0073261260986328125,0.016458411488080894,-0.08595848083496094,0.0,2.053299903869629,-0.372406005859375,1.7550626606692727,-4.893775939941406,0.0,-2.71040940284729,0.5555553436279297,-2.55321879488155,1.6703262329101562,0.0,0.1093902587890625,-0.05494499206542969,0.10265406702416588,0.02930450439453125,0.0,-0.9854731559753418,0.16483497619628906,-0.9192420085606581,0.9670333862304688,0.0,0.1429462432861328,-0.04273414611816406,0.12475727600666006,-0.20513153076171875,0.0,0.08983707427978516,0.0073261260986328125,0.07697582696735873,-0.19536209106445312,0.0,-0.6349658966064453,0.15384674072265625,-0.6049583636718963,0.21099090576171875,0.0,-0.033795833587646484,0.009205818176269531,-0.03337767464198807,0.00158730149269104,0.0,0.0,0.0,1.117087808784254e-23,0.0,0.0,0.06836595386266708,0.045225828886032104,0.0899890810251236,-0.7629739046096802,0.045225828886032104,0.0899890810251236,-0.7629739046096802
0.8403,1788396530.5446,ramp,0,-0.014958,0.04027902151879547,-0.141464903352353,-0.06527841427699191,-0.18282544612884521,-0.02458265982568264,0.9783874750137329,-0.09342682361602783,-0.08676481246948242,-0.05494499206542969,-0.07952872056257586,1.3186798095703125,0.0,0.3339238166809082,0.14041519165039062,0.21774708965212142,-12.336997985839844,0.0,2.7443485260009766,-0.4822959899902344,2.5857388335267983,-12.102569580078125,0.0,0.8919014930725098,-0.05494499206542969,0.7826335496266026,-10.578758239746094,0.0,-0.5254769325256348,0.03052520751953125,-0.48699366710799025,3.6043930053710938,0.0,0.19126558303833008,0.0061054229736328125,0.14483463322330536,-4.366302490234375,0.0,-0.03269243240356445,0.0061054229736328125,-0.07186307813154208,-6.769233703613281,0.0,0.026364803314208984,-0.1770458221435547,0.12945200214472916,11.106231689453125,0.0,-3.073383331298828,0.628814697265625,-2.94208648099747,8.703300476074219,0.0,0.8930521011352539,-0.05494499206542969,0.821588019971953,-6.476188659667969,0.0,-0.5728378295898438,-0.07936477661132812,-0.46534715951708844,10.871795654296875,0.0,0.08062887191772461,-0.15262603759765625,0.07423482052371211,-0.14652252197265625,0.0,-3.1826772689819336,0.7020759582519531,-2.9021008157341184,7.003662109375,0.0,0.3479418144149836,-0.03223501529340187,0.2904331732440162,-2.928388889431481,0.0,0.06113177023536223,0.04684805959342324,0.042403198657447565,-1.2664859716500372,0.0,-0.19145727157592773,-0.1770458221435547,-0.0908472493110254,2.25640869140625,0.0,-0.1500406265258789,-0.0061054229736328125,-0.12323094480423756,0.4395599365234375,-1.2446188960847513,-0.6570138931274414,0.23809432983398438,-0.6455050127334943,-0.20513153076171875,0.0,-0.45874977111816406,0.018314361572265625,-0.38229435818761637,1.377288818359375,0.0,-0.8061914443969727,0.22588539123535156,-0.7814871601878692,0.08791351318359375,0.0,-0.2561607360839844,0.05128288269042969,-0.23980124407265765,0.14847564697265625,0.0,0.01888275146484375,-0.0073261260986328125,0.016382403998471563,-0.08595848083496094,0.0,2.045438289642334,-0.4212455749511719,1.7468439905436237,-4.717948913574219,0.0,-2.699671983718872,0.5067157745361328,-2.5412624875198286,1.7875442504882812,0.0,0.10900688171386719,-0.03052520751953125,0.1021733401958104,0.02930450439453125,0.0,-0.9825963973999023,0.14041519165039062,-0.9149373518805918,1.0256423950195312,0.0,0.14198684692382812,-0.03052520751953125,0.12417263674249925,-0.20513153076171875,0.0,0.08945560455322266,0.0073261260986328125,0.07661454127388231,-0.21099090576171875,0.0,-0.6322956085205078,0.124542236328125,-0.6021231325501646,0.27350616455078125,0.0,-0.033699989318847656,0.009205818176269531,-0.033221372446964145,0.0010989010334014893,0.0,0.0,0.0,1.1437271549371788e-23,0.0,0.0,0.06989705562591553,0.03562351316213608,0.10360179841518402,-0.7692129611968994,0.03562351316213608,0.10360179841518402,-0.7692129611968994
0.8606,1788396530.5650,ramp,0,-0.014877,0.027439782503685155,-0.1551831623777306,-0.05351574772957312,-0.18138262629508972,-0.024273492395877838,0.9787315130233765,-0.09271296113729477,-0.0877232551574707,-0.05494499206542969,-0.079515982155982,1.4945068359375,0.0,0.33718347549438477,0.1770458221435547,0.21745919607408143,-12.805862426757812,0.0,2.733994245529175,-0.5067157745361328,2.5744436972391793,-12.102569580078125,0.0,0.8911342620849609,-0.04273414611816406,0.7799501817544682,-10.695968627929688,0.0,-0.5249018669128418,0.03052520751953125,-0.485194865404221,3.7802200317382812,0.0,0.19145727157592773,0.0061054229736328125,0.14344309718356751,-4.542121887207031,0.0,-0.03269243240356445,0.0061054229736328125,-0.07273891710780461,-6.886444091796875,0.0,0.023488998413085938,-0.14041519165039062,0.12815244586310243,10.989013671875,0.0,-3.060727119445801,0.6532363891601562,-2.928090794644801,8.644691467285156,0.0,0.8913259506225586,-0.09157562255859375,0.8190356407183805,-6.24176025390625,0.0,-0.5745635032653809,-0.07936477661132812,-0.4635581672095618,11.22344970703125,0.0,0.08216285705566406,0.07936477661132812,0.07452160875178442,-0.8498153686523438,0.0,-3.1690633296966553,0.7142848968505859,-2.8878793698062637,6.769233703613281,0.0,0.34714667987711467,-0.036773734217269996,0.2890099354134929,-3.0821416936610446,0.0,0.062327048574720115,0.06441246719172754,0.04219540615292639,-1.3874281183257966,0.0,-0.1951003074645996,-0.1892547607421875,-0.09040205232924313,2.373626708984375,0.0,-0.1500406265258789,-0.0061054229736328125,-0.12262706535868077,0.4395599365234375,-1.2325413071736155,-0.6531786918640137,0.20146560668945312,-0.6423417802821964,-0.14652252197265625,0.0,-0.45874977111816406,0.0061054229736328125,-0.3804209739324611,1.377288818359375,0.0,-0.8023567199707031,0.14041519165039062,-0.7776595852464682,0.20513153076171875,0.0,-0.2550163269042969,0.05128288269042969,-0.23862698138791774,0.13284683227539062,0.0,0.01888275146484375,-0.0073261260986328125,0.01630323773616462,-0.08595848083496094,0.0,2.037001609802246,-0.40903472900390625,1.7382837631459611,-4.776557922363281,0.0,-2.6897010803222656,0.5189247131347656,-2.528809291529729,1.8461532592773438,0.0,0.10843133926391602,-0.018314361572265625,0.10167263498390054,-0.02930450439453125,0.0,-0.9797201156616211,0.16483497619628906,-0.9104537992514093,1.0842514038085938,0.0,0.14045286178588867,-0.03052520751953125,0.12356370062871118,-0.20513153076171875,0.0,0.08945560455322266,-0.0073261260986328125,0.07623824101551951,-0.19536209106445312,0.0,-0.6292438507080078,0.13919448852539062,-0.599170072899892,0.21099090576171875,0.0,-0.03350830078125,0.009205818176269531,-0.033058574535416024,0.0025641024112701416,0.0,0.0,0.0,1.1714735977689001e-23,0.0,0.0,0.07142987102270126,0.05935853719711304,0.11318708211183548,-0.7610211372375488,0.05935853719711304,0.11318708211183548,-0.7610211372375488
0.8804,1788396530.5847,ramp,0,-0.014874,0.011219161142014857,-0.15612906726265632,-0.05263727907687526,-0.17984992265701294,-0.024027280509471893,0.9790717363357544,-0.09216980636119843,-0.08849048614501953,-0.05494499206542969,-0.07950364187767256,1.611724853515625,0.0,0.340634822845459,0.16483497619628906,0.21718030036994923,-13.391944885253906,0.0,2.724215269088745,-0.4822959899902344,2.5635015810250854,-12.336990356445312,0.0,0.890559196472168,-0.04273414611816406,0.7773506803093864,-11.047622680664062,0.0,-0.5247097015380859,0.018314361572265625,-0.4834522837489356,4.0146484375,0.0,0.19145727157592773,0.0061054229736328125,0.14209505244331927,-4.717948913574219,0.0,-0.03269243240356445,-0.0061054229736328125,-0.07358738246661596,-7.003662109375,0.0,0.020804405212402344,-0.128204345703125,0.12689350613026337,11.047622680664062,0.0,-3.0488386154174805,0.6532363891601562,-2.9145325318078337,8.879119873046875,0.0,0.8894085884094238,-0.11599540710449219,0.8165630339517278,-6.476188659667969,0.0,-0.5757136344909668,-0.05494499206542969,-0.4618250883660126,11.399261474609375,0.0,0.08350515365600586,-0.1770458221435547,0.0747994336527412,-0.20513153076171875,0.0,-3.1539156436920166,0.7387065887451172,-2.8741024033215288,6.9450531005859375,0.0,0.34642508206401207,-0.03222065771587103,0.2876311796955162,-3.0046973298065787,0.0,0.06361418545354176,0.04682635888503155,0.041994108030000636,-1.4485836076454304,0.0,-0.19893503189086914,-0.21367454528808594,-0.08997076960818687,2.4908447265625,0.0,-0.1500406265258789,-0.0061054229736328125,-0.12204205966204053,0.4395599365234375,-1.2208411932408105,-0.6499195098876953,0.1770458221435547,-0.6392774120255482,-0.08791351318359375,0.0,-0.45874977111816406,0.0061054229736328125,-0.3786061407412908,1.4358978271484375,0.0,-0.7989053726196289,0.22588539123535156,-0.7739516379707128,0.08791351318359375,0.0,-0.2538719177246094,0.05128288269042969,-0.23748941930498985,0.14847564697265625,0.0,0.01888275146484375,-0.0073261260986328125,0.01622654574942449,-0.08595848083496094,0.0,2.028564929962158,-0.40903472900390625,1.7299910785232027,-4.893775939941406,0.0,-2.6801137924194336,0.5189247131347656,-2.5167453098042567,1.9047622680664062,0.0,0.1080479621887207,-0.04273414611816406,0.10118757889619971,0.02930450439453125,0.0,-0.9764604568481445,0.1770458221435547,-0.9061103763239411,1.0256423950195312,0.0,0.13968610763549805,-0.03052520751953125,0.12297379630579199,-0.14652252197265625,0.0,0.08945560455322266,0.0073261260986328125,0.07587370170819722,-0.21099090576171875,0.0,-0.6265735626220703,0.13919448852539062,-0.5963093086684895,0.24224853515625,0.0,-0.03341245651245117,0.009205818176269531,-0.03290086473694959,0.002319902181625366,0.0,0.0,0.0,1.1983528486483427e-23,0.0,0.0,0.07309052348136902,0.05617566406726837,0.11956322938203812,-0.7853623628616333,0.05617566406726837,0.11956322938203812,-0.7853623628616333
0.9003,1788396530.6047,ramp,0,-0.014791,0.010396144496639493,-0.16311004471759466,-0.02098326677176209,-0.17827914655208588,-0.023778147995471954,0.9793972969055176,-0.0918264091014862,-0.08964061737060547,-0.07936477661132812,-0.07949119609830793,2.0219802856445312,0.0,0.3437027931213379,0.14041519165039062,0.21689902029568095,-13.391944885253906,0.0,2.7142446041107178,-0.4945049285888672,2.552465917098568,-12.454208374023438,0.0,0.8894085884094238,-0.07936477661132812,0.774728954880491,-10.930404663085938,0.0,-0.5245180130004883,0.018314361572265625,-0.4816948041959883,4.0732574462890625,0.0,0.19145727157592773,0.0061054229736328125,0.14073548282989054,-4.835166931152344,0.0,-0.03269243240356445,-0.0061054229736328125,-0.07444310163189707,-7.23809814453125,0.0,0.018120288848876953,-0.14041519165039062,0.12562380331194975,11.22344970703125,0.0,-3.0359926223754883,0.6532363891601562,-2.900858354969588,9.172164916992188,0.0,0.8871073722839355,-0.10378456115722656,0.8140692880651628,-6.358970642089844,0.0,-0.5770559310913086,-0.06715583801269531,-0.46007719286743154,11.633697509765625,0.0,0.08465576171875,-0.15262603759765625,0.07507963376918925,-0.380950927734375,0.0,-3.139726400375366,0.75091552734375,-2.8602076530668588,6.9450531005859375,0.0,0.34548637570813645,-0.04582795100069181,0.286240636546216,-2.926651673334204,0.0,0.06517704905965976,0.09951909144561685,0.04179108894391325,-1.7539653347679844,0.0,-0.20276975631713867,-0.1892547607421875,-0.08953579971079534,2.4908447265625,0.0,-0.1500406265258789,-0.0061054229736328125,-0.12145205256132045,0.4981689453125,-1.2090410512264091,-0.6464681625366211,0.16483497619628906,-0.6361868454874321,-0.08791351318359375,0.0,-0.45874977111816406,0.0061054229736328125,-0.3767757919505654,1.4945068359375,0.0,-0.7952618598937988,0.1770458221435547,-0.7702119902470141,0.14652252197265625,0.0,-0.2527275085449219,0.03663063049316406,-0.2363421318336166,0.1797332763671875,0.0,0.01888275146484375,-0.0073261260986328125,0.016149198097931736,-0.08595848083496094,0.0,2.019744873046875,-0.4334545135498047,1.7216274970409038,-4.776557922363281,0.0,-2.6701431274414062,0.5067157745361328,-2.5045781891730137,1.9047622680664062,0.0,0.10728120803833008,-0.0061054229736328125,0.10069837590615262,0.02930450439453125,0.0,-0.9722423553466797,0.22588539123535156,-0.9017298200603798,0.9670333862304688,0.0,0.13891887664794922,-0.0061054229736328125,0.12237884869884275,-0.20513153076171875,0.0,0.08907413482666016,-0.0073261260986328125,0.0755060458357041,-0.21099090576171875,0.0,-0.6239032745361328,0.124542236328125,-0.5934240868326904,0.2891349792480469,0.0,-0.033220767974853516,0.009205818176269531,-0.03274180662609233,0.002075701951980591,0.0,0.0,0.0,1.2254618989909069e-23,0.0,0.0,0.07483456283807755,0.0943295881152153,0.11574535071849823,-0.7504308819770813,0.0943295881152153,0.11574535071849823,-0.7504308819770813
0.9203,1788396530.6246,ramp,0,-0.014577,0.01564952831214612,-0.1684391632168977,0.004244228334542892,-0.17665286362171173,-0.023508120328187943,0.9797070622444153,-0.09173425287008286,-0.09079122543334961,-0.09157562255859375,-0.07947870874680572,2.139190673828125,0.0,0.3461952209472656,0.11599540710449219,0.21661680067286376,-13.684982299804688,0.0,2.704465627670288,-0.4822959899902344,2.54139339118652,-12.454208374023438,0.0,0.8874907493591309,-0.10378456115722656,0.7720984722073131,-10.695968627929688,0.0,-0.524134635925293,0.018314361572265625,-0.4799314542045896,4.1904754638671875,0.0,0.19145727157592773,-0.0061054229736328125,0.13937137190061963,-4.835166931152344,0.0,-0.03269243240356445,-0.0061054229736328125,-0.0753016791215798,-7.23809814453125,0.0,0.015052318572998047,-0.1770458221435547,0.12434985935624474,11.633697509765625,0.0,-3.0225706100463867,0.7020759582519531,-2.8871385028269727,8.703300476074219,0.0,0.8846149444580078,-0.128204345703125,0.8115672124192468,-6.358970642089844,0.0,-0.5782065391540527,-0.06715583801269531,-0.45832345894363136,11.9853515625,0.0,0.0859975814819336,-0.128204345703125,0.07536076982684632,-0.615386962890625,0.0,-3.125537157058716,0.6898651123046875,-2.846266490735284,7.0622711181640625,0.0,0.34426027084032573,-0.022847040632872476,0.28484544862141425,-3.080360606634703,0.0,0.06729065023725965,0.058530177492303215,0.04158739172131647,-1.7525972798002152,0.0,-0.20583820343017578,-0.15262603759765625,-0.08909937690090386,2.4908447265625,0.0,-0.1500406265258789,-0.0061054229736328125,-0.1208600746835493,0.4981689453125,-1.197201493670986,-0.6432085037231445,0.1770458221435547,-0.6330859556538833,-0.14652252197265625,0.0,-0.4585580825805664,-0.0061054229736328125,-0.37493932931919666,1.4945068359375,0.0,-0.7914266586303711,0.21367454528808594,-0.7664598511280357,0.08791351318359375,0.0,-0.2515830993652344,0.08058547973632812,-0.2351910121239248,0.13284683227539062,0.0,0.01888275146484375,-0.0073261260986328125,0.01607159208518141,-0.08595848083496094,0.0,2.010732650756836,-0.45787620544433594,1.7132359790228753,-4.717948913574219,0.0,-2.660172462463379,0.4945049285888672,-2.4923704271967964,1.9047622680664062,0.0,0.10689735412597656,-0.03052520751953125,0.10020753885098169,0.02930450439453125,0.0,-0.9687910079956055,0.1892547607421875,-0.8973346316004521,1.0256423950195312,0.0,0.1385354995727539,-0.018314361572265625,0.12178191381226763,-0.20513153076171875,0.0,0.08907413482666016,-0.0073261260986328125,0.07513716189704817,-0.21099090576171875,0.0,-0.6208515167236328,0.124542236328125,-0.5905292276061305,0.24224853515625,0.0,-0.03302884101867676,0.015343666076660156,-0.03258221721980781,0.002075701951980591,0.0,0.0,0.0,1.2526615006068819e-23,0.0,0.0,0.0769013836979866,0.040416501462459564,0.14616401493549347,-0.6820679903030396,0.040416501462459564,0.14616401493549347,-0.6820679903030396
0.9405,1788396530.6449,ramp,0,-0.014644,-0.007610673052160512,-0.17639728776529973,0.017124773914427908,-0.1748848557472229,-0.023404553532600403,0.980012059211731,-0.09189008921384811,-0.09270858764648438,-0.09157562255859375,-0.0794660633236949,2.7252731323242188,0.0,0.3488798141479492,0.11599540710449219,0.21633100856233686,-13.74359130859375,0.0,2.693727731704712,-0.5189247131347656,2.530180703288773,-12.27838134765625,0.0,0.8857650756835938,-0.09157562255859375,0.7694346914702835,-10.989013671875,0.0,-0.5239429473876953,0.018314361572265625,-0.4781457827810046,4.483512878417969,0.0,0.19126558303833008,-0.0061054229736328125,0.13798999332184594,-4.9523773193359375,0.0,-0.03288412094116211,-0.0061054229736328125,-0.07617112494670703,-7.355308532714844,0.0,0.012175559997558594,-0.15262603759765625,0.12305978913306309,11.75091552734375,0.0,-3.007997512817383,0.75091552734375,-2.8732449774200033,8.410255432128906,0.0,0.8813552856445312,-0.14041519165039062,0.8090334641546632,-6.124542236328125,0.0,-0.579164981842041,-0.04273414611816406,-0.45654752531299836,12.21978759765625,0.0,0.08733987808227539,0.09157562255859375,0.07564546465586289,-1.4358978271484375,0.0,-3.11173152923584,0.6898651123046875,-2.8321488536760047,7.1794891357421875,0.0,0.3431779552389756,-0.041246800540058644,0.2834325996577931,-3.002310387871645,0.0,0.06903575728598037,0.08189463013206587,0.041381115989766355,-1.9359332137195435,0.0,-0.2089061737060547,-0.14041519165039062,-0.08865742961645942,2.6080551147460938,0.0,-0.1500406265258789,-0.0061054229736328125,-0.12026060323154794,0.4981689453125,-1.1852120646309587,-0.6393733024597168,0.25030517578125,-0.6299458130897513,-0.26373291015625,0.0,-0.45836639404296875,-0.0061054229736328125,-0.3730796197565389,1.611724853515625,0.0,-0.7868251800537109,0.2625160217285156,-0.7626602154149009,-0.02930450439453125,0.0,-0.2504386901855469,0.03663063049316406,-0.2340253209220939,0.19536209106445312,0.0,0.01888275146484375,-0.0073261260986328125,0.015993003693799905,-0.08595848083496094,0.0,2.0013370513916016,-0.47008514404296875,1.7047382366584085,-4.659339904785156,0.0,-2.650009870529175,0.5189247131347656,-2.480008132806466,2.0219802856445312,0.0,0.10574722290039062,-0.09157562255859375,0.09971048851648735,0.14652252197265625,0.0,-0.9653396606445312,0.1770458221435547,-0.8928838064821003,1.0842514038085938,0.0,0.13757658004760742,-0.03052520751953125,0.12117742260297995,-0.14652252197265625,0.0,0.08869266510009766,-0.0073261260986328125,0.07476360842718092,-0.19536209106445312,0.0,-0.6185626983642578,0.124542236328125,-0.5875977236951746,0.2891349792480469,0.0,-0.03293299674987793,0.0030689239501953125,-0.03242060764502164,0.0032967031002044678,0.0,0.0,0.0,1.2802054094028976e-23,0.0,0.0,0.07880648225545883,0.07853742688894272,0.13831812143325806,-0.6551189422607422,0.07853742688894272,0.13831812143325806,-0.6551189422607422
0.9604,1788396530.6648,ramp,0,-0.014342,-0.007132426016585174,-0.18309066046726633,0.04425651502466686,-0.17314881086349487,-0.02316208928823471,0.9802929162979126,-0.09224367141723633,-0.09462594985961914,-0.11599540710449219,-0.07945362132628556,3.0769195556640625,0.0,0.35098886489868164,0.10378456115722656,0.21604981396191783,-14.036628723144531,0.0,2.6839489936828613,-0.5067157745361328,2.5191483928194,-12.5128173828125,0.0,0.8834643363952637,-0.128204345703125,0.76681376271696,-10.75457763671875,0.0,-0.5237512588500977,0.03052520751953125,-0.4763888372813233,4.542121887207031,0.0,0.19126558303833008,-0.018314361572265625,0.1366308368469889,-5.010986328125,0.0,-0.03326749801635742,-0.018314361572265625,-0.0770265840807325,-7.531135559082031,0.0,0.00968313217163086,-0.14041519165039062,0.12179047214509138,11.809524536132812,0.0,-2.9936161041259766,0.6776561737060547,-2.859574955815761,8.76190185546875,0.0,0.877903938293457,-0.15262603759765625,0.8065404760539472,-6.00732421875,0.0,-0.5801243782043457,-0.05494499206542969,-0.45480016095533327,12.454208374023438,0.0,0.08887386322021484,0.05494499206542969,0.07592557962663338,-1.4358978271484375,0.0,-3.0975425243377686,0.7142848968505859,-2.8182583256819798,7.0622711181640625,0.0,0.34209846081111517,-0.0364683594534384,0.28204247905913316,-3.0780858084560165,0.0,0.07114798291855134,0.09944566678016786,0.0411781585960075,-2.2405521867637397,0.0,-0.21178245544433594,-0.14041519165039062,-0.08822259189533924,2.6080551147460938,0.0,-0.1500406265258789,-0.0061054229736328125,-0.11967077541895586,0.4981689453125,-1.1734155083791173,-0.6351547241210938,0.2625160217285156,-0.6268561856960767,-0.3223419189453125,0.0,-0.45836639404296875,0.0061054229736328125,-0.3712498271621845,1.611724853515625,0.0,-0.7833738327026367,0.1892547607421875,-0.7589217040748814,0.08791351318359375,0.0,-0.24929428100585938,0.05128288269042969,-0.23287838208215705,0.14847564697265625,0.0,0.01888275146484375,-0.0073261260986328125,0.015915679546288076,-0.08595848083496094,0.0,1.9917497634887695,-0.4945049285888672,1.6963771966554675,-4.600730895996094,0.0,-2.639655828475952,0.5067157745361328,-2.467844709453237,2.0805892944335938,0.0,0.10459661483764648,-0.03052520751953125,0.09922143418276694,0.08791351318359375,0.0,-0.9616966247558594,0.1892547607421875,-0.8885045813579966,1.0256423950195312,0.0,0.13661813735961914,-0.03052520751953125,0.1205826557854527,-0.14652252197265625,0.0,0.08831119537353516,-0.0073261260986328125,0.07439606427594174,-0.21099090576171875,0.0,-0.6155109405517578,0.13919448852539062,-0.5847133786047929,0.22661972045898438,0.0,-0.03274130821228027,0.009205818176269531,-0.03226159786787241,0.0037851035594940186,0.0,0.0,0.0,1.3073062219956413e-23,0.0,0.0,0.08063222467899323,0.08329745382070541,0.15312181413173676,-0.6492065191268921,0.08329745382070541,0.15312181413173676,-0.6492065191268921
0.9804,1788396530.6847,ramp,0,-0.014154,-0.003792473249955713,-0.17875753092613927,0.030939667196375257,-0.17137326300144196,-0.022969435900449753,0.9805759191513062,-0.0925983414053917,-0.0965433120727539,-0.11599540710449219,-0.07944111876509896,3.1941375732421875,0.0,0.35271453857421875,0.06715583801269531,0.21576725059355967,-14.153846740722656,0.0,2.6737864017486572,-0.47008514404296875,2.508062380490738,-12.74725341796875,0.0,0.8807797431945801,-0.14041519165039062,0.764180076096868,-10.871795654296875,0.0,-0.5233678817749023,0.03052520751953125,-0.47462333951688623,4.776557922363281,0.0,0.19088220596313477,-0.018314361572265625,0.13526506442074376,-5.1868133544921875,0.0,-0.03365135192871094,-0.04273414611816406,-0.07788620732400509,-7.589744567871094,0.0,0.006615161895751953,-0.15262603759765625,0.12051497651643789,12.161178588867188,0.0,-2.979619026184082,0.7020759582519531,-2.8458383927940436,8.703300476074219,0.0,0.8744525909423828,-0.1770458221435547,0.8040353528618047,-5.9487152099609375,0.0,-0.5808911323547363,-0.05494499206542969,-0.4530442909709346,12.74725341796875,0.0,0.08983278274536133,0.15262603759765625,0.07620705811004128,-1.8461532592773438,0.0,-3.0831615924835205,0.7387065887451172,-2.804300182913893,6.8278350830078125,0.0,0.3409486296508965,-0.045474715671294255,0.2806455917853519,-3.153671601402529,0.0,0.07353537490207111,0.13450506080502944,0.0409742132687209,-2.5452574907528995,0.0,-0.21389150619506836,-0.07936477661132812,-0.08778563751931004,2.5494537353515625,0.0,-0.1500406265258789,0.0061054229736328125,-0.11907807650784966,0.4981689453125,-1.1615615301569933,-0.6305527687072754,0.27472496032714844,-0.6237515189562917,-0.380950927734375,0.0,-0.45836639404296875,0.0061054229736328125,-0.36941112770605333,1.611724853515625,0.0,-0.7797303199768066,0.14041519165039062,-0.7551649948233287,0.20513153076171875,0.0,-0.24814987182617188,0.05128288269042969,-0.2317258603003364,0.16410446166992188,0.0,0.01888275146484375,-0.0073261260986328125,0.01583797900885314,-0.08595848083496094,0.0,1.9817790985107422,-0.5311355590820312,1.6879754577078232,-4.483512878417969,0.0,-2.6291096210479736,0.5067157745361328,-2.4556220783346716,2.139190673828125,0.0,0.10344600677490234,-0.04273414611816406,0.09872999928451412,0.14652252197265625,0.0,-0.9582452774047852,0.1770458221435547,-0.8841040395267482,1.0842514038085938,0.0,0.1358509063720703,-0.018314361572265625,0.11998499382786998,-0.20513153076171875,0.0,0.08831119537353516,-0.0073261260986328125,0.07402673103398154,-0.21099090576171875,0.0,-0.6128406524658203,0.10988998413085938,-0.5818149934187654,0.2891349792480469,0.0,-0.03254961967468262,0.02148151397705078,-0.03210181408053722,0.0013431012630462646,0.0,0.0,0.0,1.334538952923035e-23,0.0,0.0,0.08274354785680771,0.11631035059690475,0.14210762083530426,-0.6757597327232361,0.11631035059690475,0.14210762083530426,-0.6757597327232361
1.0054,1788396530.7100,ramp,0,-0.013719,0.0015204804597015135,-0.18031662865205572,0.0271814933286503,-0.16914579272270203,-0.022632142528891563,0.9809271097183228,-0.09305597841739655,-0.0992279052734375,-0.10378456115722656,-0.0794255215433726,4.0732574462890625,0.0,0.3542485237121582,0.05494499206542969,0.21541474653921033,-14.271064758300781,0.0,2.661898136138916,-0.5067157745361328,2.4942323348088538,-12.923080444335938,0.0,0.8773283958435059,-0.15262603759765625,0.7608944937623194,-10.75457763671875,0.0,-0.5229840278625488,0.018314361572265625,-0.47242084199031376,4.835166931152344,0.0,0.19011497497558594,-0.0061054229736328125,0.13356123309834902,-5.3040313720703125,0.0,-0.034801483154296875,-0.03052520751953125,-0.07895860634100171,-7.531135559082031,0.0,0.0031638145446777344,-0.15262603759765625,0.11892376749660709,12.102569580078125,0.0,-2.962937355041504,0.7142848968505859,-2.8287017264734344,8.117218017578125,0.0,0.8702340126037598,-0.1892547607421875,0.8009101562483656,-5.479850769042969,0.0,-0.5818500518798828,-0.04273414611816406,-0.4508538043129955,12.923080444335938,0.0,0.09098291397094727,-0.018314361572265625,0.0765582087464098,-1.26007080078125,0.0,-3.064945936203003,0.7142848968505859,-2.7868870909567587,6.652015686035156,0.0,0.33988104984237616,-0.026686441870949547,0.278902944002173,-3.3062949889765965,0.0,0.07711646984135322,0.1579117253552113,0.04071978696020163,-2.9106795328107613,0.0,-0.21600055694580078,-0.10378456115722656,-0.08724052726665775,2.6666641235351562,0.0,-0.14946508407592773,0.04273414611816406,-0.11833867150150583,0.4395599365234375,-1.1467734300301167,-0.6248006820678711,0.1770458221435547,-0.6198783785009772,-0.20513153076171875,0.0,-0.45798301696777344,0.0061054229736328125,-0.3671173094493476,1.611724853515625,0.0,-0.7753205299377441,0.20146560668945312,-0.7504784169067403,0.08791351318359375,0.0,-0.24662399291992188,0.0659332275390625,-0.23028806387549058,0.14847564697265625,0.0,0.01888275146484375,-0.0073261260986328125,0.015741045869111462,-0.08595848083496094,0.0,1.9695072174072266,-0.4822959899902344,1.6774941024640833,-4.542121887207031,0.0,-2.615687608718872,0.5189247131347656,-2.440374075562246,2.0219802856445312,0.0,0.10133695602416992,-0.06715583801269531,0.09811692337488907,0.14652252197265625,0.0,-0.9534516334533691,0.23809432983398438,-0.8786142662208082,0.9670333862304688,0.0,0.13527584075927734,-0.018314361572265625,0.11923939731122862,-0.14652252197265625,0.0,0.08792972564697266,-0.0073261260986328125,0.07356597964234343,-0.21099090576171875,0.0,-0.6094074249267578,0.10988998413085938,-0.578199193766187,0.24224853515625,0.0,-0.03235793113708496,0.0030689239501953125,-0.031902480270276444,0.004273504018783569,0.0,0.0,0.0,1.368512387337732e-23,0.0,0.0,0.0856059119105339,0.13073819875717163,0.16568563878536224,-0.6496945023536682,0.13073819875717163,0.16568563878536224,-0.6496945023536682
1.0205,1788396530.7272,ramp,0,-0.013584,-0.011003337943096454,-0.1887314520378927,0.053306785291353576,-0.16778990626335144,-0.02250060997903347,0.9811295866966248,-0.09340786933898926,-0.10076189041137695,-0.10378456115722656,-0.0794161068043357,4.24908447265625,0.0,0.3552069664001465,0.05494499206542969,0.21520196930622754,-14.446884155273438,0.0,2.653461456298828,-0.5067157745361328,2.4858842922376883,-13.450546264648438,0.0,0.8750276565551758,-0.14041519165039062,0.7589112623377257,-11.047622680664062,0.0,-0.5227923393249512,0.03052520751953125,-0.47109137833288006,5.010986328125,0.0,0.18953990936279297,-0.04273414611816406,0.13253277254654716,-5.24542236328125,0.0,-0.03518486022949219,-0.03052520751953125,-0.07960592398933675,-7.648353576660156,0.0,0.001438140869140625,-0.128204345703125,0.11796328761514371,12.454208374023438,0.0,-2.9525833129882812,0.7142848968505859,-2.8183577534119655,8.937728881835938,0.0,0.8669743537902832,-0.20146560668945312,0.7990237362775027,-5.655677795410156,0.0,-0.5822334289550781,-0.03052520751953125,-0.4495315906130077,13.098907470703125,0.0,0.0917501449584961,0.10378456115722656,0.07677016903408519,-1.8461532592773438,0.0,-3.0538246631622314,0.7264957427978516,-2.7763762628440083,7.0622711181640625,0.0,0.33916892306801716,-0.05456181607044329,0.2778510531975331,-3.0743133722195366,0.0,0.07931925288554877,0.1460604765892064,0.04056621106438768,-2.973434388712507,0.0,-0.2177262306213379,-0.11599540710449219,-0.08691148977106361,2.7252731323242188,0.0,-0.14908170700073242,0.03052520751953125,-0.11789235450355287,0.4395599365234375,-1.1378470900710576,-0.6215410232543945,0.27472496032714844,-0.6175404873508835,-0.4395599365234375,0.0,-0.4577908515930176,0.018314361572265625,-0.36573272310032506,1.6703262329101562,0.0,-0.7718691825866699,0.2625160217285156,-0.7476495215537763,-0.02930450439453125,0.0,-0.24547958374023438,0.08058547973632812,-0.22942018635437694,0.08596038818359375,0.0,0.01888275146484375,-0.0073261260986328125,0.015682535434964437,-0.10158729553222656,0.0,1.9620294570922852,-0.5189247131347656,1.6711673844046584,-4.483512878417969,0.0,-2.608017921447754,0.5189247131347656,-2.4311701308177844,2.1977996826171875,0.0,0.10095357894897461,-0.018314361572265625,0.09774686069320108,0.20513153076171875,0.0,-0.9498081207275391,0.25030517578125,-0.8753005489476928,0.9670333862304688,0.0,0.13470077514648438,-0.0061054229736328125,0.11878934301603655,-0.14652252197265625,0.0,0.08754825592041016,0.0073261260986328125,0.07328786253987017,-0.21099090576171875,0.0,-0.6078815460205078,0.09523773193359375,-0.5760166377484531,0.3203926086425781,0.0,-0.03226208686828613,0.0030689239501953125,-0.031782159110664565,0.004517704248428345,0.0,0.0,0.0,1.3890193099688034e-23,0.0,0.0,0.08742434531450272,0.12281176447868347,0.14913922548294067,-0.638230562210083,0.12281176447868347,0.14913922548294067,-0.638230562210083
1.0402,1788396530.7449,ramp,0,-0.013515,-0.02716583061248927,-0.19342139523081994,0.05844775978202094,-0.16594743728637695,-0.022383898496627808,0.9813950061798096,-0.09393713623285294,-0.10267925262451172,-0.09157562255859375,-0.07940376761336959,4.483512878417969,0.0,0.35674095153808594,0.07936477661132812,0.21492309817653255,-14.798538208007812,0.0,2.643874168395996,-0.4945049285888672,2.474943140170205,-13.27471923828125,0.0,0.8727269172668457,-0.11599540710449219,0.7563119899434472,-10.813186645507812,0.0,-0.5226006507873535,0.018314361572265625,-0.46934895022231715,5.1868133544921875,0.0,0.18838930130004883,-0.05494499206542969,0.13118484658704868,-5.1868133544921875,0.0,-0.03576040267944336,-0.018314361572265625,-0.08045431458701557,-7.706962585449219,0.0,-0.0012464523315429688,-0.11599540710449219,0.11670445881171294,12.336990356445312,0.0,-2.938969612121582,0.7020759582519531,-2.804800685239074,8.468864440917969,0.0,0.8627562522888184,-0.21367454528808594,0.7965513473805368,-5.24542236328125,0.0,-0.5826168060302734,-0.018314361572265625,-0.44779866447685623,13.27471923828125,0.0,0.09251689910888672,0.14041519165039062,0.07704796945495683,-1.9633712768554688,0.0,-3.0392520427703857,0.7264957427978516,-2.7626005102940634,6.769233703613281,0.0,0.33831612111857756,-0.05928210099567613,0.2764724189663535,-3.150283959049725,0.0,0.08207169782356895,0.12843229348426893,0.04036493067851563,-3.1563076109413863,0.0,-0.22002744674682617,-0.128204345703125,-0.08648024505177646,2.7838821411132812,0.0,-0.1486983299255371,-0.0061054229736328125,-0.11730740035372943,0.4981689453125,-1.1261480070745886,-0.6167473793029785,0.28693580627441406,-0.6144763891060148,-0.4981689453125,0.0,-0.4575991630554199,0.0061054229736328125,-0.3639180498202027,1.7289352416992188,0.0,-0.7672672271728516,0.25030517578125,-0.7439419009977092,-0.02930450439453125,0.0,-0.24395370483398438,0.0659332275390625,-0.22828272450586495,0.13284683227539062,0.0,0.01888275146484375,-0.0073261260986328125,0.015605850205812845,-0.10158729553222656,0.0,1.9509081840515137,-0.5311355590820312,1.662875430478195,-4.366302490234375,0.0,-2.59785532951355,0.4456653594970703,-2.419107212090261,2.3150177001953125,0.0,0.09980297088623047,-0.03052520751953125,0.0972618473454213,0.08791351318359375,0.0,-0.945589542388916,0.20146560668945312,-0.8709575087338072,1.0256423950195312,0.0,0.13431739807128906,-0.0061054229736328125,0.11819949067156857,-0.20513153076171875,0.0,0.08754825592041016,-0.0073261260986328125,0.07292335535333064,-0.19536209106445312,0.0,-0.6044483184814453,0.16849899291992188,-0.5731561255885957,0.21099090576171875,0.0,-0.032070159912109375,0.02148151397705078,-0.031624463208538164,0.003540903329849243,0.0,0.0,0.0,1.4158961924271713e-23,0.0,0.0,0.08968250453472137,0.11788605153560638,0.15111391246318817,-0.6348615884780884,0.11788605153560638,0.15111391246318817,-0.6348615884780884
1.0608,1788396530.7652,ramp,0,-0.013698,-0.034724784764191254,-0.17858053058218987,0.057710467795421716,-0.16400109231472015,-0.022410007193684578,0.981651782989502,-0.09466353058815002,-0.10459661483764648,-0.09157562255859375,-0.07939090589766044,4.835166931152344,0.0,0.3586587905883789,0.10378456115722656,0.21463241775838435,-15.032966613769531,0.0,2.63236927986145,-0.5311355590820312,2.463538665775608,-12.923080444335938,0.0,0.8708095550537109,-0.09157562255859375,0.7536026467881471,-10.989013671875,0.0,-0.5224089622497559,0.0061054229736328125,-0.46753273592890665,5.3040313720703125,0.0,0.1876225471496582,-0.03052520751953125,0.1297798403321225,-5.362640380859375,0.0,-0.03633546829223633,-0.03052520751953125,-0.0813386317766651,-7.706962585449219,0.0,-0.003547191619873047,-0.128204345703125,0.11539232268862833,12.336990356445312,0.0,-2.923246383666992,0.7387065887451172,-2.7906695191708284,8.468864440917969,0.0,0.8585376739501953,-0.20146560668945312,0.7939742608274004,-4.893775939941406,0.0,-0.5826168060302734,-0.018314361572265625,-0.4459923545356755,13.333328247070312,0.0,0.09328413009643555,0.04273414611816406,0.07733753382323341,-1.7289352416992188,0.0,-3.0248711109161377,0.6898651123046875,-2.748241399274205,7.003662109375,0.0,0.33760675963686826,-0.022425819737519337,0.27503540404397353,-3.3042294536252586,0.0,0.08445668092506495,0.09345793498326856,0.04015512672070077,-3.1550632640577048,0.0,-0.22290325164794922,-0.16483497619628906,-0.08603073851639688,2.9011001586914062,0.0,-0.1486983299255371,-0.0061054229736328125,-0.11669767529164012,0.5567779541015625,-1.1139535058328023,-0.612337589263916,0.25030517578125,-0.611282536231966,-0.4981689453125,0.0,-0.45740747451782227,-0.0061054229736328125,-0.3620265310084662,1.8461532592773438,0.0,-0.7624731063842773,0.23809432983398438,-0.7400772747283959,0.02930450439453125,0.0,-0.24242782592773438,0.05128288269042969,-0.22709709483485996,0.117218017578125,0.0,0.01888275146484375,-0.0073261260986328125,0.015525917605762229,-0.10158729553222656,0.0,1.9395952224731445,-0.5311355590820312,1.6542323391791924,-4.366302490234375,0.0,-2.586925745010376,0.4945049285888672,-2.4065334678534906,2.25640869140625,0.0,0.09865283966064453,-0.05494499206542969,0.09675629525440968,0.20513153076171875,0.0,-0.9415631294250488,0.22588539123535156,-0.8664305548437169,1.0256423950195312,0.0,0.13393354415893555,-0.0061054229736328125,0.11758465999216779,-0.20513153076171875,0.0,0.08716678619384766,-0.0073261260986328125,0.07254341246889791,-0.21099090576171875,0.0,-0.6017780303955078,0.13919448852539062,-0.5701744800103865,0.3047637939453125,0.0,-0.03187847137451172,0.009205818176269531,-0.03146008939608763,0.004273504018783569,0.0,0.0,0.0,1.443911223743115e-23,0.0,0.0,0.0917019173502922,0.08748392015695572,0.17174309492111206,-0.6073625683784485,0.08748392015695572,0.17174309492111206,-0.6073625683784485
1.0803,1788396530.7846,ramp,0,-0.014055,-0.03789411915073748,-0.17515730331700202,0.06754957053817909,-0.16219624876976013,-0.022540483623743057,0.9818728566169739,-0.09544651955366135,-0.10613059997558594,-0.09157562255859375,-0.07937872845777305,5.128204345703125,0.0,0.3605766296386719,0.07936477661132812,0.21435720227403657,-15.091575622558594,0.0,2.6227822303771973,-0.5189247131347656,2.4527409382773606,-13.098907470703125,0.0,0.8692755699157715,-0.07936477661132812,0.7510374475445915,-11.223442077636719,0.0,-0.5224089622497559,0.0061054229736328125,-0.4658131488317617,5.597068786621094,0.0,0.1872386932373047,-0.03052520751953125,0.12844958396526937,-5.421241760253906,0.0,-0.03671884536743164,-0.018314361572265625,-0.08217590105409672,-7.882781982421875,0.0,-0.005272865295410156,-0.128204345703125,0.11414999552759866,12.336990356445312,0.0,-2.909632682800293,0.7020759582519531,-2.777290166895752,8.644691467285156,0.0,0.8548941612243652,-0.16483497619628906,0.7915342818001031,-5.010986328125,0.0,-0.5828084945678711,-0.018314361572265625,-0.444282144854159,13.5091552734375,0.0,0.09405088424682617,0.09157562255859375,0.07761169263438686,-1.9047622680664062,0.0,-3.0106821060180664,0.7264957427978516,-2.7346462292957474,6.652015686035156,0.0,0.3368952611946182,-0.031674375784139716,0.2736748419517717,-3.3032166686237803,0.0,0.08647347626932676,0.09338690147699677,0.039956484864342,-3.2774369555125937,0.0,-0.22616291046142578,-0.1770458221435547,-0.08560514686615744,3.0769195556640625,0.0,-0.1486983299255371,-0.0061054229736328125,-0.11612038914573836,0.615386962890625,-1.1024077829147672,-0.6090779304504395,0.1892547607421875,-0.6082586044127312,-0.380950927734375,0.0,-0.45740747451782227,-0.0061054229736328125,-0.36023564578392525,1.7875442504882812,0.0,-0.7584466934204102,0.22588539123535156,-0.7364182563558891,-0.02930450439453125,0.0,-0.24166488647460938,0.05128288269042969,-0.22597454366253988,0.16410446166992188,0.0,0.01888275146484375,-0.0073261260986328125,0.015450237622300486,-0.10158729553222656,0.0,1.9298162460327148,-0.5189247131347656,1.6460490822082863,-4.24908447265625,0.0,-2.577913999557495,0.4456653594970703,-2.394628678627463,2.373626708984375,0.0,0.0978856086730957,-0.018314361572265625,0.0962776398139188,0.08791351318359375,0.0,-0.9373445510864258,0.22588539123535156,-0.8621444463558514,1.0256423950195312,0.0,0.13355016708374023,-0.0061054229736328125,0.11700253986071507,-0.20513153076171875,0.0,0.08678531646728516,0.0073261260986328125,0.07218368350734697,-0.22661972045898438,0.0,-0.5987262725830078,0.124542236328125,-0.5673514655218704,0.27350616455078125,0.0,-0.03178262710571289,0.009205818176269531,-0.03130446068640068,0.00476190447807312,0.0,0.0,0.0,1.470435784502157e-23,0.0,0.0,0.0934625118970871,0.08633747696876526,0.16131293773651123,-0.6338627934455872,0.08633747696876526,0.16131293773651123,-0.6338627934455872
1.1010,1788396530.8054,ramp,0,-0.014239,-0.0322680727540528,-0.15935012731159354,0.055570447250785714,-0.1604655236005783,-0.022573502734303474,0.9820912480354309,-0.09611526131629944,-0.10785627365112305,-0.09157562255859375,-0.07936575412203407,5.421241760253906,0.0,0.362302303314209,0.07936477661132812,0.2140639765938021,-15.267402648925781,0.0,2.6118526458740234,-0.4945049285888672,2.4412366037804722,-13.216110229492188,0.0,0.8675498962402344,-0.09157562255859375,0.7483043807808839,-11.399269104003906,0.0,-0.5224089622497559,0.0061054229736328125,-0.46398103136396124,5.714286804199219,0.0,0.18666362762451172,-0.018314361572265625,0.127032275164563,-5.538459777832031,0.0,-0.03729438781738281,-0.03052520751953125,-0.08306796152081117,-7.882781982421875,0.0,-0.007573604583740234,-0.10378456115722656,0.11282637005016602,12.5128173828125,0.0,-2.894484519958496,0.6410255432128906,-2.76303526520934,8.586082458496094,0.0,0.8510594367980957,-0.1770458221435547,0.7889346297066439,-5.0695953369140625,0.0,-0.583000659942627,-0.018314361572265625,-0.44246001846328875,13.802200317382812,0.0,0.0948176383972168,0.0061054229736328125,0.07790379249236999,-1.6703262329101562,0.0,-2.9955344200134277,0.75091552734375,-2.720161386721268,6.534797668457031,0.0,0.3361153313039615,-0.022067014128245764,0.27222524420863403,-3.379028170064019,0.0,0.08894777332043016,0.1284597838730087,0.039744843816630335,-3.460469908722745,0.0,-0.23018980026245117,-0.1892547607421875,-0.0851517043520514,3.135528564453125,0.0,-0.1486983299255371,-0.0061054229736328125,-0.11550532519603676,0.4981689453125,-1.0901065039207354,-0.605626106262207,0.20146560668945312,-0.6050367854559264,-0.3223419189453125,0.0,-0.45740747451782227,-0.0061054229736328125,-0.3583275644147669,1.8461532592773438,0.0,-0.7540364265441895,0.21367454528808594,-0.7325197905634885,0.02930450439453125,0.0,-0.24052047729492188,0.03663063049316406,-0.22477853235568476,0.14847564697265625,0.0,0.01888275146484375,-0.0073261260986328125,0.015369605114709958,-0.10158729553222656,0.0,1.918311595916748,-0.5677661895751953,1.637330310088636,-4.1904754638671875,0.0,-2.5687100887298584,0.4456653594970703,-2.3819448359028335,2.4908447265625,0.0,0.09731054306030273,-0.0061054229736328125,0.09576766099688937,0.08791351318359375,0.0,-0.9331264495849609,0.1770458221435547,-0.8575778534554136,1.1428604125976562,0.0,0.13297510147094727,-0.0061054229736328125,0.1163823255877866,-0.20513153076171875,0.0,0.08678531646728516,0.0073261260986328125,0.07180041375891405,-0.22661972045898438,0.0,-0.5960559844970703,0.13919448852539062,-0.5643437119949617,0.27350616455078125,0.0,-0.031590938568115234,0.009205818176269531,-0.031138647580462562,0.0025641024112701416,0.0,0.0,0.0,1.498696121633707e-23,0.0,0.0,0.09539256989955902,0.116068996489048,0.1601877510547638,-0.6590134501457214,0.116068996489048,0.1601877510547638,-0.6590134501457214
1.1205,1788396530.8249,ramp,0,-0.014434,-0.023260138426319937,-0.16616086219384854,0.03981612667063687,-0.15873587131500244,-0.022592103108763695,0.982316792011261,-0.09667638689279556,-0.10881519317626953,-0.06715583801269531,-0.07935358877977933,5.421241760253906,0.0,0.3636441230773926,0.06715583801269531,0.21378903452126,-15.384613037109375,0.0,2.6020736694335938,-0.5067157745361328,2.4304496032446963,-13.333328247070312,0.0,0.8662075996398926,-0.07936477661132812,0.745741729925035,-11.516487121582031,0.0,-0.5224089622497559,0.0061054229736328125,-0.46226315258426187,5.9487152099609375,0.0,0.1862802505493164,-0.04273414611816406,0.12570334033598052,-5.597068786621094,0.0,-0.037677764892578125,-0.018314361572265625,-0.08390439901617391,-7.9413909912109375,0.0,-0.00968313217163086,-0.14041519165039062,0.1115852770744625,12.864471435546875,0.0,-2.881638526916504,0.7142848968505859,-2.7496692046023274,8.23443603515625,0.0,0.8481831550598145,-0.15262603759765625,0.7864970746674924,-4.9523773193359375,0.0,-0.5831923484802246,-0.018314361572265625,-0.44075150778325894,13.919418334960938,0.0,0.09520149230957031,0.05494499206542969,0.07817767894146588,-1.8461532592773438,0.0,-2.9819204807281494,0.75091552734375,-2.706579722814174,6.593406677246094,0.0,0.3349701063591797,-0.05921501451429059,0.2708660337618137,-3.222886300468454,0.0,0.09114423156564551,0.11653258314019423,0.039546399300289525,-3.5843006362371406,0.0,-0.2336411476135254,-0.1892547607421875,-0.08472653550426378,3.1941375732421875,0.0,-0.1486983299255371,-0.0061054229736328125,-0.1149286125529228,0.4981689453125,-1.078572251058456,-0.6017909049987793,0.20146560668945312,-0.60201585775058,-0.380950927734375,0.0,-0.4572157859802246,-0.0061054229736328125,-0.35653845833853254,1.8461532592773438,0.0,-0.7500100135803223,0.1892547607421875,-0.7288644072292589,0.02930450439453125,0.0,-0.23899459838867188,0.0659332275390625,-0.22365709637767756,0.13284683227539062,0.0,0.01888275146484375,-0.0073261260986328125,0.015294000315248048,-0.10158729553222656,0.0,1.9077653884887695,-0.5189247131347656,1.62915518274412,-4.3076934814453125,0.0,-2.559314727783203,0.4822959899902344,-2.370051873445659,2.4908447265625,0.0,0.0965433120727539,-0.05494499206542969,0.09528948107487659,0.14652252197265625,0.0,-0.9296751022338867,0.1892547607421875,-0.8532960029861826,1.2014617919921875,0.0,0.1327834129333496,-0.0061054229736328125,0.1158007837614268,-0.20513153076171875,0.0,0.08640384674072266,-0.0073261260986328125,0.07144104216877029,-0.24224853515625,0.0,-0.5930032730102539,0.13919448852539062,-0.5615235020197544,0.27350616455078125,0.0,-0.03139901161193848,0.02148151397705078,-0.030983173479542003,0.0010989010334014893,0.0,0.0,0.0,1.5251943316659056e-23,0.0,0.0,0.09706535190343857,0.10491278022527695,0.12819136679172516,-0.6817959547042847,0.10491278022527695,0.12819136679172516,-0.6817959547042847
1.1402,1788396530.8444,ramp,0,-0.014660,-0.028039661619820102,-0.13980860024664865,0.035083726864268895,-0.15712663531303406,-0.02262423187494278,0.9825260639190674,-0.09716905653476715,-0.11054086685180664,-0.09157562255859375,-0.07934130393973532,5.714286804199219,0.0,0.36517810821533203,0.06715583801269531,0.21351139174625058,-15.5018310546875,0.0,2.5907609462738037,-0.4945049285888672,2.4195566441021046,-13.450546264648438,0.0,0.8648653030395508,-0.07936477661132812,0.7431539066485915,-11.575088500976562,0.0,-0.5222172737121582,0.0061054229736328125,-0.46052839941565604,6.0659332275390625,0.0,0.1858968734741211,-0.018314361572265625,0.1243613516392241,-5.831504821777344,0.0,-0.038252830505371094,-0.04273414611816406,-0.08474905267425986,-7.8241729736328125,0.0,-0.011983871459960938,-0.15262603759765625,0.11033199308400948,13.040298461914062,0.0,-2.868215560913086,0.7264957427978516,-2.736171851783375,8.293037414550781,0.0,0.8447318077087402,-0.16483497619628906,0.7840355759996066,-4.835166931152344,0.0,-0.5833840370178223,-0.018314361572265625,-0.4390262147353424,14.153839111328125,0.0,0.09558486938476562,0.05494499206542969,0.07845425572384539,-1.8461532592773438,0.0,-2.967731237411499,0.7631263732910156,-2.692864648865885,6.710624694824219,0.0,0.33360955068931525,-0.04520699354813347,0.269493472055314,-3.2975581948881727,0.0,0.09361341409555257,0.12238588793942709,0.039346005502087465,-3.767417057245961,0.0,-0.2370929718017578,-0.1770458221435547,-0.08429719030563389,3.25274658203125,0.0,-0.1486983299255371,-0.0061054229736328125,-0.1143462349737597,0.5567779541015625,-1.066924699475194,-0.5983395576477051,0.22588539123535156,-0.5989652560603395,-0.4395599365234375,0.0,-0.4572157859802246,-0.0061054229736328125,-0.35473177822152074,1.9633712768554688,0.0,-0.7467503547668457,0.21367454528808594,-0.7251731177759755,0.02930450439453125,0.0,-0.23823165893554688,0.021978378295898438,-0.2225246447523207,0.16410446166992188,0.0,0.01888275146484375,-0.0073261260986328125,0.015217652864555802,-0.10158729553222656,0.0,1.8976030349731445,-0.5433464050292969,1.6208997527148035,-4.1904754638671875,0.0,-2.5499191284179688,0.4822959899902344,-2.358042088732965,2.4908447265625,0.0,0.09500980377197266,-0.05494499206542969,0.09480660408455686,0.26373291015625,0.0,-0.9262237548828125,0.16483497619628906,-0.8489720927331583,1.2014617919921875,0.0,0.1323995590209961,-0.018314361572265625,0.11521352956289069,-0.14652252197265625,0.0,0.08640384674072266,0.0073261260986328125,0.07107814054144015,-0.2578773498535156,0.0,-0.5903329849243164,0.13919448852539062,-0.5586755896708514,0.24224853515625,0.0,-0.03130316734313965,0.015343666076660156,-0.03082617218678764,0.0013431012630462646,0.0,0.0,0.0,1.55195282845797e-23,0.0,0.0,0.09899228811264038,0.11611238121986389,0.11915118247270584,-0.6932126879692078,0.11611238121986389,0.11915118247270584,-0.6932126879692078
1.1606,1788396530.8651,ramp,0,-0.014766,-0.027662955403033797,-0.13478921570450023,0.06725432168064098,-0.15568037331104279,-0.02261766605079174,0.9827049970626831,-0.0976889580488205,-0.11245870590209961,-0.09157562255859375,-0.07932850629167379,6.124542236328125,0.0,0.36632871627807617,0.05494499206542969,0.21322215928504867,-15.5018310546875,0.0,2.5796396732330322,-0.4822959899902344,2.408208978446203,-13.157516479492188,0.0,0.8633313179016113,-0.06715583801269531,0.740458059456544,-11.926742553710938,0.0,-0.5222172737121582,0.0061054229736328125,-0.4587212321716437,6.24176025390625,0.0,0.18532133102416992,-0.03052520751953125,0.12296334409642079,-5.772895812988281,0.0,-0.038828372955322266,-0.03052520751953125,-0.0856289648433524,-7.882781982421875,0.0,-0.014668464660644531,-0.128204345703125,0.10902639306206977,12.981689453125,0.0,-2.8532590866088867,0.7264957427978516,-2.722111076834689,8.175827026367188,0.0,0.8414726257324219,-0.14041519165039062,0.7814713266041966,-4.835166931152344,0.0,-0.5835757255554199,-0.018314361572265625,-0.437228902507331,14.388275146484375,0.0,0.09596824645996094,-0.0061054229736328125,0.07874237769451875,-1.6703262329101562,0.0,-2.952775239944458,0.7387065887451172,-2.678577064420386,6.593406677246094,0.0,0.3325431894329425,-0.026507568112859637,0.2680636152887947,-3.3725485844630336,0.0,0.09626622373682985,0.1341151213360003,0.03913724663392813,-3.9507246694821423,0.0,-0.24016046524047852,-0.15262603759765625,-0.08384992288259095,3.3113555908203125,0.0,-0.1486983299255371,-0.0061054229736328125,-0.11373954711536163,0.615386962890625,-1.0547909423072328,-0.5945048332214355,0.20146560668945312,-0.5957873126221029,-0.380950927734375,0.0,-0.4572157859802246,0.0061054229736328125,-0.35284968157113894,1.9047622680664062,0.0,-0.7431073188781738,0.20146560668945312,-0.7213277422442489,0.02930450439453125,0.0,-0.23708724975585938,0.05128288269042969,-0.22134492101997083,0.14847564697265625,0.0,0.01888275146484375,-0.0073261260986328125,0.015138118430175283,-0.10158729553222656,0.0,1.8866734504699707,-0.5555553436279297,1.612299714966375,-4.0732574462890625,0.0,-2.5403318405151367,0.4945049285888672,-2.3455309776808595,2.5494537353515625,0.0,0.0934758186340332,-0.05494499206542969,0.09430357028379178,0.26373291015625,0.0,-0.9231557846069336,0.16483497619628906,-0.8444676888117668,1.2014617919921875,0.0,0.13182449340820312,-0.0061054229736328125,0.11460176151962717,-0.20513153076171875,0.0,0.08640384674072266,0.0073261260986328125,0.0707000902541841,-0.2578773498535156,0.0,-0.5872812271118164,0.124542236328125,-0.5557087964671288,0.27350616455078125,0.0,-0.031111478805541992,0.009205818176269531,-0.030662617164281876,0.0025641024112701416,0.0,0.0,0.0,1.579828309406358e-23,0.0,0.0,0.10087078809738159,0.11146611720323563,0.13748738169670105,-0.634864866733551,0.11146611720323563,0.13748738169670105,-0.634864866733551
1.1806,1788396530.8849,ramp,0,-0.014772,-0.030572596213189068,-0.12605334824925418,0.07738670919963256,-0.1542465090751648,-0.022589603438973427,0.9828624725341797,-0.09838253259658813,-0.11399269104003906,-0.128204345703125,-0.07931603402549892,6.769233703613281,0.0,0.36728715896606445,0.05494499206542969,0.2129402805972478,-15.794868469238281,0.0,2.5692853927612305,-0.5433464050292969,2.3971498286834243,-13.098907470703125,0.0,0.8621811866760254,-0.07936477661132812,0.7378307545342395,-11.868133544921875,0.0,-0.5222172737121582,0.0061054229736328125,-0.45696001239270845,6.476188659667969,0.0,0.1845545768737793,-0.04273414611816406,0.12160088107942893,-5.772895812988281,0.0,-0.03959512710571289,-0.03052520751953125,-0.08648650512971287,-8.175827026367188,0.0,-0.017352581024169922,-0.15262603759765625,0.10775398809255893,13.098907470703125,0.0,-2.838878631591797,0.7387065887451172,-2.708407798940053,8.175827026367188,0.0,0.8387880325317383,-0.128204345703125,0.7789722735872263,-5.0695953369140625,0.0,-0.5837674140930176,-0.0061054229736328125,-0.4354772871793175,14.5054931640625,0.0,0.09635162353515625,-0.03052520751953125,0.07902317412615897,-1.4945068359375,0.0,-2.939544677734375,0.7142848968505859,-2.6646527436902514,6.710624694824219,0.0,0.3316197472727083,-0.02188749072306185,0.26667011281879255,-3.3707281162955747,0.0,0.09855206058518753,0.1282564473256417,0.03893379548747306,-4.073555581723401,0.0,-0.24342012405395508,-0.15262603759765625,-0.08341402729265782,3.369964599609375,0.0,-0.1486983299255371,-0.0061054229736328125,-0.11314828437562857,0.615386962890625,-1.0429656875125715,-0.5914368629455566,0.16483497619628906,-0.5926901688141324,-0.3223419189453125,0.0,-0.45702409744262695,0.018314361572265625,-0.35101543747585506,1.9633712768554688,0.0,-0.739464282989502,0.1892547607421875,-0.7175801358916272,0.02930450439453125,0.0,-0.23594284057617188,0.0659332275390625,-0.2201951919188165,0.16410446166992188,0.0,0.01888275146484375,-0.0073261260986328125,0.015060606169258917,-0.10158729553222656,0.0,1.8761277198791504,-0.4822959899902344,1.6039183343098213,-4.1904754638671875,0.0,-2.5297858715057373,0.4945049285888672,-2.3333379632742344,2.5494537353515625,0.0,0.09194183349609375,-0.07936477661132812,0.09381332618363125,0.3223419189453125,0.0,-0.9195122718811035,0.23809432983398438,-0.8400778099530427,1.0842514038085938,0.0,0.13124942779541016,-0.0061054229736328125,0.11400554775939765,-0.20513153076171875,0.0,0.08602237701416016,0.0073261260986328125,0.07033165194524861,-0.24224853515625,0.0,-0.5846109390258789,0.124542236328125,-0.5528174343711637,0.2578773498535156,0.0,-0.030919790267944336,0.009205818176269531,-0.030503220549753938,0.00158730149269104,0.0,0.0,0.0,1.6069950525820652e-23,0.0,0.0,0.10226736962795258,0.10420466214418411,0.13482247292995453,-0.6014857888221741,0.10420466214418411,0.13482247292995453,-0.6014857888221741
1.2006,1788396530.9050,ramp,0,-0.014913,-0.03755414167045364,-0.1162676543699205,0.08169530436921725,-0.1529954969882965,-0.022677969187498093,0.9829645156860352,-0.09929228574037552,-0.11629343032836914,-0.10378456115722656,-0.07930351338754085,7.0622711181640625,0.0,0.36824607849121094,0.05494499206542969,0.21265730868592347,-15.73626708984375,0.0,2.559506416320801,-0.47008514404296875,2.3860477876940545,-13.5091552734375,0.0,0.8604555130004883,-0.07936477661132812,0.7351932600102778,-12.043952941894531,0.0,-0.5222172737121582,0.0061054229736328125,-0.455191961991326,6.534797668457031,0.0,0.18397951126098633,-0.03052520751953125,0.12023313395730797,-5.9487152099609375,0.0,-0.04017019271850586,-0.05494499206542969,-0.08734737125535783,-7.706962585449219,0.0,-0.019845962524414062,-0.15262603759765625,0.10647664829432846,13.216110229492188,0.0,-2.8248815536499023,0.7631263732910156,-2.6946513749709142,7.882781982421875,0.0,0.8357200622558594,-0.14041519165039062,0.7764635283740641,-4.717948913574219,0.0,-0.5839591026306152,0.0061054229736328125,-0.43371887847825563,14.681320190429688,0.0,0.09692716598510742,-0.03052520751953125,0.07930505958395706,-1.4945068359375,0.0,-2.924588680267334,0.7142848968505859,-2.65067441960467,6.652015686035156,0.0,0.33084637084982466,-0.026294278238244186,0.26527120586187414,-3.599583401592181,0.0,0.10120424340891551,0.14567516802063335,0.03872955528675884,-4.378187167350154,0.0,-0.2468714714050293,-0.16483497619628906,-0.08297644114812334,3.4285736083984375,0.0,-0.1486983299255371,-0.0061054229736328125,-0.11255472851348655,0.615386962890625,-1.031094570269731,-0.5887527465820312,0.16483497619628906,-0.5895810132060051,-0.26373291015625,0.0,-0.4568324089050293,0.0061054229736328125,-0.3491740795444441,2.0219802856445312,0.0,-0.7362046241760254,0.1892547607421875,-0.7138179950190201,0.08791351318359375,0.0,-0.23479843139648438,0.03663063049316406,-0.21904100376859828,0.14847564697265625,0.0,0.01888275146484375,-0.0073261260986328125,0.014982793288853897,-0.11721611022949219,0.0,1.8669242858886719,-0.4822959899902344,1.5955044477459777,-4.0732574462890625,0.0,-2.5196235179901123,0.4945049285888672,-2.3210976601198325,2.6080551147460938,0.0,0.09021615982055664,-0.04273414611816406,0.09332118074645687,0.26373291015625,0.0,-0.9147186279296875,0.22588539123535156,-0.8356709056183211,1.0842514038085938,0.0,0.13067388534545898,-0.018314361572265625,0.11340702167498085,-0.20513153076171875,0.0,0.08564090728759766,-0.0073261260986328125,0.06996178470449352,-0.24224853515625,0.0,-0.5815591812133789,0.124542236328125,-0.5499148585680441,0.2891349792480469,0.0,-0.030823945999145508,0.0030689239501953125,-0.030343205739753618,0.002319902181625366,0.0,0.0,0.0,1.6342671578301113e-23,0.0,0.0,0.10402784496545792,0.12615059316158295,0.127790167927742,-0.5890042185783386,0.12615059316158295,0.127790167927742,-0.5890042185783386
1.2210,1788396530.9256,ramp,0,-0.015167,-0.032250063127181136,-0.1273627579782189,0.06196091450708021,-0.15170061588287354,-0.02281075343489647,0.9830718040466309,-0.100181944668293,-0.11744403839111328,-0.06715583801269531,-0.07929080692384641,7.0622711181640625,0.0,0.3692049980163574,0.04273414611816406,0.2123701370314252,-15.794868469238281,0.0,2.5499191284179688,-0.4456653594970703,2.3747809751531777,-14.095245361328125,0.0,0.8594965934753418,-0.05494499206542969,0.7325166209663835,-12.395606994628906,0.0,-0.5222172737121582,0.0061054229736328125,-0.45339767097274025,6.769233703613281,0.0,0.1832122802734375,-0.05494499206542969,0.11884508734110336,-5.831504821777344,0.0,-0.04074573516845703,-0.05494499206542969,-0.0882210139729193,-7.9413909912109375,0.0,-0.021955013275146484,-0.15262603759765625,0.1051803507872806,13.27471923828125,0.0,-2.8106918334960938,0.7142848968505859,-2.6806907842793914,8.175827026367188,0.0,0.8328442573547363,-0.15262603759765625,0.7739175494809414,-4.776557922363281,0.0,-0.5839591026306152,-0.0061054229736328125,-0.43193437225781567,14.915756225585938,0.0,0.09711885452270508,-0.04273414611816406,0.07959112866026935,-1.4945068359375,0.0,-2.910207748413086,0.7387065887451172,-2.6364886354539316,6.534797668457031,0.0,0.32963927770419305,-0.03994276419381054,0.2638515369504714,-3.363962236090896,0.0,0.1040355724534584,0.16299679828221642,0.03852228384388077,-4.687817990170122,0.0,-0.24878883361816406,-0.05494499206542969,-0.08253236054477525,3.25274658203125,0.0,-0.1486983299255371,0.0061054229736328125,-0.11195236335939501,0.615386962890625,-1.0190472671879003,-0.586451530456543,0.06715583801269531,-0.5864257128940421,-0.08791351318359375,0.0,-0.45568180084228516,0.128204345703125,-0.34730539299809415,1.7875442504882812,0.0,-0.7331366539001465,0.128204345703125,-0.7100000181258869,0.14652252197265625,0.0,-0.23365402221679688,0.0659332275390625,-0.21786968567151496,0.14847564697265625,0.0,0.01888275146484375,-0.0073261260986328125,0.01490382554430779,-0.10158729553222656,0.0,1.8569531440734863,-0.4822959899902344,1.5869656860222738,-4.0732574462890625,0.0,-2.508310317993164,0.5189247131347656,-2.308675691833444,2.5494537353515625,0.0,0.0890655517578125,-0.03052520751953125,0.09282173110572862,0.20513153076171875,0.0,-0.9105005264282227,0.1892547607421875,-0.8311985959707144,1.2014617919921875,0.0,0.12990713119506836,-0.018314361572265625,0.11279961253278747,-0.20513153076171875,0.0,0.08487796783447266,-0.03663063049316406,0.06958642805875705,-0.19536209106445312,0.0,-0.5785074234008789,0.13919448852539062,-0.5469692040266184,0.24224853515625,0.0,-0.03063201904296875,0.009205818176269531,-0.030180816061156343,0.0030525028705596924,0.0,0.0,0.0,1.661944023527058e-23,0.0,0.0,0.1060863733291626,0.14319656789302826,0.12945453822612762,-0.6297111511230469,0.14319656789302826,0.12945453822612762,-0.6297111511230469
1.2406,1788396530.9449,ramp,0,-0.015344,-0.033167459704875384,-0.12397043170405435,0.09336791445989932,-0.1505027413368225,-0.022846855223178864,0.9832085371017456,-0.10063697397708893,-0.11916971206665039,-0.10378456115722656,-0.0792785473189179,7.296699523925781,0.0,0.3697800636291504,0.03052520751953125,0.21209306458109817,-15.853477478027344,0.0,2.540715217590332,-0.5067157745361328,2.3639103919699926,-13.860809326171875,0.0,0.8583459854125977,-0.07936477661132812,0.7299341135116397,-12.278388977050781,0.0,-0.5222172737121582,0.0061054229736328125,-0.4516664812771974,6.9450531005859375,0.0,0.18206167221069336,-0.03052520751953125,0.11750585531351368,-5.9487152099609375,0.0,-0.04170417785644531,0.0061054229736328125,-0.08906393257116352,-8.4688720703125,0.0,-0.024639129638671875,-0.128204345703125,0.1039296412516959,13.098907470703125,0.0,-2.796311378479004,0.628814697265625,-2.6672211572799176,8.410255432128906,0.0,0.8297758102416992,-0.10378456115722656,0.7714611071428875,-4.717948913574219,0.0,-0.5837674140930176,0.018314361572265625,-0.4302126232502925,14.857147216796875,0.0,0.09731054306030273,-0.03052520751953125,0.0798671373076936,-1.4945068359375,0.0,-2.8960185050964355,0.7631263732910156,-2.622801734560724,6.593406677246094,0.0,0.3282943709206508,-0.048991513871228236,0.2624817947152124,-3.283229129712966,0.0,0.10741286801119444,0.17447753047695225,0.03832230168804652,-4.873619745592747,0.0,-0.24898052215576172,-0.06715583801269531,-0.08210389729297085,3.369964599609375,0.0,-0.14773941040039062,0.018314361572265625,-0.11137118208115437,0.5567779541015625,-1.0074236416230875,-0.5835757255554199,0.23809432983398438,-0.5833813776497409,-0.4395599365234375,0.0,-0.4531888961791992,0.09157562255859375,-0.34550242410412363,1.8461532592773438,0.0,-0.7287263870239258,0.27472496032714844,-0.7063163111983325,-0.14652252197265625,0.0,-0.23250961303710938,0.05128288269042969,-0.21673956029114505,0.16410446166992188,0.0,0.01850128173828125,-0.03663063049316406,0.01482763492404473,-0.10158729553222656,0.0,1.8471741676330566,-0.47008514404296875,1.5787272140265642,-4.131866455078125,0.0,-2.497572898864746,0.5433464050292969,-2.296690577226613,2.4908447265625,0.0,0.08810710906982422,-0.06715583801269531,0.09233984602548513,0.3223419189453125,0.0,-0.9074325561523438,0.15262603759765625,-0.8268835677523174,1.26007080078125,0.0,0.1293320655822754,-0.018314361572265625,0.11221356465256539,-0.20513153076171875,0.0,0.08411502838134766,-0.03663063049316406,0.06922427189204741,-0.14847564697265625,0.0,-0.5758371353149414,0.124542236328125,-0.5441271417658573,0.3047637939453125,0.0,-0.030440330505371094,0.009205818176269531,-0.030024137275308272,0.004029303789138794,0.0,0.0,0.0,1.6886475538926293e-23,0.0,0.0,0.10858982056379318,0.14529383182525635,0.1232960969209671,-0.620884120464325,0.14529383182525635,0.1232960969209671,-0.620884120464325
1.2604,1788396530.9648,ramp,0,-0.015166,-0.05952298194381601,-0.1253121905178851,0.13499120815080434,-0.14909692108631134,-0.0228371974080801,0.9832763671875,-0.10205982625484467,-0.1208953857421875,-0.07936477661132812,-0.07926616963537073,7.706962585449219,0.0,0.36997175216674805,0.03052520751953125,0.2118133235021817,-15.853477478027344,0.0,2.5313198566436768,-0.45787620544433594,2.352935108557565,-14.153839111328125,0.0,0.8566198348999023,-0.05494499206542969,0.7273267325870943,-12.454216003417969,0.0,-0.5222172737121582,0.0061054229736328125,-0.4499186175950863,7.0622711181640625,0.0,0.1814866065979004,-0.03052520751953125,0.11615372444710964,-6.124542236328125,0.0,-0.04170417785644531,0.0061054229736328125,-0.08991496975596211,-8.117218017578125,0.0,-0.026940345764160156,-0.14041519165039062,0.10266688548336683,13.626373291015625,0.0,-2.7828893661499023,0.6776561737060547,-2.653621797311118,8.293037414550781,0.0,0.8272829055786133,-0.14041519165039062,0.7689810055336078,-4.542121887207031,0.0,-0.5833840370178223,0.04273414611816406,-0.4284742911843678,14.857147216796875,0.0,0.09731054306030273,0.03052520751953125,0.08014580433766927,-1.7289352416992188,0.0,-2.8822128772735596,0.7020759582519531,-2.608983008020541,6.886444091796875,0.0,0.32687757043417104,-0.05346335967271208,0.26109885978149194,-3.200966575546937,0.0,0.11069557098560624,0.18014712606268793,0.03812039340026447,-5.182502808359173,0.0,-0.2520484924316406,-0.1770458221435547,-0.08167130728918544,3.6630020141601562,0.0,-0.1473560333251953,-0.018314361572265625,-0.11078440314434859,0.6739959716796875,-0.9956880628869719,-0.5785903930664062,0.23809432983398438,-0.5803077208324755,-0.4981689453125,0.0,-0.45222997665405273,0.04273414611816406,-0.3436820898808663,1.9047622680664062,0.0,-0.7243161201477051,0.25030517578125,-0.7025971245772531,-0.02930450439453125,0.0,-0.23060226440429688,0.08058547973632812,-0.21559855008662143,0.07033157348632812,0.0,0.01811981201171875,-0.0073261260986328125,0.014750710472369572,-0.07032966613769531,0.0,1.8383541107177734,-0.40903472900390625,1.5704093930307115,-4.24908447265625,0.0,-2.4854929447174072,0.5555553436279297,-2.284590027759878,2.4908447265625,0.0,0.08676481246948242,-0.04273414611816406,0.09185331965990123,0.3223419189453125,0.0,-0.9043645858764648,0.16483497619628906,-0.8225269792573427,1.3186798095703125,0.0,0.1283731460571289,-0.03052520751953125,0.11162187224100839,-0.14652252197265625,0.0,0.08335208892822266,-0.021978378295898438,0.06885862761131142,-0.19536209106445312,0.0,-0.5727853775024414,0.15384674072265625,-0.5412577061282305,0.2578773498535156,0.0,-0.030344486236572266,0.02148151397705078,-0.02986594943474627,0.0030525028705596924,0.0,0.0,0.0,1.7156082798201825e-23,0.0,0.0,0.1105566993355751,0.15998941659927368,0.13142481446266174,-0.5111701488494873,0.15998941659927368,0.13142481446266174,-0.5111701488494873
1.2804,1788396530.9847,ramp,0,-0.015568,-0.04909104705883938,-0.13419676223049848,0.08678234984781051,-0.14780451357364655,-0.023090120404958725,0.9833354949951172,-0.10330533236265182,-0.12185382843017578,-0.05494499206542969,-0.0792536891497547,7.76556396484375,0.0,0.37035512924194336,0.018314361572265625,0.21153125905140446,-16.02930450439453,0.0,2.5228829383850098,-0.47008514404296875,2.34186867062202,-14.446884155273438,0.0,0.8556613922119141,-0.06715583801269531,0.7246976962249778,-12.571426391601562,0.0,-0.5222172737121582,0.0061054229736328125,-0.4481562371415689,7.296699523925781,0.0,0.18033599853515625,-0.06715583801269531,0.11479036354320335,-5.9487152099609375,0.0,-0.04170417785644531,-0.0061054229736328125,-0.09077307517634245,-8.644683837890625,0.0,-0.028857707977294922,-0.14041519165039062,0.1013936419767671,13.802200317382812,0.0,-2.7706174850463867,0.6654453277587891,-2.639909488717114,8.410255432128906,0.0,0.8242149353027344,-0.15262603759765625,0.7664803055970701,-4.600730895996094,0.0,-0.5824251174926758,0.04273414611816406,-0.42672152151127296,15.032974243164062,0.0,0.09750223159790039,-0.03052520751953125,0.08042678581906015,-1.4358978271484375,0.0,-2.8678319454193115,0.7631263732910156,-2.5950495109199503,6.417579650878906,0.0,0.3252431090772652,-0.07658327589401694,0.2597044389690339,-2.964230740954109,0.0,0.11388226185862124,0.1739772564643243,0.037916808175951985,-5.370735508010248,0.0,-0.25511646270751953,-0.14041519165039062,-0.08123512443644855,3.5457839965820312,0.0,-0.1473560333251953,-0.0061054229736328125,-0.11019275075214764,0.615386962890625,-0.9838550150429528,-0.5749468803405762,0.10378456115722656,-0.5772085359526649,-0.26373291015625,0.0,-0.45088768005371094,0.11599540710449219,-0.3418466369867009,1.7875442504882812,0.0,-0.7208647727966309,0.14041519165039062,-0.6988470484866182,0.14652252197265625,0.0,-0.22983932495117188,0.021978378295898438,-0.21444806329391716,0.13284683227539062,0.0,0.01811981201171875,-0.0073261260986328125,0.014673147129520031,-0.10158729553222656,0.0,1.8297252655029297,-0.4212455749511719,1.5620224888979808,-4.1904754638671875,0.0,-2.4734129905700684,0.5677661895751953,-2.2723889779438897,2.5494537353515625,0.0,0.08618927001953125,-0.0061054229736328125,0.09136275248031987,0.20513153076171875,0.0,-0.9016804695129395,0.15262603759765625,-0.8181342073918112,1.3186798095703125,0.0,0.12741422653198242,-0.018314361572265625,0.11102526556550202,-0.14652252197265625,0.0,0.08258914947509766,-0.021978378295898438,0.06848994649509804,-0.16410446166992188,0.0,-0.5701150894165039,0.13919448852539062,-0.538364438574166,0.2578773498535156,0.0,-0.03015279769897461,0.0030689239501953125,-0.029706447775066567,0.004517704248428345,0.0,0.0,0.0,1.7427929263539268e-23,0.0,0.0,0.11299419403076172,0.1636616438627243,0.11514012515544891,-0.6245974898338318,0.1636616438627243,0.11514012515544891,-0.6245974898338318
1.3003,1788396531.0047,ramp,0,-0.016041,-0.02889105549496702,-0.11093884379861846,-0.01861973419085738,-0.1464785486459732,-0.02324632555246353,0.983485758304596,-0.10372776538133621,-0.12281274795532227,-0.06715583801269531,-0.07924121674359999,7.882781982421875,0.0,0.37093067169189453,0.03052520751953125,0.21124937719999753,-15.970695495605469,0.0,2.513104200363159,-0.4334545135498047,2.330809396739205,-14.681320190429688,0.0,0.8545107841491699,-0.06715583801269531,0.7220703618156702,-12.864471435546875,0.0,-0.5222172737121582,0.0061054229736328125,-0.44639499759595463,7.472526550292969,0.0,0.1788020133972168,-0.07936477661132812,0.11342788523489496,-5.831504821777344,0.0,-0.04247140884399414,-0.07936477661132812,-0.0916306250871256,-8.117218017578125,0.0,-0.031350135803222656,-0.128204345703125,0.10012122272668726,13.626373291015625,0.0,-2.7570037841796875,0.7142848968505859,-2.626206057026627,8.351646423339844,0.0,0.8203802108764648,-0.20146560668945312,0.7639812245325049,-4.0732574462890625,0.0,-0.5814666748046875,0.05494499206542969,-0.42496988652437395,15.091567993164062,0.0,0.09750223159790039,0.018314361572265625,0.08070758540215994,-1.611724853515625,0.0,-2.852684259414673,0.8363857269287109,-2.581125033913137,6.00732421875,0.0,0.32296250055250936,-0.10408685218818793,0.25831092085935037,-2.7255669026829055,0.0,0.11751658125392865,0.18514809805728963,0.037713354746105855,-5.559641691878919,0.0,-0.2553081512451172,0.15262603759765625,-0.08079922395433313,3.0769195556640625,0.0,-0.14716434478759766,-0.018314361572265625,-0.10960148137650184,0.5567779541015625,-0.9720296275300369,-0.5732212066650391,0.20146560668945312,-0.5741113573845535,-0.4395599365234375,0.0,-0.44513559341430664,0.27472496032714844,-0.34001237230516496,1.4358978271484375,0.0,-0.7164545059204102,0.27472496032714844,-0.6950994000735264,-0.08791351318359375,0.0,-0.22907638549804688,0.03663063049316406,-0.21329832128902054,0.19536209106445312,0.0,0.01811981201171875,-0.0073261260986328125,0.01459563399866114,-0.11721611022949219,0.0,1.8209052085876465,-0.4212455749511719,1.5536410141747679,-4.1904754638671875,0.0,-2.461524724960327,0.5189247131347656,-2.260195826691537,2.6080551147460938,0.0,0.08580589294433594,-0.03052520751953125,0.090872502878008,0.26373291015625,0.0,-0.8986124992370605,0.16483497619628906,-0.813744279264207,1.3186798095703125,0.0,0.1266474723815918,-0.03052520751953125,0.11042904511379302,-0.14652252197265625,0.0,0.08182621002197266,-0.03663063049316406,0.06812150405107284,-0.14847564697265625,0.0,-0.5666818618774414,0.13919448852539062,-0.5354730440276078,0.2578773498535156,0.0,-0.03005695343017578,0.015343666076660156,-0.029547049371584318,0.00476190447807312,0.0,0.0,0.0,1.7699599744298504e-23,0.0,0.0,0.11595916002988815,0.20303145051002502,0.06441841274499893,-0.7983245253562927,0.20303145051002502,0.06441841274499893,-0.7983245253562927
1.3215,1788396531.0259,ramp,0,-0.015969,-0.06115199597072545,-0.12161251048679023,0.1336560656278067,-0.14503392577171326,-0.023198196664452553,0.9836038947105408,-0.10464414209127426,-0.12473011016845703,-0.09157562255859375,-0.07922798713400195,8.4688720703125,0.0,0.37131404876708984,0.018314361572265625,0.21095038221854617,-16.322341918945312,0.0,2.5004489421844482,-0.5555553436279297,2.3190787110886273,-14.036636352539062,0.0,0.8529767990112305,-0.04273414611816406,0.7192835211621961,-13.216117858886719,0.0,-0.5222172737121582,0.0061054229736328125,-0.4445268326798951,7.648353576660156,0.0,0.17765188217163086,-0.018314361572265625,0.1119826904680547,-6.1831512451171875,0.0,-0.0426630973815918,0.0061054229736328125,-0.09254023710502761,-8.586074829101562,0.0,-0.03441810607910156,-0.15262603759765625,0.09877155452996911,13.919418334960938,0.0,-2.7420473098754883,0.6898651123046875,-2.611670685970751,8.117218017578125,0.0,0.8175044059753418,-0.16483497619628906,0.7613304235220264,-4.4249114990234375,0.0,-0.5803160667419434,0.06715583801269531,-0.4231119092626121,14.974365234375,0.0,0.09731054306030273,-0.0061054229736328125,0.08100543241047714,-1.4945068359375,0.0,-2.8371529579162598,0.6898651123046875,-2.5663551978148145,6.534797668457031,0.0,0.3213298981677816,-0.0674184942382376,0.2568328018556709,-2.9531807313882807,0.0,0.12051395405265208,0.1504821059323321,0.03749754959873849,-5.619616422904492,0.0,-0.25645875930786133,-0.22588539123535156,-0.08033685982583666,3.7802200317382812,0.0,-0.14697265625,0.018314361572265625,-0.10897431586328561,0.5567779541015625,-0.9594863172657122,-0.5657429695129395,0.20146560668945312,-0.5708261481953067,-0.4981689453125,0.0,-0.4436016082763672,0.09157562255859375,-0.33806674887571975,1.7875442504882812,0.0,-0.71185302734375,0.21367454528808594,-0.6911242308238362,-0.02930450439453125,0.0,-0.22716903686523438,0.13919448852539062,-0.21207877810909576,0.08596038818359375,0.0,0.01659393310546875,-0.0659332275390625,0.014513415022846579,0.117218017578125,0.0,1.8130435943603516,-0.3846149444580078,1.5447506976577803,-4.24908447265625,0.0,-2.449636697769165,0.5921859741210938,-2.247262425643068,2.4908447265625,0.0,0.08446359634399414,-0.018314361572265625,0.09035249007825466,0.26373291015625,0.0,-0.8951611518859863,0.20146560668945312,-0.8090878373097694,1.3186798095703125,0.0,0.12588071823120117,-0.018314361572265625,0.10979662794323065,-0.20513153076171875,0.0,0.08144474029541016,-0.0073261260986328125,0.06773069335798507,-0.1797332763671875,0.0,-0.5640115737915039,0.124542236328125,-0.5324061120683429,0.2891349792480469,0.0,-0.029865026473999023,0.0030689239501953125,-0.029377973844179228,0.005738705396652222,0.0,0.0,0.0,1.7987763419789002e-23,0.0,0.0,0.11748601496219635,0.13519668579101562,0.11520446836948395,-0.5110019445419312,0.13519668579101562,0.11520446836948395,-0.5110019445419312
1.3402,1788396531.0445,ramp,0,-0.016687,-0.0701892500375844,-0.13490855861084938,0.06934521522554343,-0.14367587864398956,-0.023574162274599075,0.9836720824241638,-0.10578619688749313,-0.12530517578125,-0.04273414611816406,-0.07921627643001769,8.351654052734375,0.0,0.3718891143798828,0.03052520751953125,0.21068571517039136,-16.146522521972656,0.0,2.490286350250244,-0.5311355590820312,2.3086948379918293,-14.446884155273438,0.0,0.8522100448608398,-0.05494499206542969,0.7168166406618863,-13.216117858886719,0.0,-0.5222172737121582,0.0061054229736328125,-0.4428731537739825,7.8241729736328125,0.0,0.17669296264648438,-0.03052520751953125,0.11070342005658593,-6.1831512451171875,0.0,-0.0426630973815918,-0.018314361572265625,-0.0933454155952339,-8.5274658203125,0.0,-0.03633546829223633,-0.11599540710449219,0.09757684318103654,14.036636352539062,0.0,-2.7297754287719727,0.7142848968505859,-2.5988041363968426,8.586082458496094,0.0,0.8144364356994629,-0.1770458221435547,0.7589839638079415,-4.1904754638671875,0.0,-0.5787816047668457,0.07936477661132812,-0.42146724835552174,14.915756225585938,0.0,0.09692716598510742,0.14041519165039062,0.0812690832855199,-1.9633712768554688,0.0,-2.8229639530181885,0.7387065887451172,-2.55328110238051,6.24176025390625,0.0,0.32005388672728,-0.06782564584118034,0.25552438727417404,-3.1049111914040077,0.0,0.12287427022371698,0.11548982062107133,0.03730652127092816,-5.6186837696661405,0.0,-0.2593350410461426,-0.16483497619628906,-0.07992758021696891,3.8388290405273438,0.0,-0.14639759063720703,0.0061054229736328125,-0.10841915589276806,0.6739959716796875,-0.9483831178553612,-0.5601825714111328,0.21367454528808594,-0.5679181173833231,-0.615386962890625,0.0,-0.44283485412597656,0.06715583801269531,-0.3363445045511077,1.8461532592773438,0.0,-0.707634449005127,0.23809432983398438,-0.6876054550031712,-0.02930450439453125,0.0,-0.22602462768554688,0.021978378295898438,-0.21099925198473993,0.19536209106445312,0.0,0.01697540283203125,-0.0073261260986328125,0.014440635695496258,-0.08595848083496094,0.0,1.8059492111206055,-0.372406005859375,1.5368810878794106,-4.366302490234375,0.0,-2.438323736190796,0.6043949127197266,-2.2358139221883118,2.5494537353515625,0.0,0.08427190780639648,-0.0061054229736328125,0.08989218050367463,0.20513153076171875,0.0,-0.8917098045349121,0.15262603759765625,-0.8049660064315287,1.4358978271484375,0.0,0.12549686431884766,-0.0061054229736328125,0.10923681926375826,-0.20513153076171875,0.0,0.08106327056884766,-0.0073261260986328125,0.06738475205815192,-0.1797332763671875,0.0,-0.5617227554321289,0.13919448852539062,-0.5296912978443377,0.3047637939453125,0.0,-0.029673337936401367,0.0030689239501953125,-0.029228310058732707,0.004029303789138794,0.0,0.0,0.0,1.8242842715793564e-23,0.0,0.0,0.11912074685096741,0.12839753925800323,0.12087143957614899,-0.6306565999984741,0.12839753925800323,0.12087143957614899,-0.6306565999984741
1.3605,1788396531.0649,ramp,0,-0.017488,-0.05836264265686848,-0.14707460251725274,0.06900567467012593,-0.14225786924362183,-0.02392130345106125,0.9837912917137146,-0.10651437193155289,-0.12607240676879883,-0.04273414611816406,-0.07920363417395074,8.4688720703125,0.0,0.3722724914550781,0.0061054229736328125,0.21039999463644546,-16.20513153076172,0.0,2.4782063961029053,-0.5189247131347656,2.2974849583096844,-14.212448120117188,0.0,0.850867748260498,-0.09157562255859375,0.7141535270682476,-13.098899841308594,0.0,-0.5222172737121582,0.0061054229736328125,-0.4410879295714739,8.058609008789062,0.0,0.17554283142089844,-0.06715583801269531,0.10932238744382072,-6.124542236328125,0.0,-0.0426630973815918,0.0061054229736328125,-0.09421464366781572,-8.996337890625,0.0,-0.038828372955322266,-0.128204345703125,0.09628709605570265,14.036636352539062,0.0,-2.7144365310668945,0.7264957427978516,-2.584914090620731,8.0,0.0,0.8104095458984375,-0.1892547607421875,0.7564508501201401,-3.7802200317382812,0.0,-0.5770559310913086,0.09157562255859375,-0.4196917595071367,14.915756225585938,0.0,0.0965433120727539,-0.128204345703125,0.08155370681276942,-0.9084243774414062,0.0,-2.8074326515197754,0.75091552734375,-2.5391670010808096,6.3003692626953125,0.0,0.31863077842958004,-0.07215728434838183,0.2541118921583133,-2.8672274077455353,0.0,0.1250480879342494,0.1327801631164394,0.03710029720109669,-5.807646393616617,0.0,-0.26163578033447266,-0.09157562255859375,-0.07948574361813975,3.6630020141601562,0.0,-0.14620542526245117,-0.03052520751953125,-0.1078198345782805,0.7325973510742188,-0.9363966915656099,-0.5573062896728516,0.22588539123535156,-0.5647787612673131,-0.5567779541015625,0.0,-0.4416842460632324,-0.0061054229736328125,-0.33448526075236445,2.0219802856445312,0.0,-0.7037997245788574,0.21367454528808594,-0.6838067709080948,0.02930450439453125,0.0,-0.22564315795898438,-0.0073261260986328125,-0.20983385273005403,0.1797332763671875,0.0,0.01659393310546875,-0.03663063049316406,0.014362066986562776,-0.03907203674316406,0.0,1.7984709739685059,-0.39682579040527344,1.5283854737729405,-4.3076934814453125,0.0,-2.4260518550872803,0.5799751281738281,-2.2234547239323157,2.4908447265625,0.0,0.08388853073120117,-0.018314361572265625,0.08939525465534427,0.26373291015625,0.0,-0.8896007537841797,0.11599540710449219,-0.8005162960215011,1.5531158447265625,0.0,0.12511348724365234,-0.0061054229736328125,0.10863247944918167,-0.20513153076171875,0.0,0.08030033111572266,-0.021978378295898438,0.06701129214468182,-0.16410446166992188,0.0,-0.5586709976196289,0.124542236328125,-0.5267605281279918,0.2891349792480469,0.0,-0.02957749366760254,0.009205818176269531,-0.029066740959034523,0.005250304937362671,0.0,0.0,0.0,1.8518212820085304e-23,0.0,0.0,0.12049951404333115,0.1296304315328598,0.13220380246639252,-0.6434364914894104,0.1296304315328598,0.13220380246639252,-0.6434364914894104
1.3803,1788396531.0846,ramp,0,-0.018161,-0.06938098064674535,-0.1450138318209926,0.05417024453459531,-0.1407165378332138,-0.024215318262577057,0.9839081764221191,-0.1074107438325882,-0.12683916091918945,-0.018314361572265625,-0.07919127334735071,8.4688720703125,0.0,0.372464656829834,0.0061054229736328125,0.2101206345319306,-16.380950927734375,0.0,2.467660665512085,-0.45787620544433594,2.2865246219405964,-14.73992919921875,0.0,0.8493337631225586,-0.07936477661132812,0.7115496970894244,-13.157508850097656,0.0,-0.5222172737121582,0.0061054229736328125,-0.4393424462738346,8.23443603515625,0.0,0.17458391189575195,-0.05494499206542969,0.10797209802040292,-6.1831512451171875,0.0,-0.0426630973815918,-0.0061054229736328125,-0.09506452184020366,-9.172164916992188,0.0,-0.041129112243652344,-0.11599540710449219,0.09502606001200281,14.153839111328125,0.0,-2.7012062072753906,0.7020759582519531,-2.5713332513784777,8.117218017578125,0.0,0.8063831329345703,-0.22588539123535156,0.7539741261171461,-3.7216110229492188,0.0,-0.5749468803405762,0.11599540710449219,-0.4179557948447452,14.73992919921875,0.0,0.09596824645996094,-0.03052520751953125,0.08183199433107165,-1.1428604125976562,0.0,-2.7924764156341553,0.75091552734375,-2.5253670940186046,6.358970642089844,0.0,0.31720883969350955,-0.077140974816376,0.2527308406190906,-3.0183611153541814,0.0,0.12721987087472564,0.1035669116057441,0.03689866388862187,-5.806654125917753,0.0,-0.2645120620727539,-0.16483497619628906,-0.07905374275098907,3.9560470581054688,0.0,-0.14620542526245117,0.018314361572265625,-0.10723385476527589,0.7325973510742188,-0.9246770953055178,-0.5532798767089844,0.15262603759765625,-0.5617092904086177,-0.4395599365234375,0.0,-0.44149255752563477,0.03052520751953125,-0.3326674056099204,2.0219802856445312,0.0,-0.6993889808654785,0.21367454528808594,-0.6800926493811479,-0.08791351318359375,0.0,-0.22373580932617188,0.09523773193359375,-0.20869439644704088,0.0547027587890625,0.0,0.01621246337890625,-0.0073261260986328125,0.01428524729693064,-0.07032966613769531,0.0,1.7904176712036133,-0.40903472900390625,1.520078980669612,-4.24908447265625,0.0,-2.4132049083709717,0.6166057586669922,-2.211370653988752,2.373626708984375,0.0,0.08350515365600586,0.0061054229736328125,0.08890939088136725,0.20513153076171875,0.0,-0.8872990608215332,0.14041519165039062,-0.796165640686938,1.4945068359375,0.0,0.12453842163085938,-0.0061054229736328125,0.10804159285299972,-0.20513153076171875,0.0,0.07991886138916016,-0.0073261260986328125,0.06664614582839064,-0.1797332763671875,0.0,-0.5560007095336914,0.124542236328125,-0.5238950003237417,0.3203926086425781,0.0,-0.029385805130004883,0.015343666076660156,-0.028908768551680016,0.004029303789138794,0.0,0.0,0.0,1.878745290602801e-23,0.0,0.0,0.12163469940423965,0.11888348311185837,0.12157395482063293,-0.6633995771408081,0.11888348311185837,0.12157395482063293,-0.6633995771408081
1.4004,1788396531.1048,ramp,0,-0.019066,-0.060811989362117194,-0.16196600064756703,0.03867966428733759,-0.13916432857513428,-0.02458670549094677,0.984046459197998,-0.10808058828115463,-0.1270308494567871,-0.018314361572265625,-0.07917867270404044,8.410263061523438,0.0,0.37265634536743164,-0.0061054229736328125,0.20983585446454406,-16.322341918945312,0.0,2.456922769546509,-0.5189247131347656,2.275351640260951,-14.329666137695312,0.0,0.8476080894470215,-0.09157562255859375,0.7088953492965633,-13.391944885253906,0.0,-0.5220255851745605,0.0061054229736328125,-0.4375630982456432,8.351646423339844,0.0,0.1734328269958496,-0.018314361572265625,0.10659561116069152,-6.24176025390625,0.0,-0.0426630973815918,-0.0061054229736328125,-0.09593088879558312,-9.113555908203125,0.0,-0.04304647445678711,-0.14041519165039062,0.09374055816797469,14.212448120117188,0.0,-2.687209129333496,0.7020759582519531,-2.5574889255349875,8.117218017578125,0.0,0.801206111907959,-0.23809432983398438,0.7514493503275055,-3.135528564453125,0.0,-0.5724539756774902,0.11599540710449219,-0.41618615012616555,14.73992919921875,0.0,0.09500980377197266,-0.1892547607421875,0.08211568100262621,-0.4981689453125,0.0,-2.7773287296295166,0.7264957427978516,-2.5112994501439445,6.24176025390625,0.0,0.3160017300425509,-0.08163875924427072,0.25132299481703113,-2.937098486707863,0.0,0.12911922284968355,0.10923150441211824,0.036693118617890826,-5.8704374245240825,0.0,-0.26642942428588867,-0.04273414611816406,-0.07861336048426609,3.6630020141601562,0.0,-0.1452469825744629,0.05494499206542969,-0.10663650615343877,0.4981689453125,-0.9127301230687754,-0.5513625144958496,0.10378456115722656,-0.5585802676746866,-0.3223419189453125,0.0,-0.43976688385009766,0.06715583801269531,-0.33081428162550874,1.9047622680664062,0.0,-0.6957459449768066,0.1892547607421875,-0.6763064688863965,-0.02930450439453125,0.0,-0.22297286987304688,0.03663063049316406,-0.2075328331750624,0.19536209106445312,0.0,0.01621246337890625,-0.0073261260986328125,0.014206937201693364,-0.07032966613769531,0.0,1.782747745513916,-0.372406005859375,1.511611330394996,-4.366302490234375,0.0,-2.4009335041046143,0.6043949127197266,-2.199052136787421,2.4322357177734375,0.0,0.0833134651184082,0.0061054229736328125,0.08841410069476686,0.20513153076171875,0.0,-0.8842310905456543,0.1770458221435547,-0.7917305767700474,1.4358978271484375,0.0,0.12415504455566406,-0.0061054229736328125,0.10743924225977261,-0.26373291015625,0.0,0.07953739166259766,-0.0073261260986328125,0.06627391518099758,-0.1797332763671875,0.0,-0.5529489517211914,0.13919448852539062,-0.5209738774146218,0.2578773498535156,0.0,-0.029194116592407227,0.015343666076660156,-0.028747731266525214,0.0037851035594940186,0.0,0.0,0.0,1.9061916612830698e-23,0.0,0.0,0.12254927307367325,0.11602518707513809,0.13409307599067688,-0.6570153832435608,0.11602518707513809,0.13409307599067688,-0.6570153832435608
1.4206,1788396531.1252,ramp,0,-0.020084,-0.0506853318006585,-0.15942075101475106,-0.0020492089620960633,-0.13745160400867462,-0.024955324828624725,0.9842341542243958,-0.10847777128219604,-0.1270308494567871,-0.018314361572265625,-0.0791660677613494,8.76190185546875,0.0,0.37265634536743164,-0.0061054229736328125,0.20955097722926558,-16.380950927734375,0.0,2.447144031524658,-0.5067157745361328,2.2641748463233515,-14.5054931640625,0.0,0.8458824157714844,-0.09157562255859375,0.706240095831539,-13.333335876464844,0.0,-0.5220255851745605,0.018314361572265625,-0.4357831430980751,8.468864440917969,0.0,0.17266607284545898,-0.03052520751953125,0.10521865463915395,-6.3003692626953125,0.0,-0.0426630973815918,-0.05494499206542969,-0.09679755135820614,-9.289382934570312,0.0,-0.04515552520751953,-0.11599540710449219,0.09245461770650582,14.329666137695312,0.0,-2.673977851867676,0.7387065887451172,-2.5436398759621626,7.9413909912109375,0.0,0.7967953681945801,-0.23809432983398438,0.7489237130760938,-3.1941375732421875,0.0,-0.5703449249267578,0.10378456115722656,-0.41441590159901026,14.681320190429688,0.0,0.09405088424682617,-0.03052520751953125,0.08239946446900251,-0.9084243774414062,0.0,-2.7617971897125244,0.7753353118896484,-2.4972270063431052,6.00732421875,0.0,0.3142198119357559,-0.09519509028329029,0.24991466865337153,-2.850592642658231,0.0,0.13137373330286636,0.126332266774288,0.036487503214440005,-6.18113022614091,0.0,-0.26662111282348633,0.07936477661132812,-0.07817282795767093,3.4285736083984375,0.0,-0.14275407791137695,0.14041519165039062,-0.10603895372429825,0.3223419189453125,-0.9007790744859651,-0.5496368408203125,0.018314361572265625,-0.5554501773079474,-0.14652252197265625,0.0,-0.4368906021118164,0.25030517578125,-0.32896052534912235,1.5531158447265625,0.0,-0.6942119598388672,0.16483497619628906,-0.6725189965344559,0.14652252197265625,0.0,-0.22259140014648438,0.0073261260986328125,-0.20637087357388997,0.22661972045898438,0.0,0.01621246337890625,-0.0073261260986328125,0.014128600386795033,-0.08595848083496094,0.0,1.774503231048584,-0.40903472900390625,1.5031407909303642,-4.24908447265625,0.0,-2.388469934463501,0.628814697265625,-2.186729416467663,2.4322357177734375,0.0,0.0833134651184082,0.0061054229736328125,0.08791864151353213,0.20513153076171875,0.0,-0.8803963661193848,0.1770458221435547,-0.7872939995948182,1.4945068359375,0.0,0.12377119064331055,-0.0061054229736328125,0.10683668614254967,-0.26373291015625,0.0,0.07877445220947266,-0.03663063049316406,0.06590155752728812,-0.14847564697265625,0.0,-0.5502786636352539,0.124542236328125,-0.5180517578087951,0.3203926086425781,0.0,-0.02900218963623047,0.009205818176269531,-0.028586639034921122,0.0032967031002044678,0.0,0.0,0.0,1.933647396754934e-23,0.0,0.0,0.12385915219783783,0.13973002135753632,0.12316212803125381,-0.7424167394638062,0.13973002135753632,0.12316212803125381,-0.7424167394638062
1.4402,1788396531.1445,ramp,0,-0.021027,-0.05422591292375638,-0.19260751655693492,0.07162003333322947,-0.13585561513900757,-0.025249004364013672,0.9844436645507812,-0.1085192859172821,-0.12722253799438477,-0.04273414611816406,-0.07915381361563463,8.586074829101562,0.0,0.37265634536743164,-0.018314361572265625,0.2092740281595639,-16.380950927734375,0.0,2.4367897510528564,-0.6043949127197266,2.253309103821187,-14.212448120117188,0.0,0.8439650535583496,-0.09157562255859375,0.7036587383698186,-13.274726867675781,0.0,-0.5220255851745605,0.0061054229736328125,-0.4340527243029486,8.703300476074219,0.0,0.17209100723266602,-0.0061054229736328125,0.10388001897285865,-6.534797668457031,0.0,-0.043238162994384766,0.03052520751953125,-0.09764009460399763,-9.582412719726562,0.0,-0.047840118408203125,-0.16483497619628906,0.09120446511306574,14.446884155273438,0.0,-2.658829689025879,0.7387065887451172,-2.5301762470003903,7.76556396484375,0.0,0.7925772666931152,-0.15262603759765625,0.7464683645941472,-3.369964599609375,0.0,-0.5682358741760254,0.09157562255859375,-0.4126949192879561,14.73992919921875,0.0,0.09290027618408203,0.11599540710449219,0.08267535020951379,-1.26007080078125,0.0,-2.7472245693206787,0.7997550964355469,-2.4835462002398714,6.00732421875,0.0,0.312726649435733,-0.05849770882152147,0.24854553636563131,-3.0794528730396293,0.0,0.13344790476916196,0.10355560169097079,0.036287610110849765,-6.117257141509859,0.0,-0.2645120620727539,-0.11599540710449219,-0.07774455550095966,3.8388290405273438,0.0,-0.13796043395996094,0.20146560668945312,-0.10545803124663305,0.20513153076171875,-0.8891606249326611,-0.5459938049316406,0.3601951599121094,-0.5524071977090234,-0.7912063598632812,0.0,-0.4324808120727539,0.128204345703125,-0.3271583593189135,1.7289352416992188,0.0,-0.6882681846618652,0.28693580627441406,-0.6688369299650966,-0.20513153076171875,0.0,-0.22182846069335938,0.021978378295898438,-0.20524125143942581,0.21099090576171875,0.0,0.01544952392578125,-0.09523773193359375,0.014052443694287573,-0.03907203674316406,0.0,1.7664494514465332,-0.45787620544433594,1.4949059875340627,-4.1904754638671875,0.0,-2.376965284347534,0.6166057586669922,-2.1747496388437555,2.373626708984375,0.0,0.08312177658081055,0.0061054229736328125,0.08743697101717277,0.20513153076171875,0.0,-0.8771367073059082,0.1770458221435547,-0.782980892862587,1.4945068359375,0.0,0.12338781356811523,0.0061054229736328125,0.1062508992300055,-0.26373291015625,0.0,0.07801151275634766,-0.021978378295898438,0.06553956262906364,-0.13284683227539062,0.0,-0.5476083755493164,0.124542236328125,-0.5152109611210592,0.27350616455078125,0.0,-0.02890634536743164,0.015343666076660156,-0.028430030018285264,0.0025641024112701416,0.0,0.0,0.0,1.9603390360130603e-23,0.0,0.0,0.12488105148077011,0.07119020074605942,0.18335391581058502,-0.7080563902854919,0.07119020074605942,0.18335391581058502,-0.7080563902854919
1.4603,1788396531.1648,ramp,0,-0.021994,-0.06943245455718954,-0.1814135014812753,-0.012870429208783268,-0.1339421421289444,-0.025592008605599403,0.9846361875534058,-0.10906890779733658,-0.12760639190673828,-0.0061054229736328125,-0.07914122449004055,8.586074829101562,0.0,0.37265634536743164,-0.0061054229736328125,0.20898950839761593,-16.380950927734375,0.0,2.4252848625183105,-0.5555553436279297,2.2421463348924644,-14.329666137695312,0.0,0.8424310684204102,-0.07936477661132812,0.7010068168042306,-13.567764282226562,0.0,-0.5220255851745605,-0.0061054229736328125,-0.43227500270168046,8.937728881835938,0.0,0.1717071533203125,-0.018314361572265625,0.10250479030168183,-6.534797668457031,0.0,-0.04342985153198242,-0.05494499206542969,-0.098505669649914,-9.347991943359375,0.0,-0.04994964599609375,-0.11599540710449219,0.08992013829201001,14.5054931640625,0.0,-2.6431074142456055,0.75091552734375,-2.516344575670761,7.706962585449219,0.0,0.7875919342041016,-0.25030517578125,0.7439458965954808,-2.9597091674804688,0.0,-0.5657434463500977,0.11599540710449219,-0.4109268921269141,14.564102172851562,0.0,0.09155845642089844,0.06715583801269531,0.08295877757505679,-0.9670333862304688,0.0,-2.7318851947784424,0.7875461578369141,-2.469491415004657,5.9487152099609375,0.0,0.31137711647256905,-0.08130008457476093,0.2471389774159919,-2.9933757492349966,0.0,0.13534027296286263,0.12051597727268785,0.03608225272037428,-6.428144086784643,0.0,-0.2648954391479492,0.04273414611816406,-0.07730457576907741,3.4285736083984375,0.0,-0.13009881973266602,0.372406005859375,-0.1048612286459469,-0.3223419189453125,-0.8772245729189379,-0.54388427734375,0.10378456115722656,-0.5492810350826919,-0.20513153076171875,0.0,-0.42864561080932617,0.28693580627441406,-0.32530692919691245,1.3186798095703125,0.0,-0.6869258880615234,0.10378456115722656,-0.6650542102581143,0.20513153076171875,0.0,-0.22030258178710938,0.08058547973632812,-0.20408074990340264,0.117218017578125,0.0,0.01506805419921875,0.021978378295898438,0.01397420517900275,-0.07032966613769531,0.0,1.7572455406188965,-0.4822959899902344,1.4864460771811285,-4.1904754638671875,0.0,-2.3635430335998535,0.6776561737060547,-2.1624423814790124,2.3150177001953125,0.0,0.08312177658081055,0.0061054229736328125,0.08694213355442491,0.14652252197265625,0.0,-0.873685359954834,0.1770458221435547,-0.7785498828504113,1.5531158447265625,0.0,0.12319612503051758,0.0061054229736328125,0.1056490992200294,-0.26373291015625,0.0,0.07763004302978516,-0.0073261260986328125,0.06516767222199285,-0.1797332763671875,0.0,-0.5453195571899414,0.10988998413085938,-0.512292508287085,0.3516502380371094,0.0,-0.028714656829833984,-0.0030689239501953125,-0.02826913993051516,0.0025641024112701416,0.0,0.0,0.0,1.9877603191244484e-23,0.0,0.0,0.12532389163970947,0.1377851814031601,0.16528260707855225,-0.7647917866706848,0.1377851814031601,0.16528260707855225,-0.7647917866706848
1.4806,1788396531.1849,ramp,0,-0.023473,-0.0444691809212773,-0.18112330014624073,-0.06593663950754021,-0.13231085240840912,-0.026101235300302505,0.9848737716674805,-0.10879446566104889,-0.12779808044433594,-0.018314361572265625,-0.07912854732087694,8.76190185546875,0.0,0.37265634536743164,-0.03052520751953125,0.2087029988123682,-16.26373291015625,0.0,2.4151222705841064,-0.5799751281738281,2.2309054977917744,-13.919418334960938,0.0,0.8403220176696777,-0.11599540710449219,0.6983363487050583,-13.450546264648438,0.0,-0.5220255851745605,0.0061054229736328125,-0.43048484838980405,9.113555908203125,0.0,0.1713237762451172,-0.0061054229736328125,0.10111994380278855,-6.710624694824219,0.0,-0.04477214813232422,-0.07936477661132812,-0.09937729819939804,-9.23077392578125,0.0,-0.05205869674682617,-0.14041519165039062,0.0886268293762994,14.681320190429688,0.0,-2.627192497253418,0.7753353118896484,-2.502416170878059,7.413917541503906,0.0,0.7816481590270996,-0.28693580627441406,0.7414057874123772,-2.25640869140625,0.0,-0.5634422302246094,0.11599540710449219,-0.4091465000545016,14.5054931640625,0.0,0.08983278274536133,0.3113555908203125,0.08324418712409337,-1.611724853515625,0.0,-2.715394973754883,0.7997550964355469,-2.4553383359323395,5.714286804199219,0.0,0.3099598970771162,-0.08577146246887676,0.24572258152655155,-2.9086079072676636,0.0,0.1375029375067911,0.1261282960704952,0.0358754591381997,-6.6161231598232275,0.0,-0.2591428756713867,0.39682579040527344,-0.07686151898583002,2.6666641235351562,0.0,-0.12262105941772461,0.3113555908203125,-0.10426025223423246,-0.4395599365234375,-0.8652050446846493,-0.5423502922058105,0.05494499206542969,-0.5461330092606723,-0.14652252197265625,0.0,-0.4205923080444336,0.40903472900390625,-0.32344255087486595,0.9670333862304688,0.0,-0.6857757568359375,0.128204345703125,-0.661245035644247,0.26373291015625,0.0,-0.21953964233398438,0.05128288269042969,-0.2029121322598025,0.19536209106445312,0.0,0.01506805419921875,-0.021978378295898438,0.013895419493217065,-0.05470085144042969,0.0,1.748042106628418,-0.4456653594970703,1.4779270014239407,-4.1904754638671875,0.0,-2.3493540287017822,0.6166057586669922,-2.150049051824273,2.373626708984375,0.0,0.08273792266845703,0.0061054229736328125,0.08644383538614919,0.14652252197265625,0.0,-0.8706173896789551,0.128204345703125,-0.7740878840348455,1.611724853515625,0.0,0.12281274795532227,0.0061054229736328125,0.1050430904490399,-0.3223419189453125,0.0,0.07724857330322266,-0.0073261260986328125,0.06479318095446912,-0.1797332763671875,0.0,-0.5418863296508789,0.15384674072265625,-0.509353644900928,0.27350616455078125,0.0,-0.028522968292236328,0.009205818176269531,-0.028107124638495105,0.00158730149269104,0.0,0.0,0.0,2.0153733762893142e-23,0.0,0.0,0.1264781355857849,0.13799293339252472,0.15556874871253967,-0.8335646390914917,0.13799293339252472,0.15556874871253967,-0.8335646390914917
1.5002,1788396531.2046,ramp,0,-0.024424,-0.05764707623909941,-0.1905740266170913,-0.06108591628617786,-0.1303422749042511,-0.02631188929080963,0.9851656556129456,-0.10847650468349457,-0.1279897689819336,-0.04273414611816406,-0.07911630039349754,8.76190185546875,0.0,0.37265634536743164,-0.0061054229736328125,0.20842621288021312,-16.439559936523438,0.0,2.404193162918091,-0.6043949127197266,2.2200461557825784,-14.095245361328125,0.0,0.8378291130065918,-0.11599540710449219,0.6957565117984478,-13.391944885253906,0.0,-0.5220255851745605,0.0061054229736328125,-0.42875544890222406,9.289375305175781,0.0,0.17094039916992188,-0.0061054229736328125,0.09978209666320165,-6.8278350830078125,0.0,-0.04592323303222656,-0.10378456115722656,-0.10021934514297003,-9.054946899414062,0.0,-0.0541682243347168,-0.07936477661132812,0.08737741318839093,14.564102172851562,0.0,-2.6122360229492188,0.8241748809814453,-2.488960472700813,7.120880126953125,0.0,0.7764711380004883,-0.3113555908203125,0.7389518852596337,-1.8461532592773438,0.0,-0.5611414909362793,0.11599540710449219,-0.4074265314924093,14.5054931640625,0.0,0.08810710906982422,-0.21367454528808594,0.08351991035341483,0.26373291015625,0.0,-2.6989049911499023,0.7997550964355469,-2.441665588542373,5.655677795410156,0.0,0.3086858452852671,-0.06780192148094397,0.2443542557296314,-3.137840640967574,0.0,0.13948412072916616,0.09155820556613167,0.035675683782145244,-6.552062394589644,0.0,-0.25013113021850586,0.5433464050292969,-0.07643349880408729,2.25640869140625,0.0,-0.11418437957763672,0.39682579040527344,-0.10367967195041483,-0.615386962890625,-0.8535934390082967,-0.5408163070678711,0.10378456115722656,-0.5430918221365397,-0.26373291015625,0.0,-0.41100502014160156,0.5555553436279297,-0.321641446415093,0.5567779541015625,0.0,-0.6836662292480469,0.11599540710449219,-0.6575651380054675,0.3223419189453125,0.0,-0.21877670288085938,0.021978378295898438,-0.20178317553209976,0.22661972045898438,0.0,0.01468658447265625,0.021978378295898438,0.013819307661001005,-0.023443222045898438,0.0,1.7397971153259277,-0.4456653594970703,1.4696970487593053,-4.3076934814453125,0.0,-2.336315155029297,0.7264957427978516,-2.138076330918526,2.1977996826171875,0.0,0.08254623413085938,0.0061054229736328125,0.08596244861900802,0.14652252197265625,0.0,-0.8681249618530273,0.128204345703125,-0.7697773179489905,1.7289352416992188,0.0,0.12262105941772461,0.0061054229736328125,0.10445764859575093,-0.26373291015625,0.0,0.07724857330322266,-0.0073261260986328125,0.06443139929025055,-0.1797332763671875,0.0,-0.5392160415649414,0.13919448852539062,-0.506514521591631,0.3203926086425781,0.0,-0.02833104133605957,0.02148151397705078,-0.02795060787279466,0.0006105005741119385,0.0,0.0,0.0,2.0420492927701565e-23,0.0,0.0,0.1265285164117813,0.10416918992996216,0.17380543053150177,-0.8373024463653564,0.10416918992996216,0.17380543053150177,-0.8373024463653564
1.5204,1788396531.2247,ramp,0,-0.025893,-0.05524768044904651,-0.19162564235253632,-0.0634939340602599,-0.12835517525672913,-0.026755640283226967,0.9854667782783508,-0.1080014780163765,-0.12856483459472656,-0.018314361572265625,-0.07910372132645473,8.820510864257812,0.0,0.37265634536743164,-0.0061054229736328125,0.2081419204459375,-16.439559936523438,0.0,2.39153790473938,-0.5921859741210938,2.2088923057643055,-13.919418334960938,0.0,0.8353366851806641,-0.10378456115722656,0.6931067090844738,-13.567764282226562,0.0,-0.5220255851745605,0.0061054229736328125,-0.42697914767791323,9.406593322753906,0.0,0.17055702209472656,-0.018314361572265625,0.09840796678224839,-6.769233703613281,0.0,-0.04784059524536133,-0.11599540710449219,-0.10108422860542968,-8.76190185546875,0.0,-0.05627727508544922,-0.11599540710449219,0.08609411252813623,14.681320190429688,0.0,-2.595362663269043,0.8363857269287109,-2.4751398527007193,6.652015686035156,0.0,0.7695684432983398,-0.3235645294189453,0.7364314326808273,-1.3186798095703125,0.0,-0.5584568977355957,0.128204345703125,-0.40565991696259013,14.329666137695312,0.0,0.08618927001953125,-0.14041519165039062,0.08380311126409626,0.4395599365234375,0.0,-2.6826066970825195,0.8241748809814453,-2.4276220329018683,5.24542236328125,0.0,0.307477850557994,-0.05399857306303342,0.24294882060270964,-3.2103474384887365,0.0,0.14100963658907031,0.0859380835932137,0.03547049046961383,-6.613657521617637,0.0,-0.23632574081420898,0.75091552734375,-0.07599387061041686,1.5531158447265625,0.0,-0.10708951950073242,0.33577537536621094,-0.10308334618741886,-0.7325973510742188,-0.8416669237483774,-0.539090633392334,0.04273414611816406,-0.5399681572744005,-0.02930450439453125,0.0,-0.39950037002563477,0.6166057586669922,-0.3197914955622202,0.26373291015625,0.0,-0.6813654899597168,0.09157562255859375,-0.6537854406434372,0.3223419189453125,0.0,-0.21724987030029297,0.08058547973632812,-0.2006236012220492,0.10158920288085938,0.0,0.01468658447265625,-0.0073261260986328125,0.013741131657295165,-0.05470085144042969,0.0,1.730593204498291,-0.47008514404296875,1.4612438977671836,-4.131866455078125,0.0,-2.321742534637451,0.6898651123046875,-2.125778906895942,2.1977996826171875,0.0,0.08254623413085938,0.0061054229736328125,0.0854680065251015,0.08791351318359375,0.0,-0.8654403686523438,0.14041519165039062,-0.7653498482574784,1.7289352416992188,0.0,0.12242937088012695,0.0061054229736328125,0.10385632941633148,-0.20513153076171875,0.0,0.07648563385009766,-0.0073261260986328125,0.06405980601888678,-0.16410446166992188,0.0,-0.5361642837524414,0.13919448852539062,-0.5035984005643658,0.2891349792480469,0.0,-0.028235197067260742,0.009205818176269531,-0.027789846334159117,0.00158730149269104,0.0,0.0,0.0,2.0694486666249735e-23,0.0,0.0,0.12648546695709229,0.08882332593202591,0.18533553183078766,-0.8670281171798706,0.08882332593202591,0.18533553183078766,-0.8670281171798706
1.5405,1788396531.2448,ramp,0,-0.027433,-0.08452646931218845,-0.22884163746595557,0.058437215328579914,-0.1261938512325287,-0.02725026197731495,0.9857578277587891,-0.10776858031749725,-0.12856483459472656,-0.03052520751953125,-0.07909115271728075,8.820510864257812,0.0,0.37265634536743164,-0.0061054229736328125,0.20785786436408565,-16.615386962890625,0.0,2.379457950592041,-0.6410255432128906,2.1977477287310583,-13.626373291015625,0.0,0.8332276344299316,-0.11599540710449219,0.6904591093390574,-13.567764282226562,0.0,-0.5220255851745605,-0.018314361572265625,-0.4252043232185425,9.699630737304688,0.0,0.16978979110717773,-0.0061054229736328125,0.09703497931273047,-6.886444091796875,0.0,-0.04879903793334961,0.0061054229736328125,-0.10194839302904779,-9.172164916992188,0.0,-0.05742788314819336,-0.09157562255859375,0.08481187876655652,14.564102172851562,0.0,-2.5807905197143555,0.6898651123046875,-2.4613307227603,7.1794891357421875,0.0,0.7636237144470215,-0.2625160217285156,0.7339130755326556,-1.2014617919921875,0.0,-0.5561561584472656,0.11599540710449219,-0.4038947711444762,14.27105712890625,0.0,0.08446359634399414,0.018314361572265625,0.08408607672981477,0.14652252197265625,0.0,-2.667267084121704,0.7875461578369141,-2.413590152663216,5.772895812988281,0.0,0.30648638704663916,-0.0315578367002915,0.24154455391349008,-3.364257983004529,0.0,0.1424471779352296,0.04575480817065216,0.03526546774880736,-6.488501423718379,0.0,-0.21849346160888672,0.7264957427978516,-0.07555460791078215,1.377288818359375,0.0,-0.1022958755493164,0.15262603759765625,-0.1024875161922395,-0.380950927734375,-0.8297503238447901,-0.5273942947387695,0.8119659423828125,-0.5368470893359643,-1.7289352416992188,0.0,-0.392789363861084,-0.21367454528808594,-0.3179430827044369,1.8461532592773438,0.0,-0.6681346893310547,0.7264957427978516,-0.6500088856113633,-1.0842514038085938,0.0,-0.21648693084716797,0.021978378295898438,-0.19946499094820097,0.19536209106445312,0.0,0.01735687255859375,0.2564105987548828,0.013663020646834752,-0.3203907012939453,0.0,1.7215814590454102,-0.33577537536621094,1.4527977744778227,-4.3076934814453125,0.0,-2.306211233139038,0.7875461578369141,-2.1134917065923995,1.9047622680664062,0.0,0.08235454559326172,-0.018314361572265625,0.08497397549590585,0.20513153076171875,0.0,-0.8619890213012695,0.16483497619628906,-0.7609260594349112,1.6703262329101562,0.0,0.12242937088012695,-0.0061054229736328125,0.10325551015610918,-0.20513153076171875,0.0,0.07610416412353516,-0.0073261260986328125,0.06368852167931206,-0.16410446166992188,0.0,-0.5334939956665039,0.13919448852539062,-0.5006847039149228,0.3047637939453125,0.0,-0.028139352798461914,0.0030689239501953125,-0.027629218447969863,0.005494505167007446,0.0,0.0,0.0,2.0968252614408907e-23,0.0,0.0,0.12615695595741272,0.010853762738406658,0.23405933380126953,-0.724062979221344,0.010853762738406658,0.23405933380126953,-0.724062979221344
1.5603,1788396531.2648,ramp,0,-0.028545,-0.14728710612748422,-0.20571266596510582,0.2380447066001856,-0.12354856729507446,-0.02774616703391075,0.9858818054199219,-0.10955861210823059,-0.12952375411987305,-0.07936477661132812,-0.07907873182183221,9.23077392578125,0.0,0.372464656829834,-0.0061054229736328125,0.20757714667723923,-16.4981689453125,0.0,2.3648853302001953,-0.6654453277587891,2.186734129355685,-13.040298461914062,0.0,0.8313102722167969,-0.09157562255859375,0.6878426257510877,-13.626373291015625,0.0,-0.5224089622497559,-0.04273414611816406,-0.42345035754547933,10.051284790039062,0.0,0.16883134841918945,-0.06715583801269531,0.09567812800365284,-6.710624694824219,0.0,-0.04879903793334961,0.04273414611816406,-0.10280240128147285,-9.641021728515625,0.0,-0.05876970291137695,-0.03052520751953125,0.08354471457418858,14.329666137695312,0.0,-2.566793441772461,0.6410255432128906,-2.4476838858787797,7.355308532714844,0.0,0.7582550048828125,-0.2625160217285156,0.7314243156065204,-0.9084243774414062,0.0,-0.5527048110961914,0.1770458221435547,-0.40215037036355583,13.860809326171875,0.0,0.08350515365600586,0.14041519165039062,0.08436571661809339,-0.380950927734375,0.0,-2.6519274711608887,0.8119659423828125,-2.3997231833766555,5.362640380859375,0.0,0.30613122889978894,-0.013464647312460588,0.2401567909965927,-3.675111814661773,0.0,0.14289546018616067,0.022914576332164205,0.03506285457622348,-6.3598606506463256,0.0,-0.21580886840820312,-0.16483497619628906,-0.07512050768608187,3.0183181762695312,0.0,-0.1022958755493164,-0.03052520751953125,-0.1018986887434131,-0.02930450439453125,-0.817973774868262,-0.5137801170349121,0.47008514404296875,-0.5337627020330892,-1.26007080078125,0.0,-0.4002676010131836,-0.3846149444580078,-0.3161163934873241,2.3150177001953125,0.0,-0.6552882194519043,0.45787620544433594,-0.6462767148866934,-0.7325973510742188,0.0,-0.21648693084716797,-0.0073261260986328125,-0.19831999734725153,0.3047637939453125,0.0,0.02155303955078125,0.09523773193359375,0.013585827643147834,-0.6173381805419922,0.0,1.7160205841064453,-0.2991447448730469,1.4444509150226341,-4.542121887207031,0.0,-2.287803888320923,1.0073261260986328,-2.101348912730912,1.377288818359375,0.0,0.08235454559326172,0.018314361572265625,0.08448575061143221,0.08791351318359375,0.0,-0.8593049049377441,0.15262603759765625,-0.7565542615938932,1.7289352416992188,0.0,0.12204551696777344,0.0061054229736328125,0.10266175207903222,-0.3223419189453125,0.0,0.07610416412353516,-0.0073261260986328125,0.06332160089279616,-0.19536209106445312,0.0,-0.53082275390625,0.13919448852539062,-0.49780525075105675,0.3203926086425781,0.0,-0.027947664260864258,0.009205818176269531,-0.027470478355660938,0.005738705396652222,0.0,0.0,0.0,2.1238801103297204e-23,0.0,0.0,0.12374710291624069,-0.017033366486430168,0.24480709433555603,-0.5639415383338928,-0.017033366486430168,0.24480709433555603,-0.5639415383338928
1.5802,1788396531.2846,ramp,0,-0.030178,-0.1171544037891328,-0.19035403286629393,0.1392357376514158,-0.12148638814687729,-0.028606411069631577,0.9858649373054504,-0.11177210509777069,-0.13048219680786133,-0.05494499206542969,-0.07906629390883463,9.465194702148438,0.0,0.372464656829834,-0.018314361572265625,0.2072960443863176,-16.26373291015625,0.0,2.351846694946289,-0.6166057586669922,2.1757054405313676,-13.216110229492188,0.0,0.8293924331665039,-0.10378456115722656,0.6852225573863192,-13.919410705566406,0.0,-0.5233678817749023,-0.03052520751953125,-0.4216939888092059,10.344322204589844,0.0,0.16729736328125,-0.04273414611816406,0.09431941770753069,-6.769233703613281,0.0,-0.0484156608581543,-0.0061054229736328125,-0.10365757958861693,-9.582412719726562,0.0,-0.05972862243652344,-0.06715583801269531,0.0822758142727856,14.564102172851562,0.0,-2.5537538528442383,0.75091552734375,-2.434018351817406,7.1794891357421875,0.0,0.7528862953186035,-0.27472496032714844,0.7289321458944871,-0.7325973510742188,0.0,-0.5494451522827148,0.16483497619628906,-0.4004035796240377,13.802200317382812,0.0,0.08254623413085938,-0.1770458221435547,0.08464573963378322,0.9670333862304688,0.0,-2.6358208656311035,0.8241748809814453,-2.385837215312501,5.0695953369140625,0.0,0.3059182633493233,-0.013665968262127742,0.23876712674145287,-3.82931299207232,0.0,0.14316424357873425,0.011326911915556886,0.03485996380854843,-6.35732655954265,0.0,-0.2221364974975586,-0.33577537536621094,-0.07468581271184029,3.5457839965820312,0.0,-0.10536384582519531,-0.04273414611816406,-0.10130905455725928,0.08791351318359375,-0.8061810911451855,-0.5109038352966309,0.0061054229736328125,-0.5306740888905825,-0.380950927734375,0.0,-0.4037189483642578,-0.06715583801269531,-0.31428720157034573,1.7289352416992188,0.0,-0.652411937713623,0.22588539123535156,-0.6425394308110036,-0.26373291015625,0.0,-0.21648693084716797,-0.0073261260986328125,-0.1971734350200489,0.3203926086425781,0.0,0.02231597900390625,-0.0073261260986328125,0.013508528879314011,-0.22661781311035156,0.0,1.7100768089294434,-0.33577537536621094,1.4360926197502082,-4.483512878417969,0.0,-2.2693967819213867,0.75091552734375,-2.0891894823401884,1.7289352416992188,0.0,0.08254623413085938,0.0061054229736328125,0.08399685682261443,0.14652252197265625,0.0,-0.8566198348999023,0.11599540710449219,-0.7521764740652113,1.8461532592773438,0.0,0.12185382843017578,0.0061054229736328125,0.10206718050930103,-0.3223419189453125,0.0,0.07572269439697266,-0.0073261260986328125,0.06295417739755756,-0.1797332763671875,0.0,-0.527008056640625,0.16849899291992188,-0.49492185252254656,0.19536209106445312,0.0,-0.0277559757232666,0.0030689239501953125,-0.027311520777638536,0.0013431012630462646,0.0,0.0,0.0,2.150972026370448e-23,0.0,0.0,0.1218469887971878,-0.01625901460647583,0.21345314383506775,-0.6799654364585876,-0.01625901460647583,0.21345314383506775,-0.6799654364585876
1.6004,1788396531.3048,ramp,0,-0.031904,-0.08215341801098132,-0.18081890083364466,0.04276438331659829,-0.11955603212118149,-0.029374338686466217,0.9859590530395508,-0.11281926184892654,-0.13124942779541016,-0.04273414611816406,-0.07905373011896649,9.289382934570312,0.0,0.37208080291748047,-0.018314361572265625,0.20701209722289282,-16.380950927734375,0.0,2.3384246826171875,-0.5677661895751953,2.1645651367732905,-13.216110229492188,0.0,0.8270916938781738,-0.11599540710449219,0.6825759728362053,-13.802200317382812,0.0,-0.5239429473876953,-0.0061054229736328125,-0.41991984488829526,10.402931213378906,0.0,0.16633844375610352,-0.03052520751953125,0.09294695669614972,-6.886444091796875,0.0,-0.0484156608581543,-0.06715583801269531,-0.10452141265714068,-9.406600952148438,0.0,-0.061070919036865234,-0.07936477661132812,0.08099407217075286,14.681320190429688,0.0,-2.537647247314453,0.8485965728759766,-2.420214516847977,6.0659332275390625,0.0,0.746558666229248,-0.28693580627441406,0.726414754384853,-0.380950927734375,0.0,-0.5461850166320801,0.14041519165039062,-0.39863911063320695,13.626373291015625,0.0,0.08101224899291992,-0.2625160217285156,0.0849285965992603,1.4945068359375,0.0,-2.6197142601013184,0.7753353118896484,-2.371810715456184,5.538459777832031,0.0,0.3052697022850655,-0.059893522387401886,0.2373633985040702,-3.441355989360116,0.0,0.1434250249486259,0.010448818470169324,0.03465501970162739,-6.302472771046519,0.0,-0.2255878448486328,-0.11599540710449219,-0.07424671844303805,3.0769195556640625,0.0,-0.10747289657592773,-0.03052520751953125,-0.10071345302705587,0.08791351318359375,-0.7942690605411173,-0.5107121467590332,0.06715583801269531,-0.5275542176940311,-0.4981689453125,0.0,-0.40391063690185547,-0.0061054229736328125,-0.3124394974677484,1.6703262329101562,0.0,-0.6499195098876953,0.15262603759765625,-0.6387643238607005,-0.08791351318359375,0.0,-0.21572399139404297,0.0659332275390625,-0.19601526900357355,0.24224853515625,0.0,0.02231597900390625,-0.0073261260986328125,0.013430447819729303,-0.21098899841308594,0.0,1.7008728981018066,-0.4945049285888672,1.427649735041264,-4.0732574462890625,0.0,-2.2561659812927246,0.5555553436279297,-2.076906993439134,2.0805892944335938,0.0,0.08254623413085938,-0.0061054229736328125,0.08350301522461244,0.14652252197265625,0.0,-0.8537440299987793,0.15262603759765625,-0.7477543814996557,1.7875442504882812,0.0,0.12185382843017578,0.0061054229736328125,0.10146659162713784,-0.3223419189453125,0.0,0.07534122467041016,-0.0073261260986328125,0.06258303542320177,-0.16410446166992188,0.0,-0.523956298828125,0.15384674072265625,-0.49200927310056836,0.2891349792480469,0.0,-0.027468204498291016,0.009205818176269531,-0.02715095448258509,-0.0018315315246582031,0.0,0.0,0.0,2.1783381239084045e-23,0.0,0.0,0.12016770988702774,0.009866160340607166,0.15007726848125458,-0.7317854762077332,0.009866160340607166,0.15007726848125458,-0.7317854762077332
1.6207,1788396531.3251,ramp,0,-0.033579,-0.07497515857591695,-0.19296835823988384,0.023582994693627003,-0.11761835217475891,-0.030029060319066048,0.986131489276886,-0.1131759062409401,-0.13163280487060547,-0.03052520751953125,-0.0790410399716721,9.406600952148438,0.0,0.37169742584228516,-0.03052520751953125,0.20672529432619427,-16.322341918945312,0.0,2.326728105545044,-0.5921859741210938,2.1533127919730033,-12.923080444335938,0.0,0.8249821662902832,-0.11599540710449219,0.6799027708708277,-13.626373291015625,0.0,-0.5245180130004883,-0.0061054229736328125,-0.4181278579230436,10.578758239746094,0.0,0.16538000106811523,-0.03052520751953125,0.09156069247388271,-6.886444091796875,0.0,-0.04994964599609375,-0.06715583801269531,-0.10539393352802554,-9.465194702148438,0.0,-0.06183767318725586,-0.07936477661132812,0.07969943924239486,14.564102172851562,0.0,-2.5217323303222656,0.8119659423828125,-2.4062718529839273,6.24176025390625,0.0,0.7404232025146484,-0.21367454528808594,0.723872044789239,-0.380950927734375,0.0,-0.5431170463562012,0.128204345703125,-0.39685689590141865,13.626373291015625,0.0,0.07947778701782227,-0.2991447448730469,0.08521429833359619,1.7875442504882812,0.0,-2.604374885559082,0.7264957427978516,-2.3576431473043717,5.538459777832031,0.0,0.30403708520219846,-0.04633782294269744,0.235945552592869,-3.592438686128244,0.0,0.14349232247963223,-0.006688526949009258,0.03444801441649857,-6.2998389797611996,0.0,-0.2265462875366211,-0.03052520751953125,-0.07380320808464136,2.9597091674804688,0.0,-0.10862350463867188,-0.06715583801269531,-0.10011186137148112,0.14652252197265625,-0.7822372274296224,-0.5078363418579102,0.21367454528808594,-0.5244029691106494,-0.7325973510742188,0.0,-0.40391063690185547,-0.03052520751953125,-0.3105732105062053,1.7875442504882812,0.0,-0.6457009315490723,0.22588539123535156,-0.6349512496407116,-0.26373291015625,0.0,-0.21496105194091797,0.03663063049316406,-0.19484545499882466,0.2578773498535156,0.0,0.02231597900390625,-0.0073261260986328125,0.013351581477850441,-0.21098899841308594,0.0,1.6893682479858398,-0.5555553436279297,1.419121937961653,-3.9560470581054688,0.0,-2.245044708251953,0.5677661895751953,-2.064500976231555,2.139190673828125,0.0,0.08254623413085938,-0.03052520751953125,0.08300420692834724,0.20513153076171875,0.0,-0.8502926826477051,0.22588539123535156,-0.7432878147554284,1.6703262329101562,0.0,0.12166213989257812,-0.0061054229736328125,0.10085996246045828,-0.26373291015625,0.0,0.07495975494384766,-0.021978378295898438,0.06220816077382045,-0.16410446166992188,0.0,-0.520904541015625,0.13919448852539062,-0.4890674010810952,0.27350616455078125,0.0,-0.027468204498291016,0.0030689239501953125,-0.026988773328957574,0.0010989010334014893,0.0,0.0,0.0,2.2059794496767537e-23,0.0,0.0,0.11850038170814514,-0.01867786794900894,0.16116352379322052,-0.7101112604141235,-0.01867786794900894,0.16116352379322052,-0.7101112604141235
1.6403,1788396531.3448,ramp,0,-0.034967,-0.054552424795778494,-0.18243144487368765,0.026141662081028857,-0.11571639776229858,-0.03054227866232395,0.9863027930259705,-0.11350593715906143,-0.13201618194580078,-0.018314361572265625,-0.07902874669284349,9.816848754882812,0.0,0.3711223602294922,-0.06715583801269531,0.2064474608309506,-16.20513153076172,0.0,2.316373825073242,-0.5433464050292969,2.1424123501659733,-13.333328247070312,0.0,0.8226809501647949,-0.128204345703125,0.67731316994949,-13.978019714355469,0.0,-0.5247097015380859,-0.0061054229736328125,-0.41639191310617446,10.75457763671875,0.0,0.16403770446777344,-0.09157562255859375,0.09021778192926423,-6.593406677246094,0.0,-0.05110025405883789,-0.05494499206542969,-0.10623916740125842,-9.347991943359375,0.0,-0.06298828125,-0.06715583801269531,0.07844529433771064,14.564102172851562,0.0,-2.506585121154785,0.8241748809814453,-2.3927652284729928,5.9487152099609375,0.0,0.7344784736633301,-0.11599540710449219,0.7214088552522051,-0.4981689453125,0.0,-0.5402412414550781,0.11599540710449219,-0.3951304177036484,13.450546264648438,0.0,0.07851934432983398,-0.25030517578125,0.0854910651039511,1.7289352416992188,0.0,-2.5915279388427734,0.7142848968505859,-2.3439186521056445,5.421241760253906,0.0,0.3026556657774613,-0.06936555850514199,0.23457204803709067,-3.278657936926486,0.0,0.14337403303775784,-0.0013838073507657772,0.03424748296244673,-6.305395245805741,0.0,-0.2282719612121582,-0.11599540710449219,-0.07337356795733257,3.1941375732421875,0.0,-0.11054086685180664,-0.128204345703125,-0.0995290837416115,0.3223419189453125,-0.7705816748322301,-0.5038094520568848,0.20146560668945312,-0.521350271880668,-0.7325973510742188,0.0,-0.40391063690185547,-0.0061054229736328125,-0.30876528933238917,1.7289352416992188,0.0,-0.6412911415100098,0.16483497619628906,-0.6312574245421584,-0.14652252197265625,0.0,-0.21457958221435547,0.021978378295898438,-0.19371222546221395,0.33602142333984375,0.0,0.02231597900390625,-0.0073261260986328125,0.01327518158205611,-0.21098899841308594,0.0,1.6788225173950195,-0.5677661895751953,1.410860837057059,-3.8974380493164062,0.0,-2.2344985008239746,0.4822959899902344,-2.052482941677124,2.3150177001953125,0.0,0.08235454559326172,0.0061054229736328125,0.08252099823693178,0.08791351318359375,0.0,-0.8462657928466797,0.22588539123535156,-0.7389609342930183,1.6703262329101562,0.0,0.12127876281738281,-0.0061054229736328125,0.1002723048613356,-0.3223419189453125,0.0,0.07457828521728516,-0.0073261260986328125,0.06184500985967433,-0.1797332763671875,0.0,-0.5182342529296875,0.15384674072265625,-0.4862175324251705,0.2891349792480469,0.0,-0.02727651596069336,0.0030689239501953125,-0.026831664187823845,0.0003663003444671631,0.0,0.0,0.0,2.2327563275946198e-23,0.0,0.0,0.11675369739532471,-0.01676374487578869,0.1245364248752594,-0.6986218690872192,-0.01676374487578869,0.1245364248752594,-0.6986218690872192
1.6605,1788396531.3649,ramp,0,-0.035615,-0.02927929444763014,-0.182196970184463,0.03186176175667997,-0.11381612718105316,-0.0307143647223711,0.9864583015441895,-0.1140289381146431,-0.13220787048339844,-0.03052520751953125,-0.0790161215943054,9.582412719726562,0.0,0.3693966865539551,-0.07936477661132812,0.20616212806468526,-16.02930450439453,0.0,2.3048691749572754,-0.5677661895751953,2.1312176840527775,-12.981689453125,0.0,0.8198051452636719,-0.128204345703125,0.6746536706196458,-13.860809326171875,0.0,-0.5247097015380859,0.0061054229736328125,-0.4146091117335503,10.871795654296875,0.0,0.16192865371704102,-0.09157562255859375,0.08883862359485623,-6.593406677246094,0.0,-0.05167531967163086,-0.05494499206542969,-0.107107215794701,-9.582412719726562,0.0,-0.06528902053833008,-0.11599540710449219,0.07715729760197716,14.388275146484375,0.0,-2.4893274307250977,0.8241748809814453,-2.3788940336725477,5.714286804199219,0.0,0.7293014526367188,-0.1892547607421875,0.7188791793978897,0.3223419189453125,0.0,-0.5375566482543945,0.11599540710449219,-0.39335733847274174,13.567764282226562,0.0,0.07717704772949219,-0.23809432983398438,0.08577530235233065,1.8461532592773438,0.0,-2.5782973766326904,0.6776561737060547,-2.3298237058601794,6.00732421875,0.0,0.3007706368180155,-0.1061710453785534,0.23316146989914982,-3.0395821556098888,0.0,0.14351720116666558,0.009374991436926747,0.034041538771096946,-6.371800708756469,0.0,-0.23018980026245117,-0.10378456115722656,-0.0729323310002258,3.25274658203125,0.0,-0.11265039443969727,-0.11599540710449219,-0.09893057580036245,0.380950927734375,-0.7586115160072491,-0.5011253356933594,0.14041519165039062,-0.5182151763644215,-0.5567779541015625,0.0,-0.40391063690185547,-0.0061054229736328125,-0.3069085688197585,1.8461532592773438,0.0,-0.6374554634094238,0.20146560668945312,-0.6274638958585614,-0.20513153076171875,0.0,-0.21381664276123047,0.03663063049316406,-0.19254840783752028,0.27350616455078125,0.0,0.02231597900390625,-0.0073261260986328125,0.013196719503211841,-0.21098899841308594,0.0,1.6673173904418945,-0.6166057586669922,1.4023767528344624,-3.7802200317382812,0.0,-2.2237610816955566,0.5433464050292969,-2.0401405167960567,2.25640869140625,0.0,0.08216285705566406,0.0061054229736328125,0.08202474679509553,0.02930450439453125,0.0,-0.8420476913452148,0.21367454528808594,-0.7345172628395223,1.6703262329101562,0.0,0.1208953857421875,-0.0061054229736328125,0.09966878523089107,-0.3223419189453125,0.0,0.07419681549072266,-0.0073261260986328125,0.06147205679001562,-0.16410446166992188,0.0,-0.5151824951171875,0.124542236328125,-0.4832907402240538,0.27350616455078125,0.0,-0.027084827423095703,0.0030689239501953125,-0.026670314362793,0.0008547008037567139,0.0,0.0,0.0,2.2602559659717572e-23,0.0,0.0,0.11468209326267242,-0.012185556814074516,0.08539681136608124,-0.66097491979599,-0.012185556814074516,0.08539681136608124,-0.66097491979599
1.6804,1788396531.3847,ramp,0,-0.036260,-0.0323547940176431,-0.18279140438452549,0.05075471130824427,-0.11198148876428604,-0.030894972383975983,0.9865970015525818,-0.11459493637084961,-0.13259172439575195,-0.018314361572265625,-0.07900370363780855,9.75823974609375,0.0,0.3678627014160156,-0.09157562255859375,0.2058814767994363,-15.912086486816406,0.0,2.293172836303711,-0.5677661895751953,2.12020669064382,-13.216110229492188,0.0,0.8171205520629883,-0.128204345703125,0.672037806127044,-13.74359130859375,0.0,-0.5249018669128418,0.0061054229736328125,-0.41285556107246313,11.106224060058594,0.0,0.16039466857910156,-0.05494499206542969,0.08748209333513066,-6.710624694824219,0.0,-0.05225038528442383,-0.018314361572265625,-0.10796102197723506,-9.406600952148438,0.0,-0.06720638275146484,-0.11599540710449219,0.07589043323777775,14.564102172851562,0.0,-2.4732208251953125,0.8363857269287109,-2.365250425817016,5.479850769042969,0.0,0.724891185760498,-0.23809432983398438,0.7163910083459785,0.615386962890625,0.0,-0.5352559089660645,0.10378456115722656,-0.39161335044061474,13.567764282226562,0.0,0.0762186050415039,-0.16483497619628906,0.08605487607403348,1.8461532592773438,0.0,-2.565258741378784,0.6654453277587891,-2.3159600176859083,5.9487152099609375,0.0,0.29880424646084025,-0.0926383135062206,0.23177403534570862,-2.957809394929452,0.0,0.1432033516796562,-0.007776969548081881,0.033838973539527216,-6.311634862440554,0.0,-0.23191547393798828,-0.09157562255859375,-0.07249833348950381,3.1941375732421875,0.0,-0.11437606811523438,-0.07936477661132812,-0.09834188767606608,0.4395599365234375,-0.7468377535213216,-0.4984407424926758,0.10378456115722656,-0.5151315188692555,-0.5567779541015625,0.0,-0.40391063690185547,-0.0061054229736328125,-0.30508231182199486,1.8461532592773438,0.0,-0.633812427520752,0.16483497619628906,-0.6237326082159101,-0.14652252197265625,0.0,-0.21305370330810547,0.021978378295898438,-0.1914036851575268,0.3047637939453125,0.0,0.02231597900390625,-0.0073261260986328125,0.013119544764432547,-0.21098899841308594,0.0,1.65562105178833,-0.5799751281738281,1.3940318683589952,-3.7802200317382812,0.0,-2.212639808654785,0.5433464050292969,-2.0280005960836576,2.25640869140625,0.0,0.0819711685180664,-0.018314361572265625,0.08153663743122597,0.08791351318359375,0.0,-0.8380208015441895,0.20146560668945312,-0.7301464994249407,1.7289352416992188,0.0,0.12051153182983398,-0.018314361572265625,0.0990751676449974,-0.3223419189453125,0.0,0.07381534576416016,0.0073261260986328125,0.06110522282191525,-0.19536209106445312,0.0,-0.51251220703125,0.13919448852539062,-0.4804119683777105,0.3047637939453125,0.0,-0.026988983154296875,0.015343666076660156,-0.026511611830534652,0.0010989010334014893,0.0,0.0,0.0,2.2873044133178026e-23,0.0,0.0,0.1122799664735794,-0.0383228175342083,0.089021235704422,-0.6351319551467896,-0.0383228175342083,0.089021235704422,-0.6351319551467896
1.7002,1788396531.4046,ramp,0,-0.036666,-0.02739136914789996,-0.16756751059211478,0.061386741137248325,-0.11016114801168442,-0.03095569647848606,0.9867361783981323,-0.11514363437891006,-0.1327834129333496,-0.05494499206542969,-0.07899131899526368,9.641021728515625,0.0,0.3661370277404785,-0.09157562255859375,0.20560157844411864,-15.853477478027344,0.0,2.281284809112549,-0.5799751281738281,2.1092252366929625,-13.157516479492188,0.0,0.8144364356994629,-0.16483497619628906,0.6694289592773291,-13.450546264648438,0.0,-0.5249018669128418,0.0061054229736328125,-0.41110671470410914,11.223442077636719,0.0,0.15943574905395508,-0.05494499206542969,0.08612920227191347,-6.769233703613281,0.0,-0.05244255065917969,-0.018314361572265625,-0.10881253763329103,-9.875457763671875,0.0,-0.06893205642700195,-0.11599540710449219,0.07462696752122196,14.622711181640625,0.0,-2.4590320587158203,0.75091552734375,-2.3516434199979765,5.714286804199219,0.0,0.7206730842590332,-0.21367454528808594,0.713909512370675,0.7912063598632812,0.0,-0.5329546928405762,0.11599540710449219,-0.38987404104732504,13.391937255859375,0.0,0.07525968551635742,-0.14041519165039062,0.08633369977655722,1.7875442504882812,0.0,-2.551453113555908,0.6532363891601562,-2.3021335219629186,5.9487152099609375,0.0,0.2968406497434842,-0.097181127669431,0.23039032289647132,-2.9521705064508095,0.0,0.14306932752400045,-0.0021636334040720817,0.033636951734599206,-6.312083850119998,0.0,-0.23325729370117188,-0.09157562255859375,-0.07206550027439142,3.3113555908203125,0.0,-0.1164851188659668,-0.10378456115722656,-0.09775477883962642,0.4395599365234375,-0.7350955767925285,-0.49633169174194336,0.128204345703125,-0.5120561339765682,-0.5567779541015625,0.0,-0.40391063690185547,-0.0061054229736328125,-0.3032609541680106,1.9047622680664062,0.0,-0.6299777030944824,0.22588539123535156,-0.6200113305887845,-0.26373291015625,0.0,-0.21190929412841797,0.03663063049316406,-0.19026203345272916,0.27350616455078125,0.0,0.02231597900390625,-0.0073261260986328125,0.013042577064189908,-0.21098899841308594,0.0,1.643157958984375,-0.6043949127197266,1.3857093709067647,-3.6043930053710938,0.0,-2.200559616088867,0.5677661895751953,-2.0158932434299155,2.1977996826171875,0.0,0.0815877914428711,0.0061054229736328125,0.08104983753014201,0.08791351318359375,0.0,-0.8347616195678711,0.16483497619628906,-0.7257874615629909,1.8461532592773438,0.0,0.11974477767944336,-0.018314361572265625,0.0984831425713462,-0.26373291015625,0.0,0.07381534576416016,-0.0073261260986328125,0.06073937296816567,-0.19536209106445312,0.0,-0.50946044921875,0.124542236328125,-0.477540919482165,0.27350616455078125,0.0,-0.026797056198120117,0.015343666076660156,-0.02635333505339464,0.0008547008037567139,0.0,0.0,0.0,2.3142802971405276e-23,0.0,0.0,0.10964540392160416,-0.032002076506614685,0.07175498455762863,-0.6106021404266357,-0.032002076506614685,0.07175498455762863,-0.6106021404266357
1.7205,1788396531.4250,ramp,0,-0.036896,-0.021475793448237024,-0.17071277041852562,0.06615233474989062,-0.10839667916297913,-0.030942361801862717,0.9868595004081726,-0.11576230078935623,-0.13316679000854492,-0.03052520751953125,-0.0789786311676352,9.699630737304688,0.0,0.3640279769897461,-0.11599540710449219,0.20531482797288764,-15.384613037109375,0.0,2.2693967819213867,-0.5677661895751953,2.0979749487388393,-13.157516479492188,0.0,0.8115601539611816,-0.15262603759765625,0.6667562459536798,-13.567764282226562,0.0,-0.5249018669128418,0.018314361572265625,-0.4093150553009417,11.340660095214844,0.0,0.15771007537841797,-0.09157562255859375,0.08474319144858672,-6.534797668457031,0.0,-0.052634239196777344,0.0061054229736328125,-0.10968489901375514,-9.934066772460938,0.0,-0.07104158401489258,-0.11599540710449219,0.07333257124227527,15.150177001953125,0.0,-2.444268226623535,0.75091552734375,-2.3377033047506997,5.479850769042969,0.0,0.716646671295166,-0.1770458221435547,0.7113672675637402,0.7912063598632812,0.0,-0.5300788879394531,0.11599540710449219,-0.3880921520913283,13.27471923828125,0.0,0.07430076599121094,-0.10378456115722656,0.08661934928670989,1.7289352416992188,0.0,-2.536688804626465,0.6532363891601562,-2.2879685435387342,5.890106201171875,0.0,0.2949440578580849,-0.06965303347000462,0.22897273615711172,-3.025621978755397,0.0,0.14266291773354184,-0.013169035190427005,0.033429984288519426,-6.249118237660002,0.0,-0.23498296737670898,-0.09157562255859375,-0.07162207098643787,3.3113555908203125,0.0,-0.1182107925415039,-0.09157562255859375,-0.09715329715059741,0.4395599365234375,-0.7230659430119482,-0.4938387870788574,0.14041519165039062,-0.5089054614183331,-0.5567779541015625,0.0,-0.40391063690185547,-0.0061054229736328125,-0.3013950083500465,1.9047622680664062,0.0,-0.6246089935302734,0.20146560668945312,-0.616198953370818,-0.26373291015625,0.0,-0.21114635467529297,0.021978378295898438,-0.1890924332814071,0.3047637939453125,0.0,0.02231597900390625,-0.0073261260986328125,0.01296372513850035,-0.21098899841308594,0.0,1.6303105354309082,-0.5677661895751953,1.377183132645962,-3.6630020141601562,0.0,-2.187521457672119,0.628814697265625,-2.0034894939513617,2.139190673828125,0.0,0.0815877914428711,0.0061054229736328125,0.08055112041237775,0.08791351318359375,0.0,-0.8316936492919922,0.15262603759765625,-0.7213217112744302,1.9047622680664062,0.0,0.11878585815429688,-0.03052520751953125,0.0978766242920325,-0.26373291015625,0.0,0.07343387603759766,-0.0073261260986328125,0.06036456684312291,-0.19536209106445312,0.0,-0.50640869140625,0.13919448852539062,-0.4745995852153368,0.27350616455078125,0.0,-0.02670121192932129,0.009205818176269531,-0.026191183545293425,0.0030525028705596924,0.0,0.0,0.0,2.3419165702771017e-23,0.0,0.0,0.1064312681555748,-0.06514889746904373,0.08714520931243896,-0.6113927364349365,-0.06514889746904373,0.08714520931243896,-0.6113927364349365
1.7401,1788396531.4445,ramp,0,-0.037044,-0.024641041546985664,-0.1744873685000358,0.06483135691494088,-0.10667716711759567,-0.030897878110408783,0.9869679808616638,-0.11644481122493744,-0.13335847854614258,-0.018314361572265625,-0.07896638120131848,9.75823974609375,0.0,0.3617267608642578,-0.11599540710449219,0.2050379733594157,-15.091575622558594,0.0,2.2578916549682617,-0.6043949127197266,2.087112912106026,-12.688644409179688,0.0,0.8090677261352539,-0.14041519165039062,0.6641757688895485,-13.684982299804688,0.0,-0.5249018669128418,0.0061054229736328125,-0.4075852266823243,11.633697509765625,0.0,0.1557927131652832,-0.07936477661132812,0.0834050123372749,-6.534797668457031,0.0,-0.052634239196777344,-0.0061054229736328125,-0.11052715490180821,-9.99267578125,0.0,-0.07353401184082031,-0.128204345703125,0.07208284502578823,15.032974243164062,0.0,-2.4296951293945312,0.7753353118896484,-2.324244267693247,5.479850769042969,0.0,0.7130036354064941,-0.1770458221435547,0.7089127565027694,0.8498153686523438,0.0,-0.5277776718139648,0.10378456115722656,-0.38637175673837665,13.27471923828125,0.0,0.07334232330322266,-0.07936477661132812,0.08689514093365047,1.7875442504882812,0.0,-2.523458242416382,0.6898651123046875,-2.2742924034102394,5.890106201171875,0.0,0.2933343565630698,-0.07011479414413596,0.22760407082553047,-3.17882645888977,0.0,0.14208063216078198,-0.036353217808464615,0.03323015936045663,-6.122658571900877,0.0,-0.2367091178894043,-0.10378456115722656,-0.07119394459629973,3.369964599609375,0.0,-0.11993646621704102,-0.10378456115722656,-0.0965725728023104,0.5567779541015625,-0.711451456046208,-0.4913463592529297,0.15262603759765625,-0.5058635196578107,-0.5567779541015625,0.0,-0.40391063690185547,-0.0061054229736328125,-0.2995934569664535,1.9047622680664062,0.0,-0.6209659576416016,0.21367454528808594,-0.6125181426068163,-0.20513153076171875,0.0,-0.21076488494873047,0.03663063049316406,-0.18796319641578638,0.3203926086425781,0.0,0.02231597900390625,-0.0073261260986328125,0.012887594419988928,-0.21098899841308594,0.0,1.6201481819152832,-0.5433464050292969,1.3689511378111108,-3.6630020141601562,0.0,-2.174482822418213,0.6532363891601562,-1.9915138021495433,1.9633712768554688,0.0,0.08139610290527344,0.0061054229736328125,0.08006961419452302,0.08791351318359375,0.0,-0.8284339904785156,0.1892547607421875,-0.717010075570069,1.8461532592773438,0.0,0.1182107925415039,-0.018314361572265625,0.09729103716793035,-0.3223419189453125,0.0,0.07305240631103516,-0.021978378295898438,0.06000269540685223,-0.1797332763671875,0.0,-0.5037384033203125,0.13919448852539062,-0.4717597574095137,0.2891349792480469,0.0,-0.026509523391723633,0.015343666076660156,-0.026034627941717445,0.0037851035594940186,0.0,0.0,0.0,2.3685991060866747e-23,0.0,0.0,0.10306045413017273,-0.08322487771511078,0.07799703627824783,-0.6554674506187439,-0.08322487771511078,0.07799703627824783,-0.6554674506187439
1.7604,1788396531.4648,ramp,0,-0.037310,-0.039753629769993276,-0.16870654459034168,0.03378232118273663,-0.10500611364841461,-0.030908023938536644,0.9870742559432983,-0.11705891788005829,-0.13335847854614258,-0.0061054229736328125,-0.07895371263029155,9.699630737304688,0.0,0.3596177101135254,-0.05494499206542969,0.20475165809582885,-15.208793640136719,0.0,2.245811939239502,-0.5921859741210938,2.075879698967143,-12.688644409179688,0.0,0.8069581985473633,-0.07936477661132812,0.6615071120030657,-14.036628723144531,0.0,-0.5249018669128418,0.0061054229736328125,-0.4057962865209581,11.809524536132812,0.0,0.15425872802734375,-0.04273414611816406,0.0820211050937699,-6.710624694824219,0.0,-0.052825927734375,-0.0061054229736328125,-0.11139819227977082,-10.344329833984375,0.0,-0.07564306259155273,-0.07936477661132812,0.07079041328120725,14.915756225585938,0.0,-2.4137802124023438,0.7997550964355469,-2.3103253096726326,5.1868133544921875,0.0,0.7091684341430664,-0.1770458221435547,0.7063743701179968,0.9670333862304688,0.0,-0.5254769325256348,0.10378456115722656,-0.3845925721953537,13.216110229492188,0.0,0.07238340377807617,-0.06715583801269531,0.08718035690711243,1.8461532592773438,0.0,-2.509460926055908,0.7020759582519531,-2.260148923492623,5.831504821777344,0.0,0.29186592030549297,-0.05635440183428518,0.22618863558947103,-3.332598690023873,0.0,0.141319076638475,-0.041837371422207614,0.03302350603352801,-5.996077422477202,0.0,-0.2384347915649414,-0.07936477661132812,-0.07075118831095684,3.4285736083984375,0.0,-0.12204551696777344,-0.07936477661132812,-0.09597200399557845,0.615386962890625,-0.6994400799115691,-0.48789501190185547,0.16483497619628906,-0.50271762894623,-0.615386962890625,0.0,-0.40391063690185547,-0.0061054229736328125,-0.2977303431364545,1.9633712768554688,0.0,-0.6167473793029785,0.1892547607421875,-0.6087115515195591,-0.26373291015625,0.0,-0.20962047576904297,0.03663063049316406,-0.18679537137296867,0.3047637939453125,0.0,0.02231597900390625,-0.0073261260986328125,0.012808862169641722,-0.21098899841308594,0.0,1.609410285949707,-0.5189247131347656,1.3604378400140176,-3.6043930053710938,0.0,-2.16048526763916,0.6166057586669922,-1.9791288781207461,2.0219802856445312,0.0,0.08120393753051758,0.0061054229736328125,0.07957165399095309,0.02930450439453125,0.0,-0.8249821662902832,0.1892547607421875,-0.7125511030512325,1.8461532592773438,0.0,0.11763572692871094,-0.018314361572265625,0.09668543941506016,-0.26373291015625,0.0,0.07228946685791016,-0.03663063049316406,0.05962845813350126,-0.14847564697265625,0.0,-0.501068115234375,0.10988998413085938,-0.4688228872719033,0.3047637939453125,0.0,-0.026317834854125977,0.009205818176269531,-0.025872722534609642,0.003540903329849243,0.0,0.0,0.0,2.3961934350294955e-23,0.0,0.0,0.09943632781505585,-0.07206068187952042,0.09029877930879593,-0.6934016942977905,-0.07206068187952042,0.09029877930879593,-0.6934016942977905
1.7805,1788396531.4848,ramp,0,-0.038103,-0.035661208379517355,-0.15904472931358868,0.02206846954586115,-0.10331516712903976,-0.031155921518802643,0.9871919751167297,-0.11750394105911255,-0.13355016708374023,-0.0061054229736328125,-0.07894114834049545,9.582412719726562,0.0,0.35846710205078125,-0.06715583801269531,0.20446769963381267,-15.091575622558594,0.0,2.2335400581359863,-0.6166057586669922,2.064738951923283,-12.571426391601562,0.0,0.8052325248718262,-0.09157562255859375,0.6588604221422414,-14.095237731933594,0.0,-0.5249018669128418,-0.0061054229736328125,-0.40402207200477536,12.043952941894531,0.0,0.1531081199645996,-0.06715583801269531,0.08064858947055192,-6.593406677246094,0.0,-0.053017616271972656,-0.03052520751953125,-0.11226205972122781,-10.285720825195312,0.0,-0.07736873626708984,-0.10378456115722656,0.06950862017714957,15.208786010742188,0.0,-2.398824691772461,0.75091552734375,-2.2965209254323833,5.362640380859375,0.0,0.7055253982543945,-0.16483497619628906,0.7038568784383952,1.0256423950195312,0.0,-0.5231761932373047,0.10378456115722656,-0.38282803299422763,13.216110229492188,0.0,0.07142496109008789,-0.018314361572265625,0.08746322512780066,1.8461532592773438,0.0,-2.495271921157837,0.6898651123046875,-2.246121865505388,5.9487152099609375,0.0,0.290830225978334,-0.05614455300810572,0.22478485149609168,-3.254356274927933,0.0,0.14038587561540475,-0.030281264271863916,0.032818553771640044,-5.9356335770835225,0.0,-0.2397770881652832,-0.07936477661132812,-0.07031207657007747,3.4285736083984375,0.0,-0.12377119064331055,-0.10378456115722656,-0.09537637876569002,0.615386962890625,-0.6875275753138005,-0.4850187301635742,0.1892547607421875,-0.4995976336063362,-0.6739959716796875,0.0,-0.40391063690185547,-0.0061054229736328125,-0.295882565511539,1.9633712768554688,0.0,-0.6125292778015137,0.20146560668945312,-0.6049362943533128,-0.26373291015625,0.0,-0.20885753631591797,0.021978378295898438,-0.1856371592717061,0.33602142333984375,0.0,0.02231597900390625,-0.0073261260986328125,0.012730778003119867,-0.22661781311035156,0.0,1.598672866821289,-0.5433464050292969,1.3519946193527663,-3.5457839965820312,0.0,-2.146871566772461,0.6898651123046875,-1.9668459004850198,1.9047622680664062,0.0,0.08120393753051758,0.0061054229736328125,0.07907779274241337,0.02930450439453125,0.0,-0.8211474418640137,0.20146560668945312,-0.7081288345254153,1.8461532592773438,0.0,0.11706018447875977,-0.0061054229736328125,0.09608482663475933,-0.3223419189453125,0.0,0.07152652740478516,-0.021978378295898438,0.059257301390970026,-0.13284683227539062,0.0,-0.4983978271484375,0.13919448852539062,-0.46591019195496614,0.3047637939453125,0.0,-0.02622199058532715,0.009205818176269531,-0.02571214985043457,0.004029303789138794,0.0,0.0,0.0,2.4235606214966423e-23,0.0,0.0,0.09576144069433212,-0.058682631701231,0.08653537929058075,-0.688708484172821,-0.058682631701231,0.08653537929058075,-0.688708484172821
1.8002,1788396531.5046,ramp,0,-0.038539,-0.014875334899692479,-0.1612710820506245,0.027273867567773218,-0.10173279792070389,-0.03122651018202305,0.9873145222663879,-0.11783622950315475,-0.13355016708374023,-0.0061054229736328125,-0.07892885298196636,9.5238037109375,0.0,0.3569326400756836,-0.09157562255859375,0.2041898191364253,-14.798538208007812,0.0,2.221843719482422,-0.6043949127197266,2.0538366660472636,-12.454208374023438,0.0,0.8033151626586914,-0.10378456115722656,0.6562703831283162,-13.919410705566406,0.0,-0.5249018669128418,0.0061054229736328125,-0.4022858335115525,12.161170959472656,0.0,0.1513824462890625,-0.07936477661132812,0.0793054517406748,-6.476188659667969,0.0,-0.05340099334716797,-0.0061054229736328125,-0.1131074365858736,-10.461532592773438,0.0,-0.07928609848022461,-0.09157562255859375,0.06825426310402587,15.443222045898438,0.0,-2.3840599060058594,0.7264957427978516,-2.2830120159546685,5.3040313720703125,0.0,0.7022652626037598,-0.1770458221435547,0.7013932721942662,1.0256423950195312,0.0,-0.5212588310241699,0.10378456115722656,-0.3811012627216074,13.157516479492188,0.0,0.0704660415649414,-0.05494499206542969,0.0877400387198375,2.0805892944335938,0.0,-2.4812746047973633,0.6898651123046875,-2.2323950484818726,5.714286804199219,0.0,0.289581150262347,-0.05141380790496744,0.22341111457935006,-3.4027929501242693,0.0,0.13971973500026452,-0.02440178132778834,0.03261798839292328,-6.056563304835494,0.0,-0.241119384765625,-0.07936477661132812,-0.0698823637589225,3.4285736083984375,0.0,-0.12588071823120117,-0.128204345703125,-0.09479350254512342,0.7325973510742188,-0.6758700509024684,-0.48175859451293945,0.1770458221435547,-0.49654441994001225,-0.6739959716796875,0.0,-0.40391063690185547,-0.0061054229736328125,-0.2940743384848564,2.0805892944335938,0.0,-0.6079273223876953,0.25030517578125,-0.6012418443563896,-0.3223419189453125,0.0,-0.20809459686279297,0.05128288269042969,-0.1845037380223663,0.3047637939453125,0.0,0.02231597900390625,-0.0073261260986328125,0.012654365182466052,-0.22661781311035156,0.0,1.5883188247680664,-0.5555553436279297,1.3437321208864708,-3.4871826171875,0.0,-2.133449077606201,0.6532363891601562,-1.9548258327942047,1.9047622680664062,0.0,0.08120393753051758,0.0061054229736328125,0.07859450230475504,0.02930450439453125,0.0,-0.8169288635253906,0.20146560668945312,-0.7038012220682638,1.8461532592773438,0.0,0.11667680740356445,-0.0061054229736328125,0.0954970696193768,-0.3223419189453125,0.0,0.07114505767822266,-0.0073261260986328125,0.058894089041209526,-0.16410446166992188,0.0,-0.4957275390625,0.124542236328125,-0.4630598411759765,0.3203926086425781,0.0,-0.02603006362915039,0.015343666076660156,-0.025555014130552906,0.004273504018783569,0.0,0.0,0.0,2.4503420293602754e-23,0.0,0.0,0.09219780564308167,-0.07698526978492737,0.08212703466415405,-0.6882262229919434,-0.07698526978492737,0.08212703466415405,-0.6882262229919434
1.8202,1788396531.5246,ramp,0,-0.038859,-0.014313004274333045,-0.14870900112299115,0.004152194272637337,-0.10023459047079086,-0.031227702274918556,0.9874514937400818,-0.11797188222408295,-0.13355016708374023,-0.018314361572265625,-0.07891632720537338,9.641021728515625,0.0,0.35482358932495117,-0.10378456115722656,0.20390673108969737,-14.681320190429688,0.0,2.2095723152160645,-0.5799751281738281,2.042730068633884,-12.454208374023438,0.0,0.8010144233703613,-0.14041519165039062,0.6536318061418249,-13.978019714355469,0.0,-0.5249018669128418,0.0061054229736328125,-0.40051705747897237,12.336997985839844,0.0,0.1496567726135254,-0.05494499206542969,0.07793714327710025,-6.534797668457031,0.0,-0.0541682243347168,-0.04273414611816406,-0.1139686560223276,-10.109893798828125,0.0,-0.08101224899291992,-0.09157562255859375,0.06697639906869962,15.26739501953125,0.0,-2.368720054626465,0.75091552734375,-2.2692499461677453,5.0695953369140625,0.0,0.6984305381774902,-0.1770458221435547,0.6988834973589889,1.2014617919921875,0.0,-0.5191493034362793,0.10378456115722656,-0.3793421323464288,13.040298461914062,0.0,0.06950759887695312,-0.04273414611816406,0.08802203986714432,2.1977996826171875,0.0,-2.4674689769744873,0.6776561737060547,-2.2184109875077733,5.831504821777344,0.0,0.2886264788925766,-0.05142316713369396,0.22201163349257103,-3.479236577523048,0.0,0.13924186853981257,-0.02441580217017708,0.03241366436933763,-5.9933610758491636,0.0,-0.2424616813659668,-0.07936477661132812,-0.06944459802326444,3.4871826171875,0.0,-0.1279897689819336,-0.11599540710449219,-0.09419970307982913,0.7912063598632812,-0.6639940615965825,-0.47869110107421875,0.16483497619628906,-0.49343398829342694,-0.615386962890625,0.0,-0.4041023254394531,-0.0061054229736328125,-0.29223222483587086,2.139190673828125,0.0,-0.6031332015991211,0.23809432983398438,-0.5974781594515621,-0.3223419189453125,0.0,-0.20733165740966797,0.021978378295898438,-0.18334907617811247,0.33602142333984375,0.0,0.02231597900390625,-0.0073261260986328125,0.0125765203666289,-0.22661781311035156,0.0,1.5773887634277344,-0.5799751281738281,1.3353147811526387,-3.369964599609375,0.0,-2.120410919189453,0.6654453277587891,-1.9425805060579917,1.8461532592773438,0.0,0.08101224899291992,0.0061054229736328125,0.078102154884604,0.02930450439453125,0.0,-0.8129024505615234,0.21367454528808594,-0.6993925090818952,1.8461532592773438,0.0,0.1164851188659668,-0.0061054229736328125,0.09489829789196298,-0.3223419189453125,0.0,0.07038211822509766,-0.021978378295898438,0.05852407000206188,-0.16410446166992188,0.0,-0.49267578125,0.15384674072265625,-0.46015607411747483,0.2891349792480469,0.0,-0.025838375091552734,0.0030689239501953125,-0.02539493364836466,0.004517704248428345,0.0,0.0,0.0,2.4776253274399163e-23,0.0,0.0,0.08856747299432755,-0.06407945603132248,0.07222184538841248,-0.6963757872581482,-0.06407945603132248,0.07222184538841248,-0.6963757872581482
1.8404,1788396531.5449,ramp,0,-0.039076,-0.002182354663069578,-0.1606160609357627,0.010722575225472151,-0.09867949038743973,-0.031174730509519577,0.9875892996788025,-0.11814402788877487,-0.13355016708374023,-0.0061054229736328125,-0.07890374741780937,9.5238037109375,0.0,0.3529062271118164,-0.11599540710449219,0.20362242237132636,-14.5054931640625,0.0,2.197875499725342,-0.5433464050292969,2.0315755797299557,-12.864471435546875,0.0,0.7985215187072754,-0.14041519165039062,0.6509818516487844,-13.919410705566406,0.0,-0.5249018669128418,0.018314361572265625,-0.39874065450922214,12.395606994628906,0.0,0.14850664138793945,-0.05494499206542969,0.07656293468683426,-6.652015686035156,0.0,-0.05455160140991211,-0.018314361572265625,-0.114833589024779,-10.402923583984375,0.0,-0.08292961120605469,-0.10378456115722656,0.06569302490177394,15.326004028320312,0.0,-2.3545312881469727,0.7264957427978516,-2.2554285345310556,5.128204345703125,0.0,0.694979190826416,-0.1770458221435547,0.6963629004102123,1.377288818359375,0.0,-0.5172314643859863,0.10378456115722656,-0.377575416626018,13.098907470703125,0.0,0.06854867935180664,-0.04273414611816406,0.0883052569993994,2.3150177001953125,0.0,-2.453855037689209,0.6654453277587891,-2.2043666274610563,5.890106201171875,0.0,0.2874510377780993,-0.06070389164613765,0.22060611786319131,-3.321904897198354,0.0,0.13866761105680084,-0.024666890295275676,0.03220845930345972,-5.996627973101839,0.0,-0.24399566650390625,-0.07936477661132812,-0.06900494464796202,3.4871826171875,0.0,-0.13029050827026367,-0.128204345703125,-0.09360334315966094,0.8498153686523438,-0.6520668631932189,-0.474855899810791,0.20146560668945312,-0.49031014450968946,-0.6739959716796875,0.0,-0.4042940139770508,-0.0061054229736328125,-0.29038216801895333,2.139190673828125,0.0,-0.5989151000976562,0.1770458221435547,-0.5936982455907963,-0.26373291015625,0.0,-0.20656871795654297,0.03663063049316406,-0.18218943544836005,0.3516502380371094,0.0,0.02231597900390625,-0.0073261260986328125,0.012498339885049744,-0.22661781311035156,0.0,1.5658845901489258,-0.4822959899902344,1.3268611459692374,-3.4871826171875,0.0,-2.106605052947998,0.6776561737060547,-1.9302823776465385,1.8461532592773438,0.0,0.08101224899291992,0.0061054229736328125,0.07760768446935903,0.02930450439453125,0.0,-0.8092594146728516,0.20146560668945312,-0.6949647857876476,1.8461532592773438,0.0,0.11610174179077148,-0.0061054229736328125,0.09429694426935151,-0.380950927734375,0.0,0.07000064849853516,-0.021978378295898438,0.05815245544606453,-0.13284683227539062,0.0,-0.4896240234375,0.124542236328125,-0.45723978605659427,0.3047637939453125,0.0,-0.025742530822753906,0.009205818176269531,-0.02523416290140726,0.0050061047077178955,0.0,0.0,0.0,2.505026270713983e-23,0.0,0.0,0.08480853587388992,-0.07750903815031052,0.06555139273405075,-0.6829259991645813,-0.07750903815031052,0.06555139273405075,-0.6829259991645813
1.8603,1788396531.5646,ramp,0,-0.039051,-0.017292831862779516,-0.16056371317558582,0.06905905440522521,-0.09708935767412186,-0.03101988695561886,0.9877041578292847,-0.11854075640439987,-0.13355016708374023,-0.018314361572265625,-0.0788913070057967,9.75823974609375,0.0,0.35041379928588867,-0.14041519165039062,0.20334126360156748,-14.036628723144531,0.0,2.187521457672119,-0.5189247131347656,2.020544675030703,-12.864471435546875,0.0,0.7954540252685547,-0.16483497619628906,0.6483612568620711,-13.860809326171875,0.0,-0.5247097015380859,0.03052520751953125,-0.39698393288481093,12.571426391601562,0.0,0.14697265625,-0.07936477661132812,0.0752039513997756,-6.534797668457031,0.0,-0.054743289947509766,-0.0061054229736328125,-0.1156889391536334,-10.578750610351562,0.0,-0.08446359634399414,-0.07936477661132812,0.06442386965398353,15.208786010742188,0.0,-2.340725898742676,0.6898651123046875,-2.241760254802006,5.1868133544921875,0.0,0.6915278434753418,-0.16483497619628906,0.6938702299735245,1.6703262329101562,0.0,-0.5153141021728516,0.09157562255859375,-0.37582827492276516,13.098907470703125,0.0,0.06778192520141602,-0.018314361572265625,0.08858533627707937,2.3150177001953125,0.0,-2.441199779510498,0.6410255432128906,-2.1904778694398104,6.1831512451171875,0.0,0.28590664380483366,-0.07067449618882886,0.21921617439787142,-3.1702547256166294,0.0,0.13781095675718502,-0.0596376399203197,0.03200552777114129,-5.752467686381383,0.0,-0.2451457977294922,-0.05494499206542969,-0.06857016233516973,3.4871826171875,0.0,-0.13259172439575195,-0.10378456115722656,-0.09301359050469953,0.8498153686523438,-0.6402718100939906,-0.47082948684692383,0.21367454528808594,-0.48722091080561303,-0.7325973510742188,0.0,-0.4042940139770508,-0.0061054229736328125,-0.2885526085822646,2.1977996826171875,0.0,-0.5946965217590332,0.21367454528808594,-0.5899602106231155,-0.3223419189453125,0.0,-0.20542430877685547,0.03663063049316406,-0.18104264275481347,0.33602142333984375,0.0,0.02231597900390625,-0.0073261260986328125,0.012421025590412933,-0.22661781311035156,0.0,1.5557222366333008,-0.5311355590820312,1.3185011713551147,-3.4285736083984375,0.0,-2.092991352081299,0.6654453277587891,-1.9181205041932294,1.7875442504882812,0.0,0.08101224899291992,0.0061054229736328125,0.07711869245241004,0.02930450439453125,0.0,-0.8054242134094238,0.1892547607421875,-0.6905861186775565,1.9047622680664062,0.0,0.11552667617797852,-0.0061054229736328125,0.09370225323879773,-0.380950927734375,0.0,0.06923770904541016,-0.021978378295898438,0.05778495812840452,-0.14847564697265625,0.0,-0.4869537353515625,0.15384674072265625,-0.4543558084981232,0.3047637939453125,0.0,-0.02555084228515625,0.015343666076660156,-0.025075173385761207,0.004273504018783569,0.0,0.0,0.0,2.5321236300398257e-23,0.0,0.0,0.0809265673160553,-0.10412473231554031,0.04020937532186508,-0.6085025072097778,-0.10412473231554031,0.04020937532186508,-0.6085025072097778
1.8802,1788396531.5845,ramp,0,-0.038928,-0.018138744411448453,-0.1584309539061095,0.06133731869308134,-0.09553755819797516,-0.03084605000913143,0.9877819418907166,-0.11919689923524857,-0.13355016708374023,-0.0061054229736328125,-0.07887884477755112,9.75823974609375,0.0,0.34792089462280273,-0.10378456115722656,0.20305961177537296,-13.978019714355469,0.0,2.1771674156188965,-0.5067157745361328,2.0094944258928713,-12.864471435546875,0.0,0.7923855781555176,-0.15262603759765625,0.6457360664473223,-13.74359130859375,0.0,-0.5243263244628906,0.03052520751953125,-0.39522413057078365,12.688644409179688,0.0,0.14505529403686523,-0.06715583801269531,0.07384258492027332,-6.534797668457031,0.0,-0.054743289947509766,-0.03052520751953125,-0.11654578927441792,-10.578750610351562,0.0,-0.08618927001953125,-0.07936477661132812,0.0631524887414442,15.208786010742188,0.0,-2.3263444900512695,0.7753353118896484,-2.2280680055795274,4.776557922363281,0.0,0.6882681846618652,-0.1770458221435547,0.691373188244411,1.5531158447265625,0.0,-0.5132050514221191,0.09157562255859375,-0.3740780693298054,13.157516479492188,0.0,0.06701469421386719,-0.04273414611816406,0.08886590671813457,2.4908447265625,0.0,-2.4295032024383545,0.6043949127197266,-2.176564755281529,6.534797668457031,0.0,0.28421207594903397,-0.07544945273870068,0.21782379344653147,-3.2454405855067407,0.0,0.13676802986630013,-0.06556946175011012,0.03180224036623854,-5.6894882838984575,0.0,-0.2455291748046875,-0.03052520751953125,-0.06813461756272662,3.4871826171875,0.0,-0.13470077514648438,-0.11599540710449219,-0.09242280362504648,0.9084243774414062,-0.6284560725009298,-0.46718645095825195,0.1770458221435547,-0.48412625964093164,-0.6739959716796875,0.0,-0.40448570251464844,-0.0061054229736328125,-0.2867198407233192,2.25640869140625,0.0,-0.590670108795166,0.16483497619628906,-0.5862156204190501,-0.26373291015625,0.0,-0.20466136932373047,0.03663063049316406,-0.1798938389786379,0.3203926086425781,0.0,0.02231597900390625,-0.0073261260986328125,0.012343575712914636,-0.22661781311035156,0.0,1.54536771774292,-0.5433464050292969,1.3101265362013672,-3.3113555908203125,0.0,-2.0791854858398438,0.7020759582519531,-1.9059373029684965,1.7289352416992188,0.0,0.08082056045532227,0.0061054229736328125,0.0766288429105077,0.02930450439453125,0.0,-0.8023567199707031,0.16483497619628906,-0.6861997728811491,1.9633712768554688,0.0,0.115142822265625,-0.0061054229736328125,0.09310651932332857,-0.3223419189453125,0.0,0.06885623931884766,-0.021978378295898438,0.057416816345989975,-0.13284683227539062,0.0,-0.484283447265625,0.09523773193359375,-0.4514667734282092,0.33602142333984375,0.0,-0.025359153747558594,0.009205818176269531,-0.024915905056817064,0.004517704248428345,0.0,0.0,0.0,2.5592685088772052e-23,0.0,0.0,0.07710207998752594,-0.10149683058261871,0.031103312969207764,-0.5801019668579102,-0.10149683058261871,0.031103312969207764,-0.5801019668579102
1.9004,1788396531.6048,ramp,0,-0.039278,-0.03917752144718188,-0.16389867329539434,0.05666065385490168,-0.09389378130435944,-0.030900606885552406,0.9878498315811157,-0.11992426216602325,-0.13355016708374023,-0.0061054229736328125,-0.07886624219452024,9.816848754882812,0.0,0.3458118438720703,-0.09157562255859375,0.2027747878694487,-13.802200317382812,0.0,2.1656622886657715,-0.5189247131347656,1.9983197242642725,-12.805862426757812,0.0,0.7900843620300293,-0.11599540710449219,0.6430813100488768,-13.919410705566406,0.0,-0.5239429473876953,0.0061054229736328125,-0.39344450863291736,12.923080444335938,0.0,0.14332962036132812,-0.05494499206542969,0.07246588616661977,-6.534797668457031,0.0,-0.05512666702270508,-0.04273414611816406,-0.11741228959678758,-10.75457763671875,0.0,-0.08714818954467773,-0.04273414611816406,0.06186678900954562,15.032974243164062,0.0,-2.3110055923461914,0.7875461578369141,-2.214221548565108,4.4249114990234375,0.0,0.6840500831604004,-0.20146560668945312,0.6888480237952701,1.9047622680664062,0.0,-0.5109038352966309,0.128204345703125,-0.3723081521952612,12.923080444335938,0.0,0.06624794006347656,-0.03052520751953125,0.08914963705991145,2.4908447265625,0.0,-2.4176151752471924,0.6166057586669922,-2.162494945858758,6.358970642089844,0.0,0.2825775987833486,-0.06642476962470478,0.21641573092318991,-3.094632936639764,0.0,0.13509085049934433,-0.07691206829030636,0.031596663454233634,-5.445232356174629,0.0,-0.24610471725463867,-0.04273414611816406,-0.06769416750433974,3.5457839965820312,0.0,-0.13642644882202148,-0.09157562255859375,-0.09182536305842513,0.9084243774414062,-0.6165072611685027,-0.4643101692199707,0.16483497619628906,-0.48099675523079893,-0.615386962890625,0.0,-0.40448570251464844,-0.0061054229736328125,-0.28486643147229296,2.3150177001953125,0.0,-0.5860681533813477,0.23809432983398438,-0.5824288570863986,-0.380950927734375,0.0,-0.20389842987060547,0.021978378295898438,-0.17873209689767255,0.367279052734375,0.0,0.02231597900390625,-0.0073261260986328125,0.0122652535627604,-0.22661781311035156,0.0,1.5346298217773438,-0.5189247131347656,1.3016575824317087,-3.369964599609375,0.0,-2.065187931060791,0.7142848968505859,-1.8936168894765084,1.611724853515625,0.0,0.08082056045532227,0.0061054229736328125,0.07613347647981576,-0.02930450439453125,0.0,-0.7992887496948242,0.16483497619628906,-0.681764026238397,1.9633712768554688,0.0,0.11475944519042969,-0.0061054229736328125,0.09250407600532108,-0.380950927734375,0.0,0.06809329986572266,-0.021978378295898438,0.05704452839807223,-0.117218017578125,0.0,-0.4816131591796875,0.13919448852539062,-0.44854520084661736,0.3203926086425781,0.0,-0.025263071060180664,0.009205818176269531,-0.02475484298186863,0.00476190447807312,0.0,0.0,0.0,2.586719104603024e-23,0.0,0.0,0.07297326624393463,-0.10289508104324341,0.047328099608421326,-0.5944080948829651,-0.10289508104324341,0.047328099608421326,-0.5944080948829651
1.9205,1788396531.6249,ramp,0,-0.039697,-0.024471664501656623,-0.16143218665181747,0.06723215918694447,-0.09223732352256775,-0.030985897406935692,0.9879148006439209,-0.1206502914428711,-0.13355016708374023,-0.0061054229736328125,-0.07885369078224445,9.816848754882812,0.0,0.3440861701965332,-0.10378456115722656,0.20249112044504172,-13.567764282226562,0.0,2.1537742614746094,-0.5433464050292969,1.9871903957087398,-12.571426391601562,0.0,0.7875919342041016,-0.11599540710449219,0.6404373328604759,-13.860809326171875,0.0,-0.5239429473876953,0.018314361572265625,-0.3916721125628103,13.040290832519531,0.0,0.14217853546142578,-0.05494499206542969,0.0710947772761425,-6.476188659667969,0.0,-0.05551004409790039,-0.018314361572265625,-0.1182752716343971,-10.930404663085938,0.0,-0.08791494369506836,-0.05494499206542969,0.06058630965397702,14.798538208007812,0.0,-2.29624080657959,0.7875461578369141,-2.200431312855446,4.366302490234375,0.0,0.680023193359375,-0.1770458221435547,0.6863331123689715,1.7289352416992188,0.0,-0.5089864730834961,0.07936477661132812,-0.3705454215236881,13.098907470703125,0.0,0.06586456298828125,-0.018314361572265625,0.08943221536041182,2.5494537353515625,0.0,-2.405343532562256,0.628814697265625,-2.148482264627163,6.3003692626953125,0.0,0.2810134798172708,-0.07595196040924802,0.21501338561055125,-3.170871146535709,0.0,0.13332415345809537,-0.08874377990498017,0.031391921254112685,-5.382142774601787,0.0,-0.24667978286743164,-0.05494499206542969,-0.06725550582235389,3.7802200317382812,0.0,-0.1381521224975586,-0.09157562255859375,-0.09123034830283505,0.9670333862304688,-0.6046069660567011,-0.4616260528564453,0.16483497619628906,-0.4778799576684176,-0.5567779541015625,0.0,-0.40448570251464844,-0.0061054229736328125,-0.28302054769050644,2.3150177001953125,0.0,-0.5814666748046875,0.1770458221435547,-0.578657469295313,-0.26373291015625,0.0,-0.20313549041748047,0.03663063049316406,-0.1775750718829946,0.367279052734375,0.0,0.02231597900390625,-0.0073261260986328125,0.012187249427060575,-0.2422466278076172,0.0,1.52504301071167,-0.5067157745361328,1.2932230154824733,-3.3113555908203125,0.0,-2.050232410430908,0.75091552734375,-1.881346501035762,1.5531158447265625,0.0,0.08082056045532227,0.0061054229736328125,0.07564012140459454,-0.02930450439453125,0.0,-0.7954540252685547,0.20146560668945312,-0.6773462902292363,1.9633712768554688,0.0,0.11418437957763672,-0.0061054229736328125,0.09190407881120974,-0.3223419189453125,0.0,0.06771183013916016,-0.0073261260986328125,0.056673752065303055,-0.13284683227539062,0.0,-0.4785614013671875,0.13919448852539062,-0.4456354908391344,0.27350616455078125,0.0,-0.025071382522583008,0.009205818176269531,-0.0245944348734902,0.004273504018783569,0.0,0.0,0.0,2.614058241613704e-23,0.0,0.0,0.06867732852697372,-0.11748124659061432,0.019021132960915565,-0.6032348871231079,-0.11748124659061432,0.019021132960915565,-0.6032348871231079
1.9402,1788396531.6447,ramp,0,-0.039904,-0.011833688684442543,-0.14664598338456128,0.0682248316773255,-0.09067180752754211,-0.030964376404881477,0.9879842400550842,-0.12127265334129333,-0.13355016708374023,-0.018314361572265625,-0.07884134095343545,9.934066772460938,0.0,0.3417854309082031,-0.128204345703125,0.20221200889542948,-13.391944885253906,0.0,2.1434202194213867,-0.5677661895751953,1.9762398110733275,-12.864471435546875,0.0,0.7850995063781738,-0.15262603759765625,0.6378358195857787,-13.860809326171875,0.0,-0.5235595703125,0.03052520751953125,-0.38992818227300585,13.216117858886719,0.0,0.14102792739868164,-0.03052520751953125,0.06974568924494462,-6.652015686035156,0.0,-0.055893898010253906,-0.018314361572265625,-0.1191243936451752,-10.989013671875,0.0,-0.08887386322021484,-0.06715583801269531,0.059326395591139724,15.091567993164062,0.0,-2.281667709350586,0.75091552734375,-2.1868625568853584,4.542121887207031,0.0,0.6769552230834961,-0.14041519165039062,0.683858591980178,1.6703262329101562,0.0,-0.5074524879455566,0.05494499206542969,-0.3688110014001216,13.216110229492188,0.0,0.06528902053833008,-0.0061054229736328125,0.08971025527812296,2.6080551147460938,0.0,-2.3928802013397217,0.628814697265625,-2.134694635748208,6.593406677246094,0.0,0.27938142263297283,-0.08027420747797978,0.21363356283350787,-3.0893176373767925,0.0,0.13182793161178283,-0.07153992661951354,0.03119046734072719,-5.446106950010864,0.0,-0.24763870239257812,-0.05494499206542969,-0.0668238893190824,3.6043930053710938,0.0,-0.14026117324829102,-0.10378456115722656,-0.09064488985330717,1.1428604125976562,-0.5928977970661433,-0.45874977111816406,0.11599540710449219,-0.4748132178082364,-0.5567779541015625,0.0,-0.40448570251464844,-0.0061054229736328125,-0.28120430994725637,2.3150177001953125,0.0,-0.5782070159912109,0.16483497619628906,-0.5749466523315426,-0.26373291015625,0.0,-0.20199108123779297,0.05128288269042969,-0.17643662940775454,0.3516502380371094,0.0,0.02231597900390625,-0.0073261260986328125,0.012110498086166026,-0.22661781311035156,0.0,1.5137295722961426,-0.5799751281738281,1.2849239129104015,-3.135528564453125,0.0,-2.0343170166015625,0.7753353118896484,-1.8692731826446911,1.377288818359375,0.0,0.08082056045532227,0.0061054229736328125,0.07515468991790934,-0.02930450439453125,0.0,-0.7923855781555176,0.1892547607421875,-0.6729995058007027,1.9633712768554688,0.0,0.11341714859008789,-0.018314361572265625,0.09131371794421388,-0.26373291015625,0.0,0.06733036041259766,-0.0073261260986328125,0.05630893063043057,-0.14847564697265625,0.0,-0.4755096435546875,0.13919448852539062,-0.44277251257926353,0.2891349792480469,0.0,-0.02487969398498535,0.0030689239501953125,-0.02443660301883341,0.002808302640914917,0.0,0.0,0.0,2.6409582951255362e-23,0.0,0.0,0.06451045721769333,-0.10222885012626648,0.006116170901805162,-0.5987975597381592,-0.10222885012626648,0.006116170901805162,-0.5987975597381592
1.9608,1788396531.6652,ramp,0,-0.039833,-0.008745726352765845,-0.14420431407339257,0.05518698534332792,-0.08917885273694992,-0.030811922624707222,0.9880471229553223,-0.12190380692481995,-0.13355016708374023,-0.0061054229736328125,-0.07882850466218955,9.75823974609375,0.0,0.3392925262451172,-0.128204345703125,0.20192190308130595,-13.391944885253906,0.0,2.133065700531006,-0.5189247131347656,1.964857880532657,-13.333328247070312,0.0,0.7824149131774902,-0.15262603759765625,0.6351318321386172,-13.860809326171875,0.0,-0.5231761932373047,0.04273414611816406,-0.38811555819062243,13.216117858886719,0.0,0.1394944190979004,-0.06715583801269531,0.06834346034342209,-6.476188659667969,0.0,-0.05627727508544922,-0.03052520751953125,-0.12000696275623221,-10.989013671875,0.0,-0.09002447128295898,-0.06715583801269531,0.05801685323994381,15.032974243164062,0.0,-2.266903877258301,0.75091552734375,-2.1727593246729513,4.366302490234375,0.0,0.6738877296447754,-0.15262603759765625,0.6812865996962555,1.7875442504882812,0.0,-0.5057268142700195,0.07936477661132812,-0.3670082620914882,13.216110229492188,0.0,0.06471395492553711,-0.0061054229736328125,0.08999924724853228,2.7252731323242188,0.0,-2.3796496391296387,0.6166057586669922,-2.1203639091755537,6.476188659667969,0.0,0.2773828074889427,-0.09457176754909431,0.212199388537831,-2.9386282520805427,0.0,0.13023031343304328,-0.08929223813096664,0.030981078113974405,-5.2023116082696115,0.0,-0.24840545654296875,-0.04273414611816406,-0.0663752713480787,3.5457839965820312,0.0,-0.14237022399902344,-0.09157562255859375,-0.09003637006839764,1.1428604125976562,-0.5807274013679529,-0.4558734893798828,0.128204345703125,-0.4716256783994264,-0.5567779541015625,0.0,-0.40448570251464844,-0.0061054229736328125,-0.2793165302051443,2.373626708984375,0.0,-0.573796272277832,0.21367454528808594,-0.571089665482257,-0.380950927734375,0.0,-0.20122814178466797,0.021978378295898438,-0.17525334343635282,0.367279052734375,0.0,0.02231597900390625,-0.0073261260986328125,0.012030723493297254,-0.2422466278076172,0.0,1.5020332336425781,-0.5433464050292969,1.2762979068869649,-3.1941375732421875,0.0,-2.018019199371338,0.6654453277587891,-1.856724293622074,1.5531158447265625,0.0,0.08082056045532227,0.0061054229736328125,0.07465013717961645,-0.08791351318359375,0.0,-0.7887425422668457,0.1770458221435547,-0.6684815005902006,2.0219802856445312,0.0,0.11265039443969727,-0.018314361572265625,0.09070010263454836,-0.26373291015625,0.0,0.06694889068603516,-0.0073261260986328125,0.055929738800065805,-0.14847564697265625,0.0,-0.4724578857421875,0.124542236328125,-0.43979676098441994,0.2891349792480469,0.0,-0.024783849716186523,0.009205818176269531,-0.024272554133169415,0.0025641024112701416,0.0,0.0,0.0,2.668917947582983e-23,0.0,0.0,0.06022220849990845,-0.10154570639133453,-0.020071635022759438,-0.6040454506874084,-0.10154570639133453,-0.020071635022759438,-0.6040454506874084
1.9802,1788396531.6846,ramp,0,-0.039728,0.0019574185898332238,-0.12892689074307126,0.03997808847680572,-0.08779363334178925,-0.030644390732049942,0.9881101846694946,-0.12243973463773727,-0.13355016708374023,-0.018314361572265625,-0.07881633580544095,9.641021728515625,0.0,0.33680009841918945,-0.14041519165039062,0.20164688157966087,-12.688644409179688,0.0,2.1236705780029297,-0.5311355590820312,1.9540677636976256,-13.040298461914062,0.0,0.7793469429016113,-0.15262603759765625,0.6325684409484252,-13.5091552734375,0.0,-0.5224089622497559,0.04273414611816406,-0.38639718312612686,13.333335876464844,0.0,0.13776874542236328,-0.09157562255859375,0.06701414159359996,-6.3003692626953125,0.0,-0.05685234069824219,-0.04273414611816406,-0.12084364189333177,-10.989013671875,0.0,-0.09117460250854492,-0.07936477661132812,0.05677540171998103,15.26739501953125,0.0,-2.2523317337036133,0.8119659423828125,-2.1593894026918163,4.0732574462890625,0.0,0.670435905456543,-0.1770458221435547,0.6788483404621863,2.139190673828125,0.0,-0.5038094520568848,0.10378456115722656,-0.3652992578330496,12.981689453125,0.0,0.0643305778503418,-0.0061054229736328125,0.09027321282176788,2.7252731323242188,0.0,-2.367953062057495,0.6166057586669922,-2.1067783216078473,6.769233703613281,0.0,0.27552904453329435,-0.0805514414869699,0.21083978542332799,-2.9358951787338405,0.0,0.1286361810188241,-0.08314175044575468,0.030782576268212267,-5.203152446713338,0.0,-0.2485971450805664,-0.018314361572265625,-0.06594997967158077,3.5457839965820312,0.0,-0.14409637451171875,-0.09157562255859375,-0.08945949081648688,1.1428604125976562,-0.5691898163297375,-0.4531893730163574,0.1892547607421875,-0.468603877966325,-0.615386962890625,0.0,-0.40448570251464844,-0.0061054229736328125,-0.2775269072669783,2.4322357177734375,0.0,-0.5697698593139648,0.20146560668945312,-0.5674332261298762,-0.3223419189453125,0.0,-0.20084667205810547,0.021978378295898438,-0.17413158348226976,0.39853668212890625,0.0,0.02231597900390625,-0.0073261260986328125,0.011955096852065753,-0.2422466278076172,0.0,1.492063045501709,-0.5189247131347656,1.2681204177975713,-3.135528564453125,0.0,-2.004596710205078,0.6898651123046875,-1.8448278953599293,1.5531158447265625,0.0,0.08082056045532227,0.0061054229736328125,0.07417181911431445,-0.02930450439453125,0.0,-0.7854828834533691,0.1770458221435547,-0.6641984131202496,2.0219802856445312,0.0,0.11169147491455078,-0.03052520751953125,0.09011839280426986,-0.26373291015625,0.0,0.06656742095947266,-0.021978378295898438,0.055570263389641786,-0.13284683227539062,0.0,-0.46978759765625,0.124542236328125,-0.43697573626759684,0.3047637939453125,0.0,-0.024592161178588867,0.009205818176269531,-0.02411703511672082,0.002319902181625366,0.0,0.0,0.0,2.695423812787899e-23,0.0,0.0,0.056225210428237915,-0.09972003102302551,-0.024099398404359818,-0.6175203323364258,-0.09972003102302551,-0.024099398404359818,-0.6175203323364258
2.0011,1788396531.7055,ramp,0,-0.039377,0.004022000025143389,-0.13177944419854717,0.02960468695975658,-0.08647584915161133,-0.030349714681506157,0.9881848096847534,-0.12284781038761139,-0.13355016708374023,-0.018314361572265625,-0.0788033014433473,9.816848754882812,0.0,0.33373212814331055,-0.14041519165039062,0.20135229927747383,-12.688644409179688,0.0,2.112165927886963,-0.5433464050292969,1.9425102038736923,-12.864471435546875,0.0,0.7758955955505371,-0.15262603759765625,0.6298227295269696,-13.626373291015625,0.0,-0.5216422080993652,0.05494499206542969,-0.3845565892834927,13.391944885253906,0.0,0.13565921783447266,-0.07936477661132812,0.0655902755492338,-6.358970642089844,0.0,-0.05781126022338867,-0.03052520751953125,-0.12173982951838785,-10.930404663085938,0.0,-0.09251689910888672,-0.07936477661132812,0.05544565242904666,15.150177001953125,0.0,-2.2367992401123047,0.75091552734375,-2.1450685500540954,4.131866455078125,0.0,0.6671762466430664,-0.14041519165039062,0.6762366609600218,1.9047622680664062,0.0,-0.50189208984375,0.09157562255859375,-0.36346870129151765,12.981689453125,0.0,0.06375503540039062,-0.018314361572265625,0.09056666409303571,2.8424911499023438,0.0,-2.3551063537597656,0.628814697265625,-2.0922264642500767,6.710624694824219,0.0,0.27322658485053886,-0.08533768163610583,0.2093834810502689,-2.7857449462631263,0.0,0.12648461292957552,-0.08906786774330595,0.030569956053562823,-4.959599518941429,0.0,-0.24878883361816406,-0.018314361572265625,-0.0654944392850497,3.5457839965820312,0.0,-0.14601373672485352,-0.09157562255859375,-0.08884158124543402,1.2014617919921875,-0.5568316249086804,-0.449737548828125,0.16483497619628906,-0.46536715311751065,-0.615386962890625,0.0,-0.40448570251464844,-0.0061054229736328125,-0.27560999807254,2.4322357177734375,0.0,-0.5657429695129395,0.22588539123535156,-0.5635167239080908,-0.4395599365234375,0.0,-0.19932079315185547,0.05128288269042969,-0.17293003877468002,0.3516502380371094,0.0,0.02231597900390625,-0.0073261260986328125,0.011874091294509745,-0.2422466278076172,0.0,1.4809412956237793,-0.5555553436279297,1.2593613078819694,-3.0183181762695312,0.0,-1.9900240898132324,0.7142848968505859,-1.8320853702597673,1.377288818359375,0.0,0.08082056045532227,0.0061054229736328125,0.07365948085708188,-0.08791351318359375,0.0,-0.7818398475646973,0.14041519165039062,-0.659610692669959,2.139190673828125,0.0,0.11034917831420898,-0.04273414611816406,0.08949530908178542,-0.20513153076171875,0.0,0.06580448150634766,-0.021978378295898438,0.05518522042627739,-0.08596038818359375,0.0,-0.4663534164428711,0.15384674072265625,-0.4339540672321307,0.27350616455078125,0.0,-0.02440023422241211,0.0030689239501953125,-0.023950454868902897,0.0030525028705596924,0.0,0.0,0.0,2.723814897655149e-23,0.0,0.0,0.05181005597114563,-0.10051621496677399,-0.031188221648335457,-0.6416622996330261,-0.10051621496677399,-0.031188221648335457,-0.6416622996330261
2.0205,1788396531.7250,ramp,0,-0.038979,0.011739040355420047,-0.13465141376284542,0.0263635533341029,-0.08514422178268433,-0.030012566596269608,0.9882819056510925,-0.12307941913604736,-0.13355016708374023,-0.0061054229736328125,-0.07879120089488559,9.934066772460938,0.0,0.33066415786743164,-0.15262603759765625,0.20107882157308282,-12.161170959472656,0.0,2.1016197204589844,-0.5677661895751953,1.9317806559492423,-12.923080444335938,0.0,0.7726359367370605,-0.1770458221435547,0.6272737275981877,-13.684982299804688,0.0,-0.5204916000366211,0.05494499206542969,-0.3828478600928295,13.391944885253906,0.0,0.13393354415893555,-0.05494499206542969,0.06426841875647141,-6.358970642089844,0.0,-0.05838632583618164,-0.018314361572265625,-0.12257181206650555,-11.340652465820312,0.0,-0.09424257278442383,-0.07936477661132812,0.05421116963493306,15.150177001953125,0.0,-2.221843719482422,0.7387065887451172,-2.1317736783825487,4.0732574462890625,0.0,0.6641082763671875,-0.16483497619628906,0.6738120885754817,2.0805892944335938,0.0,-0.5001664161682129,0.10378456115722656,-0.36176929030511634,13.040298461914062,0.0,0.06337165832519531,-0.018314361572265625,0.09083909179633334,2.9011001586914062,0.0,-2.3432180881500244,0.6654453277587891,-2.0787171376025406,6.476188659667969,0.0,0.2714396923696504,-0.09510486483924244,0.2080315098901486,-2.7155729914051148,0.0,0.12461968153877392,-0.11245417159463729,0.03037256847196762,-4.652323113426578,0.0,-0.24917268753051758,-0.018314361572265625,-0.06507153492779202,3.5457839965820312,0.0,-0.14773941040039062,-0.06715583801269531,-0.08826794022980557,1.2014617919921875,-0.5453588045961113,-0.4470529556274414,0.16483497619628906,-0.4623623151661902,-0.615386962890625,0.0,-0.40448570251464844,-0.0061054229736328125,-0.27383042094883314,2.4322357177734375,0.0,-0.5617165565490723,0.25030517578125,-0.5598808095001168,-0.380950927734375,0.0,-0.19855785369873047,0.03663063049316406,-0.17181457567348485,0.39853668212890625,0.0,0.02231597900390625,-0.0073261260986328125,0.011798889173544371,-0.2422466278076172,0.0,1.469820499420166,-0.4822959899902344,1.2512297220587785,-3.0183181762695312,0.0,-1.976409912109375,0.7387065887451172,-1.8202557508744037,1.26007080078125,0.0,0.08082056045532227,0.0061054229736328125,0.0731838477677231,-0.08791351318359375,0.0,-0.7787718772888184,0.20146560668945312,-0.6553516477517197,2.0805892944335938,0.0,0.10900688171386719,-0.05494499206542969,0.08891686460360954,-0.20513153076171875,0.0,0.06580448150634766,-0.0073261260986328125,0.05482776288408622,-0.13284683227539062,0.0,-0.4636831283569336,0.124542236328125,-0.4311488779688467,0.2891349792480469,0.0,-0.024208545684814453,0.0030689239501953125,-0.02379580883812675,0.0032967031002044678,0.0,0.0,0.0,2.750171975650063e-23,0.0,0.0,0.04736998304724693,-0.11518383771181107,-0.05834599956870079,-0.6896665692329407,-0.11518383771181107,-0.05834599956870079,-0.6896665692329407
2.0401,1788396531.7444,ramp,0,-0.038545,0.026336796887526007,-0.11770036845735586,0.00157009535886915,-0.08395382016897202,-0.02966884896159172,0.9883721470832825,-0.12325592339038849,-0.13355016708374023,-0.0061054229736328125,-0.07877890964014045,9.699630737304688,0.0,0.3277878761291504,-0.16483497619628906,0.20080103382301345,-11.868133544921875,0.0,2.090881824493408,-0.5677661895751953,1.9208820088956118,-12.981689453125,0.0,0.7695679664611816,-0.1770458221435547,0.6246845530536096,-13.567764282226562,0.0,-0.5195326805114746,0.06715583801269531,-0.3811122010985826,13.5091552734375,0.0,0.13201618194580078,-0.10378456115722656,0.06292572932153884,-6.1831512451171875,0.0,-0.0585780143737793,-0.03052520751953125,-0.12341690677231815,-11.282058715820312,0.0,-0.09577655792236328,-0.09157562255859375,0.05295723122470748,15.326004028320312,0.0,-2.208038330078125,0.7387065887451172,-2.1182692777319567,4.0146484375,0.0,0.6612319946289062,-0.128204345703125,0.6713493046016233,2.139190673828125,0.0,-0.4982490539550781,0.11599540710449219,-0.3600430963712933,12.805862426757812,0.0,0.06317996978759766,-0.018314361572265625,0.09111581299714987,2.9597091674804688,0.0,-2.3305630683898926,0.6410255432128906,-2.0649949021364784,6.769233703613281,0.0,0.2694988236581604,-0.09512252719651317,0.2066582314813479,-2.7138195308877,0.0,0.12238737624653115,-0.1124533621736148,0.03017207003533976,-4.653413306384342,0.0,-0.24974775314331055,-0.03052520751953125,-0.06464196554055894,3.6043930053710938,0.0,-0.1486983299255371,-0.04273414611816406,-0.08768525855404041,1.2014617919921875,-0.5337051710808083,-0.4439849853515625,0.1770458221435547,-0.45931012056159076,-0.6739959716796875,0.0,-0.40448570251464844,-0.0061054229736328125,-0.2720227974485177,2.4908447265625,0.0,-0.5578818321228027,0.20146560668945312,-0.5561875925883939,-0.380950927734375,0.0,-0.19779491424560547,0.03663063049316406,-0.17068153272266567,0.39853668212890625,0.0,0.02231597900390625,-0.0073261260986328125,0.011722501856962431,-0.2422466278076172,0.0,1.4590826034545898,-0.5433464050292969,1.2429699813411559,-2.9597091674804688,0.0,-1.9618377685546875,0.7753353118896484,-1.8082396950845723,1.1428604125976562,0.0,0.08082056045532227,0.0061054229736328125,0.0727007186364261,-0.08791351318359375,0.0,-0.7753205299377441,0.1892547607421875,-0.6510254797084531,2.0805892944335938,0.0,0.1080479621887207,-0.04273414611816406,0.08832930376207632,-0.20513153076171875,0.0,0.06542301177978516,-0.0073261260986328125,0.05446467176259337,-0.14847564697265625,0.0,-0.4606313705444336,0.15384674072265625,-0.4282994785426603,0.27350616455078125,0.0,-0.024112701416015625,0.009205818176269531,-0.02363872556495049,0.002808302640914917,0.0,0.0,0.0,2.7769444447656534e-23,0.0,0.0,0.04282121732831001,-0.10566192120313644,-0.07944134622812271,-0.6903265118598938,-0.10566192120313644,-0.07944134622812271,-0.6903265118598938
2.0603,1788396531.7647,ramp,0,-0.038085,0.024174183166110967,-0.09396437932029301,-0.01542066602685934,-0.08289844542741776,-0.02931234985589981,0.9884722232818604,-0.12325311452150345,-0.13355016708374023,-0.0061054229736328125,-0.07876631601956874,9.699630737304688,0.0,0.32452821731567383,-0.14041519165039062,0.20051641247259946,-11.809524536132812,0.0,2.0780348777770996,-0.5677661895751953,1.9097152542733693,-12.571426391601562,0.0,0.7661166191101074,-0.1892547607421875,0.6220316846130419,-13.274726867675781,0.0,-0.5183825492858887,0.06715583801269531,-0.37933384475753695,13.5091552734375,0.0,0.1297154426574707,-0.11599540710449219,0.06155000962165422,-5.9487152099609375,0.0,-0.059153079986572266,-0.05494499206542969,-0.12428279087388847,-11.282058715820312,0.0,-0.09731054306030273,-0.07936477661132812,0.05167244583166836,15.208786010742188,0.0,-2.193081855773926,0.7020759582519531,-2.1044326677707805,4.24908447265625,0.0,0.6579723358154297,-0.14041519165039062,0.6688259359496852,2.0805892944335938,0.0,-0.4961400032043457,0.11599540710449219,-0.35827443793189684,12.864471435546875,0.0,0.06279659271240234,-0.0061054229736328125,0.09139934156111604,3.0183181762695312,0.0,-2.317716121673584,0.6532363891601562,-2.05093509860636,6.593406677246094,0.0,0.2677076993028457,-0.08561164043104032,0.20525117031644927,-2.8663234885697877,0.0,0.12034097638569723,-0.10062569819601848,0.02996663932151362,-4.651547194775257,0.0,-0.25013113021850586,-0.018314361572265625,-0.06420182871285418,3.6630020141601562,0.0,-0.14908170700073242,-0.0061054229736328125,-0.08708824286354892,1.2014617919921875,-0.5217648572709785,-0.44110918045043945,0.14041519165039062,-0.4561828417313675,-0.4981689453125,0.0,-0.40448570251464844,-0.0061054229736328125,-0.2701707062689343,2.5494537353515625,0.0,-0.5536632537841797,0.23809432983398438,-0.5524035222522335,-0.4395599365234375,0.0,-0.19703197479248047,0.03663063049316406,-0.16952061682677524,0.4141654968261719,0.0,0.02231597900390625,-0.0073261260986328125,0.011644235406427368,-0.2422466278076172,0.0,1.4477696418762207,-0.628814697265625,1.2345070503568636,-2.7252731323242188,0.0,-1.9474568367004395,0.7020759582519531,-1.795928043383958,1.2014617919921875,0.0,0.08082056045532227,0.0061054229736328125,0.07220570449077086,-0.08791351318359375,0.0,-0.7724442481994629,0.10378456115722656,-0.6465928875934852,2.25640869140625,0.0,0.10728120803833008,-0.03052520751953125,0.08772728887795786,-0.26373291015625,0.0,0.06504154205322266,-0.0073261260986328125,0.05409264857115744,-0.14847564697265625,0.0,-0.4579610824584961,0.124542236328125,-0.42537998366807567,0.2891349792480469,0.0,-0.02392101287841797,0.0030689239501953125,-0.023477778030987214,0.0037851035594940186,0.0,0.0,0.0,2.8043755187121907e-23,0.0,0.0,0.03845832869410515,-0.08126021921634674,-0.07919792085886002,-0.7118911147117615,-0.08126021921634674,-0.07919792085886002,-0.7118911147117615
2.0804,1788396531.7847,ramp,0,-0.037725,0.032897997736829804,-0.07810473904140995,-0.04949900588713669,-0.08206073194742203,-0.02899959124624729,0.9885982275009155,-0.12287590652704239,-0.13355016708374023,-0.0061054229736328125,-0.0787537572527272,9.641021728515625,0.0,0.3214602470397949,-0.16483497619628906,0.20023257883177925,-11.340660095214844,0.0,2.066913604736328,-0.5677661895751953,1.8985794044294715,-12.688644409179688,0.0,0.7632403373718262,-0.1892547607421875,0.6193861581723576,-13.274726867675781,0.0,-0.5170402526855469,0.07936477661132812,-0.37756041014266845,13.450546264648438,0.0,0.12741422653198242,-0.11599540710449219,0.0601780973227404,-5.831504821777344,0.0,-0.06011199951171875,-0.05494499206542969,-0.12514627858034344,-11.106231689453125,0.0,-0.09884452819824219,-0.07936477661132812,0.05039121617251392,14.915756225585938,0.0,-2.1800432205200195,0.7020759582519531,-2.090634351600267,4.3076934814453125,0.0,0.654904842376709,-0.14041519165039062,0.6663095508978627,2.3150177001953125,0.0,-0.49422264099121094,0.07936477661132812,-0.35651067437905315,13.040298461914062,0.0,0.06260490417480469,-0.0061054229736328125,0.09168208543985182,3.0769195556640625,0.0,-2.3042938709259033,0.6898651123046875,-2.0369142065707955,6.534797668457031,0.0,0.2661369658652955,-0.08561990081229384,0.20384800329222888,-2.714894036152386,0.0,0.11839149992869984,-0.10061705071464516,0.029761777151628026,-4.531641228729382,0.0,-0.2503228187561035,0.018314361572265625,-0.06376290999475796,3.6043930053710938,0.0,-0.14927339553833008,-0.0061054229736328125,-0.08649287945594598,1.0842514038085938,-0.5098575891189197,-0.4374656677246094,0.1770458221435547,-0.453064217865128,-0.6739959716796875,0.0,-0.40448570251464844,0.0061054229736328125,-0.2683237408818767,2.5494537353515625,0.0,-0.5498285293579102,0.16483497619628906,-0.5486299245967163,-0.3223419189453125,0.0,-0.19588756561279297,0.03663063049316406,-0.16836291384722915,0.4141654968261719,0.0,0.02231597900390625,-0.0073261260986328125,0.011566185563795628,-0.2422466278076172,0.0,1.4354982376098633,-0.5433464050292969,1.2260675411289421,-2.7252731323242188,0.0,-1.931541919708252,0.7387065887451172,-1.7836504650448295,1.0842514038085938,0.0,0.08082056045532227,0.0061054229736328125,0.07171206033155901,-0.02930450439453125,0.0,-0.7699518203735352,0.15262603759765625,-0.6421725629887688,2.1977996826171875,0.0,0.10651397705078125,-0.03052520751953125,0.08712694011234771,-0.26373291015625,0.0,0.06504154205322266,-0.0073261260986328125,0.053721654980053865,-0.14847564697265625,0.0,-0.4545278549194336,0.15384674072265625,-0.42246856870077204,0.24224853515625,0.0,-0.02382516860961914,0.0030689239501953125,-0.023317275930637423,0.004029303789138794,0.0,0.0,0.0,2.8317306752334104e-23,0.0,0.0,0.03431250527501106,-0.06562705338001251,-0.0935942530632019,-0.7813030481338501,-0.06562705338001251,-0.0935942530632019,-0.7813030481338501
2.1004,1788396531.8047,ramp,0,-0.037042,0.05305212051211475,-0.0634699988999628,-0.07938631873698333,-0.08137542754411697,-0.028522923588752747,0.9887465238571167,-0.12224897742271423,-0.13355016708374023,-0.0061054229736328125,-0.07874124433740687,9.699630737304688,0.0,0.31820058822631836,-0.1770458221435547,0.1999497814554561,-10.578758239746094,0.0,2.055217742919922,-0.5799751281738281,1.8874842110976249,-12.630035400390625,0.0,0.7594056129455566,-0.1770458221435547,0.6167502904356901,-13.333335876464844,0.0,-0.5153145790100098,0.07936477661132812,-0.3757934502618168,13.5091552734375,0.0,0.12473011016845703,-0.128204345703125,0.05881119381702113,-5.655677795410156,0.0,-0.0616459846496582,-0.07936477661132812,-0.12600661373007074,-10.989013671875,0.0,-0.10095357894897461,-0.10378456115722656,0.049114664228110304,15.5018310546875,0.0,-2.1664295196533203,0.7264957427978516,-2.076886412492622,4.0732574462890625,0.0,0.652411937713623,-0.128204345703125,0.6638023530603633,2.1977996826171875,0.0,-0.49249696731567383,0.09157562255859375,-0.354753350251592,13.040298461914062,0.0,0.06241321563720703,-0.0061054229736328125,0.09196379703276528,3.0183181762695312,0.0,-2.290104627609253,0.7142848968505859,-2.0229445042130734,6.358970642089844,0.0,0.2647158534158078,-0.06657348069790787,0.20244995917086994,-3.0218596106289874,0.0,0.11662802730623777,-0.0769662277531718,0.02955766292477287,-4.526766926446286,0.0,-0.25013113021850586,-0.0061054229736328125,-0.06332559375015069,3.6043930053710938,0.0,-0.14927339553833008,-0.0061054229736328125,-0.08589968969470999,1.1428604125976562,-0.4979937938941996,-0.434781551361084,0.14041519165039062,-0.449956979961395,-0.5567779541015625,0.0,-0.40448570251464844,-0.0061054229736328125,-0.2664835186865439,2.6080551147460938,0.0,-0.5459938049316406,0.1770458221435547,-0.5448701041850295,-0.3223419189453125,0.0,-0.19550609588623047,0.0073261260986328125,-0.16720943759180376,0.46105194091796875,0.0,0.02231597900390625,-0.0073261260986328125,0.011488420677805007,-0.2422466278076172,0.0,1.4239935874938965,-0.5677661895751953,1.2176588441886718,-2.7252731323242188,0.0,-1.9167776107788086,0.7753353118896484,-1.771417711619713,1.0256423950195312,0.0,0.08082056045532227,0.0061054229736328125,0.07122021844608373,-0.14652252197265625,0.0,-0.7672672271728516,0.15262603759765625,-0.6377683768003457,2.25640869140625,0.0,0.10555553436279297,-0.018314361572265625,0.08652878319443362,-0.26373291015625,0.0,0.06466007232666016,-0.0073261260986328125,0.05335201587070238,-0.16410446166992188,0.0,-0.4518575668334961,0.13919448852539062,-0.419567783185137,0.3047637939453125,0.0,-0.023633241653442383,0.015343666076660156,-0.023157359816599277,0.00476190447807312,0.0,0.0,0.0,2.8589859592467976e-23,0.0,0.0,0.030046852305531502,-0.05820740759372711,-0.08584398031234741,-0.8315311074256897,-0.05820740759372711,-0.08584398031234741,-0.8315311074256897
2.1203,1788396531.8247,ramp,0,-0.036164,0.05880206839792077,-0.06293418753339568,-0.04804189890859187,-0.0807497501373291,-0.02795696072280407,0.9888914227485657,-0.12162064015865326,-0.13355016708374023,-0.0061054229736328125,-0.07872881520751926,9.5238037109375,0.0,0.3145575523376465,-0.20146560668945312,0.19966887766667354,-10.520149230957031,0.0,2.043712615966797,-0.5555553436279297,1.8764633102508301,-12.74725341796875,0.0,0.7555704116821289,-0.1892547607421875,0.614132072248568,-12.981681823730469,0.0,-0.5137801170349121,0.10378456115722656,-0.3740383217963005,13.333335876464844,0.0,0.1222372055053711,-0.11599540710449219,0.05745344298266402,-5.597068786621094,0.0,-0.06260490417480469,-0.06715583801269531,-0.12686118814770994,-10.989013671875,0.0,-0.10287094116210938,-0.11599540710449219,0.047846659968583456,15.619049072265625,0.0,-2.152815818786621,0.7020759582519531,-2.0632305284335093,4.1904754638671875,0.0,0.6497278213500977,-0.10378456115722656,0.6613119432095436,2.0805892944335938,0.0,-0.4907712936401367,0.09157562255859375,-0.35300779301926877,12.981689453125,0.0,0.06222105026245117,0.0061054229736328125,0.09224362230845294,3.0769195556640625,0.0,-2.275723934173584,0.6898651123046875,-2.009068341812029,6.534797668457031,0.0,0.26329811936631675,-0.06657820789039028,0.2010612762358267,-3.0209265230809006,0.0,0.11504606859646849,-0.07695769938271232,0.029354915429681095,-4.527890197161862,0.0,-0.25013113021850586,-0.03052520751953125,-0.0628912057384812,3.6043930053710938,0.0,-0.14927339553833008,-0.0061054229736328125,-0.08531047188242083,1.2014617919921875,-0.4862094376484165,-0.4324808120727539,0.11599540710449219,-0.4468705478623569,-0.4981689453125,0.0,-0.40448570251464844,-0.0061054229736328125,-0.2646556184648668,2.6080551147460938,0.0,-0.5425419807434082,0.1892547607421875,-0.5411354592158409,-0.3223419189453125,0.0,-0.19512462615966797,0.0073261260986328125,-0.16606368491675239,0.4923095703125,0.0,0.02231597900390625,-0.0073261260986328125,0.011411176498976239,-0.2578754425048828,0.0,1.4115300178527832,-0.6166057586669922,1.2093064511786764,-2.5494537353515625,0.0,-1.8999042510986328,0.7753353118896484,-1.7592668676867338,0.9084243774414062,0.0,0.08120393753051758,0.0061054229736328125,0.07073166989266957,-0.14652252197265625,0.0,-0.7643909454345703,0.16483497619628906,-0.6333936806736803,2.3150177001953125,0.0,0.10478830337524414,-0.018314361572265625,0.08593463148513135,-0.20513153076171875,0.0,0.06427860260009766,-0.0073261260986328125,0.052984851833860654,-0.14847564697265625,0.0,-0.4488058090209961,0.15384674072265625,-0.41668642108630166,0.2578773498535156,0.0,-0.023537397384643555,0.0030689239501953125,-0.022998514487463786,0.007448107004165649,0.0,0.0,0.0,2.886058744161738e-23,0.0,0.0,0.02585284598171711,-0.06837799400091171,-0.09515061974525452,-0.7782537937164307,-0.06837799400091171,-0.09515061974525452,-0.7782537937164307
2.1404,1788396531.8447,ramp,0,-0.035319,0.04678100448454783,-0.055850615958651255,-0.047696166503639933,-0.08020380139350891,-0.027422970160841942,0.9890208840370178,-0.12104999274015427,-0.13355016708374023,-0.0061054229736328125,-0.07871625944024574,9.641021728515625,0.0,0.3109145164489746,-0.16483497619628906,0.19938511181740665,-10.344322204589844,0.0,2.031632900238037,-0.5799751281738281,1.8653301201218149,-12.571426391601562,0.0,0.7513523101806641,-0.16483497619628906,0.6114871776721909,-12.923080444335938,0.0,-0.5118627548217773,0.10378456115722656,-0.3722653107530951,13.391944885253906,0.0,0.11936140060424805,-0.128204345703125,0.05608185835479552,-5.362640380859375,0.0,-0.06375503540039062,-0.05494499206542969,-0.12772446961655073,-10.75457763671875,0.0,-0.10459661483764648,-0.05494499206542969,0.04656573632160053,15.26739501953125,0.0,-2.138242721557617,0.6654453277587891,-2.049435507888152,4.0146484375,0.0,0.6468515396118164,-0.15262603759765625,0.6587961591775684,2.1977996826171875,0.0,-0.48885393142700195,0.09157562255859375,-0.35124445072822696,12.981689453125,0.0,0.06222105026245117,0.0061054229736328125,0.09252629865591695,3.0769195556640625,0.0,-2.261918067932129,0.7020759582519531,-1.995050798562209,6.652015686035156,0.0,0.26210120864945324,-0.061817439005285385,0.19965844434761024,-3.1026562676343117,0.0,0.11356131434161588,-0.07103965156678232,0.02915010218960057,-4.341411159088443,0.0,-0.25013113021850586,-0.018314361572265625,-0.062452391852855164,3.6630020141601562,0.0,-0.14927339553833008,-0.0061054229736328125,-0.0847152506729382,1.1428604125976562,-0.47430501345876386,-0.4307551383972168,0.10378456115722656,-0.4437526688562248,-0.4395599365234375,0.0,-0.40448570251464844,-0.0061054229736328125,-0.26280909421175014,2.7252731323242188,0.0,-0.5383234024047852,0.22588539123535156,-0.5373627628560474,-0.380950927734375,0.0,-0.19512462615966797,-0.0073261260986328125,-0.16490625844594947,0.5391960144042969,0.0,0.02231597900390625,-0.0073261260986328125,0.011333145297968706,-0.2422466278076172,0.0,1.399641990661621,-0.5921859741210938,1.2008689576647424,-2.4908447265625,0.0,-1.8824553489685059,0.7753353118896484,-1.7469922217558445,0.7912063598632812,0.0,0.08139610290527344,0.0061054229736328125,0.07023814363669235,-0.14652252197265625,0.0,-0.7605557441711426,0.21367454528808594,-0.6289744118306078,2.139190673828125,0.0,0.10440492630004883,-0.018314361572265625,0.08533442610835716,-0.26373291015625,0.0,0.06389713287353516,-0.021978378295898438,0.052613946851816064,-0.14847564697265625,0.0,-0.4457540512084961,0.13919448852539062,-0.4137757014888016,0.2891349792480469,0.0,-0.0233457088470459,0.009205818176269531,-0.022838050721846498,0.008669108152389526,0.0,0.0,0.0,2.913407367107351e-23,0.0,0.0,0.02185351960361004,-0.054623011499643326,-0.08443670719861984,-0.7844877243041992,-0.054623011499643326,-0.08443670719861984,-0.7844877243041992
2.1602,1788396531.8646,ramp,0,-0.035018,0.01252573398024025,-0.03190902454365047,-0.04883336541742819,-0.07979972660541534,-0.02717350237071514,0.9891350269317627,-0.12043847888708115,-0.13355016708374023,-0.03052520751953125,-0.0787038530058394,9.699630737304688,0.0,0.30899667739868164,-0.05494499206542969,0.1991047209564587,-10.813186645507812,0.0,2.0216622352600098,-0.2991447448730469,1.8543293433425219,-14.212448120117188,0.0,0.7484760284423828,-0.15262603759765625,0.6088737403283286,-13.040290832519531,0.0,-0.5099453926086426,0.128204345703125,-0.3705133871366384,13.216117858886719,0.0,0.11610174179077148,-0.11599540710449219,0.05472658676145699,-5.24542236328125,0.0,-0.06528902053833008,-0.07936477661132812,-0.1285774835888593,-10.871795654296875,0.0,-0.10517168045043945,-0.06715583801269531,0.04530004742664015,15.208786010742188,0.0,-2.125971794128418,0.5433464050292969,-2.035804559352589,5.421241760253906,0.0,0.6435918807983398,-0.16483497619628906,0.6563102967931165,2.5494537353515625,0.0,-0.48674440383911133,0.1770458221435547,-0.3495020808679761,12.454208374023438,0.0,0.06222105026245117,0.03052520751953125,0.09280561297312535,3.0183181762695312,0.0,-2.247537612915039,0.7264957427978516,-1.9811999739110184,6.476188659667969,0.0,0.26120360221018396,-0.047527583131290504,0.19827229713532793,-3.327569722897789,0.0,0.112447997410955,-0.053307577368280006,0.02894772490964218,-4.523884789530203,0.0,-0.25051450729370117,-0.018314361572265625,-0.06201879702985421,3.6630020141601562,0.0,-0.14927339553833008,-0.0061054229736328125,-0.08412710876716453,1.2014617919921875,-0.4625421753432908,-0.42883729934692383,0.128204345703125,-0.44067187255490997,-0.4395599365234375,0.0,-0.40448570251464844,-0.0061054229736328125,-0.2609845317197158,2.7838821411132812,0.0,-0.5339136123657227,0.20146560668945312,-0.5336349373155517,-0.380950927734375,0.0,-0.19512462615966797,-0.0073261260986328125,-0.16376259790515227,0.5548248291015625,0.0,0.02231597900390625,-0.0073261260986328125,0.011256042166327503,-0.2422466278076172,0.0,1.3879451751708984,-0.628814697265625,1.1925318160505332,-2.4322357177734375,0.0,-1.8653903007507324,0.8363857269287109,-1.7348635651564515,0.5567779541015625,0.0,0.0819711685180664,0.0061054229736328125,0.0697504871686171,-0.20513153076171875,0.0,-0.7561459541320801,0.27472496032714844,-0.6246077038603893,2.0805892944335938,0.0,0.10402154922485352,-0.0061054229736328125,0.08474135931482273,-0.26373291015625,0.0,0.06351566314697266,-0.021978378295898438,0.05224745325325922,-0.14847564697265625,0.0,-0.4427022933959961,0.15384674072265625,-0.41089960073168236,0.24224853515625,0.0,-0.0233457088470459,-0.009205818176269531,-0.022679495442877527,0.035286933183670044,0.0,0.0,0.0,2.940430717356408e-23,0.0,0.0,0.018432321026921272,-0.014797529205679893,-0.05243248492479324,-0.7938348650932312,-0.014797529205679893,-0.05243248492479324,-0.7938348650932312
2.1801,1788396531.8844,ramp,0,-0.035213,0.010794637659796713,-0.0060234332036624896,-0.07832092946527554,-0.07951153069734573,-0.027181483805179596,0.9892381429672241,-0.11977916210889816,-0.13335847854614258,0.03052520751953125,-0.07869142543572717,9.699630737304688,0.0,0.30765485763549805,-0.07936477661132812,0.19882385241928396,-10.578758239746094,0.0,2.0195531845092773,-0.10378456115722656,1.8433098255474696,-15.794876098632812,0.0,0.7454080581665039,-0.14041519165039062,0.606255850710647,-12.981681823730469,0.0,-0.5080280303955078,0.09157562255859375,-0.3687584789283875,13.333335876464844,0.0,0.11456775665283203,-0.06715583801269531,0.05336900631604391,-5.479850769042969,0.0,-0.0660562515258789,-0.018314361572265625,-0.12943195076293884,-10.989013671875,0.0,-0.10574722290039062,-0.0061054229736328125,0.044032202293442915,15.091567993164062,0.0,-2.1213693618774414,0.21367454528808594,-2.022150389018562,7.531135559082031,0.0,0.6403317451477051,-0.15262603759765625,0.6538201994726183,2.373626708984375,0.0,-0.4836764335632324,0.14041519165039062,-0.3477567426917904,12.571426391601562,0.0,0.06222105026245117,0.018314361572265625,0.09308540313255162,3.135528564453125,0.0,-2.2327728271484375,0.7753353118896484,-1.967325552878566,6.00732421875,0.0,0.2608294884243918,-0.0046552666913479285,0.19688378847100718,-3.5527029162107615,0.0,0.11198401744916628,-0.0001353427052959388,0.02874500285804911,-4.705941285251745,0.0,-0.25070619583129883,-0.0061054229736328125,-0.06158446353106937,3.6630020141601562,0.0,-0.14927339553833008,-0.018314361572265625,-0.08353796489789815,1.26007080078125,-0.4507592979579631,-0.42653656005859375,0.128204345703125,-0.43758582778312877,-0.4395599365234375,0.0,-0.40448570251464844,-0.0061054229736328125,-0.2591568608876886,2.7838821411132812,0.0,-0.529503345489502,0.22588539123535156,-0.5299007610201408,-0.4395599365234375,0.0,-0.19512462615966797,-0.0073261260986328125,-0.1626169890146477,0.5860824584960938,0.0,0.02231597900390625,-0.0073261260986328125,0.011178807681143347,-0.2578754425048828,0.0,1.3750982284545898,-0.628814697265625,1.184180471211814,-2.25640869140625,0.0,-1.8485164642333984,0.8608055114746094,-1.722714246075761,0.4981689453125,0.0,0.08216285705566406,0.0061054229736328125,0.06926199992488515,-0.20513153076171875,0.0,-0.7515439987182617,0.3113555908203125,-0.6202335567297802,1.9633712768554688,0.0,0.1036381721496582,-0.018314361572265625,0.08414728216771539,-0.26373291015625,0.0,0.06313419342041016,-0.021978378295898438,0.051880335293128285,-0.14847564697265625,0.0,-0.4396505355834961,0.13919448852539062,-0.4080186002251459,0.27350616455078125,0.0,-0.023154020309448242,-0.009205818176269531,-0.02252067004780299,0.01794871687889099,0.0,0.0,0.0,2.967500104812024e-23,0.0,0.0,0.015520783141255379,0.011807012371718884,0.003076717024669051,-0.8540021777153015,0.011807012371718884,0.003076717024669051,-0.8540021777153015
2.2004,1788396531.9048,ramp,0,-0.035358,0.02128790119154813,0.005254744004227442,-0.0855628550951496,-0.07966873049736023,-0.0272037535905838,0.989323079586029,-0.11896498501300812,-0.13297510147094727,-0.0061054229736328125,-0.07867872591353299,9.75823974609375,0.0,0.3061208724975586,-0.05494499206542969,0.19853683764573726,-10.578758239746094,0.0,2.0164847373962402,-0.1892547607421875,1.8320491680300588,-16.4981689453125,0.0,0.7423405647277832,-0.15262603759765625,0.6035806739060564,-12.923080444335938,0.0,-0.5059185028076172,0.11599540710449219,-0.3669651681252161,13.274726867675781,0.0,0.11284208297729492,-0.10378456115722656,0.05198171798524278,-5.362640380859375,0.0,-0.06663131713867188,-0.04273414611816406,-0.1303051162122927,-10.813186645507812,0.0,-0.10593891143798828,-0.0061054229736328125,0.042736612949555206,14.974365234375,0.0,-2.116766929626465,0.28693580627441406,-2.0081974249528467,8.117218017578125,0.0,0.6368803977966309,-0.16483497619628906,0.6512756114395789,2.6080551147460938,0.0,-0.4806084632873535,0.128204345703125,-0.34597321134136105,12.395599365234375,0.0,0.06260490417480469,0.03052520751953125,0.0933713159302473,3.0769195556640625,0.0,-2.217625141143799,0.7875461578369141,-1.9531475183760976,6.00732421875,0.0,0.26054401245300046,-0.03192932433467165,0.19546489512016618,-3.544740839236342,0.0,0.11233796912859333,0.03367828206914275,0.028537844646893854,-4.954223200651987,0.0,-0.25070619583129883,-0.0061054229736328125,-0.06114062552752704,3.6043930053710938,0.0,-0.14946508407592773,-0.0061054229736328125,-0.08293592881395352,1.2014617919921875,-0.4387185762790704,-0.42442750930786133,0.10378456115722656,-0.4344322512015811,-0.380950927734375,0.0,-0.40448570251464844,-0.0061054229736328125,-0.2572891951987905,2.7838821411132812,0.0,-0.5254769325256348,0.22588539123535156,-0.5260848698755084,-0.4395599365234375,0.0,-0.19512462615966797,-0.0073261260986328125,-0.16144631080487476,0.6017112731933594,0.0,0.02231597900390625,-0.0073261260986328125,0.011099883076422182,-0.2578754425048828,0.0,1.3632102012634277,-0.6166057586669922,1.1756463741861856,-2.1977996826171875,0.0,-1.8318347930908203,0.873016357421875,-1.710299063870707,0.3223419189453125,0.0,0.08216285705566406,0.0061054229736328125,0.06876282313188976,-0.20513153076171875,0.0,-0.746558666229248,0.23809432983398438,-0.6157636902905543,2.0805892944335938,0.0,0.10306262969970703,-0.0061054229736328125,0.08354020485118341,-0.26373291015625,0.0,0.06275272369384766,-0.0073261260986328125,0.05150518370352051,-0.16410446166992188,0.0,-0.4369802474975586,0.13919448852539062,-0.4050745548853252,0.3203926086425781,0.0,-0.022962331771850586,0.0030689239501953125,-0.02235836908216501,0.015750914812088013,0.0,0.0,0.0,2.995161850726229e-23,0.0,0.0,0.013651798479259014,0.05762412026524544,-0.0012589425314217806,-0.8659391403198242,0.05762412026524544,-0.0012589425314217806,-0.8659391403198242
2.2202,1788396531.9247,ramp,0,-0.035345,0.03044164775015203,-0.014876389761155502,-0.0989141471670711,-0.07968886941671371,-0.027127405628561974,0.9894271492958069,-0.11810039728879929,-0.13297510147094727,-0.0061054229736328125,-0.07866636937069102,9.699630737304688,0.0,0.3051619529724121,-0.05494499206542969,0.19825757435603392,-10.461540222167969,0.0,2.0120744705200195,-0.23809432983398438,1.8210926300662642,-16.615386962890625,0.0,0.739464282989502,-0.16483497619628906,0.6009777463084413,-12.630035400390625,0.0,-0.5036177635192871,0.128204345703125,-0.3652202897408544,13.157508850097656,0.0,0.11149978637695312,-0.07936477661132812,0.050631896517033696,-5.362640380859375,0.0,-0.0673980712890625,-0.05494499206542969,-0.1311546998515897,-10.930404663085938,0.0,-0.10593891143798828,-0.04273414611816406,0.041476013929485134,15.032974243164062,0.0,-2.110055923461914,0.39682579040527344,-1.9946212922752398,8.410255432128906,0.0,0.633812427520752,-0.128204345703125,0.648799745768049,2.6666641235351562,0.0,-0.47830724716186523,0.11599540710449219,-0.34423784829347664,12.395599365234375,0.0,0.06279659271240234,0.018314361572265625,0.09364950700545263,3.135528564453125,0.0,-2.201901912689209,0.7875461578369141,-1.9393523937985058,5.714286804199219,0.0,0.25974857374676485,-0.041453949964926205,0.19408432219704616,-3.389306611021978,0.0,0.1127675784500233,0.02184381970187387,0.02833628121229646,-4.95779030080262,0.0,-0.25070619583129883,0.0061054229736328125,-0.060708774374246946,3.5457839965820312,0.0,-0.14946508407592773,-0.0061054229736328125,-0.08235015207763821,1.26007080078125,-0.42700304155276414,-0.42212677001953125,0.14041519165039062,-0.43136384409622003,-0.4395599365234375,0.0,-0.40448570251464844,-0.0061054229736328125,-0.255471970050752,2.7838821411132812,0.0,-0.5210666656494141,0.1892547607421875,-0.5223720355115091,-0.380950927734375,0.0,-0.19512462615966797,-0.0073261260986328125,-0.160307249410908,0.617340087890625,0.0,0.02231597900390625,-0.0073261260986328125,0.01102309000935946,-0.2578754425048828,0.0,1.3505549430847168,-0.628814697265625,1.1673427597743777,-2.139190673828125,0.0,-1.8136186599731445,0.9096450805664062,-1.6982191817726346,0.20513153076171875,0.0,0.08216285705566406,0.0061054229736328125,0.06827712773846867,0.14652252197265625,0.0,-0.7427239418029785,0.1892547607421875,-0.6114145427155797,2.25640869140625,0.0,0.10248756408691406,-0.018314361572265625,0.08294952303218157,-0.26373291015625,0.0,0.062371253967285156,-0.021978378295898438,0.0511401639320409,-0.14847564697265625,0.0,-0.4343099594116211,0.13919448852539062,-0.40221002015606944,0.27350616455078125,0.0,-0.022674560546875,0.0030689239501953125,-0.02220045142160003,0.006959706544876099,0.0,0.0,0.0,3.022076528557892e-23,0.0,0.0,0.011800513602793217,0.04076645150780678,-0.00828572642058134,-0.8863611221313477,0.04076645150780678,-0.00828572642058134,-0.8863611221313477
2.2403,1788396531.9446,ramp,0,-0.035175,0.03577580753017483,-0.0241410496970801,-0.10426784997218694,-0.07945290207862854,-0.02692902274429798,0.9895745515823364,-0.11706534028053284,-0.1327834129333496,-0.018314361572265625,-0.07865381436330804,9.699630737304688,0.0,0.3043951988220215,-0.05494499206542969,0.19797382568062682,-10.461540222167969,0.0,2.0063223838806152,-0.28693580627441406,1.8099601137316708,-17.025634765625,0.0,0.7362046241760254,-0.14041519165039062,0.5983330118043517,-12.74725341796875,0.0,-0.5009336471557617,0.14041519165039062,-0.3634473860024679,12.981681823730469,0.0,0.11054086685180664,-0.04273414611816406,0.04926039489916147,-5.597068786621094,0.0,-0.06816530227661133,-0.04273414611816406,-0.1320179290735694,-10.871795654296875,0.0,-0.10689735412597656,-0.05494499206542969,0.0401951678055839,14.915756225585938,0.0,-2.101811408996582,0.4212455749511719,-1.9808271066215692,8.76190185546875,0.0,0.6311283111572266,-0.128204345703125,0.6462841139944316,2.5494537353515625,0.0,-0.4758148193359375,0.10378456115722656,-0.3424746127220889,12.454208374023438,0.0,0.06298828125,0.0061054229736328125,0.09393216624499484,3.135528564453125,0.0,-2.1854124069213867,0.8363857269287109,-1.9253356989077222,5.421241760253906,0.0,0.25873204323242516,-0.05530465811954164,0.1926815752099488,-3.3874332187497664,0.0,0.1130994656777737,0.0271740111973233,0.02813148036776627,-4.958664795894178,0.0,-0.25051450729370117,0.0061054229736328125,-0.06026998704617942,3.6630020141601562,0.0,-0.14946508407592773,-0.0061054229736328125,-0.08175496689167856,1.3186798095703125,-0.4150993378335712,-0.41944169998168945,0.14041519165039062,-0.4282461537879775,-0.4395599365234375,0.0,-0.40448570251464844,0.0061054229736328125,-0.2536255575515645,2.8424911499023438,0.0,-0.5170402526855469,0.15262603759765625,-0.5185995674799606,-0.380950927734375,0.0,-0.19474315643310547,-0.0073261260986328125,-0.1591498929889851,0.6329689025878906,0.0,0.02231597900390625,-0.0073261260986328125,0.01094506353089662,-0.2578754425048828,0.0,1.338475227355957,-0.5921859741210938,1.1589057769079762,-2.139190673828125,0.0,-1.7952113151550293,0.9218559265136719,-1.685945278718482,0.02930450439453125,0.0,0.08235454559326172,0.0061054229736328125,0.0677836313513102,-0.20513153076171875,0.0,-0.738889217376709,0.22588539123535156,-0.6069955413321175,2.1977996826171875,0.0,0.1019124984741211,-0.03052520751953125,0.08234935398057834,-0.20513153076171875,0.0,0.061989784240722656,-0.0073261260986328125,0.05076928139762407,-0.14847564697265625,0.0,-0.4312582015991211,0.124542236328125,-0.3992994767189156,0.3047637939453125,0.0,-0.022482872009277344,0.02148151397705078,-0.022039997367448088,0.0050061047077178955,0.0,0.0,0.0,3.049423496331054e-23,0.0,0.0,0.009402108378708363,0.04609253630042076,-0.009413056075572968,-0.9413737058639526,0.04609253630042076,-0.009413056075572968,-0.9413737058639526
2.2604,1788396531.9648,ramp,0,-0.034819,0.043760351468828285,-0.05365565107177554,-0.10778229882708842,-0.07907570898532867,-0.026622561737895012,0.989734947681427,-0.11602996289730072,-0.1327834129333496,-0.0061054229736328125,-0.07864125867602297,9.582412719726562,0.0,0.303436279296875,-0.04273414611816406,0.197690061639134,-10.402931213378906,0.0,1.998652458190918,-0.3846149444580078,1.7988269945283588,-16.849822998046875,0.0,0.7327532768249512,-0.1770458221435547,0.5956881340776832,-12.688644409179688,0.0,-0.49805736541748047,0.16483497619628906,-0.3616743862545026,12.805862426757812,0.0,0.1093902587890625,-0.04273414611816406,0.047888819009184236,-5.655677795410156,0.0,-0.06912374496459961,-0.04273414611816406,-0.13288120504274253,-10.989013671875,0.0,-0.10785627365112305,-0.06715583801269531,0.038914252318922496,14.857147216796875,0.0,-2.0918407440185547,0.4945049285888672,-1.9670321739595162,8.76190185546875,0.0,0.6282520294189453,-0.15262603759765625,0.6437683459896463,2.5494537353515625,0.0,-0.47332239151000977,0.11599540710449219,-0.3407112816646909,12.395599365234375,0.0,0.06298828125,-0.0061054229736328125,0.09421484079162559,3.25274658203125,0.0,-2.1685385704040527,0.8363857269287109,-1.9113182449588222,5.3040313720703125,0.0,0.25786189658087755,-0.03213875487300024,0.1912787522586891,-3.5358490233440802,0.0,0.11343553826710803,0.022086007772505495,0.027926668432480053,-5.080590284199492,0.0,-0.25013113021850586,0.0061054229736328125,-0.05983117595608487,3.6043930053710938,0.0,-0.1496567726135254,-0.0061054229736328125,-0.08115974947414437,1.2014617919921875,-0.40319498948288746,-0.41637372970581055,0.16483497619628906,-0.4251282946447741,-0.4981689453125,0.0,-0.40448570251464844,0.0061054229736328125,-0.2517790450620152,2.8424911499023438,0.0,-0.5137801170349121,0.21367454528808594,-0.5148268951547108,-0.4395599365234375,0.0,-0.19474315643310547,0.0073261260986328125,-0.1579924738917459,0.6329689025878906,0.0,0.02231597900390625,-0.0073261260986328125,0.01086703282699888,-0.2578754425048828,0.0,1.326395034790039,-0.6532363891601562,1.150468337146395,-2.0219802856445312,0.0,-1.7766122817993164,0.8363857269287109,-1.6736707109851163,0.02930450439453125,0.0,0.08235454559326172,0.0061054229736328125,0.06729010823941806,-0.20513153076171875,0.0,-0.7348623275756836,0.20146560668945312,-0.6025763006426782,2.1977996826171875,0.0,0.10095357894897461,-0.03052520751953125,0.08174915242750502,-0.20513153076171875,0.0,0.061608314514160156,-0.0073261260986328125,0.05039837877848683,-0.14847564697265625,0.0,-0.4282064437866211,0.13919448852539062,-0.3963887756646033,0.2578773498535156,0.0,-0.022290945053100586,0.015343666076660156,-0.021879534624089952,0.004273504018783569,0.0,0.0,0.0,3.076771945048049e-23,0.0,0.0,0.006459149532020092,-0.002970101311802864,0.011579717509448528,-0.951334536075592,-0.002970101311802864,0.011579717509448528,-0.951334536075592
2.2811,1788396531.9855,ramp,0,-0.034483,0.04921483411525762,-0.07703506374482282,-0.12086234794198536,-0.07842300832271576,-0.026285037398338318,0.9899320006370544,-0.11486339569091797,-0.1327834129333496,-0.0061054229736328125,-0.0786283206363064,9.582412719726562,0.0,0.3030529022216797,-0.03052520751953125,0.1973976562649311,-10.461540222167969,0.0,1.9905996322631836,-0.45787620544433594,1.7873548436893603,-16.673995971679688,0.0,0.7293014526367188,-0.16483497619628906,0.5929627131352735,-12.395606994628906,0.0,-0.4947977066040039,0.1770458221435547,-0.35984739418024947,12.5128173828125,0.0,0.10843133926391602,-0.018314361572265625,0.046475475164606275,-5.772895812988281,0.0,-0.06989097595214844,-0.04273414611816406,-0.13377076994842424,-10.989013671875,0.0,-0.10900688171386719,-0.06715583801269531,0.037594329716223854,15.032974243164062,0.0,-2.0805282592773438,0.5433464050292969,-1.952817150710162,8.703300476074219,0.0,0.6251840591430664,-0.14041519165039062,0.641175966486673,2.7838821411132812,0.0,-0.47121286392211914,0.128204345703125,-0.33889425271708523,12.336990356445312,0.0,0.06298828125,-0.0061054229736328125,0.09450612349309251,3.3113555908203125,0.0,-2.150897979736328,0.8608055114746094,-1.8968739240866743,5.0695953369140625,0.0,0.25713073894780625,-0.018284739103163274,0.18983320980078802,-3.6097307809912413,0.0,0.1134133418124052,0.016732713287961734,0.027715619455789688,-5.141869597091776,0.0,-0.24917268753051758,0.04273414611816406,-0.05937900195853235,3.6043930053710938,0.0,-0.1496567726135254,-0.0061054229736328125,-0.08054640618092601,1.2014617919921875,-0.39092812361852025,-0.41273069381713867,0.21367454528808594,-0.42191548880551366,-0.5567779541015625,0.0,-0.40448570251464844,0.018314361572265625,-0.2498763015972812,2.8424911499023438,0.0,-0.5101370811462402,0.20146560668945312,-0.5109393354159713,-0.380950927734375,0.0,-0.19398021697998047,0.021978378295898438,-0.15679980845585292,0.6329689025878906,0.0,0.02231597900390625,-0.0073261260986328125,0.010786625890825784,-0.27350425720214844,0.0,1.3125896453857422,-0.6166057586669922,1.1417739560055709,-1.8461532592773438,0.0,-1.7572455406188965,0.8974361419677734,-1.66102235162157,-0.26373291015625,0.0,0.08235454559326172,0.0061054229736328125,0.06678155610063607,-0.20513153076171875,0.0,-0.7310271263122559,0.20146560668945312,-0.5980224828978714,2.1977996826171875,0.0,0.09999465942382812,-0.03052520751953125,0.08113067321921535,-0.20513153076171875,0.0,0.061226844787597656,-0.0073261260986328125,0.050016181236574545,-0.14847564697265625,0.0,-0.4255361557006836,0.13919448852539062,-0.3933894364019489,0.3047637939453125,0.0,-0.022099018096923828,0.0030689239501953125,-0.02171418538438213,0.004273504018783569,0.0,0.0,0.0,3.1049532231934103e-23,0.0,0.0,0.002603934146463871,-0.036549557000398636,0.025555288419127464,-0.9936352968215942,-0.036549557000398636,0.025555288419127464,-0.9936352968215942
2.3002,1788396532.0046,ramp,0,-0.033785,0.0636783954164507,-0.09794773594175178,-0.13984540180396218,-0.07758548110723495,-0.025739744305610657,0.9901584386825562,-0.1135970801115036,-0.1327834129333496,-0.0061054229736328125,-0.07861639365722126,9.5238037109375,0.0,0.3024778366088867,-0.03052520751953125,0.19712810130460479,-10.461540222167969,0.0,1.980628490447998,-0.4945049285888672,1.7767791996106772,-16.73260498046875,0.0,0.7256584167480469,-0.1892547607421875,0.5904502739025593,-12.395606994628906,0.0,-0.49153804779052734,0.1892547607421875,-0.35816317487534,12.336997985839844,0.0,0.10785627365112305,-0.04273414611816406,0.04517257898839473,-5.831504821777344,0.0,-0.07027435302734375,-0.03052520751953125,-0.13459081860010308,-10.989013671875,0.0,-0.11015701293945312,-0.06715583801269531,0.03637755425245495,15.091567993164062,0.0,-2.069406509399414,0.6654453277587891,-1.9397129796994106,8.586082458496094,0.0,0.622499942779541,-0.15262603759765625,0.6387861719899758,2.7838821411132812,0.0,-0.4691038131713867,0.10378456115722656,-0.33721921795680154,12.27838134765625,0.0,0.06279659271240234,-0.0061054229736328125,0.09477464351346387,3.3113555908203125,0.0,-2.1351747512817383,0.8608055114746094,-1.8835583742263262,5.128204345703125,0.0,0.2566887426734267,-0.018732134235351187,0.18850063121548757,-3.8456228522657767,0.0,0.11321890734673053,-0.006335260358745022,0.027521063187137776,-4.951581159289658,0.0,-0.2482137680053711,0.04273414611816406,-0.05896216371025074,3.6043930053710938,0.0,-0.1496567726135254,-0.0061054229736328125,-0.07998099342980754,1.26007080078125,-0.3796198685961507,-0.4087042808532715,0.25030517578125,-0.41895375202862023,-0.6739959716796875,0.0,-0.4041023254394531,0.03052520751953125,-0.24812225059686546,2.9011001586914062,0.0,-0.506685733795166,0.20146560668945312,-0.5073555742966732,-0.380950927734375,0.0,-0.19359874725341797,0.021978378295898438,-0.1557003454752867,0.6329689025878906,0.0,0.02231597900390625,-0.0073261260986328125,0.010712502463548894,-0.2578754425048828,0.0,1.3010849952697754,-0.5921859741210938,1.1337590090509686,-1.8461532592773438,0.0,-1.7399888038635254,0.9096450805664062,-1.6493624154260473,-0.3223419189453125,0.0,0.08235454559326172,0.0061054229736328125,0.06631274545730595,-0.26373291015625,0.0,-0.7271924018859863,0.23809432983398438,-0.5938245294064868,2.139190673828125,0.0,0.0992279052734375,-0.03052520751953125,0.08056052590606272,-0.26373291015625,0.0,0.060845375061035156,-0.0073261260986328125,0.049663851039060805,-0.14847564697265625,0.0,-0.4228658676147461,0.124542236328125,-0.39062448456700416,0.27350616455078125,0.0,-0.021907329559326172,0.0030689239501953125,-0.02156175758488997,0.004029303789138794,0.0,0.0,0.0,3.130932237201364e-23,0.0,0.0,-0.001817447249777615,-0.06890274584293365,0.008547107689082623,-1.0236812829971313,-0.06890274584293365,0.008547107689082623,-1.0236812829971313
2.3205,1788396532.0251,ramp,0,-0.033131,0.06456700072604768,-0.1104612391466264,-0.14171397549330267,-0.07658323645591736,-0.025179127231240273,0.9904259443283081,-0.11206000298261642,-0.1327834129333496,-0.018314361572265625,-0.0786036757582988,9.875457763671875,0.0,0.30190229415893555,-0.03052520751953125,0.19684067120893606,-10.344322204589844,0.0,1.9696993827819824,-0.5921859741210938,1.7655022474610504,-16.205123901367188,0.0,0.7218236923217773,-0.1892547607421875,0.5877712260076637,-12.454216003417969,0.0,-0.4877033233642578,0.20146560668945312,-0.3563672690780538,12.043952941894531,0.0,0.10689735412597656,-0.03052520751953125,0.0437832831946109,-5.831504821777344,0.0,-0.07084941864013672,-0.0061054229736328125,-0.1354652475555922,-11.340652465820312,0.0,-0.11149978637695312,-0.06715583801269531,0.03508009013777093,14.857147216796875,0.0,-2.055983543395996,0.6410255432128906,-1.925739825123735,8.293037414550781,0.0,0.6194319725036621,-0.14041519165039062,0.6362379018339277,2.7838821411132812,0.0,-0.4669947624206543,0.10378456115722656,-0.3354331057635258,12.27838134765625,0.0,0.06241321563720703,-0.0061054229736328125,0.09506097003867742,3.4285736083984375,0.0,-2.117918014526367,0.8363857269287109,-1.8693598235277653,5.1868133544921875,0.0,0.2564712511506473,-0.004655460042161126,0.18707968466790656,-4.07402712024405,0.0,0.11330272743616183,-0.0001425344036336057,0.02731360520957403,-5.009364951891694,0.0,-0.2472548484802246,0.03052520751953125,-0.05851768345495537,3.5457839965820312,0.0,-0.1496567726135254,-0.0061054229736328125,-0.07937808617501403,1.377288818359375,-0.3675617235002806,-0.4042940139770508,0.20146560668945312,-0.41579561209271415,-0.615386962890625,0.0,-0.4037189483642578,0.0061054229736328125,-0.24625188231929038,3.0183181762695312,0.0,-0.5028510093688965,0.20146560668945312,-0.5035341614014078,-0.380950927734375,0.0,-0.19245433807373047,0.03663063049316406,-0.15452797324623985,0.617340087890625,0.0,0.02231597900390625,-0.0073261260986328125,0.010633463651695091,-0.27350425720214844,0.0,1.2884297370910645,-0.6776561737060547,1.1252125628377272,-1.611724853515625,0.0,-1.7208142280578613,0.873016357421875,-1.6369292679443115,-0.380950927734375,0.0,0.08235454559326172,0.0061054229736328125,0.0658128463350647,-0.20513153076171875,0.0,-0.7227821350097656,0.25030517578125,-0.5893481948876158,2.139190673828125,0.0,0.09865283966064453,-0.0061054229736328125,0.07995257012381203,-0.26373291015625,0.0,0.060463905334472656,-0.0073261260986328125,0.049288156589751594,-0.14847564697265625,0.0,-0.4198141098022461,0.13919448852539062,-0.3876761790731059,0.3047637939453125,0.0,-0.021811485290527344,0.009205818176269531,-0.02139922176311333,0.0032967031002044678,0.0,0.0,0.0,3.158634010793829e-23,0.0,0.0,-0.006812292151153088,-0.08840567618608475,0.026093335822224617,-1.0010805130004883,-0.08840567618608475,0.026093335822224617,-1.0010805130004883
2.3403,1788396532.0446,ramp,0,-0.032327,0.08016886365616789,-0.1243959798791138,-0.1787816491787613,-0.07544515281915665,-0.024523485451936722,0.9907146692276001,-0.1104133203625679,-0.1327834129333496,0.0061054229736328125,-0.07859135542899115,9.75823974609375,0.0,0.30151891708374023,-0.04273414611816406,0.1965622263609971,-10.461540222167969,0.0,1.9574275016784668,-0.5677661895751953,1.7545778200130053,-16.205123901367188,0.0,0.717796802520752,-0.1892547607421875,0.5851759268550825,-12.043952941894531,0.0,-0.4836764335632324,0.23809432983398438,-0.35462750443902186,11.516487121582031,0.0,0.10651397705078125,-0.03052520751953125,0.04243741767157873,-6.00732421875,0.0,-0.07104110717773438,-0.018314361572265625,-0.13631234130538944,-11.399261474609375,0.0,-0.11284208297729492,-0.09157562255859375,0.033823185577102274,15.150177001953125,0.0,-2.042178153991699,0.7264957427978516,-1.9122034802535175,8.175827026367188,0.0,0.6165556907653809,-0.14041519165039062,0.633769292224842,2.7838821411132812,0.0,-0.46507740020751953,0.11599540710449219,-0.33370282857420946,12.27838134765625,0.0,0.06222105026245117,-0.0061054229736328125,0.095338345814476,3.4285736083984375,0.0,-2.1021947860717773,0.8363857269287109,-1.8556051285609205,4.9523773193359375,0.0,0.25632508591618,0.0001119948577945914,0.1857031578137855,-4.152613903638343,0.0,0.1132982492067672,0.005766155040753497,0.027112632500428648,-4.945907956665367,0.0,-0.24667978286743164,0.018314361572265625,-0.05808709793533661,3.6630020141601562,0.0,-0.1496567726135254,-0.0061054229736328125,-0.07879402618473466,1.26007080078125,-0.35588052369469314,-0.4006509780883789,0.1770458221435547,-0.41273619762124963,-0.615386962890625,0.0,-0.40352725982666016,0.04273414611816406,-0.24443998294449606,2.9597091674804688,0.0,-0.4982490539550781,0.16483497619628906,-0.4998322083054435,-0.380950927734375,0.0,-0.19169139862060547,0.03663063049316406,-0.1533922501192468,0.6329689025878906,0.0,0.02231597900390625,-0.0073261260986328125,0.010556895643405267,-0.2578754425048828,0.0,1.2761578559875488,-0.6166057586669922,1.116933283972625,-1.611724853515625,0.0,-1.7025985717773438,0.8485965728759766,-1.6248847885661166,-0.4395599365234375,0.0,0.08235454559326172,0.0061054229736328125,0.06532857437755296,-0.26373291015625,0.0,-0.7176051139831543,0.2991447448730469,-0.5850117934348343,2.0219802856445312,0.0,0.09826898574829102,-0.0061054229736328125,0.079363619426257,-0.26373291015625,0.0,0.060082435607910156,-0.021978378295898438,0.04892420658804413,-0.117218017578125,0.0,-0.4167623519897461,0.13919448852539062,-0.38482003948543986,0.24224853515625,0.0,-0.021619796752929688,0.015343666076660156,-0.021241766914573773,0.0018315017223358154,0.0,0.0,0.0,3.185469809312588e-23,0.0,0.0,-0.01199771836400032,-0.10106855630874634,0.03229856863617897,-1.0406848192214966,-0.10106855630874634,0.03229856863617897,-1.0406848192214966
2.3603,1788396532.0648,ramp,0,-0.031153,0.10429945004299641,-0.13612881069994529,-0.21002692035200693,-0.07429895550012589,-0.023667708039283752,0.9910305738449097,-0.10852644592523575,-0.1327834129333496,0.018314361572265625,-0.07857881587875695,9.582412719726562,0.0,0.30056047439575195,-0.05494499206542969,0.19627882702393434,-10.344322204589844,0.0,1.9461145401000977,-0.5677661895751953,1.7434590095215114,-16.205123901367188,0.0,0.7137703895568848,-0.25030517578125,0.5825344484267141,-11.692306518554688,0.0,-0.4794578552246094,0.25030517578125,-0.3528567834183371,11.399269104003906,0.0,0.10574722290039062,-0.03052520751953125,0.04106760458354293,-6.124542236328125,0.0,-0.07123327255249023,-0.03052520751953125,-0.1371745077591755,-11.575088500976562,0.0,-0.11437606811523438,-0.09157562255859375,0.03254391637215462,15.326004028320312,0.0,-2.0289487838745117,0.7997550964355469,-1.8984262773680345,7.706962585449219,0.0,0.6140632629394531,-0.128204345703125,0.6312567575815904,2.7252731323242188,0.0,-0.46373510360717773,0.07936477661132812,-0.3319417638175201,12.395599365234375,0.0,0.0616459846496582,-0.0061054229736328125,0.09562065705693729,3.5457839965820312,0.0,-2.085129737854004,0.8485965728759766,-1.8416056903814837,4.717948913574219,0.0,0.2561824406036272,-0.008973516216751482,0.1843021378243889,-3.998429788437265,0.0,0.11347479448032953,0.017010548696885862,0.02690808379729735,-4.948991062376786,0.0,-0.24629640579223633,0.0061054229736328125,-0.05764885082208593,3.6043930053710938,0.0,-0.14946508407592773,0.018314361572265625,-0.07819957376345542,1.26007080078125,-0.34399147526910845,-0.39739131927490234,0.14041519165039062,-0.40962234567020445,-0.4981689453125,0.0,-0.40218496322631836,0.10378456115722656,-0.2425958436636224,2.7838821411132812,0.0,-0.4944143295288086,0.21367454528808594,-0.4960643847633693,-0.4395599365234375,0.0,-0.19092845916748047,0.03663063049316406,-0.15223631858142486,0.617340087890625,0.0,0.02231597900390625,-0.0073261260986328125,0.010478965227561091,-0.2578754425048828,0.0,1.2636942863464355,-0.7020759582519531,1.1085066883322487,-1.4358978271484375,0.0,-1.686300277709961,0.7753353118896484,-1.6126259965780003,-0.4395599365234375,0.0,0.08235454559326172,0.0061054229736328125,0.0648356855604936,-0.20513153076171875,0.0,-0.7128114700317383,0.22588539123535156,-0.5805982325230319,2.1977996826171875,0.0,0.09750223159790039,-0.018314361572265625,0.07876418927524079,-0.26373291015625,0.0,0.059319496154785156,-0.021978378295898438,0.0485537806671792,-0.10158920288085938,0.0,-0.4140920639038086,0.13919448852539062,-0.3819130793757643,0.27350616455078125,0.0,-0.02142810821533203,0.009205818176269531,-0.021081510404088045,0.0008547008037567139,0.0,0.0,0.0,3.2127831087543245e-23,0.0,0.0,-0.017591653391718864,-0.10284354537725449,0.026344740763306618,-1.087491512298584,-0.10284354537725449,0.026344740763306618,-1.087491512298584
2.3805,1788396532.0848,ramp,0,-0.029827,0.11173170014464869,-0.14429827372560192,-0.2273680937900579,-0.07302066683769226,-0.02270432747900486,0.9913846850395203,-0.10634360462427139,-0.13220787048339844,0.018314361572265625,-0.07856621855871804,9.641021728515625,0.0,0.29960155487060547,-0.06715583801269531,0.19599412206393843,-10.051284790039062,0.0,1.9336514472961426,-0.5799751281738281,1.7322889745842667,-15.73626708984375,0.0,0.7089767456054688,-0.22588539123535156,0.579880800686839,-11.75091552734375,0.0,-0.47428083419799805,0.25030517578125,-0.35107790467224337,11.047622680664062,0.0,0.10517168045043945,-0.03052520751953125,0.03969148075603808,-6.124542236328125,0.0,-0.07142496109008789,-0.018314361572265625,-0.13804064622046855,-11.633697509765625,0.0,-0.11610174179077148,-0.09157562255859375,0.031258753564106165,15.032974243164062,0.0,-2.013225555419922,0.7631263732910156,-1.8845856028025236,8.0,0.0,0.6111869812011719,-0.128204345703125,0.6287326476718451,2.8424911499023438,0.0,-0.46239280700683594,0.06715583801269531,-0.33017258582190445,12.5128173828125,0.0,0.06126260757446289,-0.0061054229736328125,0.09590426890947151,3.6043930053710938,0.0,-2.06825590133667,0.8608055114746094,-1.8275417566823042,4.600730895996094,0.0,0.2558969976238315,-0.008972005940356945,0.1828946633250878,-4.143809228137164,0.0,0.11382804230225324,0.017007354381958828,0.026702592736711984,-5.194568295965253,0.0,-0.2455291748046875,0.018314361572265625,-0.05720858470100202,3.6043930053710938,0.0,-0.1486983299255371,0.03052520751953125,-0.07760238269528326,1.26007080078125,-0.33204765390566515,-0.39432334899902344,0.128204345703125,-0.40649414817918755,-0.4981689453125,0.0,-0.3989253044128418,0.21367454528808594,-0.2407432084188484,2.6080551147460938,0.0,-0.4907712936401367,0.16483497619628906,-0.4922792028291561,-0.380950927734375,0.0,-0.18940258026123047,0.0659332275390625,-0.15107506165808654,0.6017112731933594,0.0,0.02231597900390625,-0.0073261260986328125,0.010400675785689642,-0.27350425720214844,0.0,1.249697208404541,-0.6654453277587891,1.1000412713007195,-1.377288818359375,0.0,-1.6709604263305664,0.7387065887451172,-1.600310728240579,-0.380950927734375,0.0,0.08235454559326172,0.0061054229736328125,0.06434052600084984,-0.26373291015625,0.0,-0.7091684341430664,0.1770458221435547,-0.576164338302044,2.25640869140625,0.0,0.09692716598510742,-0.0061054229736328125,0.07816199754489234,-0.20513153076171875,0.0,0.058556556701660156,-0.021978378295898438,0.04818164819123784,-0.117218017578125,0.0,-0.4110403060913086,0.13919448852539062,-0.378992726878427,0.27350616455078125,0.0,-0.0213320255279541,0.009205818176269531,-0.020920515590621625,0.0003663003444671631,0.0,0.0,0.0,3.2402222407773987e-23,0.0,0.0,-0.023277269676327705,-0.1098744347691536,0.025168022140860558,-1.119178295135498,-0.1098744347691536,0.025168022140860558,-1.119178295135498
2.4012,1788396532.1055,ramp,0,-0.028305,0.11603080780284995,-0.14553747587032942,-0.2672826034570272,-0.07166046649217606,-0.021616404876112938,0.9917739629745483,-0.10383591055870056,-0.13163280487060547,0.0061054229736328125,-0.07855327627961206,9.23077392578125,0.0,0.298642635345459,-0.03052520751953125,0.19570162087767473,-10.285713195800781,0.0,1.92195463180542,-0.6166057586669922,1.7208130646816149,-15.384613037109375,0.0,0.7049503326416016,-0.16483497619628906,0.5771544867095532,-11.868133544921875,0.0,-0.4692955017089844,0.23809432983398438,-0.3492503139500474,10.813186645507812,0.0,0.10459661483764648,-0.03052520751953125,0.03827767380305533,-6.124542236328125,0.0,-0.0718083381652832,-0.03052520751953125,-0.13893050260864126,-11.633697509765625,0.0,-0.1178274154663086,-0.07936477661132812,0.029938398464210633,15.091567993164062,0.0,-1.9976930618286133,0.7997550964355469,-1.8703659217363424,7.472526550292969,0.0,0.6088857650756836,-0.11599540710449219,0.6261394187274983,2.7252731323242188,0.0,-0.4612421989440918,0.05494499206542969,-0.3283549614909598,12.630035400390625,0.0,0.06068754196166992,-0.0061054229736328125,0.09619564705513464,3.6630020141601562,0.0,-2.0511908531188965,0.8485965728759766,-1.8130927028596977,4.483512878417969,0.0,0.25546916191861324,-0.022821370239092104,0.18144864720830725,-4.142616023197531,0.0,0.11435742882108947,0.02233104471524493,0.026491474605898006,-5.194852359659534,0.0,-0.24437904357910156,0.04273414611816406,-0.056756262540226865,3.4871826171875,0.0,-0.14678096771240234,0.09157562255859375,-0.07698883842872412,1.0842514038085938,-0.31977676857448234,-0.392214298248291,0.07936477661132812,-0.4032802896043223,-0.380950927734375,0.0,-0.3935565948486328,0.2991447448730469,-0.23883984148481915,2.3150177001953125,0.0,-0.48847007751464844,0.10378456115722656,-0.4883903692591432,-0.20513153076171875,0.0,-0.18749523162841797,0.0659332275390625,-0.14988200542317492,0.5235671997070312,0.0,0.02231597900390625,-0.0073261260986328125,0.010320242502688003,-0.27350425720214844,0.0,1.2356996536254883,-0.6532363891601562,1.0913440412841624,-1.3186798095703125,0.0,-1.656388282775879,0.6776561737060547,-1.587658224406775,-0.26373291015625,0.0,0.08235454559326172,0.0061054229736328125,0.06383180722549839,-0.26373291015625,0.0,-0.7051420211791992,0.1892547607421875,-0.5716090284141331,2.1977996826171875,0.0,0.09635162353515625,-0.03052520751953125,0.07754331568038375,-0.26373291015625,0.0,0.058175086975097656,-0.021978378295898438,0.04779932541519046,-0.117218017578125,0.0,-0.4079885482788086,0.13919448852539062,-0.3759924048264629,0.27350616455078125,0.0,-0.021140336990356445,0.009205818176269531,-0.020755112171159225,0.0008547008037567139,0.0,0.0,0.0,3.268412753042835e-23,0.0,0.0,-0.029058661311864853,-0.0898834839463234,0.025007108226418495,-1.145261287689209,-0.0898834839463234,0.025007108226418495,-1.145261287689209
2.4201,1788396532.1245,ramp,0,-0.027149,0.10265890952199398,-0.1445600291712431,-0.280241345584271,-0.07032065093517303,-0.020701957866549492,0.9921737313270569,-0.10108239948749542,-0.1310577392578125,0.0061054229736328125,-0.07854143638485954,9.172164916992188,0.0,0.29845094680786133,-0.018314361572265625,0.1954340340614742,-10.227104187011719,0.0,1.9104499816894531,-0.6166057586669922,1.7103146382202403,-15.619049072265625,0.0,0.701690673828125,-0.20146560668945312,0.5746603919454822,-11.633697509765625,0.0,-0.46507740020751953,0.22588539123535156,-0.3475783919010575,10.520149230957031,0.0,0.10421323776245117,-0.018314361572265625,0.03698429066809014,-6.417579650878906,0.0,-0.07219171524047852,-0.03052520751953125,-0.13974456370982302,-11.633697509765625,0.0,-0.11878585815429688,-0.06715583801269531,0.028730507234953837,14.915756225585938,0.0,-1.9829292297363281,0.8241748809814453,-1.8573574302751983,7.296699523925781,0.0,0.6063928604125977,-0.128204345703125,0.623767073214099,2.6666641235351562,0.0,-0.4602837562561035,0.04273414611816406,-0.32669215692603204,12.74725341796875,0.0,0.060303688049316406,-0.0061054229736328125,0.09646220648795045,3.7216110229492188,0.0,-2.035851001739502,0.8485965728759766,-1.7998743759226739,4.659339904785156,0.0,0.2550376474740497,-0.013508681218231356,0.18012579838910592,-4.370381814592056,0.0,0.11470588682728694,0.022615237369442664,0.02629833888160121,-5.252745259444837,0.0,-0.24207782745361328,0.14041519165039062,-0.056342467818759866,3.25274658203125,0.0,-0.1442880630493164,0.14041519165039062,-0.07642755401485982,0.9670333862304688,-0.30855108029719625,-0.3914475440979004,0.04273414611816406,-0.4003401778230607,-0.26373291015625,0.0,-0.38722848892211914,0.39682579040527344,-0.23709859761349003,2.0219802856445312,0.0,-0.486361026763916,0.11599540710449219,-0.48483277481986725,-0.08791351318359375,0.0,-0.18558788299560547,0.10988998413085938,-0.14879057012499342,0.4454231262207031,0.0,0.02231597900390625,-0.0073261260986328125,0.010246660284475875,-0.27350425720214844,0.0,1.222661018371582,-0.7020759582519531,1.0833876151252753,-1.0842514038085938,0.0,-1.6427745819091797,0.7142848968505859,-1.5760834227415264,-0.380950927734375,0.0,0.08235454559326172,0.0061054229736328125,0.06336641958322403,-0.26373291015625,0.0,-0.7013068199157715,0.1892547607421875,-0.5674417261023611,2.3150177001953125,0.0,0.09558486938476562,-0.05494499206542969,0.07697733127368947,-0.20513153076171875,0.0,0.057412147521972656,-0.021978378295898438,0.047449567741690894,-0.08596038818359375,0.0,-0.4049358367919922,0.15384674072265625,-0.37324764117023135,0.2578773498535156,0.0,-0.02094864845275879,0.009205818176269531,-0.020603797316788963,0.0013431012630462646,0.0,0.0,0.0,3.294202082380352e-23,0.0,0.0,-0.0343816839158535,-0.08898147940635681,0.04124028608202934,-1.1541950702667236,-0.08898147940635681,0.04124028608202934,-1.1541950702667236
2.4403,1788396532.1447,ramp,0,-0.025810,0.11170997873700773,-0.15378398747527341,-0.29172765923432364,-0.06891799718141556,-0.019686106592416763,0.9925863146781921,-0.0981588140130043,-0.13048219680786133,-0.0061054229736328125,-0.07852882092805782,9.23077392578125,0.0,0.29825925827026367,-0.018314361572265625,0.19514891920268093,-10.520149230957031,0.0,1.8964529037475586,-0.6166057586669922,1.6991285214279856,-15.5018310546875,0.0,0.6978554725646973,-0.1892547607421875,0.5720029236644504,-11.516487121582031,0.0,-0.4602837562561035,0.22588539123535156,-0.3457969520465845,10.109893798828125,0.0,0.1036381721496582,-0.018314361572265625,0.035606185591288086,-6.476188659667969,0.0,-0.07257509231567383,-0.03052520751953125,-0.140611949178241,-11.868133544921875,0.0,-0.11993646621704102,-0.05494499206542969,0.027443494137084537,14.974365234375,0.0,-1.965672492980957,0.8485965728759766,-1.8434968288497582,6.710624694824219,0.0,0.6039004325866699,-0.11599540710449219,0.6212393292629361,2.7838821411132812,0.0,-0.4595165252685547,0.03052520751953125,-0.3249204317885165,13.098907470703125,0.0,0.05972862243652344,0.0061054229736328125,0.0967462266655004,3.7802200317382812,0.0,-2.018977642059326,0.8485965728759766,-1.7857901939302805,4.3076934814453125,0.0,0.2545384870102976,-0.01804548018483455,0.1787162975039471,-4.2112004088564685,0.0,0.11532329773932318,0.028222696963033995,0.02609255196899204,-5.380384514566442,0.0,-0.23824310302734375,0.21367454528808594,-0.05590156783252114,3.135528564453125,0.0,-0.14045286178588867,0.22588539123535156,-0.07582950315168922,0.7325973510742188,-0.29659006303378455,-0.3910636901855469,-0.03052520751953125,-0.39720747656649835,-0.02930450439453125,0.0,-0.37744998931884766,0.628814697265625,-0.23524329507075684,1.377288818359375,0.0,-0.4855942726135254,0.0061054229736328125,-0.481042143238684,0.08791351318359375,0.0,-0.18253612518310547,0.16849899291992188,-0.14762764130308229,0.4141654968261719,0.0,0.02231597900390625,-0.021978378295898438,0.010168258126801829,-0.2578754425048828,0.0,1.2092390060424805,-0.6043949127197266,1.074910010163264,-1.2014617919921875,0.0,-1.6287765502929688,0.6532363891601562,-1.5637504237200996,-0.26373291015625,0.0,0.08235454559326172,0.0061054229736328125,0.06287054712659387,-0.26373291015625,0.0,-0.6976633071899414,0.1892547607421875,-0.5630014482626657,2.25640869140625,0.0,0.0948176383972168,-0.018314361572265625,0.07637427254873,-0.20513153076171875,0.0,0.057030677795410156,-0.021978378295898438,0.047076899494773346,-0.10158920288085938,0.0,-0.4018840789794922,0.13919448852539062,-0.37032308414840487,0.27350616455078125,0.0,-0.02085280418395996,0.009205818176269531,-0.02044257071396271,0.0006105005741119385,0.0,0.0,0.0,3.3216807193956e-23,0.0,0.0,-0.040008947253227234,-0.09262031316757202,0.04079071059823036,-1.1671967506408691,-0.09262031316757202,0.04079071059823036,-1.1671967506408691
2.4603,1788396532.1649,ramp,0,-0.024559,0.11313367136625045,-0.15585104988960885,-0.32392238062569617,-0.06753823906183243,-0.018704839050769806,0.9930123686790466,-0.09494809806346893,-0.13029050827026367,-0.0061054229736328125,-0.07851631077234,9.347991943359375,0.0,0.298067569732666,-0.018314361572265625,0.19486618419458568,-10.285713195800781,0.0,1.8826470375061035,-0.6166057586669922,1.6880357750337844,-15.032974243164062,0.0,0.6945958137512207,-0.1892547607421875,0.5693676372429344,-11.340660095214844,0.0,-0.45568180084228516,0.23809432983398438,-0.3440303818516554,9.934066772460938,0.0,0.10325431823730469,-0.0061054229736328125,0.03423958354292478,-6.652015686035156,0.0,-0.073150634765625,-0.04273414611816406,-0.14147209458936688,-11.633697509765625,0.0,-0.1208953857421875,-0.03052520751953125,0.02616722372387334,14.915756225585938,0.0,-1.9487991333007812,0.7875461578369141,-1.8297519217171978,6.769233703613281,0.0,0.601407527923584,-0.128204345703125,0.6187326843636856,2.6666641235351562,0.0,-0.4589414596557617,0.018314361572265625,-0.32316349522190574,13.216110229492188,0.0,0.05915355682373047,-0.0061054229736328125,0.097027876129645,3.9560470581054688,0.0,-2.0013370513916016,0.8485965728759766,-1.7718235724553848,4.0732574462890625,0.0,0.2538256547791355,-0.022578067270305292,0.1773185617077059,-4.2091164377688655,0.0,0.11620477424772442,0.033820033705942734,0.02588848275755669,-5.380898610488864,0.0,-0.23076486587524414,0.45787620544433594,-0.0554643480337846,2.4322357177734375,0.0,-0.13527584075927734,0.27472496032714844,-0.0752364442127214,0.615386962890625,-0.284728884254428,-0.39125537872314453,-0.03052520751953125,-0.39410092393405105,0.02930450439453125,0.0,-0.362302303314209,0.6776561737060547,-0.233403478718642,1.0842514038085938,0.0,-0.48578596115112305,0.0061054229736328125,-0.47728315201904725,0.14652252197265625,0.0,-0.17910289764404297,0.13919448852539062,-0.14647441943569575,0.19536209106445312,0.0,0.02117156982421875,-0.0659332275390625,0.010090510391105154,-0.11721611022949219,0.0,1.1965837478637695,-0.6898651123046875,1.0665031676798271,-0.9670333862304688,0.0,-1.6151628494262695,0.6166057586669922,-1.5515203681105112,-0.3223419189453125,0.0,0.08235454559326172,0.0061054229736328125,0.06237881371209237,-0.26373291015625,0.0,-0.694404125213623,0.15262603759765625,-0.5585982333749364,2.4322357177734375,0.0,0.09405088424682617,-0.018314361572265625,0.07577624754854248,-0.26373291015625,0.0,0.056267738342285156,-0.021978378295898438,0.04670734190575456,-0.10158920288085938,0.0,-0.3988323211669922,0.15384674072265625,-0.36742293837297674,0.2578773498535156,0.0,-0.020661115646362305,0.009205818176269531,-0.020282689867877794,0.0006105005741119385,0.0,0.0,0.0,3.3489299925195423e-23,0.0,0.0,-0.04537826031446457,-0.08245498687028885,0.04728522151708603,-1.1974327564239502,-0.08245498687028885,0.04728522151708603,-1.1974327564239502
2.4804,1788396532.1846,ramp,0,-0.023288,0.11870283222593213,-0.16085895787193472,-0.3364588119830807,-0.06606988608837128,-0.0177033431828022,0.9934462308883667,-0.09157519042491913,-0.1297154426574707,0.018314361572265625,-0.07850380555591085,8.937728881835938,0.0,0.29787588119506836,-0.03052520751953125,0.19458356081658074,-10.285713195800781,0.0,1.8705673217773438,-0.5921859741210938,1.6769474083033875,-15.091567993164062,0.0,0.6913361549377441,-0.1892547607421875,0.5667333912913025,-11.340660095214844,0.0,-0.4510793685913086,0.22588539123535156,-0.3422645091380594,9.699630737304688,0.0,0.10325431823730469,-0.0061054229736328125,0.032873521059545094,-6.710624694824219,0.0,-0.07391738891601562,-0.03052520751953125,-0.14233190039589083,-11.926742553710938,0.0,-0.12147045135498047,-0.04273414611816406,0.02489145721070049,15.091567993164062,0.0,-1.932499885559082,0.7753353118896484,-1.8160124413806829,6.593406677246094,0.0,0.5987234115600586,-0.128204345703125,0.6162270291437756,2.7252731323242188,0.0,-0.4581747055053711,0.018314361572265625,-0.32140725233305645,13.216110229492188,0.0,0.0585780143737793,-0.018314361572265625,0.09730941439229635,4.0146484375,0.0,-1.98427152633667,0.8485965728759766,-1.7578624653143045,4.131866455078125,0.0,0.25318426748916534,-0.01803320142575294,0.1759213777687467,-4.278105867362926,0.0,0.11699767584394648,0.028194649349250662,0.025684494117199693,-5.566294091831576,0.0,-0.21830177307128906,0.7142848968505859,-0.0550273008591809,1.6703262329101562,0.0,-0.13009881973266602,0.23809432983398438,-0.07464361942665644,0.4395599365234375,-0.2728723885331288,-0.392214298248291,-0.018314361572265625,-0.3909955978379039,0.08791351318359375,0.0,-0.3461952209472656,0.7875461578369141,-0.2315643887670774,0.4981689453125,0.0,-0.486361026763916,0.05494499206542969,-0.4735256449330237,0.14652252197265625,0.0,-0.17528820037841797,0.21245384216308594,-0.14532165288603593,0.1797332763671875,0.0,0.02040863037109375,-0.05128288269042969,0.010012793351949425,-0.1797313690185547,0.0,1.1833534240722656,-0.628814697265625,1.0580996444053963,-0.9670333862304688,0.0,-1.6019325256347656,0.6410255432128906,-1.5392951411997844,-0.380950927734375,0.0,0.08235454559326172,0.0061054229736328125,0.06188727444491566,-0.26373291015625,0.0,-0.6909527778625488,0.1770458221435547,-0.5541967569747,2.373626708984375,0.0,0.0934758186340332,-0.03052520751953125,0.0751784586619696,-0.20513153076171875,0.0,0.055504798889160156,-0.021978378295898438,0.046337930226318394,-0.07033157348632812,0.0,-0.3961620330810547,0.124542236328125,-0.3645239376398159,0.2891349792480469,0.0,-0.020565032958984375,0.009205818176269531,-0.020122872146318565,0.0010989010334014893,0.0,0.0,0.0,3.376168507022404e-23,0.0,0.0,-0.050930120050907135,-0.09350258857011795,0.04188157990574837,-1.212951898574829,-0.09350258857011795,0.04188157990574837,-1.212951898574829
2.5005,1788396532.2049,ramp,0,-0.021849,0.10634768723737638,-0.17138420326360504,-0.3257533704541529,-0.0645228922367096,-0.016628576442599297,0.993863046169281,-0.08829770982265472,-0.12913990020751953,0.03052520751953125,-0.07849120775594105,8.703292846679688,0.0,0.2973008155822754,-0.018314361572265625,0.19429884500993627,-10.227104187011719,0.0,1.8584871292114258,-0.5799751281738281,1.6657769478117623,-15.091567993164062,0.0,0.6876931190490723,-0.16483497619628906,0.5640796424531385,-11.340660095214844,0.0,-0.4466695785522461,0.21367454528808594,-0.34048556262049967,9.406593322753906,0.0,0.10287094116210938,-0.018314361572265625,0.03149734480467316,-6.8278350830078125,0.0,-0.07430076599121094,-0.04273414611816406,-0.143198071855202,-12.102569580078125,0.0,-0.12204551696777344,-0.03052520751953125,0.023606245440704735,14.798538208007812,0.0,-1.9173526763916016,0.7997550964355469,-1.8021712395151486,6.534797668457031,0.0,0.596038818359375,-0.128204345703125,0.6137028230708549,2.7838821411132812,0.0,-0.4575991630554199,0.03052520751953125,-0.31963800693555267,13.333328247070312,0.0,0.05781126022338867,-0.03052520751953125,0.097593037049834,4.1904754638671875,0.0,-1.9672064781188965,0.8852252960205078,-1.7437979958094072,3.8388290405273438,0.0,0.25254305044583253,-0.013490737988414122,0.17451384964768518,-4.508984778921884,0.0,0.11779015039404882,0.022575264976356056,0.02547899522784554,-5.499896583101114,0.0,-0.2021946907043457,0.8485965728759766,-0.05458701796490181,1.1428604125976562,0.0,-0.12453842163085938,0.2625160217285156,-0.07404640560678509,0.3223419189453125,-0.2609281121357019,-0.39240598678588867,-0.0061054229736328125,-0.38786728116927016,0.08791351318359375,0.0,-0.329129695892334,0.7997550964355469,-0.22971168294087302,0.26373291015625,0.0,-0.4859776496887207,0.04273414611816406,-0.469740318791495,0.26373291015625,0.0,-0.17223644256591797,0.15384674072265625,-0.14416035172129882,0.22661972045898438,0.0,0.01964569091796875,-0.05128288269042969,0.00993450092741811,-0.1797313690185547,0.0,1.1714649200439453,-0.6654453277587891,1.04963390485963,-0.7912063598632812,0.0,-1.5881271362304688,0.6898651123046875,-1.5269794036770463,-0.5567779541015625,0.0,0.08235454559326172,0.0061054229736328125,0.061392096020754405,-0.380950927734375,0.0,-0.6871175765991211,0.1892547607421875,-0.5497626938318497,2.3150177001953125,0.0,0.09309196472167969,-0.018314361572265625,0.07457624398940745,-0.20513153076171875,0.0,0.055123329162597656,-0.0073261260986328125,0.045965783572927625,-0.117218017578125,0.0,-0.3931102752685547,0.16849899291992188,-0.3616034738833104,0.24224853515625,0.0,-0.02037334442138672,0.009205818176269531,-0.019961871199294958,0.0018315017223358154,0.0,0.0,0.0,3.403608684417572e-23,0.0,0.0,-0.056704018265008926,-0.10740720480680466,0.05010479688644409,-1.238893985748291,-0.10740720480680466,0.05010479688644409,-1.238893985748291
2.5204,1788396532.2249,ramp,0,-0.020570,0.09806446562128132,-0.17577062931604728,-0.2943477104042572,-0.06284768879413605,-0.015641821548342705,0.9942606687545776,-0.08515416085720062,-0.12818145751953125,0.018314361572265625,-0.0784787827854544,8.820510864257812,0.0,0.29710865020751953,-0.018314361572265625,0.19401803522544048,-10.168495178222656,0.0,1.846982479095459,-0.6043949127197266,1.6547597351029166,-14.974365234375,0.0,0.6844334602355957,-0.16483497619628906,0.5614623004511837,-11.282051086425781,0.0,-0.4422593116760254,0.21367454528808594,-0.33873102150768614,9.289375305175781,0.0,0.10248756408691406,-0.0061054229736328125,0.03014004834082956,-6.9450531005859375,0.0,-0.07468461990356445,-0.018314361572265625,-0.14405236029001786,-12.102569580078125,0.0,-0.12242937088012695,-0.04273414611816406,0.02233866551805322,14.622711181640625,0.0,-1.9025888442993164,0.7875461578369141,-1.7885199253895585,6.358970642089844,0.0,0.5933547019958496,-0.11599540710449219,0.6112132466342185,2.7252731323242188,0.0,-0.45702409744262695,0.018314361572265625,-0.3178930338529246,13.5091552734375,0.0,0.05685234069824219,-0.0061054229736328125,0.09787276868215872,4.3076934814453125,0.0,-1.9499492645263672,0.9096450805664062,-1.7299264770579015,3.5457839965820312,0.0,0.2520444045621056,-0.008952150522666865,0.1731256314345646,-4.4284858572210775,0.0,0.11840627195947266,0.01696441552073382,0.02527631558208306,-5.564015502073196,0.0,-0.18397951126098633,0.9096450805664062,-0.05415277532092346,0.615386962890625,0.0,-0.11878585815429688,0.2991447448730469,-0.07345738497588826,0.26373291015625,-0.24914769951776528,-0.39240598678588867,0.018314361572265625,-0.3847818819429082,0.14652252197265625,0.0,-0.3128318786621094,0.7387065887451172,-0.22788439442492375,0.08791351318359375,0.0,-0.4852104187011719,0.06715583801269531,-0.46600692361903606,0.26373291015625,0.0,-0.16880321502685547,0.13919448852539062,-0.14301498247170236,0.10158920288085938,0.0,0.01926422119140625,-0.0073261260986328125,0.00985728259830809,-0.1953601837158203,0.0,1.1584267616271973,-0.6410255432128906,1.0412843069730142,-0.8498153686523438,0.0,-1.572211742401123,0.7875461578369141,-1.5148326260168015,-0.7325973510742188,0.0,0.08235454559326172,0.0061054229736328125,0.060903710959824664,-0.3223419189453125,0.0,-0.6823239326477051,0.2625160217285156,-0.5453894616946552,2.1977996826171875,0.0,0.09251689910888672,-0.03052520751953125,0.07398229111262324,-0.20513153076171875,0.0,0.054741859436035156,-0.0073261260986328125,0.04559874240731363,-0.117218017578125,0.0,-0.3904399871826172,0.124542236328125,-0.358723076030597,0.2891349792480469,0.0,-0.02027750015258789,0.009205818176269531,-0.019803079027654893,0.00158730149269104,0.0,0.0,0.0,3.430672409441056e-23,0.0,0.0,-0.06286446750164032,-0.12169888615608215,0.04798503965139389,-1.2330297231674194,-0.12169888615608215,0.04798503965139389,-1.2330297231674194
2.5401,1788396532.2444,ramp,0,-0.019278,0.08602988200418703,-0.18203633163646077,-0.27088156606464664,-0.061185043305158615,-0.014675457961857319,0.994623601436615,-0.08225054293870926,-0.12779808044433594,0.0061054229736328125,-0.0784664590566364,8.879119873046875,0.0,0.2969169616699219,-0.0061054229736328125,0.19373951354707614,-10.520149230957031,0.0,1.8350944519042969,-0.6410255432128906,1.643832293311407,-14.446884155273438,0.0,0.6819405555725098,-0.15262603759765625,0.5588662851857373,-11.457878112792969,0.0,-0.4386162757873535,0.20146560668945312,-0.33699077682078027,9.113555908203125,0.0,0.10210418701171875,-0.0061054229736328125,0.028793811457287877,-7.003662109375,0.0,-0.07487630844116211,0.0061054229736328125,-0.1448996877757725,-11.9853515625,0.0,-0.12300443649291992,-0.018314361572265625,0.021081414143598154,14.5054931640625,0.0,-1.8885917663574219,0.75091552734375,-1.7749798454775834,6.652015686035156,0.0,0.5914373397827148,-0.10378456115722656,0.6087439558693216,2.7252731323242188,0.0,-0.45664072036743164,0.018314361572265625,-0.3161622792335771,13.567764282226562,0.0,0.055893898010253906,-0.018314361572265625,0.09815022099339689,4.4249114990234375,0.0,-1.9319257736206055,0.9340667724609375,-1.7161679868006332,3.25274658203125,0.0,0.2519057348364785,-0.00895078553899918,0.17174872475964784,-4.66074354871081,0.0,0.11876296585983541,0.016962156644643855,0.025075287419159875,-5.497107400095787,0.0,-0.1659550666809082,0.8852252960205078,-0.053722070991174556,0.380950927734375,0.0,-0.11284208297729492,0.2625160217285156,-0.07287316382774293,0.26373291015625,-0.23746327655485877,-0.39240598678588867,0.018314361572265625,-0.3817216232966748,0.20513153076171875,0.0,-0.2963414192199707,0.7631263732910156,-0.22607199509834114,-0.26373291015625,0.0,-0.4842519760131836,0.06715583801269531,-0.46230394905460825,0.3223419189453125,0.0,-0.16575145721435547,0.13919448852539062,-0.1418789459681409,0.13284683227539062,0.0,0.01888275146484375,-0.021978378295898438,0.00978069346284465,-0.14847373962402344,0.0,1.1469221115112305,-0.5433464050292969,1.0330027436321116,-0.9670333862304688,0.0,-1.5555305480957031,0.8119659423828125,-1.5027848232426786,-0.8498153686523438,0.0,0.08235454559326172,0.0061054229736328125,0.060419305378650076,-0.3223419189453125,0.0,-0.6777224540710449,0.22588539123535156,-0.5410518637120382,2.3150177001953125,0.0,0.09194183349609375,-0.018314361572265625,0.07339317790772452,-0.26373291015625,0.0,0.054741859436035156,-0.0073261260986328125,0.04523469198200829,-0.117218017578125,0.0,-0.3873882293701172,0.15384674072265625,-0.3558661483571717,0.27350616455078125,0.0,-0.020085811614990234,0.009205818176269531,-0.01964558073308616,0.00158730149269104,0.0,0.0,0.0,3.4575156126786666e-23,0.0,0.0,-0.06955980509519577,-0.12874294817447662,0.05453621968626976,-1.2326539754867554,-0.12874294817447662,0.05453621968626976,-1.2326539754867554
2.5603,1788396532.2648,ramp,0,-0.018031,0.08378358052611085,-0.1858112626131072,-0.24852239792164116,-0.059499166905879974,-0.013756813481450081,0.994951605796814,-0.07963605970144272,-0.12760639190673828,0.0061054229736328125,-0.07845383144158577,8.644683837890625,0.0,0.2969169616699219,-0.018314361572265625,0.19345412390652295,-10.402931213378906,0.0,1.8218636512756348,-0.6654453277587891,1.6326353958082778,-14.036636352539062,0.0,0.6790647506713867,-0.14041519165039062,0.5562062557480748,-11.516487121582031,0.0,-0.43497323989868164,0.1770458221435547,-0.3352076200891847,9.054946899414062,0.0,0.1019124984741211,-0.0061054229736328125,0.027414378220529764,-7.0622711181640625,0.0,-0.07506799697875977,-0.0061054229736328125,-0.14576790919397759,-12.27838134765625,0.0,-0.12357950210571289,-0.03052520751953125,0.019793160676407018,14.5054931640625,0.0,-1.874018669128418,0.7631263732910156,-1.7611058857849906,6.0659332275390625,0.0,0.5893278121948242,-0.09157562255859375,0.6062137757844042,2.7838821411132812,0.0,-0.45606517791748047,0.018314361572265625,-0.31438884658157634,13.802200317382812,0.0,0.05493497848510742,-0.04273414611816406,0.0984345148976988,4.659339904785156,0.0,-1.912367343902588,0.9218559265136719,-1.7020702310635007,3.1941375732421875,0.0,0.25183828058865954,0.00011918690197381091,0.17033786545656773,-4.660356000247309,0.0,0.11903167849876017,0.005757387541378555,0.024869302177742976,-5.497100619966729,0.0,-0.1473560333251953,0.9951152801513672,-0.0532807460839946,-0.20513153076171875,0.0,-0.1067056655883789,0.25030517578125,-0.0722745365881976,0.08791351318359375,-0.22549073176395207,-0.39240598678588867,0.03052520751953125,-0.37858590287384325,0.26373291015625,0.0,-0.2834949493408203,0.6166057586669922,-0.22421490449271989,-0.20513153076171875,0.0,-0.48310136795043945,0.05494499206542969,-0.45850966422146394,0.380950927734375,0.0,-0.16308116912841797,0.124542236328125,-0.14071489636413625,0.117218017578125,0.0,0.01888275146484375,-0.0073261260986328125,0.00970221574445463,-0.1953601837158203,0.0,1.1354169845581055,-0.6654453277587891,1.0245169683094917,-0.615386962890625,0.0,-1.5382733345031738,0.8852252960205078,-1.4904399381933178,-1.1428604125976562,0.0,0.08235454559326172,0.0061054229736328125,0.05992295502091404,-0.380950927734375,0.0,-0.6738877296447754,0.16483497619628906,-0.5366073065185257,2.373626708984375,0.0,0.09136629104614258,-0.0061054229736328125,0.07278953798002287,-0.20513153076171875,0.0,0.054360389709472656,-0.021978378295898438,0.04486166457304221,-0.10158920288085938,0.0,-0.3843364715576172,0.13919448852539062,-0.35293877276977204,0.24224853515625,0.0,-0.019894123077392578,0.009205818176269531,-0.01948419874681249,0.002319902181625366,0.0,0.0,0.0,3.485020732453427e-23,0.0,0.0,-0.07661715894937515,-0.14901600778102875,0.04387329891324043,-1.2016479969024658,-0.14901600778102875,0.04387329891324043,-1.2016479969024658
2.5801,1788396532.2845,ramp,0,-0.016861,0.06986937110115225,-0.16438856177791444,-0.22768798937124685,-0.0578409843146801,-0.012904222123324871,0.9952457547187805,-0.07729080319404602,-0.12741422653198242,-0.0061054229736328125,-0.07844144742395086,8.76190185546875,0.0,0.29653358459472656,-0.03052520751953125,0.19317423967444453,-10.051284790039062,0.0,1.8086333274841309,-0.5799751281738281,1.6216544959646477,-14.564102172851562,0.0,0.6761884689331055,-0.1770458221435547,0.5535975405367478,-11.282051086425781,0.0,-0.43133020401000977,0.1770458221435547,-0.33345886196492086,8.879119873046875,0.0,0.10172033309936523,0.0061054229736328125,0.026061555422108834,-7.296699523925781,0.0,-0.07506799697875977,-0.03052520751953125,-0.146619381883867,-12.454208374023438,0.0,-0.1239628791809082,-0.0061054229736328125,0.018529758712382438,14.329666137695312,0.0,-1.8602123260498047,0.7631263732910156,-1.7474995665544761,6.124542236328125,0.0,0.5870270729064941,-0.10378456115722656,0.6037324050215599,2.6666641235351562,0.0,-0.45529842376708984,0.04273414611816406,-0.3126496249511558,13.626373291015625,0.0,0.05397653579711914,-0.018314361572265625,0.09871332453120858,4.717948913574219,0.0,-1.8945355415344238,0.9096450805664062,-1.6882444330041588,2.9011001586914062,0.0,0.2518420248194617,-0.008949195888930056,0.1689542228273263,-4.814064768679836,0.0,0.11921243898437195,0.016960081323024196,0.024667290566523628,-5.493857508773535,0.0,-0.1293320655822754,0.8485965728759766,-0.05284793470897859,-0.20513153076171875,0.0,-0.10076189041137695,0.27472496032714844,-0.07168745737636424,-0.08791351318359375,-0.2137491475272848,-0.39259767532348633,0.03052520751953125,-0.37551067316033404,0.26373291015625,0.0,-0.2706480026245117,0.7020759582519531,-0.2223936387416335,-0.4981689453125,0.0,-0.48175859451293945,0.09157562255859375,-0.4547885743642674,0.4395599365234375,0.0,-0.16117382049560547,0.09523773193359375,-0.13957330226532272,0.16410446166992188,0.0,0.01888275146484375,-0.0073261260986328125,0.009625251927883424,-0.21098899841308594,0.0,1.1223788261413574,-0.5433464050292969,1.0161948907976457,-0.7912063598632812,0.0,-1.520249366760254,0.9096450805664062,-1.4783331964579154,-1.3186798095703125,0.0,0.08254623413085938,0.0061054229736328125,0.059436179683002244,-0.380950927734375,0.0,-0.6704363822937012,0.1892547607421875,-0.532248488606903,2.373626708984375,0.0,0.09117460250854492,-0.018314361572265625,0.0721975427790437,-0.20513153076171875,0.0,0.053597450256347656,-0.021978378295898438,0.04449583317951194,-0.07033157348632812,0.0,-0.3809032440185547,0.15384674072265625,-0.35006786874292534,0.22661972045898438,0.0,-0.01979804039001465,0.015343666076660156,-0.01932592995607452,0.0013431012630462646,0.0,0.0,0.0,3.5119952551146635e-23,0.0,0.0,-0.08335598558187485,-0.11741591989994049,0.04991038888692856,-1.1607040166854858,-0.11741591989994049,0.04991038888692856,-1.1607040166854858
2.6006,1788396532.3049,ramp,0,-0.015690,0.06953761613073405,-0.1670941337083532,-0.1997621154701896,-0.05621841922402382,-0.012075740844011307,0.9955093860626221,-0.07519865781068802,-0.12741422653198242,-0.0061054229736328125,-0.07842868355352448,8.586074829101562,0.0,0.2955751419067383,-0.06715583801269531,0.19288577060261716,-10.168495178222656,0.0,1.7950196266174316,-0.5921859741210938,1.6103367809143987,-14.27105712890625,0.0,0.6731204986572266,-0.1770458221435547,0.5509088086632689,-11.223442077636719,0.0,-0.42787885665893555,0.1770458221435547,-0.33165646449075514,8.644691467285156,0.0,0.10133695602416992,-0.018314361572265625,0.02466723772829156,-7.296699523925781,0.0,-0.07506799697875977,0.0061054229736328125,-0.14749697164558648,-12.74725341796875,0.0,-0.12434673309326172,-0.03052520751953125,0.017227604642463507,14.27105712890625,0.0,-1.8469820022583008,0.6898651123046875,-1.7334759030909566,6.3003692626953125,0.0,0.5847263336181641,-0.10378456115722656,0.6011749236104003,2.6666641235351562,0.0,-0.45433902740478516,0.04273414611816406,-0.31085705648202916,13.74359130859375,0.0,0.053017616271972656,-0.018314361572265625,0.0990006860434947,4.893775939941406,0.0,-1.874593734741211,0.9462757110595703,-1.673994558676356,2.6080551147460938,0.0,0.2515571223476554,-0.008947674002212306,0.1675281399714467,-4.809032042057597,0.0,0.11956436928199012,0.01695681545894575,0.02445908268873769,-5.618436884136756,0.0,-0.11188316345214844,0.7875461578369141,-0.05240184778689642,-0.4395599365234375,0.0,-0.09539318084716797,0.23809432983398438,-0.07108237078728027,-0.14652252197265625,-0.20164741574560552,-0.39259767532348633,0.05494499206542969,-0.3723411174675239,0.26373291015625,0.0,-0.2583761215209961,0.47008514404296875,-0.2205165096269799,-0.3223419189453125,0.0,-0.4798412322998047,0.11599540710449219,-0.4509533481733508,0.3223419189453125,0.0,-0.15850353240966797,0.09523773193359375,-0.13839669225180795,0.14847564697265625,0.0,0.01850128173828125,-0.0073261260986328125,0.0095459274137237,-0.1953601837158203,0.0,1.110490322113037,-0.5921859741210938,1.007617551668212,-0.615386962890625,0.0,-1.500307559967041,0.8974361419677734,-1.4658551067658645,-1.377288818359375,0.0,0.08254623413085938,0.0061054229736328125,0.058934473570896116,-0.380950927734375,0.0,-0.6662173271179199,0.22588539123535156,-0.5277559734412822,2.25640869140625,0.0,0.09079122543334961,-0.0061054229736328125,0.07158738941354481,-0.26373291015625,0.0,0.052834510803222656,-0.021978378295898438,0.04411878070408909,-0.08596038818359375,0.0,-0.3778514862060547,0.15384674072265625,-0.3471089059825726,0.24224853515625,0.0,-0.019606351852416992,0.0030689239501953125,-0.019162806614597277,0.00158730149269104,0.0,0.0,0.0,3.539797162557927e-23,0.0,0.0,-0.09002040326595306,-0.12601163983345032,0.0430716834962368,-1.1707608699798584,-0.12601163983345032,0.0430716834962368,-1.1707608699798584
2.6202,1788396532.3246,ramp,0,-0.014562,0.06453531743145415,-0.16503183169446625,-0.1872343726758615,-0.05458417534828186,-0.011284912005066872,0.9957513213157654,-0.07329797744750977,-0.12722253799438477,-0.0061054229736328125,-0.07841643653115876,8.76190185546875,0.0,0.2940406799316406,-0.07936477661132812,0.19260898252372982,-9.816848754882812,0.0,1.7823643684387207,-0.5921859741210938,1.599477354680908,-14.095245361328125,0.0,0.6692852973937988,-0.1892547607421875,0.5483289517476242,-11.164833068847656,0.0,-0.424619197845459,0.16483497619628906,-0.32992705159007407,8.586082458496094,0.0,0.10095357894897461,-0.05494499206542969,0.02332938021245612,-7.23809814453125,0.0,-0.07525968551635742,-0.0061054229736328125,-0.1483390251200155,-12.981689453125,0.0,-0.12530517578125,-0.04273414611816406,0.01597817876417075,14.212448120117188,0.0,-1.8335599899291992,0.6654453277587891,-1.7200201005522593,6.652015686035156,0.0,0.5826168060302734,-0.11599540710449219,0.5987210024253639,2.6666641235351562,0.0,-0.4528055191040039,0.06715583801269531,-0.3091370745799813,13.684982299804688,0.0,0.051867008209228516,-0.05494499206542969,0.09927641141130618,5.0695953369140625,0.0,-1.8558025360107422,0.9706954956054688,-1.66032170524152,2.3150177001953125,0.0,0.25134737422671777,-0.0044124676030623125,0.16615980356188764,-4.962088533516147,0.0,0.12000882465921504,0.011354561963015403,0.024259305783239576,-5.6153067618498635,0.0,-0.0978856086730957,0.628814697265625,-0.05197382428545919,-0.4395599365234375,0.0,-0.09098291397094727,0.22588539123535156,-0.07050178600052266,-0.08791351318359375,-0.19003572001045327,-0.3918309211730957,0.06715583801269531,-0.3692999067561573,0.3223419189453125,0.0,-0.2495560646057129,0.5311355590820312,-0.21871539119796712,-0.615386962890625,0.0,-0.4779238700866699,0.11599540710449219,-0.4472734219935434,0.380950927734375,0.0,-0.15659618377685547,0.09523773193359375,-0.137267726767996,0.07033157348632812,0.0,0.01850128173828125,-0.0073261260986328125,0.009469814991189608,-0.21098899841308594,0.0,1.0987939834594727,-0.6654453277587891,0.9993875351726412,-0.380950927734375,0.0,-1.4820919036865234,0.9584865570068359,-1.4538822930005342,-1.6703262329101562,0.0,0.08254623413085938,0.0061054229736328125,0.058453083070152935,-0.380950927734375,0.0,-0.6619992256164551,0.25030517578125,-0.523445373922979,2.1977996826171875,0.0,0.09059953689575195,-0.0061054229736328125,0.0710019430196099,-0.3223419189453125,0.0,0.052834510803222656,-0.0073261260986328125,0.043756996233917295,-0.10158920288085938,0.0,-0.3751811981201172,0.124542236328125,-0.34426976065323434,0.2578773498535156,0.0,-0.019510507583618164,0.009205818176269531,-0.019006288634963776,0.0030525028705596924,0.0,0.0,0.0,3.5664732859353064e-23,0.0,0.0,-0.09650205820798874,-0.1315915286540985,0.038174908608198166,-1.183105707168579,-0.1315915286540985,0.038174908608198166,-1.183105707168579
2.6402,1788396532.3444,ramp,0,-0.013517,0.048820261832627165,-0.15745622030238365,-0.17997259817348793,-0.0530342198908329,-0.010555107146501541,0.9959718585014343,-0.07152669131755829,-0.12722253799438477,-0.0061054229736328125,-0.07840393851306782,8.644683837890625,0.0,0.29250669479370117,-0.05494499206542969,0.19232652183132687,-9.934066772460938,0.0,1.7699012756347656,-0.6410255432128906,1.5883953707120142,-13.684982299804688,0.0,0.6662173271179199,-0.15262603759765625,0.5456962221386655,-11.282051086425781,0.0,-0.4215512275695801,0.14041519165039062,-0.3281621953602082,8.76190185546875,0.0,0.10018682479858398,-0.06715583801269531,0.02196410407130714,-7.1794891357421875,0.0,-0.07525968551635742,-0.03052520751953125,-0.1491983359992399,-13.098907470703125,0.0,-0.1256885528564453,-0.03052520751953125,0.014703146616444618,14.329666137695312,0.0,-1.820138931274414,0.7387065887451172,-1.7062885290293954,6.358970642089844,0.0,0.5801243782043457,-0.10378456115722656,0.5962167895278505,2.6080551147460938,0.0,-0.4510798454284668,0.07936477661132812,-0.30738184263167667,13.626373291015625,0.0,0.050908565521240234,-0.018314361572265625,0.09955778761297701,5.128204345703125,0.0,-1.8364367485046387,0.9584865570068359,-1.6463686344884279,1.9633712768554688,0.0,0.2509913869047204,-0.0044112361890874625,0.16476342387950427,-4.956766269938624,0.0,0.12044846141374217,0.011352167229510622,0.02405543456421905,-5.739959469552722,0.0,-0.08638143539428711,0.5189247131347656,-0.051537028686939594,-0.4395599365234375,0.0,-0.08733987808227539,0.15262603759765625,-0.06990930246031607,-0.02930450439453125,-0.17818604920632142,-0.39068031311035156,0.07936477661132812,-0.36619636816905843,0.3223419189453125,0.0,-0.23996877670288086,0.4212455749511719,-0.21687735987594006,-0.4395599365234375,0.0,-0.4754314422607422,0.11599540710449219,-0.4435180778294506,0.4395599365234375,0.0,-0.15468788146972656,0.08058547973632812,-0.13611562378170258,0.13284683227539062,0.0,0.01811981201171875,-0.021978378295898438,0.009392142688047552,-0.1797313690185547,0.0,1.086714267730713,-0.5799751281738281,0.9909888491917588,-0.4981689453125,0.0,-1.4638762474060059,0.7631263732910156,-1.4416641032585436,-1.4358978271484375,0.0,0.08254623413085938,0.0061054229736328125,0.05796182674617138,-0.380950927734375,0.0,-0.6572055816650391,0.22588539123535156,-0.5190464311306948,2.3150177001953125,0.0,0.09021615982055664,0.0061054229736328125,0.07040449823636485,-0.26373291015625,0.0,0.052453041076660156,-0.0073261260986328125,0.04338779719775887,-0.10158920288085938,0.0,-0.3721294403076172,0.13919448852539062,-0.341372428662705,0.22661972045898438,0.0,-0.019318819046020508,0.015343666076660156,-0.0188465629087746,0.0025641024112701416,0.0,0.0,0.0,3.593696121218135e-23,0.0,0.0,-0.10271076112985611,-0.12235450744628906,0.046533357352018356,-1.1591894626617432,-0.12235450744628906,0.046533357352018356,-1.1591894626617432
2.6603,1788396532.3647,ramp,0,-0.012863,0.03623240233787971,-0.16240031228708854,-0.15729273550096642,-0.05150926858186722,-0.01003232691437006,0.9961767196655273,-0.06984346359968185,-0.12722253799438477,-0.0061054229736328125,-0.07839137596677062,8.76190185546875,0.0,0.2915477752685547,-0.04273414611816406,0.19204260277315055,-9.582420349121094,0.0,1.7574377059936523,-0.628814697265625,1.5772561696274097,-13.626373291015625,0.0,0.6635332107543945,-0.14041519165039062,0.543049899548965,-11.106224060058594,0.0,-0.4188666343688965,0.128204345703125,-0.3263882270450513,8.586082458496094,0.0,0.0992279052734375,-0.05494499206542969,0.02059177890688177,-7.355308532714844,0.0,-0.07545137405395508,-0.018314361572265625,-0.15006208356508527,-13.098907470703125,0.0,-0.12645578384399414,-0.03052520751953125,0.013421531381959284,14.036636352539062,0.0,-1.8057565689086914,0.7142848968505859,-1.6924860603712426,6.593406677246094,0.0,0.5778231620788574,-0.10378456115722656,0.5936996471910307,2.6080551147460938,0.0,-0.4493541717529297,0.06715583801269531,-0.3056175482889697,13.626373291015625,0.0,0.049757957458496094,-0.04273414611816406,0.09984061658111407,5.362640380859375,0.0,-1.8174538612365723,0.9829063415527344,-1.632343522982882,1.9047622680664062,0.0,0.25071058710571564,-0.004409870187850914,0.16335983458392467,-5.034765444840477,0.0,0.12098058564658629,0.011349896505233254,0.023850510742779905,-5.676244577925269,0.0,-0.07660198211669922,0.40903472900390625,-0.05109797787993272,-0.380950927734375,0.0,-0.08465576171875,0.10378456115722656,-0.06931375988308397,-0.02930450439453125,-0.16627519766167942,-0.3895297050476074,0.07936477661132812,-0.3630768057790963,0.380950927734375,0.0,-0.23306560516357422,0.34798622131347656,-0.21502983866012434,-0.4395599365234375,0.0,-0.4727468490600586,0.1770458221435547,-0.4397433445413368,0.3223419189453125,0.0,-0.15278053283691406,0.08058547973632812,-0.1349575724011448,0.16410446166992188,0.0,0.01811981201171875,-0.021978378295898438,0.009314069356969625,-0.1953601837158203,0.0,1.0750174522399902,-0.6898651123046875,0.9825468001642473,-0.20513153076171875,0.0,-1.4477696418762207,0.8119659423828125,-1.4293828300850837,-1.5531158447265625,0.0,0.08254623413085938,0.0061054229736328125,0.0574680340288859,-0.380950927734375,0.0,-0.6526036262512207,0.25030517578125,-0.514624776266325,2.25640869140625,0.0,0.09002447128295898,0.0061054229736328125,0.06980396880082383,-0.3223419189453125,0.0,0.052071571350097656,-0.0073261260986328125,0.04301669195924249,-0.117218017578125,0.0,-0.3690776824951172,0.15384674072265625,-0.3384601375294608,0.24224853515625,0.0,-0.01912713050842285,0.009205818176269531,-0.018686012506662505,0.003540903329849243,0.0,0.0,0.0,3.62105951004451e-23,0.0,0.0,-0.10868808627128601,-0.12888899445533752,0.05255650728940964,-1.1593276262283325,-0.12888899445533752,0.05255650728940964,-1.1593276262283325
2.6803,1788396532.3846,ramp,0,-0.012442,0.027099189167399236,-0.14570423968883883,-0.14500830576173068,-0.050008729100227356,-0.009639170952141285,0.9963645935058594,-0.06829122453927994,-0.1270308494567871,-0.0061054229736328125,-0.07837887888916925,8.820510864257812,0.0,0.2905893325805664,-0.05494499206542969,0.1917601633362248,-9.641029357910156,0.0,1.7453579902648926,-0.6166057586669922,1.5661750195899753,-13.567764282226562,0.0,0.6610403060913086,-0.128204345703125,0.5404173680557995,-11.164833068847656,0.0,-0.41675710678100586,0.11599540710449219,-0.32462350362255415,8.586082458496094,0.0,0.09826898574829102,-0.04273414611816406,0.019226605504261182,-7.413917541503906,0.0,-0.07564306259155273,-0.0061054229736328125,-0.15092132978022268,-13.216110229492188,0.0,-0.12683916091918945,-0.04273414611816406,0.012146595181801959,14.27105712890625,0.0,-1.7915678024291992,0.6776561737060547,-1.6787555221642099,6.710624694824219,0.0,0.5755219459533691,-0.09157562255859375,0.5911956227382871,2.373626708984375,0.0,-0.4474363327026367,0.07936477661132812,-0.30386244842379595,13.626373291015625,0.0,0.04879951477050781,-0.04273414611816406,0.10012197160891684,5.421241760253906,0.0,-1.7984709739685059,0.9829063415527344,-1.6183915022136812,1.4945068359375,0.0,0.2502834022379382,-0.01347012149025743,0.16196355998064535,-5.0291433725505374,0.0,0.12150799370971545,0.022533717648457335,0.023646654865292414,-5.800978290647501,0.0,-0.06950759887695312,0.27472496032714844,-0.05066121515076141,-0.26373291015625,0.0,-0.0833134651184082,0.03052520751953125,-0.06872132092791418,0.08791351318359375,-0.1544264185582836,-0.3881874084472656,0.10378456115722656,-0.3599735007366831,0.380950927734375,0.0,-0.2269301414489746,0.2625160217285156,-0.213191945651972,-0.380950927734375,0.0,-0.4691038131713867,0.1892547607421875,-0.4359882829710147,0.26373291015625,0.0,-0.15125465393066406,0.05128288269042969,-0.13380555611186584,0.117218017578125,0.0,0.01773834228515625,-0.03663063049316406,0.009236402898753649,-0.1797313690185547,0.0,1.061403751373291,-0.6532363891601562,0.9741487461937047,-0.14652252197265625,0.0,-1.432621955871582,0.7264957427978516,-1.4171655597752841,-1.4945068359375,0.0,0.08254623413085938,0.0061054229736328125,0.056976814672482015,-0.4395599365234375,0.0,-0.6474266052246094,0.27472496032714844,-0.510226164499315,2.139190673828125,0.0,0.09002447128295898,-0.018314361572265625,0.06920656897595458,-0.26373291015625,0.0,0.051690101623535156,-0.0073261260986328125,0.04264752070571682,-0.10158920288085938,0.0,-0.3660259246826172,0.13919448852539062,-0.3355630235663444,0.24224853515625,0.0,-0.019031047821044922,0.0030689239501953125,-0.018526298800009573,0.005494505167007446,0.0,0.0,0.0,3.648280296779099e-23,0.0,0.0,-0.11437948048114777,-0.10261660814285278,0.06032010167837143,-1.1406018733978271,-0.10261660814285278,0.06032010167837143,-1.1406018733978271
2.7003,1788396532.4048,ramp,0,-0.011996,0.019721136474524694,-0.14207386842511324,-0.1268804262152919,-0.04856984689831734,-0.009253349155187607,0.9965295791625977,-0.06696339696645737,-0.1270308494567871,-0.0061054229736328125,-0.07836639024972757,8.586074829101562,0.0,0.28943872451782227,-0.06715583801269531,0.19147791460541014,-9.699630737304688,0.0,1.7344279289245605,-0.6532363891601562,1.5551013516628767,-13.626373291015625,0.0,0.6589312553405762,-0.128204345703125,0.5377866140758911,-11.457878112792969,0.0,-0.41464805603027344,0.09157562255859375,-0.32285997176007686,8.703300476074219,0.0,0.09750223159790039,-0.05494499206542969,0.01786235388123851,-7.413917541503906,0.0,-0.07583475112915039,-0.018314361572265625,-0.1517799958231789,-13.27471923828125,0.0,-0.12760639190673828,-0.04273414611816406,0.01087251983212395,14.153839111328125,0.0,-1.7781457901000977,0.7142848968505859,-1.6650342549625774,6.476188659667969,0.0,0.573796272277832,-0.07936477661132812,0.58869328902948,2.25640869140625,0.0,-0.4457106590270996,0.09157562255859375,-0.30210853362071394,13.450546264648438,0.0,0.04822349548339844,-0.03052520751953125,0.10040313666281307,5.421241760253906,0.0,-1.7791047096252441,1.0073261260986328,-1.6044489019972619,1.4945068359375,0.0,0.24978535205399555,-0.01824259444317845,0.16056822815682534,-5.027544300417102,0.0,0.12212276800004344,0.016610729319120603,0.02344293663346109,-5.8013150165918015,0.0,-0.0643305778503418,0.1770458221435547,-0.050224747328429124,-0.14652252197265625,0.0,-0.08292961120605469,-0.0061054229736328125,-0.06812928199382656,0.20513153076171875,-0.14258563987653128,-0.386077880859375,0.128204345703125,-0.3568722910788333,0.380950927734375,0.0,-0.22309494018554688,0.1892547607421875,-0.21135529360872185,-0.26373291015625,0.0,-0.4656524658203125,0.14041519165039062,-0.43223575685819415,0.380950927734375,0.0,-0.14972877502441406,0.08058547973632812,-0.13265431767623528,0.117218017578125,0.0,0.01773834228515625,-0.0073261260986328125,0.009158788881756122,-0.1953601837158203,0.0,1.0485568046569824,-0.7020759582519531,0.9657563626785033,-0.08791351318359375,0.0,-1.4182405471801758,0.7387065887451172,-1.4049565386963092,-1.4945068359375,0.0,0.08254623413085938,0.0061054229736328125,0.05648592699261091,-0.4395599365234375,0.0,-0.6420578956604004,0.27472496032714844,-0.5058305227217423,2.1977996826171875,0.0,0.08944892883300781,0.0061054229736328125,0.0686095725217995,-0.380950927734375,0.0,0.051690101623535156,-0.0073261260986328125,0.042278598720547095,-0.117218017578125,0.0,-0.3629741668701172,0.13919448852539062,-0.3326678657653821,0.27350616455078125,0.0,-0.018839359283447266,0.0030689239501953125,-0.018366692933749672,0.004273504018783569,0.0,0.0,0.0,3.675482703749034e-23,0.0,0.0,-0.11990690976381302,-0.09829720109701157,0.05388849228620529,-1.1468923091888428,-0.09829720109701157,0.05388849228620529,-1.1468923091888428
2.7203,1788396532.4247,ramp,0,-0.011640,0.01155263156268211,-0.14082276527926446,-0.11060759649328306,-0.04719710722565651,-0.008928452618420124,0.9966763257980347,-0.0657946839928627,-0.1270308494567871,-0.0061054229736328125,-0.07835384348053305,8.5274658203125,0.0,0.28809642791748047,-0.07936477661132812,0.19119435211667693,-9.406593322753906,0.0,1.722731590270996,-0.628814697265625,1.5439761401242813,-13.27471923828125,0.0,0.6566300392150879,-0.128204345703125,0.5351436149607686,-11.399269104003906,0.0,-0.41292238235473633,0.09157562255859375,-0.32108823134359743,8.703300476074219,0.0,0.09635162353515625,-0.06715583801269531,0.01649175219822635,-7.355308532714844,0.0,-0.07583475112915039,-0.0061054229736328125,-0.15264265862215262,-13.684982299804688,0.0,-0.1283731460571289,-0.04273414611816406,0.00959251415788917,13.97802734375,0.0,-1.7643404006958008,0.7020759582519531,-1.6512491206059483,6.358970642089844,0.0,0.5720705986022949,-0.09157562255859375,0.5861793079318071,2.25640869140625,0.0,-0.44340991973876953,0.09157562255859375,-0.3003464550272958,13.450546264648438,0.0,0.047265052795410156,-0.018314361572265625,0.10068561043053381,5.538459777832031,0.0,-1.7601218223571777,0.9462757110595703,-1.590441404406861,1.377288818359375,0.0,0.24914520468917375,-0.013710393919973312,0.1591664016067855,-5.100255258247322,0.0,0.12291274303402691,0.011012219948260266,0.02323827017259984,-5.862351828159529,0.0,-0.06126260757446289,0.10378456115722656,-0.04978624791836881,-0.02930450439453125,0.0,-0.08312177658081055,0.0061054229736328125,-0.06753448734907376,0.26373291015625,-0.13068974698147523,-0.3837771415710449,0.14041519165039062,-0.35375664649781025,0.3223419189453125,0.0,-0.22060251235961914,0.11599540710449219,-0.20951009266550516,-0.14652252197265625,0.0,-0.46239280700683594,0.21367454528808594,-0.42846576419776133,0.26373291015625,0.0,-0.14858436584472656,0.05128288269042969,-0.1314977206740433,0.1797332763671875,0.0,0.01773834228515625,-0.0073261260986328125,0.009080813601736695,-0.1953601837158203,0.0,1.033217430114746,-0.6532363891601562,0.9573249158865008,0.08791351318359375,0.0,-1.4040517807006836,0.6776561737060547,-1.3926906893790854,-1.4945068359375,0.0,0.08254623413085938,0.0061054229736328125,0.055992754421769056,-0.4395599365234375,0.0,-0.6366887092590332,0.27472496032714844,-0.501414420943603,2.139190673828125,0.0,0.08925724029541016,-0.0061054229736328125,0.06800979728165404,-0.20513153076171875,0.0,0.051308631896972656,-0.0073261260986328125,0.0419079595472152,-0.10158920288085938,0.0,-0.3603038787841797,0.10988998413085938,-0.3297592321323923,0.22661972045898438,0.0,-0.01864767074584961,0.015343666076660156,-0.01820634416434176,0.003540903329849243,0.0,0.0,0.0,3.70281172732928e-23,0.0,0.0,-0.12501643598079681,-0.10468245297670364,0.051420558243989944,-1.0695250034332275,-0.10468245297670364,0.051420558243989944,-1.0695250034332275
2.7403,1788396532.4446,ramp,0,-0.011540,0.01605361099270061,-0.13335746701296,-0.10451197029798474,-0.0458490289747715,-0.008737961761653423,0.9968145489692688,-0.06467052549123764,-0.12683916091918945,-0.0061054229736328125,-0.0783413667387528,8.703292846679688,0.0,0.28675413131713867,-0.09157562255859375,0.1909123722782307,-9.172164916992188,0.0,1.7104601860046387,-0.6410255432128906,1.5329130218453164,-13.333328247070312,0.0,0.6545209884643555,-0.128204345703125,0.5325153672442768,-11.457878112792969,0.0,-0.4113883972167969,0.06715583801269531,-0.3193263795604529,8.76190185546875,0.0,0.09558486938476562,-0.03052520751953125,0.015128800268736434,-7.589744567871094,0.0,-0.07602643966674805,-0.0061054229736328125,-0.1535005066322152,-13.860809326171875,0.0,-0.12913990020751953,-0.05494499206542969,0.008319652592724422,14.036636352539062,0.0,-1.749959945678711,0.6898651123046875,-1.6375409253640205,6.652015686035156,0.0,0.5703449249267578,-0.06715583801269531,0.5836793581431534,1.8461532592773438,0.0,-0.4413008689880371,0.10378456115722656,-0.29859421114157836,13.391937255859375,0.0,0.046689510345458984,-0.018314361572265625,0.10096650762445758,5.597068786621094,0.0,-1.742098331451416,0.9584865570068359,-1.5765120870094065,1.2014617919921875,0.0,0.24857630913662312,-0.04590100617089099,0.15777239908594512,-4.9400421724174075,0.0,0.12361460114120779,0.02710032764461028,0.02303474601879924,-5.990627209980627,0.0,-0.059920310974121094,0.04273414611816406,-0.0493501959096565,0.02930450439453125,0.0,-0.08523082733154297,-0.0061054229736328125,-0.06694301243789864,0.3223419189453125,-0.11886024875797291,-0.38109302520751953,0.11599540710449219,-0.35065839129650495,0.380950927734375,0.0,-0.21849346160888672,0.14041519165039062,-0.20767519036163026,-0.14652252197265625,0.0,-0.45874977111816406,0.20146560668945312,-0.4247168130368324,0.3223419189453125,0.0,-0.14705848693847656,0.0659332275390625,-0.13034757899880808,0.13284683227539062,0.0,0.01773834228515625,-0.0073261260986328125,0.009003273525963968,-0.1953601837158203,0.0,1.0197954177856445,-0.6043949127197266,0.9489405276167476,0.08791351318359375,0.0,-1.3902459144592285,0.6043949127197266,-1.3804932995750672,-1.377288818359375,0.0,0.08254623413085938,0.0061054229736328125,0.05550233440015988,-0.4395599365234375,0.0,-0.6324701309204102,0.22588539123535156,-0.49702296680055047,2.25640869140625,0.0,0.0890655517578125,-0.018314361572265625,0.06741336957333546,-0.380950927734375,0.0,0.050927162170410156,-0.0073261260986328125,0.04153938902618165,-0.117218017578125,0.0,-0.3580150604248047,0.124542236328125,-0.32686683248674886,0.3047637939453125,0.0,-0.018455982208251953,0.009205818176269531,-0.01804689035119924,0.0032967031002044678,0.0,0.0,0.0,3.729988219144109e-23,0.0,0.0,-0.1299310177564621,-0.06561155617237091,0.05221761390566826,-1.0722330808639526,-0.06561155617237091,0.05221761390566826,-1.0722330808639526
2.7604,1788396532.4648,ramp,0,-0.011362,0.008841049834736568,-0.12595534392113927,-0.09516270194228779,-0.04458609223365784,-0.008525056764483452,0.9969350099563599,-0.06371676176786423,-0.12683916091918945,-0.0061054229736328125,-0.07832877551783546,8.644683837890625,0.0,0.28502845764160156,-0.09157562255859375,0.19062780516105846,-8.996337890625,0.0,1.6991472244262695,-0.6410255432128906,1.5217483949949422,-13.157516479492188,0.0,0.6522202491760254,-0.128204345703125,0.5298630042951461,-11.516487121582031,0.0,-0.4100461006164551,0.06715583801269531,-0.31754836207673165,8.879119873046875,0.0,0.09500980377197266,-0.018314361572265625,0.013753342705683416,-7.706962585449219,0.0,-0.07602643966674805,-0.018314361572265625,-0.15436622574369713,-13.74359130859375,0.0,-0.13029050827026367,-0.05494499206542969,0.007035112009418157,14.036636352539062,0.0,-1.7369203567504883,0.7142848968505859,-1.6237069519029217,6.534797668457031,0.0,0.569002628326416,-0.06715583801269531,0.5811564703070846,1.8461532592773438,0.0,-0.43899965286254883,0.11599540710449219,-0.2968258897116175,13.391937255859375,0.0,0.046114444732666016,-0.018314361572265625,0.1012499821634073,5.714286804199219,0.0,-1.724073886871338,0.9096450805664062,-1.5624549625078363,1.2014617919921875,0.0,0.247794365508459,-0.0458923113481617,0.15636560602984487,-4.858189125824848,0.0,0.12457900979629835,0.02707017065345195,0.022829354448816463,-6.055216291874575,0.0,-0.059920310974121094,0.09157562255859375,-0.0489101429479264,-0.02930450439453125,0.0,-0.08753156661987305,-0.10378456115722656,-0.06634611050590136,0.5567779541015625,-0.10692221011802727,-0.3789834976196289,0.14041519165039062,-0.34753170835435704,0.380950927734375,0.0,-0.21734285354614258,0.04273414611816406,-0.20582345208919342,-0.02930450439453125,0.0,-0.4558734893798828,0.15262603759765625,-0.4209334637372382,0.380950927734375,0.0,-0.14553260803222656,0.08058547973632812,-0.12918688430990824,0.117218017578125,0.0,0.01773834228515625,-0.0073261260986328125,0.008925021988728011,-0.1953601837158203,0.0,1.0069479942321777,-0.6654453277587891,0.9404792092036167,0.26373291015625,0.0,-1.3770155906677246,0.628814697265625,-1.3681839938010023,-1.4358978271484375,0.0,0.08254623413085938,0.0061054229736328125,0.05500741457709067,-0.4395599365234375,0.0,-0.62786865234375,0.23809432983398438,-0.49259121929488253,2.1977996826171875,0.0,0.08868217468261719,-0.0061054229736328125,0.06681146940028375,-0.3223419189453125,0.0,0.050545692443847656,-0.0073261260986328125,0.04116743672199164,-0.10158920288085938,0.0,-0.3545818328857422,0.15384674072265625,-0.3239478939079971,0.21099090576171875,0.0,-0.018360137939453125,0.009205818176269531,-0.017885973485021425,0.0032967031002044678,0.0,0.0,0.0,3.757414066230253e-23,0.0,0.0,-0.1344258338212967,-0.059653498232364655,0.054416023194789886,-1.0118879079818726,-0.059653498232364655,0.054416023194789886,-1.0118879079818726
2.7810,1788396532.4853,ramp,0,-0.011263,0.0046217116534129086,-0.12812027750553512,-0.09460947183771587,-0.043324802070856094,-0.008356460370123386,0.9970489144325256,-0.06282185018062592,-0.12683916091918945,-0.0061054229736328125,-0.0783159280419504,8.586074829101562,0.0,0.28291940689086914,-0.10378456115722656,0.19033744656918242,-8.586082458496094,0.0,1.686875343322754,-0.6166057586669922,1.5103565470424827,-13.216110229492188,0.0,0.6495356559753418,-0.15262603759765625,0.527156660783968,-11.399269104003906,0.0,-0.40889596939086914,0.06715583801269531,-0.3157341586015221,8.879119873046875,0.0,0.09424257278442383,-0.04273414611816406,0.012349892000760365,-7.648353576660156,0.0,-0.07641077041625977,-0.018314361572265625,-0.1552495638632519,-13.802200317382812,0.0,-0.1310577392578125,-0.04273414611816406,0.005724428615346805,13.684982299804688,0.0,-1.7242660522460938,0.7264957427978516,-1.609591431128314,6.534797668457031,0.0,0.5672769546508789,-0.10378456115722656,0.5785822369704244,2.139190673828125,0.0,-0.43669891357421875,0.11599540710449219,-0.29502157962305287,13.216110229492188,0.0,0.04534769058227539,-0.0061054229736328125,0.10153922594104423,5.772895812988281,0.0,-1.7052831649780273,0.8852252960205078,-1.5481117491504355,1.26007080078125,0.0,0.2467835985510406,-0.03683673252340215,0.1549301820958033,-4.934812667156278,0.0,0.1250836442070605,0.015886186582945702,0.02261978277505449,-5.992243648237419,0.0,-0.060303688049316406,-0.03052520751953125,-0.048461134082852624,0.20513153076171875,0.0,-0.08925724029541016,-0.07936477661132812,-0.065737060499755,0.5567779541015625,-0.09474120999510005,-0.37649106979370117,0.14041519165039062,-0.3443413915484439,0.380950927734375,0.0,-0.21734285354614258,-0.018314361572265625,-0.2039340274689121,0.14652252197265625,0.0,-0.45223045349121094,0.1892547607421875,-0.4170731161815493,0.3223419189453125,0.0,-0.14438819885253906,0.03663063049316406,-0.1280025673065387,0.1797332763671875,0.0,0.01735687255859375,-0.0073261260986328125,0.008845177885903527,-0.1953601837158203,0.0,0.9935259819030762,-0.6043949127197266,0.9318456870867086,0.20513153076171875,0.0,-1.36301851272583,0.628814697265625,-1.3556241705612517,-1.377288818359375,0.0,0.08254623413085938,0.0061054229736328125,0.05450242220711518,-0.4981689453125,0.0,-0.6232666969299316,0.22588539123535156,-0.4880692774131824,2.1977996826171875,0.0,0.08810710906982422,-0.018314361572265625,0.0661973194295004,-0.26373291015625,0.0,0.050164222717285156,-0.0073261260986328125,0.04078791449060085,-0.13284683227539062,0.0,-0.3519115447998047,0.124542236328125,-0.32096954945301936,0.27350616455078125,0.0,-0.018168210983276367,0.009205818176269531,-0.01772178165872474,0.004517704248428345,0.0,0.0,0.0,3.785398080757554e-23,0.0,0.0,-0.1388523429632187,-0.07270785421133041,0.04794078692793846,-0.988999605178833,-0.07270785421133041,0.04794078692793846,-0.988999605178833
2.8005,1788396532.5048,ramp,0,-0.011362,0.006489417734804503,-0.12863350193710701,-0.09516124552606665,-0.04213263466954231,-0.008291056379675865,0.997159481048584,-0.06187852844595909,-0.12683916091918945,-0.0061054229736328125,-0.07830377280324047,8.586074829101562,0.0,0.28119373321533203,-0.10378456115722656,0.19006273284118647,-8.586082458496094,0.0,1.6751794815063477,-0.6654453277587891,1.4995785053128992,-13.216110229492188,0.0,0.6470432281494141,-0.14041519165039062,0.5245961382577025,-11.340660095214844,0.0,-0.4073619842529297,0.07936477661132812,-0.31401770655235817,8.879119873046875,0.0,0.09309196472167969,-0.10378456115722656,0.011022060877469403,-7.472526550292969,0.0,-0.07679414749145508,-0.018314361572265625,-0.15608530668159226,-13.97802734375,0.0,-0.13163280487060547,-0.04273414611816406,0.0044843663906290465,13.802200317382812,0.0,-1.7110352516174316,0.7387065887451172,-1.5962364712852382,6.476188659667969,0.0,0.5653595924377441,-0.10378456115722656,0.5761467063664352,1.9047622680664062,0.0,-0.43401479721069336,0.11599540710449219,-0.293314487893176,13.157516479492188,0.0,0.044388771057128906,-0.018314361572265625,0.101812884922309,5.890106201171875,0.0,-1.6882176399230957,0.873016357421875,-1.5345413650698607,1.0256423950195312,0.0,0.2461401107856979,-0.032308523603410425,0.15357210049874315,-5.1614634244284785,0.0,0.12569131965237618,0.010294240056081469,0.022421503070605177,-6.0499867728874435,0.0,-0.06145429611206055,-0.05494499206542969,-0.04803631834576465,0.3223419189453125,0.0,-0.09098291397094727,-0.07936477661132812,-0.06516082682730405,0.5567779541015625,-0.08321653654608108,-0.3736147880554199,0.16483497619628906,-0.3413229727801966,0.3223419189453125,0.0,-0.21734285354614258,0.0061054229736328125,-0.20214640727881836,0.20513153076171875,0.0,-0.4483952522277832,0.20146560668945312,-0.4134207687117143,0.3223419189453125,0.0,-0.14362525939941406,0.03663063049316406,-0.12688206270213723,0.19536209106445312,0.0,0.01735687255859375,-0.0073261260986328125,0.008769635877645099,-0.1953601837158203,0.0,0.9818296432495117,-0.628814697265625,0.9236773493387289,0.380950927734375,0.0,-1.349787712097168,0.6410255432128906,-1.3437410854323808,-1.4358978271484375,0.0,0.08254623413085938,0.0061054229736328125,0.054024639422493116,-0.4981689453125,0.0,-0.6190485954284668,0.23809432983398438,-0.48379098310104723,2.1977996826171875,0.0,0.08753156661987305,-0.0061054229736328125,0.0656162605845308,-0.3223419189453125,0.0,0.050164222717285156,-0.0073261260986328125,0.04042884136530063,-0.13284683227539062,0.0,-0.3488597869873047,0.13919448852539062,-0.31815168171507313,0.24224853515625,0.0,-0.01797652244567871,0.015343666076660156,-0.017566436681960004,0.00158730149269104,0.0,0.0,0.0,3.811874283529502e-23,0.0,0.0,-0.14316222071647644,-0.07921898365020752,0.04018094390630722,-0.9792938232421875,-0.07921898365020752,0.04018094390630722,-0.9792938232421875
2.8202,1788396532.5245,ramp,0,-0.011311,0.01647618911896623,-0.1242591932676246,-0.10663667350516358,-0.04091479629278183,-0.008152041584253311,0.9972686767578125,-0.060949165374040604,-0.12683916091918945,-0.0061054229736328125,-0.07829146247249279,8.586074829101562,0.0,0.27889299392700195,-0.128204345703125,0.18978451396508955,-8.293037414550781,0.0,1.6625237464904785,-0.628814697265625,1.4886629435810341,-13.040298461914062,0.0,0.6441669464111328,-0.15262603759765625,0.5220029453194558,-11.282051086425781,0.0,-0.40582799911499023,0.07936477661132812,-0.31227935381885463,8.937728881835938,0.0,0.0917501449584961,-0.07936477661132812,0.009677287591243297,-7.531135559082031,0.0,-0.07736921310424805,-0.04273414611816406,-0.15693171297268288,-13.919418334960938,0.0,-0.13259172439575195,-0.05494499206542969,0.003228481870521188,14.036636352539062,0.0,-1.6947369575500488,0.7631263732910156,-1.5827111118320873,6.24176025390625,0.0,0.5634422302246094,-0.07936477661132812,0.573680100156819,1.7875442504882812,0.0,-0.4315218925476074,0.11599540710449219,-0.29158561490985097,13.098907470703125,0.0,0.04362201690673828,-0.03052520751953125,0.10209003559387077,6.0659332275390625,0.0,-1.670577049255371,0.8608055114746094,-1.5207978327220457,0.9084243774414062,0.0,0.2452754350920635,-0.036829758586453765,0.1521966907646232,-5.005178130175345,0.0,0.126200074897392,0.015850278786029126,0.02222069346080827,-6.054276882409017,0.0,-0.06222105026245117,-0.04273414611816406,-0.047606082267709425,0.26373291015625,0.0,-0.09194183349609375,-0.06715583801269531,-0.06457724083075393,0.5567779541015625,-0.07154481661507872,-0.3715057373046875,0.128204345703125,-0.33826604117572995,0.4981689453125,0.0,-0.21734285354614258,0.0061054229736328125,-0.20033597835047812,0.20513153076171875,0.0,-0.44551897048950195,0.16483497619628906,-0.40972181993479706,0.380950927734375,0.0,-0.14286231994628906,0.03663063049316406,-0.12574726127094477,0.16410446166992188,0.0,0.01735687255859375,-0.0073261260986328125,0.008693130008101967,-0.1953601837158203,0.0,0.9699416160583496,-0.6532363891601562,0.9154047895201801,0.4981689453125,0.0,-1.33674955368042,0.6410255432128906,-1.3317063807482112,-1.4358978271484375,0.0,0.08254623413085938,0.0061054229736328125,0.05354076047575926,-0.4395599365234375,0.0,-0.6152133941650391,0.21367454528808594,-0.4794581008537076,2.25640869140625,0.0,0.08714818954467773,-0.0061054229736328125,0.06502778784975718,-0.26373291015625,0.0,0.049782752990722656,-0.0073261260986328125,0.040065186727119916,-0.13284683227539062,0.0,-0.3461894989013672,0.13919448852539062,-0.3152978600267273,0.24224853515625,0.0,-0.017880678176879883,0.015343666076660156,-0.01740910961586076,0.0008547008037567139,0.0,0.0,0.0,3.838688303463134e-23,0.0,0.0,-0.14741574227809906,-0.06977944076061249,0.03600873425602913,-0.9787517786026001,-0.06977944076061249,0.03600873425602913,-0.9787517786026001
2.8401,1788396532.5444,ramp,0,-0.011236,0.013378848507122712,-0.12432598867671515,-0.09119405096347331,-0.03971569240093231,-0.008004731498658657,0.9973744750022888,-0.06002206355333328,-0.12683916091918945,-0.0061054229736328125,-0.07827898179127994,8.5274658203125,0.0,0.27678394317626953,-0.11599540710449219,0.18950244509373831,-8.351646423339844,0.0,1.6492934226989746,-0.5799751281738281,1.477596332209924,-12.923080444335938,0.0,0.6414828300476074,-0.15262603759765625,0.5193738677545232,-11.399269104003906,0.0,-0.4046773910522461,0.06715583801269531,-0.31051694574493655,8.996337890625,0.0,0.09079122543334961,-0.03052520751953125,0.008313905320455423,-7.8241729736328125,0.0,-0.07794427871704102,-0.04273414611816406,-0.1577898318414736,-13.860809326171875,0.0,-0.13335847854614258,-0.04273414611816406,0.0019552184093788727,13.860809326171875,0.0,-1.6780552864074707,0.8241748809814453,-1.5689985883358717,5.714286804199219,0.0,0.5619082450866699,-0.06715583801269531,0.571179361028781,1.611724853515625,0.0,-0.42922115325927734,0.09157562255859375,-0.2898328177669776,13.157516479492188,0.0,0.04304647445678711,-0.018314361572265625,0.1023710214788631,6.124542236328125,0.0,-1.6537036895751953,0.8608055114746094,-1.5068641172527304,0.9670333862304688,0.0,0.2444861087635983,-0.022740761951068632,0.15080224809850612,-5.226787869902038,0.0,0.12680147769052588,0.0220980014963769,0.02201710504586492,-6.236875543442977,0.0,-0.06279659271240234,-0.03052520751953125,-0.04716989257902226,0.26373291015625,0.0,-0.09270858764648438,-0.04273414611816406,-0.06398557916605106,0.5567779541015625,-0.05971158332102133,-0.3692049980163574,0.128204345703125,-0.3351668077248358,0.380950927734375,0.0,-0.21734285354614258,0.0061054229736328125,-0.19850049669070519,0.26373291015625,0.0,-0.4416842460632324,0.22588539123535156,-0.40597168507217346,0.3223419189453125,0.0,-0.14171791076660156,0.03663063049316406,-0.12459675644756721,0.19536209106445312,0.0,0.01735687255859375,-0.021978378295898438,0.008615565449663248,-0.1953601837158203,0.0,0.957669734954834,-0.6166057586669922,0.9070177539461072,0.4395599365234375,0.0,-1.3229436874389648,0.6532363891601562,-1.3195051397147795,-1.5531158447265625,0.0,0.08254623413085938,0.0061054229736328125,0.05305018560790489,-0.4981689453125,0.0,-0.6111869812011719,0.21367454528808594,-0.47506526014372263,2.25640869140625,0.0,0.08657312393188477,-0.0061054229736328125,0.06443117182410432,-0.3223419189453125,0.0,0.049401283264160156,-0.0073261260986328125,0.03969649983285781,-0.13284683227539062,0.0,-0.3431367874145508,0.13919448852539062,-0.3124045471287593,0.24224853515625,0.0,-0.017688989639282227,0.0030689239501953125,-0.01724960545643718,0.0050061047077178955,0.0,0.0,0.0,3.865873376040431e-23,0.0,0.0,-0.15156064927577972,-0.08591951429843903,0.041420094668865204,-0.961721658706665,-0.08591951429843903,0.041420094668865204,-0.961721658706665
2.8606,1788396532.5651,ramp,0,-0.011218,0.004156999145795463,-0.12522182613314736,-0.07917653654449074,-0.03856527805328369,-0.007891060784459114,0.9974756836891174,-0.059099894016981125,-0.12683916091918945,-0.0061054229736328125,-0.07826617610812564,8.703292846679688,0.0,0.27448272705078125,-0.07936477661132812,0.18921303103591436,-8.117218017578125,0.0,1.6360630989074707,-0.6043949127197266,1.4662415418428367,-12.688644409179688,0.0,0.6391816139221191,-0.11599540710449219,0.5166763279559764,-11.516487121582031,0.0,-0.40314340591430664,0.06715583801269531,-0.30870864385834074,9.113555908203125,0.0,0.08983278274536133,-0.05494499206542969,0.006915020028846433,-7.8241729736328125,0.0,-0.07871150970458984,-0.018314361572265625,-0.1586702964695707,-14.036636352539062,0.0,-0.13431739807128906,-0.03052520751953125,0.0006487986573412569,13.626373291015625,0.0,-1.6625237464904785,0.7264957427978516,-1.5549289852313706,5.655677795410156,0.0,0.5605659484863281,-0.06715583801269531,0.5686135016514678,1.377288818359375,0.0,-0.4271121025085449,0.09157562255859375,-0.2880343770839234,13.098907470703125,0.0,0.042279720306396484,0.0061054229736328125,0.10265932434892927,6.0659332275390625,0.0,-1.637021541595459,0.8485965728759766,-1.4925675622474888,0.9084243774414062,0.0,0.24391803647693816,-0.018214805888466547,0.14937149358642346,-5.378729256674994,0.0,0.12750085914311882,0.016519308244602387,0.02180821510699131,-6.233843773834178,0.0,-0.06298828125,-0.0061054229736328125,-0.04672234433600206,0.26373291015625,0.0,-0.09328413009643555,-0.018314361572265625,-0.06337851039444127,0.5567779541015625,-0.04757020788882538,-0.36632871627807617,0.16483497619628906,-0.33198686899260255,0.380950927734375,0.0,-0.21734285354614258,0.018314361572265625,-0.19661721835278853,0.20513153076171875,0.0,-0.4374656677246094,0.20146560668945312,-0.40212389519454605,0.3223419189453125,0.0,-0.14095497131347656,0.03663063049316406,-0.12341629201742753,0.21099090576171875,0.0,0.01735687255859375,-0.0073261260986328125,0.008535981079032282,-0.1953601837158203,0.0,0.9444394111633301,-0.6654453277587891,0.8984123166038771,0.6739959716796875,0.0,-1.3077960014343262,0.6654453277587891,-1.3069861734741663,-1.7289352416992188,0.0,0.08254623413085938,0.0061054229736328125,0.052546835973852575,-0.4981689453125,0.0,-0.6060094833374023,0.25030517578125,-0.47055802810085023,2.1977996826171875,0.0,0.08618927001953125,-0.018314361572265625,0.06381901967799954,-0.3223419189453125,0.0,0.049019813537597656,-0.0073261260986328125,0.039318212184086904,-0.13284683227539062,0.0,-0.3397035598754883,0.15384674072265625,-0.3094358912031904,0.21099090576171875,0.0,-0.0175931453704834,0.0030689239501953125,-0.017085947744767536,0.0032967031002044678,0.0,0.0,0.0,3.893766358804339e-23,0.0,0.0,-0.15576212108135223,-0.09340904653072357,0.0410798043012619,-0.9372715353965759,-0.09340904653072357,0.0410798043012619,-0.9372715353965759
2.8811,1788396532.5855,ramp,0,-0.011221,0.0293785117623978,-0.12232392403773445,-0.08196504929812864,-0.03742660954594612,-0.007793425116688013,0.9975699186325073,-0.05824682116508484,-0.12683916091918945,-0.0061054229736328125,-0.0782533589872437,8.4688720703125,0.0,0.2725653648376465,-0.128204345703125,0.18892335848042752,-7.706962585449219,0.0,1.6241750717163086,-0.6166057586669922,1.4548766096505943,-12.5128173828125,0.0,0.6366887092590332,-0.15262603759765625,0.5139763787798804,-11.457878112792969,0.0,-0.40180158615112305,0.07936477661132812,-0.3068987268400719,8.996337890625,0.0,0.08944892883300781,-0.04273414611816406,0.00551488528660192,-7.9413909912109375,0.0,-0.07928657531738281,-0.03052520751953125,-0.15955154750745837,-13.919418334960938,0.0,-0.13527584075927734,-0.07936477661132812,-0.0006587879573399097,13.919418334960938,0.0,-1.6481432914733887,0.7142848968505859,-1.5408468154963917,5.772895812988281,0.0,0.5596075057983398,-0.03052520751953125,0.5660453505103848,1.26007080078125,0.0,-0.4250025749206543,0.07936477661132812,-0.2862343300769855,13.157516479492188,0.0,0.04208803176879883,-0.018314361572265625,0.10294788472417216,6.24176025390625,0.0,-1.6201481819152832,0.8119659423828125,-1.4782582379038005,0.9670333862304688,0.0,0.24313309240420639,-0.04133646581566193,0.14793946115888548,-5.142770808297598,0.0,0.12828161313083752,0.021354737593373294,0.021599138592657625,-6.302203813137384,0.0,-0.06298828125,-0.0061054229736328125,-0.04627439635367515,0.26373291015625,0.0,-0.0934758186340332,-0.0061054229736328125,-0.06277089940363238,0.5567779541015625,-0.03541798807264773,-0.36383581161499023,0.10378456115722656,-0.32880409001571614,0.4981689453125,0.0,-0.21619224548339844,0.06715583801269531,-0.19473225791603918,0.14652252197265625,0.0,-0.43324756622314453,0.16483497619628906,-0.39827266856371474,0.3223419189453125,0.0,-0.13981056213378906,0.0659332275390625,-0.12223477322490285,0.1797332763671875,0.0,0.01697540283203125,-0.0073261260986328125,0.008456325625559102,-0.1953601837158203,0.0,0.9314007759094238,-0.5677661895751953,0.8897991930923662,0.615386962890625,0.0,-1.2932229042053223,0.6898651123046875,-1.294456025594559,-1.7289352416992188,0.0,0.08254623413085938,0.0061054229736328125,0.05204303676003562,-0.4981689453125,0.0,-0.6017909049987793,0.1770458221435547,-0.46604677030692154,2.373626708984375,0.0,0.08580589294433594,-0.03052520751953125,0.06320632077234802,-0.26373291015625,0.0,0.049019813537597656,-0.0073261260986328125,0.038939586657903195,-0.13284683227539062,0.0,-0.3370332717895508,0.13919448852539062,-0.30646458374568036,0.24224853515625,0.0,-0.01740121841430664,0.009205818176269531,-0.01692214385797326,0.0032967031002044678,0.0,0.0,0.0,3.921684254908354e-23,0.0,0.0,-0.15972410142421722,-0.06864482164382935,0.018959583714604378,-0.9079869389533997,-0.06864482164382935,0.018959583714604378,-0.9079869389533997
2.9002,1788396532.6047,ramp,0,-0.010772,0.028834636011154775,-0.11570991353625223,-0.07718354329797313,-0.03629344701766968,-0.007473885081708431,0.9976603984832764,-0.05745156481862068,-0.1266474723815918,-0.0061054229736328125,-0.07824141799017752,8.644683837890625,0.0,0.27007293701171875,-0.14041519165039062,0.18865348670757928,-7.706962585449219,0.0,1.6126704216003418,-0.5921859741210938,1.44428853583785,-12.74725341796875,0.0,0.633812427520752,-0.15262603759765625,0.5114609866346747,-11.340660095214844,0.0,-0.40007591247558594,0.09157562255859375,-0.3052125280436152,8.996337890625,0.0,0.08868217468261719,-0.03052520751953125,0.004210457794391165,-8.0,0.0,-0.07966995239257812,-0.04273414611816406,-0.16037255997624197,-14.095245361328125,0.0,-0.13623476028442383,-0.04273414611816406,-0.001876993517972353,13.567764282226562,0.0,-1.6352958679199219,0.75091552734375,-1.5277272429309414,5.655677795410156,0.0,0.558840274810791,-0.06715583801269531,0.5636527472476368,1.1428604125976562,0.0,-0.423276424407959,0.09157562255859375,-0.2845573266199058,13.157516479492188,0.0,0.041512489318847656,0.0061054229736328125,0.10321672034068297,6.1831512451171875,0.0,-1.6050004959106445,0.7753353118896484,-1.4649270380516022,1.0256423950195312,0.0,0.24219794062706973,-0.041596603997030926,0.1466053163713464,-5.140043898801394,0.0,0.12887570340798982,0.00985301512026269,0.021404353658719576,-6.303195456281156,0.0,-0.06317996978759766,-0.0061054229736328125,-0.045857068188322365,0.26373291015625,0.0,-0.09366750717163086,-0.0061054229736328125,-0.06220482211330674,0.4981689453125,-0.024096442266134832,-0.36191844940185547,0.11599540710449219,-0.3258388722592982,0.5567779541015625,0.0,-0.2150421142578125,0.07936477661132812,-0.19297614534969867,0.20513153076171875,0.0,-0.429412841796875,0.21367454528808594,-0.39468469538912054,0.26373291015625,0.0,-0.13904762268066406,0.03663063049316406,-0.12113401802682655,0.21099090576171875,0.0,0.01697540283203125,-0.021978378295898438,0.00838211507975951,-0.1953601837158203,0.0,0.92047119140625,-0.5677661895751953,0.8817748260345134,0.615386962890625,0.0,-1.2799930572509766,0.6898651123046875,-1.2827823852780387,-1.7289352416992188,0.0,0.08254623413085938,0.0061054229736328125,0.05157367511559595,-0.5567779541015625,0.0,-0.5979561805725098,0.21367454528808594,-0.4618438828895168,2.25640869140625,0.0,0.08542251586914062,-0.0061054229736328125,0.06263550335537707,-0.3223419189453125,0.0,0.048638343811035156,-0.0073261260986328125,0.03858684236072571,-0.13284683227539062,0.0,-0.3339815139770508,0.13919448852539062,-0.30369638221589496,0.2578773498535156,0.0,-0.017209529876708984,0.0030689239501953125,-0.01676953690750012,0.0013431012630462646,0.0,0.0,0.0,3.947693802492597e-23,0.0,0.0,-0.16331149637699127,-0.06307758390903473,0.005657354835420847,-0.8686341047286987,-0.06307758390903473,0.005657354835420847,-0.8686341047286987
2.9206,1788396532.6251,ramp,0,-0.010349,0.026369320742338602,-0.11355847884963173,-0.08007798328396894,-0.03516346588730812,-0.007167451083660126,0.9977524876594543,-0.05658730864524841,-0.12645578384399414,-0.0061054229736328125,-0.07822867737577666,8.5274658203125,0.0,0.2671966552734375,-0.15262603759765625,0.1883655432321322,-7.23809814453125,0.0,1.6002068519592285,-0.6166057586669922,1.4329914418892877,-12.395599365234375,0.0,0.6303610801696777,-0.1770458221435547,0.50877715368409,-10.930404663085938,0.0,-0.3979663848876953,0.10378456115722656,-0.3034134145734582,8.879119873046875,0.0,0.08753156661987305,-0.06715583801269531,0.0028186805751149457,-7.882781982421875,0.0,-0.08005380630493164,-0.018314361572265625,-0.1612485507519793,-14.153839111328125,0.0,-0.13700151443481445,-0.018314361572265625,-0.0031767750373041387,13.5091552734375,0.0,-1.6205320358276367,0.7264957427978516,-1.5137291308608805,5.772895812988281,0.0,0.5569229125976562,-0.09157562255859375,0.5610999256184215,1.0842514038085938,0.0,-0.4209756851196289,0.10378456115722656,-0.2827680242461454,12.923080444335938,0.0,0.04132080078125,-0.0061054229736328125,0.10350355827458428,6.3003692626953125,0.0,-1.5881271362304688,0.75091552734375,-1.4507031272779471,1.2014617919921875,0.0,0.24126291981512407,-0.03680930752204921,0.14518183186676425,-5.2069527884477464,0.0,0.12946918785800066,0.015750185037506238,0.021196525139823723,-6.489679119787845,0.0,-0.06317996978759766,-0.0061054229736328125,-0.045411794045475275,0.26373291015625,0.0,-0.09366750717163086,-0.0061054229736328125,-0.0616008380040102,0.4981689453125,-0.012016760080204025,-0.3596177101135254,0.11599540710449219,-0.3226750915599345,0.5567779541015625,0.0,-0.21389150619506836,0.06715583801269531,-0.19110243640158758,0.20513153076171875,0.0,-0.42557811737060547,0.20146560668945312,-0.3908564570565237,0.3223419189453125,0.0,-0.13790321350097656,0.05128288269042969,-0.11995955182013383,0.19536209106445312,0.0,0.01659393310546875,-0.0073261260986328125,0.00830293509644064,-0.1953601837158203,0.0,0.9074325561523438,-0.628814697265625,0.873213114987392,0.8498153686523438,0.0,-1.2648448944091797,0.7264957427978516,-1.270327030913327,-1.8461532592773438,0.0,0.08254623413085938,0.0061054229736328125,0.0510728831219942,-0.5567779541015625,0.0,-0.5933547019958496,0.2625160217285156,-0.4573595531757871,2.139190673828125,0.0,0.08484745025634766,-0.03052520751953125,0.06202646170143291,-0.26373291015625,0.0,0.048256874084472656,-0.021978378295898438,0.03821047688240452,-0.117218017578125,0.0,-0.3305482864379883,0.15384674072265625,-0.3007428107444816,0.19536209106445312,0.0,-0.017113685607910156,0.009205818176269531,-0.01660671077999205,0.004273504018783569,0.0,0.0,0.0,3.975445054308119e-23,0.0,0.0,-0.16710165143013,-0.06523942202329636,0.01329686027020216,-0.8447973132133484,-0.06523942202329636,0.01329686027020216,-0.8447973132133484
2.9401,1788396532.6444,ramp,0,-0.009966,0.031791500076983115,-0.10496742910103712,-0.0968566138760111,-0.034052759408950806,-0.0068811653181910515,0.9978452324867249,-0.05565899983048439,-0.12626409530639648,0.0061054229736328125,-0.07821651249907986,8.4688720703125,0.0,0.26470422744750977,-0.128204345703125,0.18809061168140428,-7.0622711181640625,0.0,1.5883188247680664,-0.6043949127197266,1.422204854163434,-12.454208374023438,0.0,0.6272931098937988,-0.16483497619628906,0.506214600898849,-11.106224060058594,0.0,-0.39604902267456055,0.10378456115722656,-0.301695601535612,8.879119873046875,0.0,0.08561420440673828,-0.10378456115722656,0.0014897966038102117,-7.531135559082031,0.0,-0.08062887191772461,-0.03052520751953125,-0.1620849562375451,-14.036636352539062,0.0,-0.13738489151000977,-0.018314361572265625,-0.0044178205173676655,13.216110229492188,0.0,-1.6061506271362305,0.7753353118896484,-1.500363581762365,5.714286804199219,0.0,0.5550055503845215,-0.09157562255859375,0.5586624638625605,1.2014617919921875,0.0,-0.41848278045654297,0.10378456115722656,-0.28105957894945904,12.864471435546875,0.0,0.04132080078125,-0.0061054229736328125,0.10377743424226382,6.358970642089844,0.0,-1.5729789733886719,0.7753353118896484,-1.4371219831303166,1.0842514038085938,0.0,0.2404742541077853,-0.036535885073923476,0.1438226734358455,-5.283917978622766,0.0,0.1300680936309918,0.02720197383416898,0.020998088217796557,-6.426292244986685,0.0,-0.06317996978759766,-0.0061054229736328125,-0.044986641468560934,0.26373291015625,0.0,-0.09366750717163086,-0.018314361572265625,-0.06102414743122992,0.615386962890625,-0.0004829486245984116,-0.35750818252563477,0.128204345703125,-0.31965427946308606,0.4981689453125,0.0,-0.21274089813232422,0.06715583801269531,-0.18931339879301834,0.20513153076171875,0.0,-0.4223184585571289,0.1770458221435547,-0.387201213610904,0.3223419189453125,0.0,-0.13675880432128906,0.05128288269042969,-0.11883815875858862,0.19536209106445312,0.0,0.01659393310546875,-0.021978378295898438,0.00822733319031421,-0.1797313690185547,0.0,0.8957362174987793,-0.5555553436279297,0.8650383004984902,0.6739959716796875,0.0,-1.2514228820800781,0.7142848968505859,-1.2584345235903562,-1.9047622680664062,0.0,0.08254623413085938,0.0061054229736328125,0.05059472149954631,-0.5567779541015625,0.0,-0.5883693695068359,0.25030517578125,-0.4530778665695644,2.1977996826171875,0.0,0.08408021926879883,-0.04273414611816406,0.06144494213021576,-0.3223419189453125,0.0,0.047493934631347656,-0.021978378295898438,0.037851119045125385,-0.08596038818359375,0.0,-0.3282594680786133,0.124542236328125,-0.2979227086964647,0.27350616455078125,0.0,-0.0169219970703125,0.009205818176269531,-0.016451242628941546,0.0037851035594940186,0.0,0.0,0.0,4.001942250274918e-23,0.0,0.0,-0.17071467638015747,-0.054935023188591,0.021777790039777756,-0.8829260468482971,-0.054935023188591,0.021777790039777756,-0.8829260468482971
2.9604,1788396532.6648,ramp,0,-0.009656,0.02525964601453523,-0.09993021802434199,-0.11624162197026496,-0.03304046764969826,-0.00663660978898406,0.9979368448257446,-0.054646801203489304,-0.12588071823120117,0.0061054229736328125,-0.07820381584022328,8.293045043945312,0.0,0.26259422302246094,-0.11599540710449219,0.1878036616205434,-7.120880126953125,0.0,1.5739374160766602,-0.6043949127197266,1.410946735565477,-12.102569580078125,0.0,0.6242256164550781,-0.14041519165039062,0.5035400272613842,-11.164833068847656,0.0,-0.39432334899902344,0.07936477661132812,-0.2999026950668836,8.937728881835938,0.0,0.08388853073120117,-0.06715583801269531,0.00010282106232234467,-7.706962585449219,0.0,-0.08139562606811523,-0.06715583801269531,-0.16295792481591317,-14.329666137695312,0.0,-0.13776874542236328,-0.018314361572265625,-0.005713117747141713,13.391937255859375,0.0,-1.5894689559936523,0.8119659423828125,-1.4864137636454415,5.0695953369140625,0.0,0.5530881881713867,-0.07936477661132812,0.5561184495530404,1.1428604125976562,0.0,-0.4161820411682129,0.09157562255859375,-0.27927644972851773,12.864471435546875,0.0,0.041129112243652344,0.0061054229736328125,0.10406328257573412,6.3003692626953125,0.0,-1.5582146644592285,0.7631263732910156,-1.4229471453228513,0.9670333862304688,0.0,0.23961482171834278,-0.036801139898874735,0.1424041000002427,-5.2761435019130225,0.0,0.13075360766082905,0.015709185687002365,0.020790976714216904,-6.552113238927227,0.0,-0.06317996978759766,-0.0061054229736328125,-0.0445429035363457,0.3223419189453125,0.0,-0.09366750717163086,-0.0061054229736328125,-0.060422247087238604,0.615386962890625,0.0,-0.3546319007873535,0.15262603759765625,-0.31650141391257003,0.4981689453125,0.0,-0.21159076690673828,0.06715583801269531,-0.18744615420322072,0.20513153076171875,0.0,-0.4186744689941406,0.1892547607421875,-0.383386182828133,0.3223419189453125,0.0,-0.13561439514160156,0.05128288269042969,-0.11766774449944879,0.19536209106445312,0.0,0.01659393310546875,-0.021978378295898438,0.00814842638057651,-0.1797313690185547,0.0,0.8840394020080566,-0.6410255432128906,0.8565061276398056,0.9670333862304688,0.0,-1.2368507385253906,0.7142848968505859,-1.246022140613285,-1.9047622680664062,0.0,0.08254623413085938,0.0061054229736328125,0.05009565725501169,-0.5567779541015625,0.0,-0.5835757255554199,0.27472496032714844,-0.44860900794279013,2.0805892944335938,0.0,0.08312177658081055,-0.04273414611816406,0.060838001690274396,-0.26373291015625,0.0,0.046730995178222656,-0.021978378295898438,0.037476052040247024,-0.07033157348632812,0.0,-0.3248262405395508,0.15384674072265625,-0.2949793271450573,0.22661972045898438,0.0,-0.016826152801513672,0.0030689239501953125,-0.016288978256999664,0.0050061047077178955,0.0,0.0,0.0,4.0295977593468485e-23,0.0,0.0,-0.1739683300256729,-0.0473828986287117,0.020572008565068245,-0.890006422996521,-0.0473828986287117,0.020572008565068245,-0.890006422996521
2.9809,1788396532.6853,ramp,0,-0.009414,0.023729354120878274,-0.08312984105752365,-0.12366524176550968,-0.03218214586377144,-0.006431364919990301,0.9980286359786987,-0.053495053201913834,-0.12549686431884766,0.018314361572265625,-0.07819101537069309,8.175827026367188,0.0,0.26067686080932617,-0.11599540710449219,0.18751436539291236,-6.886444091796875,0.0,1.5616660118103027,-0.5677661895751953,1.3995965681152924,-12.043960571289062,0.0,0.6217327117919922,-0.14041519165039062,0.5008435857219797,-11.282051086425781,0.0,-0.39259767532348633,0.07936477661132812,-0.2980951294007803,8.996337890625,0.0,0.08254623413085938,-0.05494499206542969,-0.0012954946960544306,-7.76556396484375,0.0,-0.08273792266845703,-0.06715583801269531,-0.16383803097725932,-13.860809326171875,0.0,-0.1381521224975586,-0.018314361572265625,-0.007019005611776916,13.216110229492188,0.0,-1.5733623504638672,0.8608055114746094,-1.472349888749379,4.600730895996094,0.0,0.5517458915710449,-0.05494499206542969,0.553553634823343,0.9084243774414062,0.0,-0.4142646789550781,0.07936477661132812,-0.2774787412511284,12.923080444335938,0.0,0.04093742370605469,0.0061054229736328125,0.10435146806800925,6.417579650878906,0.0,-1.5438337326049805,0.7264957427978516,-1.4086564109257973,1.0256423950195312,0.0,0.23816678412492343,-0.07400404666939492,0.14097392799642333,-4.96934365893363,0.0,0.13123478495583527,0.014165363551264961,0.020582171821460212,-6.436292389278217,0.0,-0.06317996978759766,-0.0061054229736328125,-0.04409553750526165,0.26373291015625,0.0,-0.09366750717163086,-0.0061054229736328125,-0.05981542547373518,0.5567779541015625,0.0,-0.35137224197387695,0.20146560668945312,-0.31332276984030305,0.380950927734375,0.0,-0.21005678176879883,0.07936477661132812,-0.18556364261123057,0.20513153076171875,0.0,-0.41503143310546875,0.16483497619628906,-0.3795399595151261,0.380950927734375,0.0,-0.13408851623535156,0.0659332275390625,-0.11648776067606544,0.1797332763671875,0.0,0.01621246337890625,-0.021978378295898438,0.008068874411418426,-0.16410255432128906,0.0,0.8708095550537109,-0.6166057586669922,0.8479041938604293,1.0842514038085938,0.0,-1.221510887145996,0.7020759582519531,-1.2335082712647116,-1.9633712768554688,0.0,0.08254623413085938,0.0061054229736328125,0.049592512551517816,-0.5567779541015625,0.0,-0.5785903930664062,0.21367454528808594,-0.44410361094561385,2.25640869140625,0.0,0.0819711685180664,-0.05494499206542969,0.06022609877188862,-0.20513153076171875,0.0,0.046349525451660156,-0.0073261260986328125,0.037097918405095826,-0.10158920288085938,0.0,-0.3217744827270508,0.13919448852539062,-0.29201187985912086,0.2578773498535156,0.0,-0.016634225845336914,0.0030689239501953125,-0.016125387175886557,0.005494505167007446,0.0,0.0,0.0,4.0574793859397215e-23,0.0,0.0,-0.1762378066778183,0.007170434575527906,0.022398263216018677,-0.8584643006324768,0.007170434575527906,0.022398263216018677,-0.8584643006324768
3.0003,1788396532.7046,ramp,0,-0.008962,0.027682417284937387,-0.07564550118942512,-0.12049625483826193,-0.031331900507211685,-0.006120423786342144,0.9981237649917603,-0.05224807932972908,-0.12511348724365234,0.0061054229736328125,-0.07817890499802133,8.23443603515625,0.0,0.2583761215209961,-0.11599540710449219,0.18724066565706338,-6.593406677246094,0.0,1.55131196975708,-0.5921859741210938,1.3888583090705904,-12.043960571289062,0.0,0.6192402839660645,-0.128204345703125,0.49829251430597615,-11.340660095214844,0.0,-0.3910636901855469,0.07936477661132812,-0.29638501292469155,8.996337890625,0.0,0.08120393753051758,-0.07936477661132812,-0.0026184246797432975,-7.706962585449219,0.0,-0.08350515365600586,-0.04273414611816406,-0.16467068899652224,-13.97802734375,0.0,-0.13872718811035156,-0.03052520751953125,-0.008254490659493754,13.157516479492188,0.0,-1.5585980415344238,0.7753353118896484,-1.4590442232189782,4.776557922363281,0.0,0.5507874488830566,-0.04273414611816406,0.5511270939736123,0.5567779541015625,0.0,-0.41273069381713867,0.06715583801269531,-0.27577795054457827,13.040298461914062,0.0,0.04074573516845703,0.0061054229736328125,0.10462411695028853,6.476188659667969,0.0,-1.5311784744262695,0.6776561737060547,-1.3951361163074036,1.4358978271484375,0.0,0.23627230115666267,-0.10218393810590778,0.1396208591960822,-4.6570963895974185,0.0,0.13133680296818082,0.0014997273532203724,0.020384623984561465,-6.446267109721311,0.0,-0.06298828125,-0.0061054229736328125,-0.04367228979982779,0.3223419189453125,0.0,-0.09366750717163086,-0.0061054229736328125,-0.059241318729643236,0.7325973510742188,0.0,-0.34830427169799805,0.21367454528808594,-0.3103154923169786,0.3223419189453125,0.0,-0.20852279663085938,0.09157562255859375,-0.18378262068198004,0.14652252197265625,0.0,-0.41158008575439453,0.20146560668945312,-0.375901093175919,0.3223419189453125,0.0,-0.13294410705566406,0.0659332275390625,-0.11537139195114038,0.14847564697265625,0.0,0.01583099365234375,-0.021978378295898438,0.007993611235250768,-0.1797313690185547,0.0,0.8593044281005859,-0.5921859741210938,0.8397660061540609,1.0256423950195312,0.0,-1.207705020904541,0.7020759582519531,-1.2216690476315526,-2.0219802856445312,0.0,0.08254623413085938,0.0061054229736328125,0.04911649330450671,-0.5567779541015625,0.0,-0.5751385688781738,0.20146560668945312,-0.4398411081880784,2.3150177001953125,0.0,0.08101224899291992,-0.04273414611816406,0.05964718466540742,-0.26373291015625,0.0,0.045968055725097656,-0.021978378295898438,0.03674017064977947,-0.10158920288085938,0.0,-0.3191041946411133,0.15384674072265625,-0.28920441311488665,0.21099090576171875,0.0,-0.016442537307739258,0.009205818176269531,-0.015970615590876428,0.006715506315231323,0.0,0.0,0.0,4.083857862755678e-23,0.0,0.0,-0.17778044939041138,0.04274516925215721,0.006524661555886269,-0.8095559477806091,0.04274516925215721,0.006524661555886269,-0.8095559477806091
3.0202,1788396532.7249,ramp,0,-0.008508,0.030613536073165235,-0.07138501768940839,-0.11172551661749265,-0.03053329326212406,-0.005814462434500456,0.9982128739356995,-0.05103805661201477,-0.12453842163085938,-0.0061054229736328125,-0.07816644112876212,8.351654052734375,0.0,0.256075382232666,-0.128204345703125,0.1869589767432408,-6.417579650878906,0.0,1.5403823852539062,-0.628814697265625,1.3778066048471098,-12.161178588867188,0.0,0.6167473793029785,-0.14041519165039062,0.49566697820880423,-11.340660095214844,0.0,-0.3897218704223633,0.07936477661132812,-0.2946249788816724,8.996337890625,0.0,0.07947778701782227,-0.09157562255859375,-0.0039799704226090304,-7.706962585449219,0.0,-0.08446359634399414,-0.03052520751953125,-0.1655276519464655,-14.153839111328125,0.0,-0.13911056518554688,-0.03052520751953125,-0.009526038986187924,13.27471923828125,0.0,-1.5426831245422363,0.7631263732910156,-1.4453501710149474,4.717948913574219,0.0,0.5496368408203125,-0.06715583801269531,0.5486297234365651,0.4981689453125,0.0,-0.4108133316040039,0.06715583801269531,-0.2740275144863132,12.923080444335938,0.0,0.04074573516845703,0.0061054229736328125,0.10490472433657613,6.534797668457031,0.0,-1.5181403160095215,0.6898651123046875,-1.3812211700842982,1.377288818359375,0.0,0.2335631617104716,-0.13544260914144152,0.13822829489742447,-4.274766785296224,0.0,0.1309546132242623,-0.028571674004980115,0.0201813098109785,-6.271920220159329,0.0,-0.06279659271240234,-0.018314361572265625,-0.04323668767528883,0.3223419189453125,0.0,-0.09385919570922852,-0.0061054229736328125,-0.05865045405577042,0.615386962890625,0.0,-0.34427785873413086,0.1770458221435547,-0.30722043365175655,0.380950927734375,0.0,-0.2075638771057129,0.05494499206542969,-0.18194961148601346,0.26373291015625,0.0,-0.4081287384033203,0.1770458221435547,-0.3721560098879966,0.380950927734375,0.0,-0.13141822814941406,0.0659332275390625,-0.11422243690164349,0.16410446166992188,0.0,0.01544952392578125,-0.021978378295898438,0.007916151159230805,-0.14847373962402344,0.0,0.8464574813842773,-0.6776561737060547,0.8313902682368122,1.3186798095703125,0.0,-1.1929407119750977,0.7142848968505859,-1.2094842421351841,-2.0805892944335938,0.0,0.08254623413085938,0.0061054229736328125,0.048626579259711304,-0.615386962890625,0.0,-0.5703449249267578,0.2625160217285156,-0.4354541848020856,2.0805892944335938,0.0,0.0802454948425293,-0.04273414611816406,0.059051372304297786,-0.20513153076171875,0.0,0.045205116271972656,-0.021978378295898438,0.03637198039082673,-0.0547027587890625,0.0,-0.3156709671020508,0.13919448852539062,-0.2863149976197517,0.21099090576171875,0.0,-0.01634669303894043,0.0030689239501953125,-0.01581132628963955,0.006471306085586548,0.0,0.0,0.0,4.111006316003295e-23,0.0,0.0,-0.17839519679546356,0.08071572333574295,-0.025571076199412346,-0.8203929662704468,0.08071572333574295,-0.025571076199412346,-0.8203929662704468
3.0405,1788396532.7449,ramp,0,-0.008038,0.024577562605690103,-0.052489211481456056,-0.11354264136352417,-0.029954954981803894,-0.005514509975910187,0.9982916116714478,-0.049860693514347076,-0.12415504455566406,-0.0061054229736328125,-0.0781537908119811,8.117218017578125,0.0,0.2535824775695801,-0.14041519165039062,0.1866730740336205,-6.00732421875,0.0,1.5284943580627441,-0.6166057586669922,1.366589577735402,-11.75091552734375,0.0,0.6138715744018555,-0.16483497619628906,0.4930021666114966,-11.164833068847656,0.0,-0.38799571990966797,0.06715583801269531,-0.2928386164185756,9.172164916992188,0.0,0.07794427871704102,-0.06715583801269531,-0.005361883583034285,-7.76556396484375,0.0,-0.08580589294433594,-0.06715583801269531,-0.1663974342396633,-13.802200317382812,0.0,-0.13968610763549805,-0.0061054229736328125,-0.010816608455471388,12.805862426757812,0.0,-1.5261931419372559,0.7997550964355469,-1.4314512689329142,4.24908447265625,0.0,0.5482940673828125,-0.07936477661132812,0.5460949946331541,0.4981689453125,0.0,-0.40889596939086914,0.09157562255859375,-0.27225089358461063,12.864471435546875,0.0,0.04074573516845703,0.0061054229736328125,0.10518952934004756,6.534797668457031,0.0,-1.505101203918457,0.6654453277587891,-1.3670980696206694,1.4945068359375,0.0,0.2303490069032337,-0.14503686298381563,0.13681489917338288,-4.0401111847632585,0.0,0.13081789462134297,-0.04051733491879236,0.01997495425249104,-6.219756861528539,0.0,-0.06279659271240234,-0.0061054229736328125,-0.04279456936103917,0.3223419189453125,0.0,-0.09385919570922852,-0.0061054229736328125,-0.05805075061346328,0.615386962890625,0.0,-0.3410181999206543,0.15262603759765625,-0.30407907587940863,0.4395599365234375,0.0,-0.20718050003051758,0.03052520751953125,-0.18008918223171957,0.3223419189453125,0.0,-0.4042940139770508,0.1892547607421875,-0.3683549037484586,0.380950927734375,0.0,-0.13027381896972656,0.05128288269042969,-0.11305629458732436,0.1797332763671875,0.0,0.01506805419921875,-0.0073261260986328125,0.007837532354816474,-0.16410255432128906,0.0,0.8339943885803223,-0.5799751281738281,0.8228892373189988,1.2014617919921875,0.0,-1.1779847145080566,0.7142848968505859,-1.1971171636430482,-2.139190673828125,0.0,0.08254623413085938,0.0061054229736328125,0.04812933657100444,-0.5567779541015625,0.0,-0.5653595924377441,0.2625160217285156,-0.431001637252621,2.1977996826171875,0.0,0.0789027214050293,-0.03052520751953125,0.05844664716210134,-0.20513153076171875,0.0,0.044823646545410156,-0.0073261260986328125,0.03599828235897341,-0.10158920288085938,0.0,-0.3130006790161133,0.124542236328125,-0.28338235924194777,0.2578773498535156,0.0,-0.016155004501342773,0.009205818176269531,-0.015649654173335265,0.005494505167007446,0.0,0.0,0.0,4.138560884055565e-23,0.0,0.0,-0.17802441120147705,0.10994521528482437,-0.028954792767763138,-0.7965728044509888,0.10994521528482437,-0.028954792767763138,-0.7965728044509888
3.0603,1788396532.7648,ramp,0,-0.007751,0.017054726535975017,-0.046149132065223704,-0.11616437365389584,-0.029422586783766747,-0.0053107705898582935,0.998365044593811,-0.04871711879968643,-0.1239628791809082,-0.0061054229736328125,-0.07814138403262447,8.175827026367188,0.0,0.25128173828125,-0.14041519165039062,0.18639267537664456,-5.831504821777344,0.0,1.5173726081848145,-0.628814697265625,1.355588495088923,-11.809524536132812,0.0,0.6111869812011719,-0.1770458221435547,0.4903886566032451,-10.930404663085938,0.0,-0.38684511184692383,0.06715583801269531,-0.2910866440913817,9.172164916992188,0.0,0.07679367065429688,-0.06715583801269531,-0.006717192858539861,-7.706962585449219,0.0,-0.08714818954467773,-0.06715583801269531,-0.16725047192929549,-13.74359130859375,0.0,-0.1398777961730957,-0.0061054229736328125,-0.012082332541828555,12.864471435546875,0.0,-1.5114288330078125,0.8608055114746094,-1.4178199414004902,3.7216110229492188,0.0,0.5463767051696777,-0.09157562255859375,0.5436090631314255,0.5567779541015625,0.0,-0.4067869186401367,0.10378456115722656,-0.27050847527925653,12.74725341796875,0.0,0.04074573516845703,0.0061054229736328125,0.10546885142335159,6.534797668457031,0.0,-1.492063045501709,0.6532363891601562,-1.3532468598591505,1.6703262329101562,0.0,0.22697998846945416,-0.1633762999362727,0.13542871342046334,-3.720713726604644,0.0,0.13031270313248638,-0.02999884030480927,0.01977257134560554,-6.358062157841829,0.0,-0.06279659271240234,-0.018314361572265625,-0.04236096248230516,0.3223419189453125,0.0,-0.09385919570922852,-0.0061054229736328125,-0.05746259235490716,0.615386962890625,0.0,-0.33775854110717773,0.16483497619628906,-0.3009981939191887,0.4395599365234375,0.0,-0.20679712295532227,0.0061054229736328125,-0.17826456900928633,0.4395599365234375,0.0,-0.4002676010131836,0.1770458221435547,-0.3646269745589632,0.380950927734375,0.0,-0.12912940979003906,0.05128288269042969,-0.11191260224802434,0.16410446166992188,0.0,0.01506805419921875,-0.021978378295898438,0.007760427079388664,-0.1328449249267578,0.0,0.8217225074768066,-0.5799751281738281,0.8145518638977002,1.3186798095703125,0.0,-1.1624531745910645,0.7387065887451172,-1.1849881698167364,-2.1977996826171875,0.0,0.08254623413085938,0.0061054229736328125,0.04764166654405835,-0.5567779541015625,0.0,-0.5603742599487305,0.2991447448730469,-0.42663480786982383,2.0805892944335938,0.0,0.07775211334228516,-0.04273414611816406,0.05785356387885215,-0.20513153076171875,0.0,0.044442176818847656,-0.021978378295898438,0.035631778570375645,-0.10158920288085938,0.0,-0.3099489212036133,0.13919448852539062,-0.28050617851730786,0.21099090576171875,0.0,-0.015963315963745117,0.009205818176269531,-0.015491094485872428,0.005982905626296997,0.0,0.0,0.0,4.165584985665755e-23,0.0,0.0,-0.1773413121700287,0.1337633728981018,-0.00808192603290081,-0.781893253326416,0.1337633728981018,-0.00808192603290081,-0.781893253326416
3.0803,1788396532.7846,ramp,0,-0.007492,0.01233705421849464,-0.02433757226017653,-0.11399534545932401,-0.02902469038963318,-0.005127027630805969,0.9984347224235535,-0.047533463686704636,-0.1239628791809082,-0.0061054229736328125,-0.07812887455118456,8.175827026367188,0.0,0.2485971450805664,-0.15262603759765625,0.1861099556075256,-5.655677795410156,0.0,1.5058684349060059,-0.6166057586669922,1.344496346576464,-11.75091552734375,0.0,0.6083106994628906,-0.16483497619628906,0.48775351221956015,-10.989013671875,0.0,-0.38550281524658203,0.05494499206542969,-0.289320169111833,9.289375305175781,0.0,0.07506799697875977,-0.07936477661132812,-0.008083721249182635,-7.648353576660156,0.0,-0.08829879760742188,-0.07936477661132812,-0.16811057097992427,-13.684982299804688,0.0,-0.1398777961730957,-0.0061054229736328125,-0.013358534166053551,12.630035400390625,0.0,-1.495513916015625,0.8363857269287109,-1.4040757750970028,3.7216110229492188,0.0,0.544459342956543,-0.10378456115722656,0.5411025533364284,0.4395599365234375,0.0,-0.40448570251464844,0.11599540710449219,-0.2687516334087885,12.630035400390625,0.0,0.04074573516845703,0.0061054229736328125,0.10575048570702905,6.534797668457031,0.0,-1.4792156219482422,0.6532363891601562,-1.3392809911633852,1.7875442504882812,0.0,0.22361519673974994,-0.14421075566317215,0.13403105296000317,-3.7145765307833587,0.0,0.12998464372762425,-0.006457457155437376,0.01956851313318264,-6.363769499384123,0.0,-0.06279659271240234,-0.0061054229736328125,-0.04192376624903436,0.3223419189453125,0.0,-0.09385919570922852,-0.0061054229736328125,-0.05686956538089186,0.6739959716796875,0.0,-0.33526611328125,0.128204345703125,-0.29789180872508664,0.4981689453125,0.0,-0.20679712295532227,0.0061054229736328125,-0.17642485182040551,0.4395599365234375,0.0,-0.3966245651245117,0.1770458221435547,-0.3608681859430947,0.3223419189453125,0.0,-0.12836647033691406,0.03663063049316406,-0.11075944253749913,0.22661972045898438,0.0,0.01468658447265625,-0.021978378295898438,0.007682683534173772,-0.16410255432128906,0.0,0.8088760375976562,-0.6043949127197266,0.8061454745299709,1.377288818359375,0.0,-1.1471138000488281,0.7387065887451172,-1.1727587733880849,-2.3150177001953125,0.0,0.08254623413085938,0.0061054229736328125,0.047149959633221515,-0.5567779541015625,0.0,-0.5546221733093262,0.3113555908203125,-0.4222318303085146,2.0219802856445312,0.0,0.07641029357910156,-0.04273414611816406,0.057255571111280094,-0.14652252197265625,0.0,0.044060707092285156,-0.0073261260986328125,0.03526224089993495,-0.08596038818359375,0.0,-0.3072786331176758,0.13919448852539062,-0.27760618905521717,0.24224853515625,0.0,-0.01577138900756836,0.0030689239501953125,-0.015331222257115943,0.004517704248428345,0.0,0.0,0.0,4.192832790096344e-23,0.0,0.0,-0.1763390600681305,0.13360902667045593,0.019740544259548187,-0.7706996202468872,0.13360902667045593,0.019740544259548187,-0.7706996202468872
3.1006,1788396532.8051,ramp,0,-0.007335,0.006258229864901755,-0.007041703769575944,-0.12884629683058274,-0.02882296033203602,-0.005002461839467287,0.9985005259513855,-0.04626854509115219,-0.12377119064331055,-0.0061054229736328125,-0.07811621173682853,8.117218017578125,0.0,0.24591302871704102,-0.14041519165039062,0.1858237704472268,-5.362640380859375,0.0,1.493788719177246,-0.6043949127197266,1.3332682378736715,-11.868133544921875,0.0,0.6052422523498535,-0.14041519165039062,0.4850860679859804,-11.223442077636719,0.0,-0.38454437255859375,0.03052520751953125,-0.28753204185507486,9.465202331542969,0.0,0.07334232330322266,-0.07936477661132812,-0.009466999637346596,-7.648353576660156,0.0,-0.08983230590820312,-0.07936477661132812,-0.1689812125535366,-13.567764282226562,0.0,-0.1398777961730957,-0.0061054229736328125,-0.014650378622281676,12.5128173828125,0.0,-1.4788322448730469,0.8241748809814453,-1.390163141930265,3.4285736083984375,0.0,0.5423502922058105,-0.11599540710449219,0.5385653204089005,0.615386962890625,0.0,-0.40180158615112305,0.11599540710449219,-0.266973257337365,12.5128173828125,0.0,0.040554046630859375,0.0061054229736328125,0.10603557207672665,6.652015686035156,0.0,-1.4659852981567383,0.6410255432128906,-1.3251439381236743,1.7289352416992188,0.0,0.21981639150710397,-0.17212418485483258,0.13261626090578435,-3.3253224780861483,0.0,0.12981250248380036,-0.007891119310057402,0.019361953710703903,-6.317282033082331,0.0,-0.06279659271240234,-0.03052520751953125,-0.04148121115467168,0.380950927734375,0.0,-0.09385919570922852,-0.018314361572265625,-0.05626926947604953,0.615386962890625,0.0,-0.3321981430053711,0.16483497619628906,-0.29474734752417975,0.4395599365234375,0.0,-0.2066054344177246,0.0061054229736328125,-0.1745625845999524,0.4981689453125,0.0,-0.39259767532348633,0.16483497619628906,-0.357063324592529,0.380950927734375,0.0,-0.12722206115722656,0.0659332275390625,-0.10959214816103864,0.1797332763671875,0.0,0.01430511474609375,-0.021978378295898438,0.007603987060209974,-0.1328449249267578,0.0,0.7983293533325195,-0.5189247131347656,0.797636045223931,1.26007080078125,0.0,-1.1313905715942383,0.7142848968505859,-1.1603794771393725,-2.25640869140625,0.0,0.08254623413085938,0.0061054229736328125,0.04665222570560694,-0.615386962890625,0.0,-0.548677921295166,0.28693580627441406,-0.4177748839722111,1.9633712768554688,0.0,0.07545137405395508,-0.04273414611816406,0.05665024854548131,-0.14652252197265625,0.0,0.043297767639160156,-0.021978378295898438,0.0348881736821345,-0.08596038818359375,0.0,-0.3042268753051758,0.13919448852539062,-0.27467065344814034,0.21099090576171875,0.0,-0.01567554473876953,0.0030689239501953125,-0.015169390420748146,0.007203906774520874,0.0,0.0,0.0,4.2204145800187785e-23,0.0,0.0,-0.17454038560390472,0.17933222651481628,0.0331922322511673,-0.7696883678436279,0.17933222651481628,0.0331922322511673,-0.7696883678436279
3.1201,1788396532.8247,ramp,0,-0.007223,-0.00036584053904436094,-0.010313550092441509,-0.1296137366329595,-0.02864702045917511,-0.004901985637843609,0.9985634088516235,-0.045017119497060776,-0.12377119064331055,-0.0061054229736328125,-0.07810402233803854,8.175827026367188,0.0,0.24342012405395508,-0.14041519165039062,0.18554828468643325,-5.1868133544921875,0.0,1.4815163612365723,-0.628814697265625,1.3224599064247866,-11.457870483398438,0.0,0.6029415130615234,-0.128204345703125,0.482518349578447,-11.282051086425781,0.0,-0.3839688301086426,0.018314361572265625,-0.2858107660306771,9.582420349121094,0.0,0.07161664962768555,-0.09157562255859375,-0.010798562387681954,-7.531135559082031,0.0,-0.09155797958374023,-0.07936477661132812,-0.16981930407454582,-13.450546264648438,0.0,-0.1398777961730957,-0.0061054229736328125,-0.015893925815572113,12.395599365234375,0.0,-1.4623422622680664,0.8241748809814453,-1.3767706504098143,3.1941375732421875,0.0,0.5404329299926758,-0.09157562255859375,0.53612294519063,0.3223419189453125,0.0,-0.3993086814880371,0.10378456115722656,-0.2652613681377235,12.571426391601562,0.0,0.04074573516845703,0.0061054229736328125,0.10631000012661583,6.593406677246094,0.0,-1.4537134170532227,0.6532363891601562,-1.3115354169552198,1.7289352416992188,0.0,0.21608381254270392,-0.15831316314355454,0.1312543626682439,-3.319006082683172,0.0,0.12937108811433598,-0.013095538617034878,0.01916311677733104,-6.324155480788693,0.0,-0.06298828125,-0.0061054229736328125,-0.041055201550482985,0.380950927734375,0.0,-0.09385919570922852,-0.0061054229736328125,-0.055691416404024106,0.6739959716796875,0.0,-0.32970571517944336,0.14041519165039062,-0.29172044604084213,0.4981689453125,0.0,-0.2066054344177246,0.0061054229736328125,-0.17276994062955295,0.4981689453125,0.0,-0.3895297050476074,0.20146560668945312,-0.353400712866679,0.3223419189453125,0.0,-0.12645912170410156,0.021978378295898438,-0.10846849458293727,0.22661972045898438,0.0,0.01430511474609375,-0.021978378295898438,0.007528232754923663,-0.14847373962402344,0.0,0.7895092964172363,-0.4945049285888672,0.7894447518534227,1.26007080078125,0.0,-1.1164345741271973,0.7753353118896484,-1.1484629967683957,-2.4908447265625,0.0,0.08254623413085938,0.0061054229736328125,0.04617310019966348,-0.615386962890625,0.0,-0.5435004234313965,0.3113555908203125,-0.4134845662946954,1.9633712768554688,0.0,0.0744929313659668,-0.03052520751953125,0.05606755674067047,-0.20513153076171875,0.0,0.042916297912597656,-0.0073261260986328125,0.034528091447346046,-0.08596038818359375,0.0,-0.3015565872192383,0.124542236328125,-0.27184486660717416,0.2578773498535156,0.0,-0.015483856201171875,0.009205818176269531,-0.015013608875276488,0.004273504018783569,0.0,0.0,0.0,4.2469651893267417e-23,0.0,0.0,-0.1725887656211853,0.16187894344329834,0.034555934369564056,-0.7828068733215332,0.16187894344329834,0.034555934369564056,-0.7828068733215332
3.1401,1788396532.8444,ramp,0,-0.007251,-0.0033754872418306054,-0.02234912303226887,-0.11869951159694793,-0.02848861552774906,-0.0048741730861365795,0.9986215829849243,-0.043812669813632965,-0.12377119064331055,-0.0061054229736328125,-0.07809153021347379,8.117218017578125,0.0,0.24092769622802734,-0.14041519165039062,0.18526595719030817,-5.010986328125,0.0,1.4690532684326172,-0.6166057586669922,1.311383148241482,-11.633697509765625,0.0,0.6006407737731934,-0.128204345703125,0.4798868614512022,-11.282051086425781,0.0,-0.38358545303344727,0.0061054229736328125,-0.28404674203087743,9.875457763671875,0.0,0.0704660415649414,-0.07936477661132812,-0.012163194723497597,-7.531135559082031,0.0,-0.09309196472167969,-0.07936477661132812,-0.17067820973982825,-13.216110229492188,0.0,-0.1398777961730957,-0.0061054229736328125,-0.01716835671313928,12.336990356445312,0.0,-1.4466190338134766,0.8241748809814453,-1.3630455541037327,2.9597091674804688,0.0,0.5387072563171387,-0.09157562255859375,0.5336199131718933,0.3223419189453125,0.0,-0.3968162536621094,0.10378456115722656,-0.2635069638810891,12.454208374023438,0.0,0.04074573516845703,0.0061054229736328125,0.10659124364340786,6.652015686035156,0.0,-1.4414420127868652,0.6410255432128906,-1.297588925868392,1.9047622680664062,0.0,0.2126433401876529,-0.14479193421363312,0.12985864145828221,-3.319366896215215,0.0,0.12894087568994472,-0.029625391417284444,0.01895934169518288,-6.204781457089733,0.0,-0.06298828125,-0.0061054229736328125,-0.0406186119259253,0.380950927734375,0.0,-0.09385919570922852,-0.0061054229736328125,-0.05509921225349671,0.6739959716796875,0.0,-0.32702112197875977,0.128204345703125,-0.28861837094866155,0.4981689453125,0.0,-0.2062220573425293,0.018314361572265625,-0.17093277604380896,0.4981689453125,0.0,-0.38588619232177734,0.1892547607421875,-0.3496471395608971,0.3223419189453125,0.0,-0.12531471252441406,0.05128288269042969,-0.10731693487871312,0.19536209106445312,0.0,0.01392364501953125,-0.021978378295898438,0.007450597078689168,-0.1328449249267578,0.0,0.778963565826416,-0.5433464050292969,0.7810500263305491,1.3186798095703125,0.0,-1.100327968597412,0.7753353118896484,-1.1362505685976236,-2.6666641235351562,0.0,0.08254623413085938,0.0061054229736328125,0.04568207553097267,-0.615386962890625,0.0,-0.5371732711791992,0.3113555908203125,-0.40908769785407184,1.9047622680664062,0.0,0.07353401184082031,-0.04273414611816406,0.05547039368661283,-0.20513153076171875,0.0,0.042916297912597656,0.0073261260986328125,0.03415906650952669,-0.10158920288085938,0.0,-0.2985048294067383,0.13919448852539062,-0.26894890087342743,0.21099090576171875,0.0,-0.015292167663574219,0.009205818176269531,-0.01485395846884959,0.00476190447807312,0.0,0.0,0.0,4.2741751874947804e-23,0.0,0.0,-0.17087359726428986,0.13676615059375763,0.01757960394024849,-0.7644372582435608,0.13676615059375763,0.01757960394024849,-0.7644372582435608
3.1603,1788396532.8647,ramp,0,-0.007323,-0.006188332289260182,-0.004518917276376402,-0.11573759376683225,-0.02845076285302639,-0.00487535260617733,0.998673141002655,-0.04264562204480171,-0.12377119064331055,-0.0061054229736328125,-0.07807887929740409,8.23443603515625,0.0,0.23824310302734375,-0.16483497619628906,0.1849800409365009,-4.542121887207031,0.0,1.456590175628662,-0.5189247131347656,1.300165589740924,-11.692306518554688,0.0,0.5983395576477051,-0.128204345703125,0.4772219236126761,-11.340660095214844,0.0,-0.3833937644958496,0.0061054229736328125,-0.28226029494169513,10.051284790039062,0.0,0.06854867935180664,-0.06715583801269531,-0.013545173349864756,-7.589744567871094,0.0,-0.09443426132202148,-0.06715583801269531,-0.17154803323758122,-13.040298461914062,0.0,-0.1398777961730957,-0.0061054229736328125,-0.018458987321102308,12.102569580078125,0.0,-1.4318547248840332,0.8119659423828125,-1.3491459935832806,3.0769195556640625,0.0,0.5369815826416016,-0.09157562255859375,0.5310850642897295,0.3223419189453125,0.0,-0.3941316604614258,0.11599540710449219,-0.26173025881479195,12.21978759765625,0.0,0.04132080078125,0.03052520751953125,0.10687606213906414,6.534797668457031,0.0,-1.428403377532959,0.6166057586669922,-1.283465156345302,2.0805892944335938,0.0,0.20935353463547876,-0.1351952316657512,0.12844517877686226,-3.3077762702330835,0.0,0.1286935897807946,-0.017906927111468508,0.018752976360928465,-6.337174736574116,0.0,-0.06298828125,-0.018314361572265625,-0.04017647266702247,0.380950927734375,0.0,-0.09385919570922852,-0.0061054229736328125,-0.05449948040119114,0.6739959716796875,0.0,-0.32452821731567383,0.128204345703125,-0.28547686435947667,0.4981689453125,0.0,-0.20583820343017578,0.03052520751953125,-0.169072258654633,0.5567779541015625,0.0,-0.38224315643310547,0.1770458221435547,-0.3458458533499908,0.380950927734375,0.0,-0.12417030334472656,0.05128288269042969,-0.10615073732025335,0.1797332763671875,0.0,0.01354217529296875,-0.021978378295898438,0.0073719745498338,-0.1328449249267578,0.0,0.7701435089111328,-0.47008514404296875,0.7725485926898931,1.2014617919921875,0.0,-1.0844130516052246,0.8241748809814453,-1.1238829042347793,-2.7838821411132812,0.0,0.08273792266845703,0.0061054229736328125,0.04518480928618291,-0.6739959716796875,0.0,-0.5314207077026367,0.25030517578125,-0.4046349393722363,2.0219802856445312,0.0,0.07276725769042969,-0.03052520751953125,0.0548656398965229,-0.20513153076171875,0.0,0.042534828186035156,-0.0073261260986328125,0.03378535077432243,-0.117218017578125,0.0,-0.2962160110473633,0.124542236328125,-0.2660161235665365,0.2891349792480469,0.0,-0.015100240707397461,0.0030689239501953125,-0.014692278693585486,0.004273504018783569,0.0,0.0,0.0,4.3017310609009625e-23,0.0,0.0,-0.16915564239025116,0.14231838285923004,0.033043503761291504,-0.7318828105926514,0.14231838285923004,0.033043503761291504,-0.7318828105926514
3.1811,1788396532.8855,ramp,0,-0.007486,-0.00756863411808604,0.001324929534284039,-0.11280206619864357,-0.028409376740455627,-0.004921567626297474,0.9987233281135559,-0.04147621989250183,-0.12357950210571289,-0.0061054229736328125,-0.07806588576255527,8.0,0.0,0.2353668212890625,-0.15262603759765625,0.1846863813479603,-4.3076934814453125,0.0,1.4452767372131348,-0.5311355590820312,1.2886442314066597,-11.75091552734375,0.0,0.5956554412841797,-0.15262603759765625,0.4744848125225336,-10.989013671875,0.0,-0.3833937644958496,0.0061054229736328125,-0.2804254663505495,10.227104187011719,0.0,0.06663131713867188,-0.09157562255859375,-0.014964579450031601,-7.413917541503906,0.0,-0.09596824645996094,-0.05494499206542969,-0.1724414137539099,-13.333328247070312,0.0,-0.1398777961730957,-0.0061054229736328125,-0.01978457146766789,12.043960571289062,0.0,-1.4174737930297852,0.75091552734375,-1.3348699978363487,3.25274658203125,0.0,0.5350642204284668,-0.09157562255859375,0.5284815652936542,0.02930450439453125,0.0,-0.39106321334838867,0.128204345703125,-0.2599054360851318,12.161178588867188,0.0,0.04170417785644531,0.03052520751953125,0.10716859423938871,6.476188659667969,0.0,-1.4149813652038574,0.628814697265625,-1.2689588794493099,2.1977996826171875,0.0,0.20606402935226964,-0.12530035466617745,0.12699343595386386,-3.302292364648983,0.0,0.1284438580131118,0.005157165854836056,0.01854102213188682,-6.34381541052641,0.0,-0.06317996978759766,-0.0061054229736328125,-0.03972235915959459,0.380950927734375,0.0,-0.09405088424682617,-0.0061054229736328125,-0.0538835062946562,0.6739959716796875,0.0,-0.32184362411499023,0.15262603759765625,-0.28225027783250195,0.4981689453125,0.0,-0.20468759536743164,0.03052520751953125,-0.16716135375257604,0.5567779541015625,0.0,-0.3786001205444336,0.1892547607421875,-0.34194161870171397,0.3223419189453125,0.0,-0.12302589416503906,0.03663063049316406,-0.1049529561846443,0.19536209106445312,0.0,0.01354217529296875,-0.021978378295898438,0.007291222724198687,-0.1328449249267578,0.0,0.7595973014831543,-0.5433464050292969,0.763816918741048,1.377288818359375,0.0,-1.0665807723999023,0.8241748809814453,-1.11118029226488,-2.9011001586914062,0.0,0.08273792266845703,0.0061054229736328125,0.04467407581477093,-0.6739959716796875,0.0,-0.5252852439880371,0.3113555908203125,-0.40006158893750404,1.8461532592773438,0.0,0.07219171524047852,-0.04273414611816406,0.05424450784543673,-0.14652252197265625,0.0,0.042153358459472656,-0.0073261260986328125,0.03340151387253787,-0.10158920288085938,0.0,-0.2927827835083008,0.15384674072265625,-0.2630039192383301,0.19536209106445312,0.0,-0.015004396438598633,0.0030689239501953125,-0.01452622022140293,0.005494505167007446,0.0,0.0,0.0,4.33003321699941e-23,0.0,0.0,-0.16747619211673737,0.13387446105480194,0.05677516385912895,-0.7355508208274841,0.13387446105480194,0.05677516385912895,-0.7355508208274841
3.2002,1788396532.9045,ramp,0,-0.007620,-0.00018424562453806054,0.005400939584653834,-0.11950142269068442,-0.028475191444158554,-0.004955453332513571,0.998772382736206,-0.040227919816970825,-0.12300443649291992,0.0061054229736328125,-0.07805395365795834,7.8241729736328125,0.0,0.23249053955078125,-0.1892547607421875,0.18441671054881853,-4.131866455078125,0.0,1.4351143836975098,-0.5677661895751953,1.2780640425402225,-11.692306518554688,0.0,0.5929708480834961,-0.16483497619628906,0.4719712935916968,-11.047622680664062,0.0,-0.3833937644958496,0.0061054229736328125,-0.2787405232675689,10.402931213378906,0.0,0.06471395492553711,-0.10378456115722656,-0.016268035534135555,-7.296699523925781,0.0,-0.09731054306030273,-0.05494499206542969,-0.17326181481410796,-13.157516479492188,0.0,-0.14006948471069336,-0.0061054229736328125,-0.021001869829728972,11.868133544921875,0.0,-1.4030933380126953,0.75091552734375,-1.3217601954261768,3.1941375732421875,0.0,0.5331463813781738,-0.10378456115722656,0.5260907438043045,0.26373291015625,0.0,-0.3883790969848633,0.128204345703125,-0.25822968149375225,12.043960571289062,0.0,0.042279720306396484,0.04273414611816406,0.10743722965381941,6.358970642089844,0.0,-1.403285026550293,0.6166057586669922,-1.2556376073513846,2.139190673828125,0.0,0.20320817101984723,-0.14087087066296441,0.12566028470492316,-3.156593268382359,0.0,0.1280349462226912,-0.05801261158986942,0.018346382254431443,-6.101090691059659,0.0,-0.06317996978759766,-0.0061054229736328125,-0.039305341778831576,0.380950927734375,0.0,-0.09405088424682617,-0.0061054229736328125,-0.05331785056250239,0.7325973510742188,0.0,-0.318392276763916,0.1892547607421875,-0.2792872682759144,0.4395599365234375,0.0,-0.2035369873046875,0.07936477661132812,-0.16540654896454718,0.4981689453125,0.0,-0.37476539611816406,0.21367454528808594,-0.33835631749336526,0.3223419189453125,0.0,-0.12188148498535156,0.0659332275390625,-0.10385302071976851,0.1797332763671875,0.0,0.01316070556640625,-0.0073261260986328125,0.007217067443046793,-0.14847373962402344,0.0,0.7494349479675293,-0.5799751281738281,0.755798527435208,1.377288818359375,0.0,-1.0502829551696777,0.873016357421875,-1.0995153453168351,-3.0183181762695312,0.0,0.08273792266845703,0.0061054229736328125,0.04420506370429091,-0.6739959716796875,0.0,-0.5191493034362793,0.3113555908203125,-0.39586183141343084,1.8461532592773438,0.0,0.0718083381652832,-0.03052520751953125,0.05367411551661339,-0.20513153076171875,0.0,0.042153358459472656,-0.0073261260986328125,0.03304903226429631,-0.10158920288085938,0.0,-0.2901124954223633,0.13919448852539062,-0.26023777919024704,0.24224853515625,0.0,-0.014812707901000977,0.009205818176269531,-0.014373726917437341,0.002075701951980591,0.0,0.0,0.0,4.356023395254558e-23,0.0,0.0,-0.16577698290348053,0.16470424830913544,-0.005473837722092867,-0.7436853647232056,0.16470424830913544,-0.005473837722092867,-0.7436853647232056
3.2203,1788396532.9248,ramp,0,-0.007683,0.001673547723948419,0.000899160816196824,-0.12722309182380104,-0.028463594615459442,-0.0049524810165166855,0.9988195896148682,-0.03904668614268303,-0.12204551696777344,0.03052520751953125,-0.0780414346985085,7.8241729736328125,0.0,0.22884750366210938,-0.1892547607421875,0.18413377657251656,-3.7216110229492188,0.0,1.4243769645690918,-0.5311355590820312,1.266963489882932,-11.75091552734375,0.0,0.5895195007324219,-0.15262603759765625,0.4693341526484609,-10.989013671875,0.0,-0.38320207595825195,0.0061054229736328125,-0.27697270988982314,10.578758239746094,0.0,0.06279659271240234,-0.07936477661132812,-0.017635599297005672,-7.296699523925781,0.0,-0.09826898574829102,-0.05494499206542969,-0.1741225655326244,-13.27471923828125,0.0,-0.14006948471069336,-0.0061054229736328125,-0.022279038388653083,11.633697509765625,0.0,-1.3867945671081543,0.7875461578369141,-1.3080056156338982,2.6080551147460938,0.0,0.5310373306274414,-0.10378456115722656,0.5235823349118228,-0.02930450439453125,0.0,-0.3853111267089844,0.128204345703125,-0.2564715085237673,11.868133544921875,0.0,0.04362201690673828,0.04273414611816406,0.10771907732224437,6.358970642089844,0.0,-1.391204833984375,0.6043949127197266,-1.2416611571904428,2.25640869140625,0.0,0.20048955962711823,-0.11237012220588882,0.12426156528452194,-3.3877897348063772,0.0,0.12727606589367363,-0.03396064702313543,0.018142169434019896,-6.037539689705272,0.0,-0.06317996978759766,-0.0061054229736328125,-0.03886781429679863,0.380950927734375,0.0,-0.09405088424682617,-0.0061054229736328125,-0.05272437427205637,0.7325973510742188,0.0,-0.31474924087524414,0.23809432983398438,-0.2761785294790775,0.3223419189453125,0.0,-0.20200300216674805,0.06715583801269531,-0.16356543788433078,0.4395599365234375,0.0,-0.37093067169189453,0.22588539123535156,-0.3345946809708101,0.26373291015625,0.0,-0.12035560607910156,0.05128288269042969,-0.10269898729923028,0.14847564697265625,0.0,0.01316070556640625,-0.0073261260986328125,0.007139264994183704,-0.14847373962402344,0.0,0.7392725944519043,-0.4822959899902344,0.7473857688312863,1.26007080078125,0.0,-1.0318751335144043,0.873016357421875,-1.087276683089166,-3.1941375732421875,0.0,0.08273792266845703,0.0061054229736328125,0.04371298424379982,-0.6739959716796875,0.0,-0.5135884284973145,0.25030517578125,-0.3914555178653131,1.9633712768554688,0.0,0.07123327255249023,-0.0061054229736328125,0.053075669670197216,-0.20513153076171875,0.0,0.041771888732910156,-0.021978378295898438,0.03267921460769248,-0.10158920288085938,0.0,-0.2870607376098633,0.13919448852539062,-0.2573355925044695,0.21099090576171875,0.0,-0.01462101936340332,0.009205818176269531,-0.014213733558913842,0.004517704248428345,0.0,0.0,0.0,4.3832918444226856e-23,0.0,0.0,-0.16432063281536102,0.1290820837020874,0.013462433591485023,-0.735045850276947,0.1290820837020874,0.013462433591485023,-0.735045850276947
3.2402,1788396532.9444,ramp,0,-0.007907,-0.010938467084012407,-0.002705390138485433,-0.10693886738748191,-0.028420094400644302,-0.005031232256442308,0.9988625049591064,-0.037956785410642624,-0.12147045135498047,0.018314361572265625,-0.07802898952530657,7.589744567871094,0.0,0.22577953338623047,-0.16483497619628906,0.18385251019779164,-3.369964599609375,0.0,1.4138307571411133,-0.5433464050292969,1.2559283634404748,-11.809524536132812,0.0,0.5870270729064941,-0.14041519165039062,0.4667125549088136,-11.282051086425781,0.0,-0.38320207595825195,-0.018314361572265625,-0.2752153159336512,10.813186645507812,0.0,0.06068754196166992,-0.128204345703125,-0.018995102693576016,-7.003662109375,0.0,-0.09884452819824219,-0.05494499206542969,-0.17497824302072018,-13.157516479492188,0.0,-0.14006948471069336,-0.0061054229736328125,-0.02354867936700583,11.633697509765625,0.0,-1.3716468811035156,0.7997550964355469,-1.2943321047865823,2.4908447265625,0.0,0.5291199684143066,-0.09157562255859375,0.5210887104813545,0.14652252197265625,0.0,-0.382627010345459,0.11599540710449219,-0.25472369815517715,11.926742553710938,0.0,0.044963836669921875,0.07936477661132812,0.10799926379174762,6.0659332275390625,0.0,-1.3789334297180176,0.6043949127197266,-1.2277670836695718,2.3150177001953125,0.0,0.19784614457322158,-0.0889626108086327,0.12287108986062392,-3.378357001791187,0.0,0.1266093631056351,-0.027141823203032038,0.01793916023583081,-6.169731173680171,0.0,-0.06317996978759766,-0.0061054229736328125,-0.03843286558430254,0.4395599365234375,0.0,-0.09405088424682617,-0.0061054229736328125,-0.05213439590720702,0.7912063598632812,0.0,-0.31072235107421875,0.23809432983398438,-0.27308811346477785,0.3223419189453125,0.0,-0.20027732849121094,0.09157562255859375,-0.16173517823942443,0.4395599365234375,0.0,-0.36728715896606445,0.20146560668945312,-0.3308552153839594,0.3223419189453125,0.0,-0.11882972717285156,0.0659332275390625,-0.10155175570566663,0.16410446166992188,0.0,0.01316070556640625,-0.0073261260986328125,0.007061921109852584,-0.14847373962402344,0.0,0.7298765182495117,-0.4945049285888672,0.7390225946911976,1.4358978271484375,0.0,-1.0140423774719238,0.8974361419677734,-1.0751101550487667,-3.3113555908203125,0.0,0.08273792266845703,0.0061054229736328125,0.04322380508003187,-0.6739959716796875,0.0,-0.5082197189331055,0.33577537536621094,-0.38707517495358823,1.7875442504882812,0.0,0.07084941864013672,-0.0061054229736328125,0.052480751039742486,-0.20513153076171875,0.0,0.041008949279785156,-0.021978378295898438,0.032311576641613694,-0.08596038818359375,0.0,-0.2840089797973633,0.16849899291992188,-0.254450511191321,0.19536209106445312,0.0,-0.014429330825805664,0.015343666076660156,-0.014054683194867268,0.0006105005741119385,0.0,0.0,0.0,4.4103995744384856e-23,0.0,0.0,-0.16303212940692902,0.09699185192584991,0.023966260254383087,-0.7119281888008118,0.09699185192584991,0.023966260254383087,-0.7119281888008118
3.2603,1788396532.9647,ramp,0,-0.008243,-0.013630836601406546,0.014287463935300804,-0.08483806748210614,-0.028478069230914116,-0.005172412376850843,0.9988981485366821,-0.036943405866622925,-0.12108707427978516,-0.0061054229736328125,-0.07801640195761306,7.648353576660156,0.0,0.22328662872314453,-0.15262603759765625,0.1835680256450806,-3.25274658203125,0.0,1.4029016494750977,-0.6166057586669922,1.2447669759011275,-11.457870483398438,0.0,0.5847258567810059,-0.11599540710449219,0.46406096151774,-11.340660095214844,0.0,-0.3833937644958496,-0.018314361572265625,-0.2734378143249089,11.106224060058594,0.0,0.058194637298583984,-0.07936477661132812,-0.02037016118060879,-7.120880126953125,0.0,-0.09961128234863281,-0.03052520751953125,-0.17584371095197893,-13.391937255859375,0.0,-0.14006948471069336,-0.0061054229736328125,-0.024832847252994797,11.457870483398438,0.0,-1.3572659492492676,0.7875461578369141,-1.2805021451222167,2.4908447265625,0.0,0.5275859832763672,-0.07936477661132812,0.5185665546373618,-0.3223419189453125,0.0,-0.38051748275756836,0.11599540710449219,-0.25295588978697675,11.868133544921875,0.0,0.04649782180786133,0.07936477661132812,0.1082826560832374,5.831504821777344,0.0,-1.3668532371520996,0.6166057586669922,-1.2137140377099012,2.5494537353515625,0.0,0.19542871931715544,-0.09257195918064783,0.12146470497224124,-3.214593981319829,0.0,0.1262192726291204,0.012182525678809134,0.017733828258272064,-6.305739997508598,0.0,-0.06317996978759766,-0.0061054229736328125,-0.03799294029978284,0.380950927734375,0.0,-0.09405088424682617,-0.0061054229736328125,-0.051537667160667364,0.615386962890625,0.0,-0.3070793151855469,0.16483497619628906,-0.26996233770015293,0.4395599365234375,0.0,-0.19874334335327148,0.07936477661132812,-0.159883977231357,0.4981689453125,0.0,-0.36326074600219727,0.20146560668945312,-0.3270729637874294,0.380950927734375,0.0,-0.11806678771972656,0.03663063049316406,-0.10039139778136762,0.19536209106445312,0.0,0.01316070556640625,-0.0073261260986328125,0.006983692276561041,-0.14847373962402344,0.0,0.7193307876586914,-0.4945049285888672,0.7305637312496841,1.4358978271484375,0.0,-0.9954438209533691,0.8852252960205078,-1.0628044207035068,-3.3113555908203125,0.0,0.08273792266845703,0.0061054229736328125,0.04272902885327464,-0.6739959716796875,0.0,-0.5011253356933594,0.3235645294189453,-0.38264471327759964,1.6703262329101562,0.0,0.07027435302734375,-0.05494499206542969,0.05187902550234082,-0.14652252197265625,0.0,0.040627479553222656,-0.0073261260986328125,0.03193973225587153,-0.10158920288085938,0.0,-0.2805747985839844,0.15384674072265625,-0.25153241951502747,0.22661972045898438,0.0,-0.014333248138427734,0.009205818176269531,-0.013893813017198256,0.0013431012630462646,0.0,0.0,0.0,4.437817464174145e-23,0.0,0.0,-0.16179297864437103,0.10662412643432617,0.06424234807491302,-0.6923899054527283,0.10662412643432617,0.06424234807491302,-0.6923899054527283
3.2804,1788396532.9847,ramp,0,-0.008537,-0.006365390369709769,0.03487936878190274,-0.08246772927625952,-0.028732050210237503,-0.005303648766130209,0.9989214539527893,-0.03608568012714386,-0.1208953857421875,-0.0061054229736328125,-0.07800386136190442,7.589744567871094,0.0,0.2198352813720703,-0.1892547607421875,0.1832846026798365,-2.8424911499023438,0.0,1.3906292915344238,-0.6166057586669922,1.2336472383881627,-11.340652465820312,0.0,0.5820417404174805,-0.15262603759765625,0.4614192628583299,-11.164833068847656,0.0,-0.3839688301086426,-0.018314361572265625,-0.2716669456718487,11.282051086425781,0.0,0.05608558654785156,-0.06715583801269531,-0.021740088475658448,-7.120880126953125,0.0,-0.10076189041137695,-0.04273414611816406,-0.17670594928816774,-13.098907470703125,0.0,-0.14006948471069336,-0.0061054229736328125,-0.026112223115936195,11.5164794921875,0.0,-1.3411593437194824,0.7753353118896484,-1.2667237935740334,2.3150177001953125,0.0,0.5258603096008301,-0.07936477661132812,0.516053810513648,-0.20513153076171875,0.0,-0.37840843200683594,0.09157562255859375,-0.2511946782029948,11.926742553710938,0.0,0.04803180694580078,0.05494499206542969,0.10856499086316101,5.890106201171875,0.0,-1.3549652099609375,0.628814697265625,-1.199713432339083,2.4322357177734375,0.0,0.193246953261766,-0.07875973701968411,0.12006356817398164,-3.438227500077898,0.0,0.12646085952766725,0.0071821035661506875,0.01752926250106472,-6.367796384233442,0.0,-0.06317996978759766,-0.0061054229736328125,-0.03755465664804776,0.380950927734375,0.0,-0.09405088424682617,-0.0061054229736328125,-0.05094316517741758,0.8498153686523438,0.0,-0.3047785758972168,0.10378456115722656,-0.26684822613432096,0.5567779541015625,0.0,-0.19701766967773438,0.10378456115722656,-0.1580396841969222,0.4395599365234375,0.0,-0.3596177101135254,0.20146560668945312,-0.3233048261062371,0.3223419189453125,0.0,-0.11692237854003906,0.05128288269042969,-0.09923536986872618,0.1797332763671875,0.0,0.01316070556640625,-0.0073261260986328125,0.006905755363334004,-0.16410255432128906,0.0,0.7110857963562012,-0.4456653594970703,0.7221364330489854,1.377288818359375,0.0,-0.9799118041992188,0.873016357421875,-1.0505446066489212,-3.369964599609375,0.0,0.08273792266845703,0.0061054229736328125,0.04223609894202479,-0.7325973510742188,0.0,-0.4951810836791992,0.3113555908203125,-0.378230784388869,1.6703262329101562,0.0,0.06950759887695312,-0.018314361572265625,0.05127954537434003,-0.20513153076171875,0.0,0.040627479553222656,-0.0073261260986328125,0.031569275451057074,-0.117218017578125,0.0,-0.2775230407714844,0.15384674072265625,-0.24862521703999826,0.19536209106445312,0.0,-0.014141559600830078,0.009205818176269531,-0.013733543145460787,0.0010989010334014893,0.0,0.0,0.0,4.465133040839245e-23,0.0,0.0,-0.16048793494701385,0.11485923081636429,0.05401298776268959,-0.7021820545196533,0.11485923081636429,0.05401298776268959,-0.7021820545196533
3.3001,1788396533.0045,ramp,0,-0.008686,0.007710912459026223,0.01817050260744765,-0.07058301504950942,-0.02893141284584999,-0.005362789612263441,0.998943030834198,-0.03531396761536598,-0.12051153182983398,0.018314361572265625,-0.07799151083194644,7.531135559082031,0.0,0.2163839340209961,-0.1892547607421875,0.18300547528394948,-2.5494537353515625,0.0,1.379316806793213,-0.5799751281738281,1.222696032044427,-11.340652465820312,0.0,0.5789737701416016,-0.1770458221435547,0.45881760188535814,-10.989013671875,0.0,-0.38416051864624023,-0.0061054229736328125,-0.2699229163721728,11.457878112792969,0.0,0.0541682243347168,-0.09157562255859375,-0.023089253099959406,-7.003662109375,0.0,-0.10133695602416992,-0.03052520751953125,-0.1775551195069858,-13.333328247070312,0.0,-0.14006948471069336,-0.0061054229736328125,-0.02737220870911508,11.399261474609375,0.0,-1.3269705772399902,0.7753353118896484,-1.2531542672516036,2.4908447265625,0.0,0.524134635925293,-0.07936477661132812,0.5135791496364719,-0.26373291015625,0.0,-0.37649106979370117,0.09157562255859375,-0.24946015960948695,11.868133544921875,0.0,0.04956626892089844,0.07936477661132812,0.10884304656630614,5.655677795410156,0.0,-1.3428850173950195,0.6410255432128906,-1.1859250206814989,2.4322357177734375,0.0,0.19113646297910486,-0.07845124873129294,0.11868366705890118,-3.508033909075286,0.0,0.12661589800601641,0.018416940030695418,0.017327797150337852,-6.433905046433017,0.0,-0.06317996978759766,-0.0061054229736328125,-0.03712301564018757,0.380950927734375,0.0,-0.09405088424682617,-0.0061054229736328125,-0.05035767348908072,0.7912063598632812,0.0,-0.30228614807128906,0.14041519165039062,-0.26378131216309825,0.4981689453125,0.0,-0.19529199600219727,0.10378456115722656,-0.1562233433386185,0.4395599365234375,0.0,-0.3559741973876953,0.1892547607421875,-0.3195937984646017,0.380950927734375,0.0,-0.11577796936035156,0.03663063049316406,-0.0980968627595706,0.21099090576171875,0.0,0.01316070556640625,-0.0073261260986328125,0.006828999664960011,-0.14847373962402344,0.0,0.7020735740661621,-0.4822959899902344,0.7138368593037921,1.4945068359375,0.0,-0.9632306098937988,0.873016357421875,-1.0384706028074582,-3.4871826171875,0.0,0.08273792266845703,0.0061054229736328125,0.04175063989545985,-0.7325973510742188,0.0,-0.4882783889770508,0.3601951599121094,-0.3738837531760632,1.5531158447265625,0.0,0.06893205642700195,-0.03052520751953125,0.0506891509902054,-0.20513153076171875,0.0,0.040246009826660156,-0.0073261260986328125,0.031204433303818075,-0.10158920288085938,0.0,-0.2744712829589844,0.15384674072265625,-0.24576207623744387,0.21099090576171875,0.0,-0.013949871063232422,0.0030689239501953125,-0.013575702330060717,0.0010989010334014893,0.0,0.0,0.0,4.4920346215743e-23,0.0,0.0,-0.1593368649482727,0.09738221019506454,0.046584319323301315,-0.7054818272590637,0.09738221019506454,0.046584319323301315,-0.7054818272590637
3.3203,1788396533.0249,ramp,0,-0.008731,0.002352432868779365,0.02347240276817226,-0.06604170537373304,-0.029141800478100777,-0.005372978746891022,0.9989604353904724,-0.034638918936252594,-0.12012815475463867,0.0061054229736328125,-0.07797893290286477,7.120880126953125,0.0,0.21274089813232422,-0.1770458221435547,0.1827212085680951,-2.3150177001953125,0.0,1.3674287796020508,-0.5799751281738281,1.2115431910555141,-11.164840698242188,0.0,0.5759053230285645,-0.15262603759765625,0.45616803888491203,-10.930404663085938,0.0,-0.3843522071838379,-0.0061054229736328125,-0.26814677584036584,11.633697509765625,0.0,0.051867008209228516,-0.07936477661132812,-0.024463258670706603,-6.9450531005859375,0.0,-0.10172033309936523,-0.018314361572265625,-0.17841992472804852,-13.567764282226562,0.0,-0.14006948471069336,-0.0061054229736328125,-0.028655393275999176,11.22344970703125,0.0,-1.3125896453857422,0.7142848968505859,-1.2393348975293363,2.5494537353515625,0.0,0.5224089622497559,-0.09157562255859375,0.5110589250695762,-0.3223419189453125,0.0,-0.37476539611816406,0.07936477661132812,-0.247693704895868,11.926742553710938,0.0,0.0514836311340332,0.09157562255859375,0.10912622185731068,5.421241760253906,0.0,-1.3298463821411133,0.628814697265625,-1.1718827354866195,2.6080551147460938,0.0,0.18910118500249834,-0.074243957139265,0.11727835907420424,-3.437152756544394,0.0,0.12686186944785613,0.0016716197173667407,0.017122622400551717,-6.25003948047708,0.0,-0.06317996978759766,-0.0061054229736328125,-0.03668342721733657,0.4395599365234375,0.0,-0.09405088424682617,-0.0061054229736328125,-0.04976140167249804,0.7912063598632812,0.0,-0.29921817779541016,0.14041519165039062,-0.26065792988226966,0.5567779541015625,0.0,-0.1933746337890625,0.11599540710449219,-0.15437355984093898,0.4395599365234375,0.0,-0.3525228500366211,0.1892547607421875,-0.31581444303164574,0.3223419189453125,0.0,-0.11425209045410156,0.0659332275390625,-0.09693739335002721,0.16410446166992188,0.0,0.01316070556640625,-0.0073261260986328125,0.006750830733420539,-0.14847373962402344,0.0,0.6924867630004883,-0.5189247131347656,0.7053844730231843,1.4945068359375,0.0,-0.9463567733764648,0.8363857269287109,-1.0261742912672793,-3.5457839965820312,0.0,0.08273792266845703,0.0061054229736328125,0.041256242531094146,-0.7912063598632812,0.0,-0.4811835289001465,0.3601951599121094,-0.3694566840141352,1.4358978271484375,0.0,0.06835699081420898,-0.018314361572265625,0.05008788620892702,-0.20513153076171875,0.0,0.040246009826660156,0.0073261260986328125,0.03083287364851694,-0.13284683227539062,0.0,-0.2714195251464844,0.13919448852539062,-0.24284621901610468,0.19536209106445312,0.0,-0.013854026794433594,0.009205818176269531,-0.013414955334664701,0.0010989010334014893,0.0,0.0,0.0,4.5194315167538064e-23,0.0,0.0,-0.15833039581775665,0.10017888247966766,0.036033742129802704,-0.6903690099716187,0.10017888247966766,0.036033742129802704,-0.6903690099716187
3.3402,1788396533.0445,ramp,0,-0.008769,0.008133356386940042,0.029923038739751134,-0.06819231198370211,-0.029423881322145462,-0.005380990449339151,0.9989758729934692,-0.03395018354058266,-0.11936140060424805,0.018314361572265625,-0.07796646889300078,7.23809814453125,0.0,0.2089061737060547,-0.1770458221435547,0.1824395164765426,-1.9047622680664062,0.0,1.3553485870361328,-0.5799751281738281,1.200491362157864,-11.457870483398438,0.0,0.5722622871398926,-0.16483497619628906,0.4535424731690925,-10.871795654296875,0.0,-0.38454437255859375,0.0061054229736328125,-0.2663867219424195,11.809524536132812,0.0,0.04956626892089844,-0.128204345703125,-0.025824819773156815,-6.652015686035156,0.0,-0.10191202163696289,-0.018314361572265625,-0.17927689734538263,-13.450546264648438,0.0,-0.14006948471069336,-0.0061054229736328125,-0.029926955947017844,11.047622680664062,0.0,-1.2978253364562988,0.6532363891601562,-1.225640690842834,2.4908447265625,0.0,0.5206832885742188,-0.10378456115722656,0.5085615263597161,-0.380950927734375,0.0,-0.37303972244262695,0.06715583801269531,-0.2459432490909505,12.043960571289062,0.0,0.053592681884765625,0.06715583801269531,0.10940683240912752,5.3040313720703125,0.0,-1.3169994354248047,0.6532363891601562,-1.157967632289139,2.25640869140625,0.0,0.18728292030292518,-0.07843212183145967,0.115885779066042,-3.4201043404363465,0.0,0.12702981317163253,0.018290945387748316,0.016919305933383505,-6.5083116290930585,0.0,-0.06260490417480469,-0.0061054229736328125,-0.03624782017877422,0.4981689453125,0.0,-0.09405088424682617,-0.0061054229736328125,-0.0491705303330865,0.8498153686523438,0.0,-0.2963418960571289,0.1770458221435547,-0.2575628363017205,0.4395599365234375,0.0,-0.19107389450073242,0.16483497619628906,-0.15254052996681322,0.380950927734375,0.0,-0.3494548797607422,0.1770458221435547,-0.3120693174954745,0.380950927734375,0.0,-0.11348915100097656,0.03663063049316406,-0.09578842533917942,0.22661972045898438,0.0,0.01316070556640625,-0.0073261260986328125,0.0066733697835742005,-0.14847373962402344,0.0,0.6830911636352539,-0.47008514404296875,0.6970086406193164,1.4945068359375,0.0,-0.9292917251586914,0.7631263732910156,-1.0139893483142364,-3.4285736083984375,0.0,0.08273792266845703,0.0061054229736328125,0.040766322959583094,-0.7325973510742188,0.0,-0.47523975372314453,0.23809432983398438,-0.3650697111393016,1.6703262329101562,0.0,0.06759023666381836,-0.018314361572265625,0.04949206712646385,-0.26373291015625,0.0,0.039864540100097656,0.0073261260986328125,0.030464679236013408,-0.13284683227539062,0.0,-0.2683677673339844,0.15384674072265625,-0.23995677092550122,0.1797332763671875,0.0,-0.013662338256835938,0.009205818176269531,-0.013255664236486739,0.0013431012630462646,0.0,0.0,0.0,4.546580276262865e-23,0.0,0.0,-0.1573501080274582,0.1075223907828331,0.050482552498579025,-0.7140805721282959,0.1075223907828331,0.050482552498579025,-0.7140805721282959
3.3601,1788396533.0645,ramp,0,-0.008705,0.01693749647344379,0.02360632648148962,-0.07088843801464949,-0.029752928763628006,-0.005340314004570246,0.9989888072013855,-0.033282019197940826,-0.11878585815429688,0.03052520751953125,-0.07795402775984198,7.0622711181640625,0.0,0.20564651489257812,-0.1892547607421875,0.18215834140856435,-1.611724853515625,0.0,1.3448028564453125,-0.5189247131347656,1.1894598180188225,-11.692306518554688,0.0,0.5688109397888184,-0.16483497619628906,0.45092172647166806,-10.813186645507812,0.0,-0.3847360610961914,0.0061054229736328125,-0.2646298984843206,11.868133544921875,0.0,0.0470733642578125,-0.11599540710449219,-0.0271838818377962,-6.476188659667969,0.0,-0.1022958755493164,-0.03052520751953125,-0.18013229705719694,-13.567764282226562,0.0,-0.14026117324829102,-0.0061054229736328125,-0.03119618476523476,10.989013671875,0.0,-1.2849783897399902,0.7264957427978516,-1.211971618790567,2.6080551147460938,0.0,0.518765926361084,-0.11599540710449219,0.5060687114278395,-0.26373291015625,0.0,-0.37169742584228516,0.06715583801269531,-0.24419600610933917,12.102569580078125,0.0,0.055318355560302734,0.09157562255859375,0.1096869279224508,5.010986328125,0.0,-1.3041529655456543,0.6166057586669922,-1.1440780691639838,2.7252731323242188,0.0,0.18539423684524295,-0.060435428124174594,0.11449575502844087,-3.4968588417042232,0.0,0.12728105497207168,-0.003293932391080402,0.016716362637524396,-6.447049378038871,0.0,-0.06260490417480469,-0.0061054229736328125,-0.03581301266250879,0.4395599365234375,0.0,-0.09405088424682617,-0.0061054229736328125,-0.04858074349132686,0.8498153686523438,0.0,-0.2936568260192871,0.16483497619628906,-0.2544734235208592,0.4981689453125,0.0,-0.18877267837524414,0.128204345703125,-0.15071086447417248,0.380950927734375,0.0,-0.34600353240966797,0.20146560668945312,-0.30833106584127923,0.380950927734375,0.0,-0.11234474182128906,0.03663063049316406,-0.09464156616832227,0.19536209106445312,0.0,0.01316070556640625,-0.0073261260986328125,0.006596051007180219,-0.16410255432128906,0.0,0.672736644744873,-0.5067157745361328,0.6886481813939541,1.5531158447265625,0.0,-0.9128012657165527,0.8119659423828125,-1.0018267698611105,-3.6043930053710938,0.0,0.08273792266845703,0.0061054229736328125,0.040277302596731325,-0.7912063598632812,0.0,-0.4700627326965332,0.27472496032714844,-0.3606907902065143,1.5531158447265625,0.0,0.06720638275146484,-0.018314361572265625,0.04889734162284396,-0.20513153076171875,0.0,0.039864540100097656,-0.0073261260986328125,0.03009716061525872,-0.13284683227539062,0.0,-0.2653160095214844,0.124542236328125,-0.23707262618853928,0.21099090576171875,0.0,-0.01347041130065918,0.015343666076660156,-0.013096665504532045,0.0006105005741119385,0.0,0.0,0.0,4.573679206369182e-23,0.0,0.0,-0.1562041938304901,0.09153778851032257,0.017253825441002846,-0.6864999532699585,0.09153778851032257,0.017253825441002846,-0.6864999532699585
3.3810,1788396533.0853,ramp,0,-0.008644,0.013021520948455932,0.04356339406146011,-0.07378816271093341,-0.030109796673059464,-0.005299595184624195,0.9990020394325256,-0.03256083279848099,-0.1178274154663086,0.018314361572265625,-0.07794097749503871,6.886444091796875,0.0,0.2018117904663086,-0.1892547607421875,0.18186339969816329,-1.1428604125976562,0.0,1.3329148292541504,-0.5189247131347656,1.1778881572733337,-11.5164794921875,0.0,0.5657429695129395,-0.14041519165039062,0.44817266511632,-10.813186645507812,0.0,-0.3847360610961914,-0.0061054229736328125,-0.26278705900594795,12.102561950683594,0.0,0.04458045959472656,-0.10378456115722656,-0.02860948508479884,-6.534797668457031,0.0,-0.10267925262451172,-0.04273414611816406,-0.18102957808532363,-13.567764282226562,0.0,-0.14026117324829102,-0.0061054229736328125,-0.03252755643067776,10.871795654296875,0.0,-1.2704057693481445,0.7631263732910156,-1.1976332938470362,2.0805892944335938,0.0,0.5174236297607422,-0.14041519165039062,0.5034538455188253,-0.20513153076171875,0.0,-0.3707389831542969,0.04273414611816406,-0.24236321617818274,12.27838134765625,0.0,0.057619571685791016,0.09157562255859375,0.10998073722200657,4.9523773193359375,0.0,-1.2903470993041992,0.6410255432128906,-1.1295084576606835,2.25640869140625,0.0,0.18350078371051634,-0.0736122657001252,0.11303767387602368,-3.3323748796616917,0.0,0.12735392104233947,0.024054644607021305,0.016503483013361735,-6.583039776775561,0.0,-0.06241321563720703,-0.0061054229736328125,-0.035356916489172045,0.4395599365234375,0.0,-0.09405088424682617,-0.0061054229736328125,-0.04796208003324919,0.9084243774414062,0.0,-0.29039764404296875,0.15262603759765625,-0.25123274967209286,0.4981689453125,0.0,-0.18608856201171875,0.15262603759765625,-0.14879161653465373,0.3223419189453125,0.0,-0.3417854309082031,0.25030517578125,-0.3044097852500592,0.26373291015625,0.0,-0.11120033264160156,0.05128288269042969,-0.09343855550356461,0.1797332763671875,0.0,0.01277923583984375,-0.021978378295898438,0.006514946617947796,-0.14847373962402344,0.0,0.6618075370788574,-0.5433464050292969,0.6798783848348308,1.7289352416992188,0.0,-0.8955445289611816,0.7264957427978516,-0.9890686981101332,-3.6630020141601562,0.0,0.08273792266845703,0.0061054229736328125,0.0397643392558578,-0.7325973510742188,0.0,-0.46450185775756836,0.28693580627441406,-0.3560974724599801,1.611724853515625,0.0,0.06624794006347656,-0.06715583801269531,0.048273497700557194,-0.14652252197265625,0.0,0.039864540100097656,0.0073261260986328125,0.029711647876205973,-0.14847564697265625,0.0,-0.2622642517089844,0.16849899291992188,-0.23404727053421195,0.1797332763671875,0.0,-0.013374567031860352,0.0030689239501953125,-0.012929882018743222,0.004029303789138794,0.0,0.0,0.0,4.602104930076005e-23,0.0,0.0,-0.15504151582717896,0.11484473198652267,0.05721650272607803,-0.7055339813232422,0.11484473198652267,0.05721650272607803,-0.7055339813232422
3.4004,1788396533.1047,ramp,0,-0.008430,0.014569315844199057,0.0523629734845971,-0.07139241628381177,-0.030599988996982574,-0.005181888118386269,0.9990155100822449,-0.03169790655374527,-0.11763572692871094,-0.0061054229736328125,-0.07792886422278457,6.886444091796875,0.0,0.19874334335327148,-0.1770458221435547,0.18158963443048037,-1.0256423950195312,0.0,1.322176456451416,-0.5799751281738281,1.1671473271709498,-11.399261474609375,0.0,0.5630588531494141,-0.128204345703125,0.4456209828981618,-11.047622680664062,0.0,-0.3851194381713867,-0.0061054229736328125,-0.2610765330772576,12.395606994628906,0.0,0.04189634323120117,-0.09157562255859375,-0.029932731817160177,-6.417579650878906,0.0,-0.10344600677490234,-0.04273414611816406,-0.18186243546761066,-13.5091552734375,0.0,-0.14026117324829102,-0.0061054229736328125,-0.03376333729015604,10.5201416015625,0.0,-1.255640983581543,0.7387065887451172,-1.1843244425456987,2.4322357177734375,0.0,0.5164647102355957,-0.128204345703125,0.5010267236832507,-0.6739959716796875,0.0,-0.3701634407043457,0.03052520751953125,-0.2406620182518967,12.454208374023438,0.0,0.059345245361328125,0.10378456115722656,0.11025345138451427,4.659339904785156,0.0,-1.2780756950378418,0.6776561737060547,-1.1159849258827843,2.4908447265625,0.0,0.18161733953926384,-0.0742149963520449,0.1116842811108835,-3.254584594782273,0.0,0.12777915933051587,0.0014831593167184557,0.01630588787765212,-6.525956788536716,0.0,-0.06222105026245117,-0.0061054229736328125,-0.03493356744568516,0.4981689453125,0.0,-0.09405088424682617,-0.0061054229736328125,-0.047387835830976326,0.8498153686523438,0.0,-0.2871379852294922,0.1892547607421875,-0.2482247521173419,0.4395599365234375,0.0,-0.18302059173583984,0.16483497619628906,-0.1470101681759332,0.26373291015625,0.0,-0.3375668525695801,0.21367454528808594,-0.300770047658332,0.3223419189453125,0.0,-0.11005592346191406,0.03663063049316406,-0.09232191948685846,0.21099090576171875,0.0,0.01277923583984375,-0.0073261260986328125,0.0064396654215436696,-0.14847373962402344,0.0,0.6508779525756836,-0.5189247131347656,0.6717382486049698,1.611724853515625,0.0,-0.8802046775817871,0.7142848968505859,-0.9772266398157184,-3.7216110229492188,0.0,0.08273792266845703,0.0061054229736328125,0.03928820603572157,-0.7325973510742188,0.0,-0.4591331481933594,0.25030517578125,-0.35183394913287064,1.611724853515625,0.0,0.06490564346313477,-0.05494499206542969,0.04769444498486994,-0.14652252197265625,0.0,0.039864540100097656,0.0073261260986328125,0.029353814465467205,-0.14847564697265625,0.0,-0.2592124938964844,0.13919448852539062,-0.2312391315991776,0.21099090576171875,0.0,-0.013182878494262695,0.0030689239501953125,-0.012775073376825555,0.002808302640914917,0.0,0.0,0.0,4.6284897226816226e-23,0.0,0.0,-0.1535388082265854,0.12986674904823303,0.037795502692461014,-0.7431026101112366,0.12986674904823303,0.037795502692461014,-0.7431026101112366
3.4203,1788396533.1248,ramp,0,-0.008200,0.020598675101435624,0.05351224400826399,-0.08020174537325196,-0.0311786700040102,-0.005058694630861282,0.9990248680114746,-0.03084847703576088,-0.11744403839111328,0.0061054229736328125,-0.07791640633203928,7.003662109375,0.0,0.1951003074645996,-0.1770458221435547,0.18130808063369525,-0.6739959716796875,0.0,1.3110556602478027,-0.5799751281738281,1.1561009240916045,-11.282058715820312,0.0,0.5597991943359375,-0.16483497619628906,0.4429967061855157,-10.695968627929688,0.0,-0.3853111267089844,-0.0061054229736328125,-0.25931734326549516,12.5128173828125,0.0,0.03921175003051758,-0.11599540710449219,-0.0312936244706848,-6.1831512451171875,0.0,-0.10459661483764648,-0.04273414611816406,-0.18271898736021613,-13.567764282226562,0.0,-0.14026117324829102,-0.0061054229736328125,-0.035034275696351216,10.461532592773438,0.0,-1.2403016090393066,0.7264957427978516,-1.1706369589344443,2.1977996826171875,0.0,0.5155057907104492,-0.05494499206542969,0.49853055105386646,-1.0842514038085938,0.0,-0.36958837509155273,0.018314361572265625,-0.23891242182104622,12.630035400390625,0.0,0.06126260757446289,0.10378456115722656,0.11053392417253811,4.542121887207031,0.0,-1.2648448944091797,0.6654453277587891,-1.102076654208153,2.5494537353515625,0.0,0.17987541772925011,-0.06429467936029329,0.11029238478016228,-3.2438480820934323,0.0,0.12803426394828754,0.024447566313421976,0.016102671227285217,-6.657682729369168,0.0,-0.06222105026245117,-0.0061054229736328125,-0.03449817426535979,0.4981689453125,0.0,-0.09405088424682617,-0.0061054229736328125,-0.04679725457572721,0.9084243774414062,0.0,-0.2840700149536133,0.20146560668945312,-0.24513117805139611,0.380950927734375,0.0,-0.17976093292236328,0.1770458221435547,-0.14517803821503775,0.20513153076171875,0.0,-0.33411550521850586,0.20146560668945312,-0.29702676076541845,0.3223419189453125,0.0,-0.10891151428222656,0.08058547973632812,-0.0911735155538409,0.14847564697265625,0.0,0.01277923583984375,-0.021978378295898438,0.0063622425006103255,-0.14847373962402344,0.0,0.6414823532104492,-0.5311355590820312,0.6633665282575945,1.7289352416992188,0.0,-0.8658242225646973,0.6776561737060547,-0.9650476789754218,-3.6630020141601562,0.0,0.08273792266845703,0.0061054229736328125,0.03879852698680669,-0.7912063598632812,0.0,-0.454531192779541,0.2625160217285156,-0.3474491300117684,1.611724853515625,0.0,0.06394672393798828,-0.05494499206542969,0.04709891841562913,-0.14652252197265625,0.0,0.039483070373535156,-0.0073261260986328125,0.02898580081544213,-0.14847564697265625,0.0,-0.2561607360839844,0.13919448852539062,-0.22835110206295872,0.16410446166992188,0.0,-0.013087034225463867,0.015343666076660156,-0.012615860481501097,0.0032967031002044678,0.0,0.0,0.0,4.655625153696578e-23,0.0,0.0,-0.15203846991062164,0.11662453413009644,0.05445164814591408,-0.7362961769104004,0.11662453413009644,0.05445164814591408,-0.7362961769104004
3.4401,1788396533.1444,ramp,0,-0.007930,0.025898594536099488,0.061812580595552,-0.0709227761479547,-0.03178732842206955,-0.004918405786156654,0.9990293979644775,-0.03009209781885147,-0.11706018447875977,0.0061054229736328125,-0.07790405708189696,6.710624694824219,0.0,0.19145727157592773,-0.15262603759765625,0.18102898216220395,-0.26373291015625,0.0,1.300126075744629,-0.5433464050292969,1.145150852559538,-11.5164794921875,0.0,0.5565395355224609,-0.16483497619628906,0.44039531480797844,-10.75457763671875,0.0,-0.38550281524658203,0.0061054229736328125,-0.2575734946897267,12.74725341796875,0.0,0.036527156829833984,-0.10378456115722656,-0.03264264928867479,-6.0659332275390625,0.0,-0.10536336898803711,-0.05494499206542969,-0.18356806958431987,-13.450546264648438,0.0,-0.14026117324829102,-0.0061054229736328125,-0.036294130724338514,10.22711181640625,0.0,-1.226304054260254,0.7020759582519531,-1.1570688387453973,2.25640869140625,0.0,0.5143551826477051,-0.04273414611816406,0.4960561466118221,-1.26007080078125,0.0,-0.3692049980163574,0.0061054229736328125,-0.237178082965905,12.805862426757812,0.0,0.06337165832519531,0.07936477661132812,0.11081195106234099,4.366302490234375,0.0,-1.251997947692871,0.6898651123046875,-1.0882896713658023,2.373626708984375,0.0,0.17835972794546087,-0.07388913391957536,0.10891262665644175,-3.3133811712172423,0.0,0.12856537021756698,0.01262633044317975,0.015901226753274923,-6.723008222164593,0.0,-0.06222105026245117,-0.0061054229736328125,-0.03406657798601967,0.4981689453125,0.0,-0.09405088424682617,-0.0061054229736328125,-0.046211823558587606,0.9084243774414062,0.0,-0.28023529052734375,0.21367454528808594,-0.24206458188714872,0.380950927734375,0.0,-0.1770763397216797,0.128204345703125,-0.14336188557387994,0.26373291015625,0.0,-0.330472469329834,0.1770458221435547,-0.2933161176766205,0.380950927734375,0.0,-0.10776710510253906,0.03663063049316406,-0.09003512642174762,0.19536209106445312,0.0,0.01277923583984375,-0.0073261260986328125,0.006285494755995897,-0.14847373962402344,0.0,0.6313199996948242,-0.5311355590820312,0.6550678145503587,1.7289352416992188,0.0,-0.8510594367980957,0.6898651123046875,-0.9529749262947922,-3.7216110229492188,0.0,0.08273792266845703,0.0061054229736328125,0.038313118245621246,-0.7912063598632812,0.0,-0.4493536949157715,0.2625160217285156,-0.3431025492572586,1.611724853515625,0.0,0.06298828125,-0.04273414611816406,0.04650858521073043,-0.14652252197265625,0.0,0.039483070373535156,-0.0073261260986328125,0.0286209964747345,-0.14847564697265625,0.0,-0.2531089782714844,0.13919448852539062,-0.22548825795151686,0.16410446166992188,0.0,-0.012991189956665039,0.0030689239501953125,-0.012458036022253365,0.005250304937362671,0.0,0.0,0.0,4.682523946772741e-23,0.0,0.0,-0.15072812139987946,0.1376379132270813,0.04333394765853882,-0.7536420822143555,0.1376379132270813,0.04333394765853882,-0.7536420822143555
3.4604,1788396533.1650,ramp,0,-0.007519,0.033444732225055465,0.08751055795837905,-0.10789956946121439,-0.03257259726524353,-0.004705829545855522,0.9990326166152954,-0.029165582731366158,-0.11686849594116211,-0.0061054229736328125,-0.07789134261685496,6.9450531005859375,0.0,0.18743038177490234,-0.11599540710449219,0.1807416296737402,-0.26373291015625,0.0,1.2882380485534668,-0.5555553436279297,1.1338769452293305,-11.5164794921875,0.0,0.5525131225585938,-0.1892547607421875,0.4377169902660728,-10.402931213378906,0.0,-0.38550281524658203,0.0061054229736328125,-0.2557780737937484,12.805862426757812,0.0,0.033843040466308594,-0.128204345703125,-0.03403156996737827,-5.772895812988281,0.0,-0.1067056655883789,-0.10378456115722656,-0.18444226244070802,-13.216110229492188,0.0,-0.14026117324829102,-0.0061054229736328125,-0.037591244518840314,10.344329833984375,0.0,-1.212498664855957,0.628814697265625,-1.1430994569739186,2.6080551147460938,0.0,0.5133967399597168,-0.04273414611816406,0.4935085644982835,-1.26007080078125,0.0,-0.36901330947875977,0.018314361572265625,-0.23539245302962725,12.864471435546875,0.0,0.06528902053833008,0.09157562255859375,0.11109820027831772,4.24908447265625,0.0,-1.2383842468261719,0.6898651123046875,-1.0740949543292377,2.373626708984375,0.0,0.17670347141264298,-0.06844808393718435,0.10749206376976343,-3.3748011809798477,0.0,0.12926329202280695,0.04090059954044129,0.015693824790144015,-6.916381028544445,0.0,-0.06183767318725586,0.018314361572265625,-0.03362221774206202,0.4395599365234375,0.0,-0.09405088424682617,-0.0061054229736328125,-0.045609079091016476,0.9084243774414062,0.0,-0.2760167121887207,0.16483497619628906,-0.2389072946608824,0.380950927734375,0.0,-0.17496728897094727,0.10378456115722656,-0.141492022302762,0.3223419189453125,0.0,-0.32663774490356445,0.22588539123535156,-0.289495736577184,0.26373291015625,0.0,-0.10624122619628906,0.08058547973632812,-0.08886307073760423,0.16410446166992188,0.0,0.01239776611328125,-0.0073261260986328125,0.006206477284918041,-0.14847373962402344,0.0,0.6211576461791992,-0.5433464050292969,0.6465236759096822,1.8461532592773438,0.0,-0.8372540473937988,0.6532363891601562,-0.940545135809556,-3.6630020141601562,0.0,0.08273792266845703,0.0061054229736328125,0.03781335409801985,-0.7912063598632812,0.0,-0.44379329681396484,0.27472496032714844,-0.3386274233655137,1.5531158447265625,0.0,0.062029361724853516,-0.03052520751953125,0.045900793578823484,-0.14652252197265625,0.0,0.039101600646972656,-0.0073261260986328125,0.028245403464337134,-0.14847564697265625,0.0,-0.2504386901855469,0.13919448852539062,-0.2225407485111712,0.22661972045898438,0.0,-0.012799263000488281,0.0030689239501953125,-0.012295544085758836,0.005250304937362671,0.0,0.0,0.0,4.7102182407823315e-23,0.0,0.0,-0.14903603494167328,0.15199241042137146,0.07803640514612198,-0.7827829718589783,0.15199241042137146,0.07803640514612198,-0.7827829718589783
3.4831,1788396533.1874,ramp,0,-0.007046,0.020019033928990675,0.10133451951189758,-0.15464157528054936,-0.033688921481370926,-0.004452128428965807,0.9990385174751282,-0.027699552476406097,-0.11686849594116211,-0.0061054229736328125,-0.07787717379252783,6.886444091796875,0.0,0.18340396881103516,-0.20146560668945312,0.18042140802732765,0.615386962890625,0.0,1.2763500213623047,-0.5311355590820312,1.1213134585301834,-11.575088500976562,0.0,0.548102855682373,-0.16483497619628906,0.43473230236926247,-10.227104187011719,0.0,-0.38550281524658203,0.0061054229736328125,-0.25377728153199597,12.981681823730469,0.0,0.030966758728027344,-0.11599540710449219,-0.03557936399849527,-5.772895812988281,0.0,-0.10919904708862305,-0.10378456115722656,-0.18541645089215064,-12.805862426757812,0.0,-0.14026117324829102,0.018314361572265625,-0.03903673022554281,10.051284790039062,0.0,-1.198692798614502,0.6654453277587891,-1.1275321707668524,2.4908447265625,0.0,0.512054443359375,-0.06715583801269531,0.4906695741588234,-1.611724853515625,0.0,-0.3684377670288086,0.018314361572265625,-0.2334025716782066,13.040298461914062,0.0,0.06701469421386719,0.04273414611816406,0.11141719245310076,4.24908447265625,0.0,-1.2218942642211914,0.7142848968505859,-1.0582765576133804,2.1977996826171875,0.0,0.17483597638180923,-0.04472270570695206,0.10590900809888128,-3.361442245284926,0.0,0.13021069415407882,0.058992120844622783,0.015462698905492605,-7.048784323939124,0.0,-0.06126260757446289,-0.0061054229736328125,-0.033127028820326476,0.380950927734375,0.0,-0.09405088424682617,-0.0061054229736328125,-0.044937388976886816,1.0256423950195312,0.0,-0.27218198776245117,0.128204345703125,-0.23538885736041776,0.4395599365234375,0.0,-0.1730494499206543,0.07936477661132812,-0.13940827248578697,0.380950927734375,0.0,-0.32222700119018555,0.16483497619628906,-0.28523835661807817,0.380950927734375,0.0,-0.10509681701660156,0.05128288269042969,-0.08755694806273176,0.19536209106445312,0.0,0.01239776611328125,-0.0073261260986328125,0.006118421305938427,-0.14847373962402344,0.0,0.6090774536132812,-0.5433464050292969,0.6370022057553031,1.9633712768554688,0.0,-0.8222975730895996,0.6654453277587891,-0.9266935488787297,-3.7802200317382812,0.0,0.08273792266845703,0.0061054229736328125,0.03725642383088192,-0.7912063598632812,0.0,-0.43899965286254883,0.20146560668945312,-0.3336404048482248,1.611724853515625,0.0,0.061070919036865234,-0.03052520751953125,0.04522347897443111,-0.14652252197265625,0.0,0.038720130920410156,-0.021978378295898438,0.027826847798390123,-0.14847564697265625,0.0,-0.24700546264648438,0.13919448852539062,-0.21925608467947802,0.1797332763671875,0.0,-0.012607574462890625,0.009205818176269531,-0.012114465314834608,0.006471306085586548,0.0,0.0,0.0,4.741080379723237e-23,0.0,0.0,-0.1468581110239029,0.13386408984661102,0.11548354476690292,-0.8455435633659363,0.13386408984661102,0.11548354476690292,-0.8455435633659363
3.5010,1788396533.2053,ramp,0,-0.006912,0.042319585480284624,0.13118729033016804,-0.2111277213438344,-0.03469828888773918,-0.004355110693722963,0.9990493655204773,-0.02602822706103325,-0.11667680740356445,-0.018314361572265625,-0.07786598529458252,6.9450531005859375,0.0,0.1805276870727539,-0.15262603759765625,0.18016854306477267,0.4981689453125,0.0,1.265803337097168,-0.6532363891601562,1.1113926251657609,-10.813186645507812,0.0,0.5452265739440918,-0.15262603759765625,0.4323754254943839,-10.402931213378906,0.0,-0.3856945037841797,0.0061054229736328125,-0.2521973438044366,13.333335876464844,0.0,0.028090476989746094,-0.14041519165039062,-0.03680158892958885,-5.538459777832031,0.0,-0.11149978637695312,-0.15262603759765625,-0.1861857247031352,-12.571426391601562,0.0,-0.14026117324829102,-0.0061054229736328125,-0.04017816676861838,9.75823974609375,0.0,-1.188530445098877,0.6043949127197266,-1.1152393689280873,3.25274658203125,0.0,0.511479377746582,-0.018314361572265625,0.4884277482425431,-1.7875442504882812,0.0,-0.3680543899536133,0.0061054229736328125,-0.23183124981707418,13.216110229492188,0.0,0.06797361373901367,0.03052520751953125,0.11166908655593703,4.3076934814453125,0.0,-1.2084722518920898,0.8119659423828125,-1.0457854648404636,1.7875442504882812,0.0,0.17310985615011285,-0.09211649657313377,0.10465893860038032,-3.136045124396939,0.0,0.1309882568010824,0.022525432080183393,0.01528018895083272,-6.868010638264517,0.0,-0.06068754196166992,0.018314361572265625,-0.032735999889099934,0.4395599365234375,0.0,-0.09405088424682617,0.0061054229736328125,-0.04440698481008312,0.8498153686523438,0.0,-0.2702646255493164,0.14041519165039062,-0.23261050203621877,0.4981689453125,0.0,-0.17151546478271484,0.09157562255859375,-0.1377628268223025,0.380950927734375,0.0,-0.31915903091430664,0.1892547607421875,-0.2818764907479778,0.4395599365234375,0.0,-0.10395240783691406,0.05128288269042969,-0.08652556038181165,0.1797332763671875,0.0,0.01239776611328125,-0.0073261260986328125,0.006048887368814334,-0.14847373962402344,0.0,0.5992984771728516,-0.6043949127197266,0.6294835191798374,2.0805892944335938,0.0,-0.8111767768859863,0.6410255432128906,-0.9157555593648099,-3.6630020141601562,0.0,0.08273792266845703,0.0061054229736328125,0.036816640472313644,-0.7912063598632812,0.0,-0.4351649284362793,0.21367454528808594,-0.3297023754715015,1.6703262329101562,0.0,0.06049537658691406,-0.04273414611816406,0.04468863339482598,-0.14652252197265625,0.0,0.038338661193847656,-0.0073261260986328125,0.02749633278173657,-0.14847564697265625,0.0,-0.24471664428710938,0.124542236328125,-0.21666232999077475,0.22661972045898438,0.0,-0.012511730194091797,0.009205818176269531,-0.011971475366646441,0.005250304937362671,0.0,0.0,0.0,4.7654508546586044e-23,0.0,0.0,-0.14480480551719666,0.22871872782707214,0.101247139275074,-1.0046871900558472,0.22871872782707214,0.101247139275074,-1.0046871900558472
3.5203,1788396533.2247,ramp,0,-0.006992,0.028962467743478576,0.12803255131475222,-0.3182314716923058,-0.035879891365766525,-0.004327739123255014,0.9990745186805725,-0.02332071214914322,-0.11629343032836914,0.04273414611816406,-0.07785391965359326,6.593406677246094,0.0,0.17784357070922852,-0.1770458221435547,0.17989585428457489,0.9084243774414062,0.0,1.2518062591552734,-0.7875461578369141,1.1006940296729113,-10.051284790039062,0.0,0.5423502922058105,-0.1770458221435547,0.4298337768863948,-10.285713195800781,0.0,-0.38588619232177734,-0.04273414611816406,-0.25049354392894774,13.684982299804688,0.0,0.024639129638671875,-0.20146560668945312,-0.03811963245060374,-5.010986328125,0.0,-0.11475944519042969,-0.16483497619628906,-0.18701530716104456,-11.692306518554688,0.0,-0.14026117324829102,0.03052520751953125,-0.04140908834612565,9.641021728515625,0.0,-1.1766424179077148,0.6166057586669922,-1.1019828500938593,3.1941375732421875,0.0,0.5109038352966309,-0.018314361572265625,0.48601017022639786,-2.139190673828125,0.0,-0.3678627014160156,0.0061054229736328125,-0.23013674126483769,13.333328247070312,0.0,0.0687403678894043,0.04273414611816406,0.11194072836406817,4.1904754638671875,0.0,-1.1931324005126953,0.8852252960205078,-1.0323151096865981,1.5531158447265625,0.0,0.17137909420865424,-0.09177972092322027,0.1033108675854622,-3.1313191389822883,0.0,0.13158794905860308,0.03364387439736728,0.015083370789837632,-6.872506227864722,0.0,-0.059920310974121094,0.03052520751953125,-0.03231431551970044,0.380950927734375,0.0,-0.09405088424682617,-0.0061054229736328125,-0.04383499862506117,0.8498153686523438,0.0,-0.26738834381103516,0.15262603759765625,-0.22961433239430085,0.4981689453125,0.0,-0.17017316818237305,0.10378456115722656,-0.13598838339477626,0.380950927734375,0.0,-0.31551599502563477,0.15262603759765625,-0.2782510651688725,0.4395599365234375,0.0,-0.10318946838378906,0.05128288269042969,-0.08541331515107903,0.21099090576171875,0.0,0.01239776611328125,-0.0073261260986328125,0.005973902189748264,-0.16410255432128906,0.0,0.5872187614440918,-0.628814697265625,0.6213753912279165,2.0805892944335938,0.0,-0.7985210418701172,0.628814697265625,-0.903960065879947,-3.6630020141601562,0.0,0.08273792266845703,0.0061054229736328125,0.036342379481832575,-0.8498153686523438,0.0,-0.42998790740966797,0.23809432983398438,-0.32545561697925535,1.611724853515625,0.0,0.059920310974121094,-0.03052520751953125,0.04411185760421005,-0.14652252197265625,0.0,0.037957191467285156,-0.0073261260986328125,0.027139906427457765,-0.13284683227539062,0.0,-0.24166488647460938,0.124542236328125,-0.2138652330934888,0.16410446166992188,0.0,-0.01232004165649414,0.009205818176269531,-0.011817275456314844,0.005982905626296997,0.0,0.0,0.0,4.791731898168228e-23,0.0,0.0,-0.142640620470047,0.22162090241909027,0.14768031239509583,-1.1787327527999878,0.22162090241909027,0.14768031239509583,-1.1787327527999878
3.5403,1788396533.2445,ramp,0,-0.007023,0.03773010171710223,0.11118095010884188,-0.3930315773608205,-0.03703894466161728,-0.0042369249276816845,0.99910968542099,-0.01974635012447834,-0.115142822265625,0.09157562255859375,-0.07784144912529312,5.890106201171875,0.0,0.17420053482055664,-0.20146560668945312,0.17961401487350526,1.2014617919921875,0.0,1.2355079650878906,-0.75091552734375,1.0896364208824445,-9.641021728515625,0.0,0.5385150909423828,-0.22588539123535156,0.42720683805047355,-9.934066772460938,0.0,-0.3864617347717285,-0.018314361572265625,-0.24873256955684497,13.860809326171875,0.0,0.02003765106201172,-0.21367454528808594,-0.039481905623183565,-4.659339904785156,0.0,-0.11859416961669922,-0.1770458221435547,-0.1878727279584872,-11.22344970703125,0.0,-0.1398777961730957,0.03052520751953125,-0.04268131601983448,9.465194702148438,0.0,-1.165137767791748,0.5921859741210938,-1.0882814816020496,3.5457839965820312,0.0,0.5103287696838379,-0.018314361572265625,0.4835114654253019,-2.3150177001953125,0.0,-0.3674793243408203,0.0061054229736328125,-0.2283853700053808,13.5091552734375,0.0,0.06912374496459961,0.018314361572265625,0.11222148566977777,4.3076934814453125,0.0,-1.175492286682129,0.8974361419677734,-1.018392729159206,1.0256423950195312,0.0,0.16897469540713844,-0.09369491629153216,0.10191755928488244,-2.91510080317464,0.0,0.13153062377254737,-0.03360535581178928,0.014879947992088397,-6.565637488549417,0.0,-0.059345245361328125,0.0061054229736328125,-0.03187848066707975,0.4395599365234375,0.0,-0.09405088424682617,-0.0061054229736328125,-0.043243818271364136,0.9670333862304688,0.0,-0.2648959159851074,0.1770458221435547,-0.2265176201396554,0.4395599365234375,0.0,-0.16844749450683594,0.09157562255859375,-0.1341543948814696,0.3223419189453125,0.0,-0.31244802474975586,0.1892547607421875,-0.27450398100446116,0.4395599365234375,0.0,-0.10204505920410156,0.03663063049316406,-0.08426374625217786,0.19536209106445312,0.0,0.01239776611328125,-0.0073261260986328125,0.0058964007293229315,-0.14847373962402344,0.0,0.576289176940918,-0.5555553436279297,0.6129951784256553,2.0805892944335938,0.0,-0.7862496376037598,0.5555553436279297,-0.8917687504373465,-3.5457839965820312,0.0,0.08273792266845703,0.0061054229736328125,0.03585220369185865,-0.8498153686523438,0.0,-0.4257698059082031,0.23809432983398438,-0.3210663498024342,1.611724853515625,0.0,0.059345245361328125,-0.03052520751953125,0.04351572691988743,-0.14652252197265625,0.0,0.037957191467285156,-0.0073261260986328125,0.026771519456395856,-0.13284683227539062,0.0,-0.23899459838867188,0.124542236328125,-0.21097427387740394,0.24224853515625,0.0,-0.012128353118896484,0.009205818176269531,-0.011657901051972567,0.005982905626296997,0.0,0.0,0.0,4.8188948559535647e-23,0.0,0.0,-0.13988438248634338,0.23855118453502655,0.09168865531682968,-1.2791461944580078,0.23855118453502655,0.09168865531682968,-1.2791461944580078
3.5610,1788396533.2659,ramp,0,-0.006998,0.04954221983701242,0.10814433893252788,-0.42553662359821454,-0.038129668682813644,-0.004083850421011448,0.9991439580917358,-0.015517591498792171,-0.11265039443969727,0.07936477661132812,-0.07782847142753832,5.479850769042969,0.0,0.17094087600708008,-0.1770458221435547,0.17932071321023807,1.7289352416992188,0.0,1.2217025756835938,-0.6654453277587891,1.078129105288459,-9.641021728515625,0.0,0.5339136123657227,-0.21367454528808594,0.4244730630721885,-9.816848754882812,0.0,-0.38684511184692383,-0.0061054229736328125,-0.24689997733580551,13.919410705566406,0.0,0.0152435302734375,-0.2625160217285156,-0.04089958168851978,-4.0732574462890625,0.0,-0.12185382843017578,-0.15262603759765625,-0.18876501958319417,-10.695968627929688,0.0,-0.1394944190979004,0.04273414611816406,-0.0440052844859093,9.347991943359375,0.0,-1.1542081832885742,0.5677661895751953,-1.0740228860691097,3.7216110229492188,0.0,0.5099453926086426,-0.03052520751953125,0.4809111396887639,-2.373626708984375,0.0,-0.3670954704284668,0.0061054229736328125,-0.226562771450241,13.684982299804688,0.0,0.06912374496459961,0.0061054229736328125,0.11251366121906134,4.366302490234375,0.0,-1.1563172340393066,0.9096450805664062,-1.0039041331540386,0.9084243774414062,0.0,0.16605216660749472,-0.08887664499383144,0.10046758591014035,-2.8378883300170044,0.0,0.1311779254058935,-0.027752550663068403,0.014668252102220225,-6.511781260475605,0.0,-0.05838632583618164,0.018314361572265625,-0.03142492065324672,0.4395599365234375,0.0,-0.09405088424682617,-0.0061054229736328125,-0.04262859494126939,0.9670333862304688,0.0,-0.2622108459472656,0.15262603759765625,-0.2232949663188139,0.4981689453125,0.0,-0.16653013229370117,0.09157562255859375,-0.1322458190746858,0.3223419189453125,0.0,-0.3078465461730957,0.22588539123535156,-0.27060450500977035,0.3223419189453125,0.0,-0.10128211975097656,0.03663063049316406,-0.0830674250251065,0.21099090576171875,0.0,0.01239776611328125,-0.0073261260986328125,0.005815747327578605,-0.16410255432128906,0.0,0.5644011497497559,-0.5799751281738281,0.6042741470265778,2.139190673828125,0.0,-0.7728276252746582,0.5677661895751953,-0.8790816209718162,-3.6043930053710938,0.0,0.08273792266845703,0.0061054229736328125,0.03534209272495374,-0.8498153686523438,0.0,-0.4213595390319824,0.1892547607421875,-0.3164985735691541,1.7289352416992188,0.0,0.05915355682373047,-0.018314361572265625,0.04289535193197203,-0.14652252197265625,0.0,0.037575721740722656,-0.0073261260986328125,0.026388150391976017,-0.14847564697265625,0.0,-0.23594284057617188,0.124542236328125,-0.20796574095684062,0.1797332763671875,0.0,-0.012032270431518555,0.009205818176269531,-0.011492044979188439,0.005250304937362671,0.0,0.0,0.0,4.84716251613444e-23,0.0,0.0,-0.13680757582187653,0.23399482667446136,0.09329549223184586,-1.3245478868484497,0.23399482667446136,0.09329549223184586,-1.3245478868484497
3.5803,1788396533.2846,ramp,0,-0.006988,0.049424408248290044,0.09373542236795186,-0.4247395394839538,-0.039111409336328506,-0.0039245993830263615,0.9991644024848938,-0.011198902502655983,-0.10996532440185547,0.14041519165039062,-0.07781644353986159,4.893775939941406,0.0,0.16787242889404297,-0.14041519165039062,0.17904887767146793,1.7875442504882812,0.0,1.2084722518920898,-0.6410255432128906,1.0674639856316361,-9.5238037109375,0.0,0.529503345489502,-0.22588539123535156,0.4219393672662373,-9.641029357910156,0.0,-0.3870368003845215,0.0061054229736328125,-0.2452015086390954,14.036628723144531,0.0,0.010833263397216797,-0.22588539123535156,-0.04221350105989141,-3.9560470581054688,0.0,-0.12511348724365234,-0.14041519165039062,-0.18959200628296402,-10.695968627929688,0.0,-0.1385354995727539,0.05494499206542969,-0.04523235451777044,8.996337890625,0.0,-1.142320156097412,0.6410255432128906,-1.0608078467964817,3.7216110229492188,0.0,0.5091781616210938,-0.03052520751953125,0.478501126258578,-2.3150177001953125,0.0,-0.36690378189086914,0.0061054229736328125,-0.22487356500429295,13.860809326171875,0.0,0.06931591033935547,0.0061054229736328125,0.11278445306173364,4.366302490234375,0.0,-1.1394438743591309,0.8852252960205078,-0.9904759266542327,0.9084243774414062,0.0,0.16326610237700137,-0.11800858572306766,0.0991237330006995,-2.461077334581724,0.0,0.13048129544912965,-0.07413834031251128,0.014472049783976546,-6.338186616727832,0.0,-0.057619571685791016,0.0061054229736328125,-0.031004555731508784,0.380950927734375,0.0,-0.09405088424682617,-0.0061054229736328125,-0.042058398497316914,0.9084243774414062,0.0,-0.2593345642089844,0.1770458221435547,-0.22030817167230615,0.4395599365234375,0.0,-0.16499614715576172,0.10378456115722656,-0.1304769278691552,0.380950927734375,0.0,-0.3038196563720703,0.1770458221435547,-0.26699042336382833,0.380950927734375,0.0,-0.10013771057128906,0.03663063049316406,-0.08195866000249935,0.21099090576171875,0.0,0.01201629638671875,-0.0073261260986328125,0.005740996776652324,-0.14847373962402344,0.0,0.553471565246582,-0.5677661895751953,0.5961913893545204,2.139190673828125,0.0,-0.7611312866210938,0.5799751281738281,-0.8673230355096949,-3.5457839965820312,0.0,0.08273792266845703,-0.018314361572265625,0.03486931569404117,-0.8498153686523438,0.0,-0.41733264923095703,0.20146560668945312,-0.31226510315673356,1.6703262329101562,0.0,0.05876970291137695,-0.0061054229736328125,0.042320380869070466,-0.26373291015625,0.0,0.037194252014160156,-0.0073261260986328125,0.02603283929345198,-0.14847564697265625,0.0,-0.23365402221679688,0.10988998413085938,-0.20517739615763578,0.2578773498535156,0.0,-0.011840581893920898,0.0030689239501953125,-0.011338327559377867,0.0062271058559417725,0.0,0.0,0.0,4.8733613264290854e-23,0.0,0.0,-0.1337287425994873,0.2650100588798523,0.060930944979190826,-1.3088042736053467,0.2650100588798523,0.060930944979190826,-1.3088042736053467
3.6001,1788396533.3045,ramp,0,-0.006844,0.035309388154761076,0.09806427420657797,-0.37173767365384675,-0.039997443556785583,-0.0037045571953058243,0.9991664886474609,-0.007265017367899418,-0.10747289657592773,0.10378456115722656,-0.07780404037998367,4.717948913574219,0.0,0.16518783569335938,-0.14041519165039062,0.17876856081629905,1.9047622680664062,0.0,1.195624828338623,-0.6532363891601562,1.0564661123744243,-9.5238037109375,0.0,0.5254769325256348,-0.21367454528808594,0.41932661970757734,-9.523811340332031,0.0,-0.3870368003845215,0.0061054229736328125,-0.24345004742170442,14.271064758300781,0.0,0.006423473358154297,-0.22588539123535156,-0.04356841494567196,-3.5457839965820312,0.0,-0.12741422653198242,-0.16483497619628906,-0.19044479511254367,-10.285720825195312,0.0,-0.13738489151000977,0.07936477661132812,-0.04649770934944343,8.76190185546875,0.0,-1.1306233406066895,0.6410255432128906,-1.0471804959850484,3.8388290405273438,0.0,0.5082197189331055,-0.04273414611816406,0.4760159199874598,-2.4908447265625,0.0,-0.3667120933532715,0.0061054229736328125,-0.22313165502150936,13.919418334960938,0.0,0.06950759887695312,0.018314361572265625,0.11306369365730368,4.366302490234375,0.0,-1.123145580291748,0.8485965728759766,-0.9766287577608154,1.0842514038085938,0.0,0.1602540933338901,-0.13110841437242643,0.09773795164522164,-2.2233248838790023,0.0,0.1295082707068096,-0.04707260524546427,0.014269725919055381,-6.417686563595616,0.0,-0.05742788314819336,-0.0061054229736328125,-0.030571075350621174,0.4395599365234375,0.0,-0.09405088424682617,-0.0061054229736328125,-0.04147041182449133,0.9670333862304688,0.0,-0.256075382232666,0.1892547607421875,-0.21722818850994227,0.380950927734375,0.0,-0.16269540786743164,0.10378456115722656,-0.12865284694834003,0.3223419189453125,0.0,-0.2997932434082031,0.25030517578125,-0.26326358173783143,0.26373291015625,0.0,-0.09899330139160156,0.05128288269042969,-0.08081530131708019,0.21099090576171875,0.0,0.01201629638671875,-0.021978378295898438,0.005663913995450888,-0.14847373962402344,0.0,0.5431170463562012,-0.5067157745361328,0.5878564482280819,2.139190673828125,0.0,-0.7492432594299316,0.5189247131347656,-0.8551975801226311,-3.4285736083984375,0.0,0.08273792266845703,0.0061054229736328125,0.03438178793699713,-0.8498153686523438,0.0,-0.41292238235473633,0.25030517578125,-0.3078995477263104,1.4945068359375,0.0,0.0585780143737793,-0.0061054229736328125,0.041727470608348693,-0.20513153076171875,0.0,0.036812782287597656,-0.0073261260986328125,0.025666442426451233,-0.14847564697265625,0.0,-0.23060226440429688,0.15384674072265625,-0.2023020545125524,0.1797332763671875,0.0,-0.011648893356323242,0.009205818176269531,-0.011179814129158567,0.0050061047077178955,0.0,0.0,0.0,4.900377544191435e-23,0.0,0.0,-0.13040082156658173,0.2597455084323883,0.09751260280609131,-1.2131410837173462,0.2597455084323883,0.09751260280609131,-1.2131410837173462
3.6203,1788396533.3249,ramp,0,-0.006700,0.023391715228926663,0.08911726801115907,-0.32939610877219055,-0.04098375886678696,-0.003495006589218974,0.9991466999053955,-0.003738618455827236,-0.10517168045043945,0.05494499206542969,-0.07779141911839296,4.659339904785156,0.0,0.1628870964050293,-0.128204345703125,0.17848331476672769,2.0219802856445312,0.0,1.1818194389343262,-0.6654453277587891,1.0452748484797987,-9.054946899414062,0.0,0.5218338966369629,-0.1892547607421875,0.4166679286374808,-9.347984313964844,0.0,-0.3870368003845215,-0.0061054229736328125,-0.24166778786782467,14.446884155273438,0.0,0.00220489501953125,-0.21367454528808594,-0.04494715413420731,-3.3113555908203125,0.0,-0.12990713119506836,-0.128204345703125,-0.19131257969370863,-10.051284790039062,0.0,-0.13604307174682617,0.09157562255859375,-0.04778531464461323,8.410263061523438,0.0,-1.1168179512023926,0.7142848968505859,-1.0333135168383862,3.5457839965820312,0.0,0.5070691108703613,-0.05494499206542969,0.4734870129376877,-2.6666641235351562,0.0,-0.36652040481567383,-0.0061054229736328125,-0.22135911465464972,14.212448120117188,0.0,0.0700826644897461,0.018314361572265625,0.11334784452193267,4.3076934814453125,0.0,-1.1074223518371582,0.8241748809814453,-0.9625380951703852,1.1428604125976562,0.0,0.15717230230487286,-0.11699786060487061,0.09632780220207951,-2.2941084331206105,0.0,0.1286182359846786,-0.04063064782649239,0.014063844317080326,-6.488784067684391,0.0,-0.0572357177734375,-0.018314361572265625,-0.030129972491713883,0.4981689453125,0.0,-0.09405088424682617,-0.0061054229736328125,-0.04087208577833516,0.9670333862304688,0.0,-0.2530074119567871,0.1770458221435547,-0.21409404579390254,0.4395599365234375,0.0,-0.16077804565429688,0.09157562255859375,-0.1267966907195338,0.380950927734375,0.0,-0.2959585189819336,0.1770458221435547,-0.2594712059616642,0.380950927734375,0.0,-0.09823036193847656,0.05128288269042969,-0.07965183739314859,0.21099090576171875,0.0,0.01163482666015625,-0.021978378295898438,0.005585475762350568,-0.1328449249267578,0.0,0.5333385467529297,-0.5189247131347656,0.5793749424395899,2.139190673828125,0.0,-0.7381219863891602,0.5555553436279297,-0.842858906280381,-3.4871826171875,0.0,0.08273792266845703,0.0061054229736328125,0.03388568731304629,-0.8498153686523438,0.0,-0.407745361328125,0.28693580627441406,-0.3034572267678973,1.4945068359375,0.0,0.05838632583618164,-0.0061054229736328125,0.041124134396120796,-0.20513153076171875,0.0,0.036812782287597656,0.0073261260986328125,0.025293602702545465,-0.16410446166992188,0.0,-0.22793197631835938,0.13919448852539062,-0.19937615180529633,0.22661972045898438,0.0,-0.011457204818725586,0.0030689239501953125,-0.011018513340639,0.004517704248428345,0.0,0.0,0.0,4.9278688250365623e-23,0.0,0.0,-0.1268114447593689,0.22772414982318878,0.09825770556926727,-1.145555019378662,0.22772414982318878,0.09825770556926727,-1.145555019378662
3.6402,1788396533.3445,ramp,0,-0.006773,0.021782870486085373,0.11443918622212092,-0.3373562639809237,-0.042168207466602325,-0.003394327126443386,0.9991046190261841,-0.0003952361876145005,-0.10344600677490234,0.05494499206542969,-0.07777898982227935,4.0146484375,0.0,0.16096973419189453,-0.09157562255859375,0.17820240722116445,1.8461532592773438,0.0,1.1678218841552734,-0.6654453277587891,1.0342538002405195,-8.879119873046875,0.0,0.518190860748291,-0.20146560668945312,0.4140496754345565,-9.289375305175781,0.0,-0.38722848892211914,-0.0061054229736328125,-0.23991263592938644,14.73992919921875,0.0,-0.0025882720947265625,-0.22588539123535156,-0.04630492312699552,-2.9597091674804688,0.0,-0.13335847854614258,-0.16483497619628906,-0.1921671655403452,-9.347991943359375,0.0,-0.13431739807128906,0.10378456115722656,-0.049053335862309,8.117218017578125,0.0,-1.1024370193481445,0.7387065887451172,-1.0196574501467734,3.369964599609375,0.0,0.5059189796447754,-0.06715583801269531,0.47099656978036236,-2.6666641235351562,0.0,-0.36652040481567383,-0.0061054229736328125,-0.21961353407740933,14.388275146484375,0.0,0.0704660415649414,0.018314361572265625,0.11362767353997706,4.3076934814453125,0.0,-1.0918912887573242,0.7875461578369141,-0.9486617471908585,1.0842514038085938,0.0,0.1540308304021488,-0.1118531389815536,0.09493910069492216,-2.1278613171851943,0.0,0.1281599843191117,-0.023676201005943844,0.013861094110462747,-6.631381562354239,0.0,-0.0572357177734375,-0.0061054229736328125,-0.02969557867058025,0.4395599365234375,0.0,-0.09385919570922852,0.0061054229736328125,-0.040282860085902775,0.8498153686523438,0.0,-0.24974775314331055,0.1892547607421875,-0.21100757241721382,0.4395599365234375,0.0,-0.15924406051635742,0.09157562255859375,-0.12496876605169216,0.380950927734375,0.0,-0.2928900718688965,0.1770458221435547,-0.2557365110456874,0.380950927734375,0.0,-0.09708595275878906,0.03663063049316406,-0.07850606939490941,0.21099090576171875,0.0,0.01163482666015625,-0.0073261260986328125,0.005508230550465464,-0.1328449249267578,0.0,0.5243263244628906,-0.4456653594970703,0.571022437725481,2.0219802856445312,0.0,-0.7271924018859863,0.5555553436279297,-0.8307078998431656,-3.4285736083984375,0.0,0.08273792266845703,0.0061054229736328125,0.03339713222583005,-0.9084243774414062,0.0,-0.402951717376709,0.21367454528808594,-0.29908247213446004,1.611724853515625,0.0,0.05800294876098633,-0.0061054229736328125,0.040529974740689825,-0.26373291015625,0.0,0.036431312561035156,-0.0073261260986328125,0.024926433755286675,-0.1797332763671875,0.0,-0.22488021850585938,0.124542236328125,-0.19649475117139714,0.19536209106445312,0.0,-0.011265277862548828,0.009205818176269531,-0.010859665887121115,0.00476190447807312,0.0,0.0,0.0,4.954941972020365e-23,0.0,0.0,-0.12309761345386505,0.23634715378284454,0.12741322815418243,-1.1106956005096436,0.23634715378284454,0.12741322815418243,-1.1106956005096436
3.6603,1788396533.3649,ramp,0,-0.007136,0.01347263130879093,0.12925280340384812,-0.32692835712709584,-0.04350616782903671,-0.0034283683635294437,0.999042809009552,0.0029697204008698463,-0.1022958755493164,0.03052520751953125,-0.07776644578706607,4.131866455078125,0.0,0.1598191261291504,-0.06715583801269531,0.1779189065216068,1.9633712768554688,0.0,1.1553587913513184,-0.6166057586669922,1.0231310129211917,-8.879119873046875,0.0,0.5149312019348145,-0.1892547607421875,0.4114072522374159,-9.289375305175781,0.0,-0.38761186599731445,0.0061054229736328125,-0.2381412815808249,14.857139587402344,0.0,-0.006806850433349609,-0.14041519165039062,-0.04767522615150611,-3.0183181762695312,0.0,-0.1368098258972168,-0.1770458221435547,-0.19302964036232884,-8.996337890625,0.0,-0.13220787048339844,0.14041519165039062,-0.050333062619202985,7.472526550292969,0.0,-1.0882482528686523,0.6898651123046875,-1.0058753196151229,3.5457839965820312,0.0,0.5040011405944824,-0.07936477661132812,0.4684831364872316,-2.7838821411132812,0.0,-0.36652040481567383,-0.0061054229736328125,-0.21785183944656683,14.446884155273438,0.0,0.07084941864013672,0.018314361572265625,0.11391008575575808,4.3076934814453125,0.0,-1.0761680603027344,0.7875461578369141,-0.934657301879098,1.0842514038085938,0.0,0.15096538409543467,-0.11662979349045008,0.09353757960738254,-2.05085586453918,0.0,0.1277926244955087,-0.02956209536698522,0.013656472247079582,-6.578360440863351,0.0,-0.0572357177734375,-0.0061054229736328125,-0.02925717481094743,0.4981689453125,0.0,-0.09366750717163086,-0.0061054229736328125,-0.039688195048810285,0.9670333862304688,0.0,-0.2455291748046875,0.23809432983398438,-0.20789260674513532,0.26373291015625,0.0,-0.1575183868408203,0.07936477661132812,-0.12312396718367766,0.380950927734375,0.0,-0.28905534744262695,0.1892547607421875,-0.25196733987874387,0.380950927734375,0.0,-0.09556007385253906,0.0659332275390625,-0.07734972441891287,0.14847564697265625,0.0,0.01125335693359375,-0.021978378295898438,0.0054302722615095856,-0.1328449249267578,0.0,0.5153141021728516,-0.4334545135498047,0.5625928281727701,2.0219802856445312,0.0,-0.7158794403076172,0.5921859741210938,-0.8184447232938387,-3.5457839965820312,0.0,0.08254623413085938,-0.0061054229736328125,0.032904067118872754,-0.9084243774414062,0.0,-0.3979663848876953,0.25030517578125,-0.29466733263905864,1.5531158447265625,0.0,0.057619571685791016,-0.0061054229736328125,0.03993033019349239,-0.26373291015625,0.0,0.036431312561035156,-0.0073261260986328125,0.024555875345419108,-0.1797332763671875,0.0,-0.22220993041992188,0.15384674072265625,-0.19358675133900255,0.21099090576171875,0.0,-0.01116943359375,0.009205818176269531,-0.010699352058224218,0.0032967031002044678,0.0,0.0,0.0,4.9822650405187417e-23,0.0,0.0,-0.11940940469503403,0.2503790259361267,0.1392953097820282,-1.0983073711395264,0.2503790259361267,0.1392953097820282,-1.0983073711395264
3.6802,1788396533.3846,ramp,0,-0.007502,0.022225566921851403,0.11782873282189768,-0.29877727966635875,-0.0448017381131649,-0.0034648552536964417,0.9989710450172424,0.006132818292826414,-0.10114526748657227,0.05494499206542969,-0.0777540086327092,3.8388290405273438,0.0,0.15866899490356445,-0.07936477661132812,0.17763782137629794,2.0805892944335938,0.0,1.1440458297729492,-0.628814697265625,1.0121029967830621,-8.879119873046875,0.0,0.5118627548217773,-0.16483497619628906,0.4087873436816535,-9.465202331542969,0.0,-0.38761186599731445,0.0061054229736328125,-0.236385019972879,15.091575622558594,0.0,-0.01064157485961914,-0.14041519165039062,-0.049033853574163996,-2.8424911499023438,0.0,-0.13968658447265625,-0.128204345703125,-0.19388476650854572,-8.820510864257812,0.0,-0.12990713119506836,0.11599540710449219,-0.05160188552503159,7.0622711181640625,0.0,-1.075209140777588,0.7020759582519531,-0.9922106190722344,3.6043930053710938,0.0,0.5020837783813477,-0.10378456115722656,0.4659911187831268,-2.6666641235351562,0.0,-0.36652040481567383,-0.0061054229736328125,-0.21610515525117385,14.681320190429688,0.0,0.07123327255249023,0.0061054229736328125,0.11419009169166464,4.3076934814453125,0.0,-1.0606369972229004,0.7753353118896484,-0.9207721807786273,1.3186798095703125,0.0,0.14811169170013,-0.15435443868481744,0.09214800011371928,-1.8369759581905267,0.0,0.12717598346243583,-0.054123096037536796,0.013453593854567078,-6.270636643751067,0.0,-0.0572357177734375,-0.0061054229736328125,-0.028822506350583386,0.4981689453125,0.0,-0.0934758186340332,0.0061054229736328125,-0.039098596826929184,1.0256423950195312,0.0,-0.2415027618408203,0.21367454528808594,-0.2048041819901543,0.380950927734375,0.0,-0.15598440170288086,0.09157562255859375,-0.12129488683681937,0.380950927734375,0.0,-0.2854123115539551,0.15262603759765625,-0.24823028375575246,0.4395599365234375,0.0,-0.09479713439941406,0.05128288269042969,-0.07620323202537625,0.22661972045898438,0.0,0.01125335693359375,-0.021978378295898438,0.005352978212452973,-0.1328449249267578,0.0,0.5064940452575684,-0.4334545135498047,0.5542350427079803,2.0219802856445312,0.0,-0.704566478729248,0.6043949127197266,-0.8062860345579937,-3.5457839965820312,0.0,0.08254623413085938,0.0061054229736328125,0.03241520314974651,-0.9084243774414062,0.0,-0.392214298248291,0.3113555908203125,-0.29028981213007865,1.377288818359375,0.0,0.05742788314819336,-0.0061054229736328125,0.039335794889185746,-0.26373291015625,0.0,0.036049842834472656,-0.0073261260986328125,0.02418847426088717,-0.14847564697265625,0.0,-0.21915817260742188,0.15384674072265625,-0.190703528981096,0.21099090576171875,0.0,-0.010977745056152344,0.0030689239501953125,-0.010540404175694074,0.0037851035594940186,0.0,0.0,0.0,5.009355304109391e-23,0.0,0.0,-0.11590062826871872,0.28635910153388977,0.12129531800746918,-1.0649408102035522,0.28635910153388977,0.12129531800746918,-1.0649408102035522
3.7002,1788396533.4045,ramp,0,-0.007652,0.021871516299682182,0.09963523132172367,-0.2538599386678916,-0.04586442932486534,-0.0034037642180919647,0.9989018440246582,0.00894017331302166,-0.09961128234863281,0.05494499206542969,-0.07774148503392754,3.4871826171875,0.0,0.15694332122802734,-0.11599540710449219,0.17735478254906153,2.373626708984375,0.0,1.13273286819458,-0.6043949127197266,1.0009983304334744,-8.76190185546875,0.0,0.5080280303955078,-0.23809432983398438,0.4061492254549688,-8.76190185546875,0.0,-0.3878035545349121,0.018314361572265625,-0.23461655147096974,15.150184631347656,0.0,-0.014285087585449219,-0.1770458221435547,-0.05040192413491085,-2.4908447265625,0.0,-0.14198732376098633,-0.11599540710449219,-0.1947458362079012,-8.586074829101562,0.0,-0.12760639190673828,0.128204345703125,-0.0528795273827747,6.710624694824219,0.0,-1.0623621940612793,0.7142848968505859,-0.9784509420464496,3.4871826171875,0.0,0.4997830390930176,-0.11599540710449219,0.4634817803132936,-2.6080551147460938,0.0,-0.36652040481567383,-0.0061054229736328125,-0.2143463307296107,14.857147216796875,0.0,0.07161664962768555,0.03052520751953125,0.11447204380845521,4.3076934814453125,0.0,-1.0462555885314941,0.7387065887451172,-0.9067905511624688,1.1428604125976562,0.0,0.14502749647881055,-0.15399538310091804,0.09074876234963884,-1.7540386402812498,0.0,0.1261103996154511,-0.04301688873285775,0.01324930535605803,-6.34696630203236,0.0,-0.0572357177734375,-0.0061054229736328125,-0.02838481672766537,0.4395599365234375,0.0,-0.09328413009643555,0.0061054229736328125,-0.03850490060339335,0.9670333862304688,0.0,-0.2384347915649414,0.16483497619628906,-0.20169429114303333,0.4395599365234375,0.0,-0.15425872802734375,0.09157562255859375,-0.11945309346944999,0.3223419189453125,0.0,-0.2817692756652832,0.22588539123535156,-0.24446725322916293,0.26373291015625,0.0,-0.09327030181884766,0.0659332275390625,-0.07504877093798763,0.16410446166992188,0.0,0.01125335693359375,-0.0073261260986328125,0.005275146931211491,-0.14847373962402344,0.0,0.49767398834228516,-0.4212455749511719,0.5458191664664657,2.0219802856445312,0.0,-0.6928701400756836,0.5677661895751953,-0.7940428368723085,-3.4285736083984375,0.0,0.08235454559326172,0.0061054229736328125,0.031922941332254935,-0.9084243774414062,0.0,-0.38665342330932617,0.28693580627441406,-0.28588186567064006,1.4358978271484375,0.0,0.0572357177734375,-0.0061054229736328125,0.038737127268039545,-0.3223419189453125,0.0,0.035286903381347656,-0.021978378295898438,0.02381851955560726,-0.14847564697265625,0.0,-0.21610546112060547,0.13919448852539062,-0.18780026679003664,0.1797332763671875,0.0,-0.010786056518554688,0.0030689239501953125,-0.010380351526118417,0.0032967031002044678,0.0,0.0,0.0,5.036633858540991e-23,0.0,0.0,-0.11221592128276825,0.26131802797317505,0.11697737127542496,-0.9848840832710266,0.26131802797317505,0.11697737127542496,-0.9848840832710266
3.7224,1788396533.4268,ramp,0,-0.007727,0.009193005298141953,0.10932813068182491,-0.22132468219688198,-0.04707005247473717,-0.0033054351806640625,0.9988190531730652,0.011572765186429024,-0.09865283966064453,0.04273414611816406,-0.07772761383610964,3.369964599609375,0.0,0.1554093360900879,-0.09157562255859375,0.17704128739234215,2.4908447265625,0.0,1.1200776100158691,-0.6166057586669922,0.9886987489535355,-8.644683837890625,0.0,0.5038094520568848,-0.1892547607421875,0.40322723310856873,-8.820510864257812,0.0,-0.3878035545349121,0.03052520751953125,-0.232657787312806,15.326004028320312,0.0,-0.018695354461669922,-0.20146560668945312,-0.05191720562131377,-2.0805892944335938,0.0,-0.14447975158691406,-0.09157562255859375,-0.19569956111900788,-8.5274658203125,0.0,-0.12492179870605469,0.15262603759765625,-0.05429464960588191,6.417579650878906,0.0,-1.048173427581787,0.7020759582519531,-0.9632106580623595,3.5457839965820312,0.0,0.49690675735473633,-0.10378456115722656,0.46070242504057934,-2.7252731323242188,0.0,-0.36652040481567383,-0.0061054229736328125,-0.21239824829013385,15.150177001953125,0.0,0.07238340377807617,0.04273414611816406,0.11478433531949514,4.131866455078125,0.0,-1.0312995910644531,0.6776561737060547,-0.89130443142933,1.5531158447265625,0.0,0.14188378111035355,-0.10311485480594451,0.08919895991998239,-1.8327404031298813,0.0,0.12547478803082446,-0.04527329753369953,0.013023034439514936,-6.2895533293058214,0.0,-0.0572357177734375,-0.018314361572265625,-0.027900029611102984,0.5567779541015625,0.0,-0.09328413009643555,-0.0061054229736328125,-0.03784731983096588,1.0256423950195312,0.0,-0.23517513275146484,0.15262603759765625,-0.19824976118925391,0.4981689453125,0.0,-0.15253305435180664,0.04273414611816406,-0.1174131143401345,0.4395599365234375,0.0,-0.2773590087890625,0.20146560668945312,-0.24029930264728844,0.380950927734375,0.0,-0.09212589263916016,0.03663063049316406,-0.07377008432438373,0.19536209106445312,0.0,0.01087188720703125,-0.0073261260986328125,0.005188940632419525,-0.14847373962402344,0.0,0.48923730850219727,-0.3601951599121094,0.5364977017507396,1.9047622680664062,0.0,-0.6796398162841797,0.5433464050292969,-0.7804822126473693,-3.4285736083984375,0.0,0.08216285705566406,0.0061054229736328125,0.031377709792369424,-0.9084243774414062,0.0,-0.38147640228271484,0.23809432983398438,-0.28099960312169936,1.4945068359375,0.0,0.05666065216064453,-0.018314361572265625,0.038074040151877576,-0.26373291015625,0.0,0.034905433654785156,-0.021978378295898438,0.02340875595729383,-0.117218017578125,0.0,-0.21267223358154297,0.15384674072265625,-0.18458459972248112,0.1797332763671875,0.0,-0.01069021224975586,0.0030689239501953125,-0.010203076447105441,0.004273504018783569,0.0,0.0,0.0,5.066847715700138e-23,0.0,0.0,-0.10848879814147949,0.21803680062294006,0.10163998603820801,-0.8891918659210205,0.21803680062294006,0.10163998603820801,-0.8891918659210205
3.7409,1788396533.4453,ramp,0,-0.007931,0.012843201507529108,0.09868135359828455,-0.20220163760772944,-0.04807749390602112,-0.0033031287603080273,0.9987471699714661,0.013481514528393745,-0.09750223159790039,0.018314361572265625,-0.07771608217946296,3.1941375732421875,0.0,0.1544504165649414,-0.07936477661132812,0.17678066689257416,2.4322357177734375,0.0,1.1081891059875488,-0.6410255432128906,0.9784736370067249,-8.5274658203125,0.0,0.5007414817810059,-0.16483497619628906,0.40079806924649786,-8.76190185546875,0.0,-0.38761186599731445,0.018314361572265625,-0.2310293918403835,15.5018310546875,0.0,-0.021763324737548828,-0.16483497619628906,-0.05317691700699552,-2.0805892944335938,0.0,-0.14601373672485352,-0.09157562255859375,-0.1964924290713389,-8.23443603515625,0.0,-0.1222372055053711,0.128204345703125,-0.0554710947697512,5.890106201171875,0.0,-1.0357098579406738,0.75091552734375,-0.9505408277845834,3.5457839965820312,0.0,0.49498939514160156,-0.10378456115722656,0.4583918408268145,-2.7838821411132812,0.0,-0.36652040481567383,-0.018314361572265625,-0.21077873293851346,15.326004028320312,0.0,0.073150634765625,0.04273414611816406,0.11504395518262872,4.131866455078125,0.0,-1.0184531211853027,0.6654453277587891,-0.878430228502074,1.6703262329101562,0.0,0.13895652191630628,-0.11204158743844132,0.08791054995542195,-1.8306267551440363,0.0,0.12476624994071309,-0.03480896812241444,0.012834926782702856,-6.298633399338379,0.0,-0.0572357177734375,-0.018314361572265625,-0.027497007561506668,0.615386962890625,0.0,-0.09309196472167969,-0.0061054229736328125,-0.03730064781427102,1.0256423950195312,0.0,-0.23325777053833008,0.11599540710449219,-0.19538619185244493,0.4395599365234375,0.0,-0.15119075775146484,0.07936477661132812,-0.1157172017596593,0.4395599365234375,0.0,-0.2737159729003906,0.23809432983398438,-0.23683432610658645,0.26373291015625,0.0,-0.09174442291259766,0.021978378295898438,-0.07270706329474029,0.2578773498535156,0.0,0.01087188720703125,-0.0073261260986328125,0.005117274043023312,-0.14847373962402344,0.0,0.4832925796508789,-0.3601951599121094,0.5287484120385649,1.8461532592773438,0.0,-0.6692852973937988,0.5799751281738281,-0.7692087476929078,-3.4285736083984375,0.0,0.08216285705566406,-0.0061054229736328125,0.03092443798459658,-0.9084243774414062,0.0,-0.37649106979370117,0.3113555908203125,-0.27694079175498226,1.377288818359375,0.0,0.056468963623046875,-0.018314361572265625,0.0375227905012856,-0.26373291015625,0.0,0.034523963928222656,-0.0073261260986328125,0.023068103824429264,-0.14847564697265625,0.0,-0.21000194549560547,0.124542236328125,-0.18191129284589702,0.19536209106445312,0.0,-0.010498285293579102,0.009205818176269531,-0.010055700901746935,0.00476190447807312,0.0,0.0,0.0,5.0919656493713864e-23,0.0,0.0,-0.10516829043626785,0.21122892200946808,0.10539645701646805,-0.8585798144340515,0.21122892200946808,0.10539645701646805,-0.8585798144340515
3.7602,1788396533.4649,ramp,0,-0.007969,0.02025160695474945,0.11955893032547332,-0.22377883507566043,-0.049291279166936874,-0.003204326843842864,0.9986587166786194,0.01551898568868637,-0.0965433120727539,0.04273414611816406,-0.07770403651559649,3.135528564453125,0.0,0.1531081199645996,-0.07936477661132812,0.17650842960411592,2.6080551147460938,0.0,1.0945754051208496,-0.6532363891601562,0.9677927552147704,-8.117218017578125,0.0,0.49767398834228516,-0.1892547607421875,0.39826062885474167,-8.644691467285156,0.0,-0.3874201774597168,0.018314361572265625,-0.22932841295213544,15.619049072265625,0.0,-0.025214672088623047,-0.10378456115722656,-0.054492778238875966,-2.0805892944335938,0.0,-0.14793109893798828,-0.128204345703125,-0.19732063798675503,-7.882781982421875,0.0,-0.12012815475463867,0.11599540710449219,-0.05669997830622179,5.597068786621094,0.0,-1.0217127799987793,0.7875461578369141,-0.9373062578136149,3.135528564453125,0.0,0.4930720329284668,-0.06715583801269531,0.45597826560280186,-2.9597091674804688,0.0,-0.36652040481567383,-0.018314361572265625,-0.2090870299898423,15.443222045898438,0.0,0.07372570037841797,0.03052520751953125,0.11531514723249552,4.0732574462890625,0.0,-1.005605697631836,0.7264957427978516,-0.8649821762609885,1.4358978271484375,0.0,0.13574431590288485,-0.15324192660916924,0.08656471094626193,-1.3551137621757325,0.0,0.12421172334956172,-0.02099656834745178,0.012638434494205417,-6.4520403287509716,0.0,-0.0572357177734375,-0.018314361572265625,-0.02707602137634983,0.5567779541015625,0.0,-0.09309196472167969,-0.0061054229736328125,-0.03672960866871835,1.0256423950195312,0.0,-0.2313399314880371,0.10378456115722656,-0.19239498297877955,0.5567779541015625,0.0,-0.1500406265258789,0.06715583801269531,-0.11394569628414286,0.4981689453125,0.0,-0.2698812484741211,0.25030517578125,-0.2332149031569261,0.20513153076171875,0.0,-0.09021854400634766,0.05128288269042969,-0.07159665961221391,0.19536209106445312,0.0,0.01087188720703125,-0.0073261260986328125,0.005042413017172905,-0.14847373962402344,0.0,0.4761981964111328,-0.372406005859375,0.5206537087416332,1.9047622680664062,0.0,-0.657780647277832,0.5921859741210938,-0.757432784046671,-3.4285736083984375,0.0,0.0819711685180664,0.0061054229736328125,0.030450962229648267,-0.9084243774414062,0.0,-0.3711223602294922,0.3113555908203125,-0.2727010646351957,1.3186798095703125,0.0,0.05608558654785156,0.0061054229736328125,0.03694696968030519,-0.26373291015625,0.0,0.034142494201660156,0.0073261260986328125,0.02271226760647583,-0.16410446166992188,0.0,-0.20695018768310547,0.13919448852539062,-0.1791188271114442,0.19536209106445312,0.0,-0.010306596755981445,0.0030689239501953125,-0.009901756300730612,0.003540903329849243,0.0,0.0,0.0,5.1182031792680083e-23,0.0,0.0,-0.10128581523895264,0.2598794996738434,0.14963218569755554,-0.9374136328697205,0.2598794996738434,0.14963218569755554,-0.9374136328697205
3.7811,1788396533.4855,ramp,0,-0.007840,0.02830452339320149,0.124377803804674,-0.20519729435990505,-0.050537001341581345,-0.00301364460028708,0.9985620975494385,0.017626773566007614,-0.09577655792236328,0.018314361572265625,-0.07769095555583906,2.9597091674804688,0.0,0.1513824462890625,-0.10378456115722656,0.17621279417428315,2.7252731323242188,0.0,1.0803866386413574,-0.6166057586669922,0.9561938772747215,-8.175827026367188,0.0,0.4934554100036621,-0.20146560668945312,0.39550510155302576,-8.644691467285156,0.0,-0.38722848892211914,0.018314361572265625,-0.22748123901203512,15.794868469238281,0.0,-0.028666019439697266,-0.21367454528808594,-0.055921734584607696,-1.4358978271484375,0.0,-0.15042400360107422,-0.14041519165039062,-0.19822002947014436,-7.472526550292969,0.0,-0.1178274154663086,0.14041519165039062,-0.05803448143243324,5.538459777832031,0.0,-1.005605697631836,0.8241748809814453,-0.9229342083262838,2.9597091674804688,0.0,0.49153804779052734,-0.09157562255859375,0.4533572493826301,-2.9597091674804688,0.0,-0.3667120933532715,-0.018314361572265625,-0.20724992923405652,15.619049072265625,0.0,0.07487630844116211,0.018314361572265625,0.1156096475879892,4.0732574462890625,0.0,-0.9908418655395508,0.7264957427978516,-0.8503782962149375,1.3186798095703125,0.0,0.13246239647783295,-0.14361606691184098,0.085103200305262,-1.2786251723353033,0.0,0.12373797033225373,-0.009436238420801484,0.012425054165236748,-6.399721360317962,0.0,-0.0572357177734375,-0.0061054229736328125,-0.026618852439253344,0.5567779541015625,0.0,-0.09309196472167969,-0.0061054229736328125,-0.0361094900795168,1.0256423950195312,0.0,-0.22846364974975586,0.1770458221435547,-0.1891466868835105,0.4981689453125,0.0,-0.14850664138793945,0.06715583801269531,-0.11202193416591386,0.4981689453125,0.0,-0.26566267013549805,0.1770458221435547,-0.22928439949400328,0.3223419189453125,0.0,-0.08945560455322266,0.03663063049316406,-0.07039081939895492,0.22661972045898438,0.0,0.01087188720703125,-0.0073261260986328125,0.004961117865871842,-0.14847373962402344,0.0,0.4679532051086426,-0.372406005859375,0.511863285129535,1.8461532592773438,0.0,-0.6457009315490723,0.5799751281738281,-0.744644704595961,-3.4285736083984375,0.0,0.08177947998046875,0.0061054229736328125,0.029936792370250064,-0.9670333862304688,0.0,-0.36517810821533203,0.28693580627441406,-0.2680969431479079,1.3186798095703125,0.0,0.05570220947265625,-0.018314361572265625,0.036321658442152405,-0.26373291015625,0.0,0.034142494201660156,-0.0073261260986328125,0.022325848119856335,-0.16410446166992188,0.0,-0.20389842987060547,0.124542236328125,-0.1760863556510741,0.1797332763671875,0.0,-0.010210752487182617,0.0030689239501953125,-0.009734580530836508,0.005250304937362671,0.0,0.0,0.0,5.146695761869994e-23,0.0,0.0,-0.09746932983398438,0.2514365017414093,0.1497216522693634,-0.9181084036827087,0.2514365017414093,0.1497216522693634,-0.9181084036827087
3.8001,1788396533.5044,ramp,0,-0.007728,0.016938437942501026,0.10214969647681403,-0.17828741641471305,-0.05174756795167923,-0.0028367992490530014,0.9984650611877441,0.01953829452395439,-0.09539318084716797,0.018314361572265625,-0.07767908848000132,2.9011001586914062,0.0,0.14984846115112305,-0.10378456115722656,0.17594459305363083,2.9011001586914062,0.0,1.0690736770629883,-0.6166057586669922,0.9456713493639413,-8.117218017578125,0.0,0.48981237411499023,-0.20146560668945312,0.3930052810452931,-8.586082458496094,0.0,-0.38684511184692383,0.04273414611816406,-0.2258054786978707,15.853477478027344,0.0,-0.031158447265625,-0.07936477661132812,-0.05721808696532647,-1.9047622680664062,0.0,-0.15253305435180664,-0.09157562255859375,-0.19903595942781768,-7.589744567871094,0.0,-0.11591005325317383,0.10378456115722656,-0.0592451456419511,5.3040313720703125,0.0,-0.9906501770019531,0.7264957427978516,-0.9098958530088799,3.369964599609375,0.0,0.48981237411499023,-0.09157562255859375,0.4509794576277797,-3.0769195556640625,0.0,-0.3670954704284668,-0.0061054229736328125,-0.20558330733514638,15.794876098632812,0.0,0.07545137405395508,0.05494499206542969,0.11587681896667205,3.9560470581054688,0.0,-0.9772276878356934,0.7142848968505859,-0.837129623698119,1.5531158447265625,0.0,0.12983869245067664,-0.10268610958202037,0.08377731459534142,-1.5940847889283711,0.0,0.12339268417012413,-0.03421767589527894,0.012231475055361674,-6.268883477321908,0.0,-0.05742788314819336,-0.05494499206542969,-0.02620410776089704,0.615386962890625,0.0,-0.09309196472167969,-0.0061054229736328125,-0.03554691711370115,1.0256423950195312,0.0,-0.2255878448486328,0.20146560668945312,-0.18619982542832358,0.4395599365234375,0.0,-0.1473560333251953,0.06715583801269531,-0.11027669288590423,0.4981689453125,0.0,-0.2622108459472656,0.14041519165039062,-0.2257186378134079,0.4395599365234375,0.0,-0.08831119537353516,0.05128288269042969,-0.06929687847074255,0.22661972045898438,0.0,0.01087188720703125,-0.0073261260986328125,0.004887366723477033,-0.14847373962402344,0.0,0.46066713333129883,-0.3846149444580078,0.503888593242615,1.8461532592773438,0.0,-0.6341958045959473,0.6043949127197266,-0.733043330425038,-3.4871826171875,0.0,0.08177947998046875,-0.0061054229736328125,0.02947033632817736,-0.9670333862304688,0.0,-0.3596177101135254,0.28693580627441406,-0.26392007387615435,1.3186798095703125,0.0,0.055318355560302734,-0.0061054229736328125,0.03575437469363841,-0.26373291015625,0.0,0.033761024475097656,-0.0073261260986328125,0.021975287500610268,-0.16410446166992188,0.0,-0.20160961151123047,0.124542236328125,-0.17333529078554852,0.22661972045898438,0.0,-0.010019063949584961,0.0030689239501953125,-0.009582918299902689,0.005250304937362671,0.0,0.0,0.0,5.172544296291104e-23,0.0,0.0,-0.09428108483552933,0.2038143277168274,0.10199984908103943,-0.8838841319084167,0.2038143277168274,0.10199984908103943,-0.8838841319084167
3.8204,1788396533.5250,ramp,0,-0.007635,0.02293350171862172,0.10160695256903428,-0.15464017712097708,-0.05291952192783356,-0.0026770096737891436,0.9983695149421692,0.02122984454035759,-0.0948176383972168,0.018314361572265625,-0.07766640810879889,2.7252731323242188,0.0,0.14793109893798828,-0.11599540710449219,0.1756580111009002,3.1941375732421875,0.0,1.0569934844970703,-0.5921859741210938,0.9344276730176253,-8.117218017578125,0.0,0.48540210723876953,-0.22588539123535156,0.39033413843097575,-8.468864440917969,0.0,-0.386077880859375,0.018314361572265625,-0.22401487222324568,15.970695495605469,0.0,-0.033843040466308594,-0.1770458221435547,-0.058603283253059295,-1.377288818359375,0.0,-0.15502548217773438,-0.06715583801269531,-0.199907808135954,-7.413917541503906,0.0,-0.11399269104003906,0.10378456115722656,-0.060538781225653523,4.835166931152344,0.0,-0.9743514060974121,0.6898651123046875,-0.8959639301363383,3.25274658203125,0.0,0.4877033233642578,-0.10378456115722656,0.44843870685599163,-3.0769195556640625,0.0,-0.3670954704284668,-0.0061054229736328125,-0.2038024655657622,16.029296875,0.0,0.07583475112915039,0.04273414611816406,0.11616230060534097,3.9560470581054688,0.0,-0.9628467559814453,0.7264957427978516,-0.8229729697970328,1.0842514038085938,0.0,0.12772716133676737,-0.09277317760984966,0.08236056094821834,-1.738006512524934,0.0,0.12316643047207977,-0.011644832483421966,0.01202462924062039,-6.401768094667487,0.0,-0.05800294876098633,-0.03052520751953125,-0.02576093906898817,0.615386962890625,0.0,-0.09290027618408203,0.0061054229736328125,-0.03494578890549391,1.0842514038085938,0.0,-0.22175264358520508,0.1892547607421875,-0.1830510044681426,0.4395599365234375,0.0,-0.14620542526245117,0.05494499206542969,-0.10841184365337762,0.615386962890625,0.0,-0.25895118713378906,0.15262603759765625,-0.22190850106635915,0.4395599365234375,0.0,-0.08716678619384766,0.03663063049316406,-0.06812796565406025,0.21099090576171875,0.0,0.01087188720703125,-0.0073261260986328125,0.004808561137757586,-0.14847373962402344,0.0,0.4531888961791992,-0.3601951599121094,0.49536736571075374,1.7875442504882812,0.0,-0.6219244003295898,0.6043949127197266,-0.7206468704245158,-3.4871826171875,0.0,0.0815877914428711,-0.0061054229736328125,0.028971912298199187,-0.9084243774414062,0.0,-0.3542485237121582,0.27472496032714844,-0.2594569480350383,1.3186798095703125,0.0,0.05493497848510742,-0.0061054229736328125,0.035148212855067126,-0.26373291015625,0.0,0.033379554748535156,-0.0073261260986328125,0.02160070164291645,-0.16410446166992188,0.0,-0.19855785369873047,0.124542236328125,-0.1703956850921294,0.1797332763671875,0.0,-0.009923219680786133,0.0030689239501953125,-0.009420862085555844,0.005982905626296997,0.0,0.0,0.0,5.200164328047904e-23,0.0,0.0,-0.09177181869745255,0.18384568393230438,0.10802861303091049,-0.870737612247467,0.18384568393230438,0.10802861303091049,-0.870737612247467
3.8411,1788396533.5454,ramp,0,-0.007778,0.012552398880654668,0.07647254586594922,-0.15170685498306613,-0.053864601999521255,-0.0026459351647645235,0.9982856512069702,0.022742953151464462,-0.09443426132202148,0.018314361572265625,-0.07765348990060111,2.7838821411132812,0.0,0.14639711380004883,-0.07936477661132812,0.17536605392772303,3.0769195556640625,0.0,1.044529914855957,-0.628814697265625,0.9229731067725726,-7.76556396484375,0.0,0.48175859451293945,-0.1892547607421875,0.38761289503306284,-8.293037414550781,0.0,-0.3856945037841797,0.03052520751953125,-0.22219068057536595,16.20513153076172,0.0,-0.03633546829223633,-0.05494499206542969,-0.060014460714195986,-1.7289352416992188,0.0,-0.15694332122802734,-0.10378456115722656,-0.20079600951025658,-6.9450531005859375,0.0,-0.11169147491455078,0.128204345703125,-0.06185668064165121,4.4249114990234375,0.0,-0.9605460166931152,0.7387065887451172,-0.8817706957751607,3.135528564453125,0.0,0.4855937957763672,-0.10378456115722656,0.44585030097065576,-2.9011001586914062,0.0,-0.36728763580322266,-0.0061054229736328125,-0.20198822177297893,16.146514892578125,0.0,0.07660198211669922,0.018314361572265625,0.1164531368266229,4.0146484375,0.0,-0.9473152160644531,0.7387065887451172,-0.8085507892820796,1.0842514038085938,0.0,0.12597701909880682,-0.06560835270106369,0.08091723422802075,-1.9000612629616405,0.0,0.12287814489148151,-0.031750543951795704,0.0118139037612942,-6.272411498574177,0.0,-0.058194637298583984,-0.0061054229736328125,-0.02530945816693723,0.615386962890625,0.0,-0.09270858764648438,0.03052520751953125,-0.03433338574921344,0.9670333862304688,0.0,-0.2177262306213379,0.16483497619628906,-0.17984312324039614,0.4395599365234375,0.0,-0.14505529403686523,0.04273414611816406,-0.10651201672728412,0.5567779541015625,0.0,-0.25511646270751953,0.21367454528808594,-0.21802690020668308,0.3223419189453125,0.0,-0.08640384674072266,0.03663063049316406,-0.06693712834418289,0.24224853515625,0.0,0.01087188720703125,-0.0073261260986328125,0.004728277449904958,-0.14847373962402344,0.0,0.4457106590270996,-0.39682579040527344,0.48668631137883556,1.8461532592773438,0.0,-0.6086940765380859,0.628814697265625,-0.7080178985556613,-3.5457839965820312,0.0,0.08120393753051758,-0.03052520751953125,0.028464139671732412,-0.9084243774414062,0.0,-0.3488798141479492,0.2625160217285156,-0.2549101104142791,1.26007080078125,0.0,0.05435991287231445,-0.03052520751953125,0.03453068165608231,-0.26373291015625,0.0,0.032998085021972656,-0.0073261260986328125,0.021219089936099608,-0.16410446166992188,0.0,-0.19550609588623047,0.13919448852539062,-0.16740094323791055,0.1797332763671875,0.0,-0.009731292724609375,0.009205818176269531,-0.009255766294332128,0.006959706544876099,0.0,0.0,0.0,5.2283024097308034e-23,0.0,0.0,-0.09018692374229431,0.14528079330921173,0.07219570875167847,-0.8843439221382141,0.14528079330921173,0.07219570875167847,-0.8843439221382141
3.8601,1788396533.5647,ramp,0,-0.007971,0.015615614620139644,0.08478115073618409,-0.15674906780918357,-0.05475859344005585,-0.0026354752480983734,0.9982003569602966,0.024300429970026016,-0.09366750717163086,0.018314361572265625,-0.0776415706735245,2.7252731323242188,0.0,0.14505529403686523,-0.07936477661132812,0.17509667416619043,3.4285736083984375,0.0,1.0322585105895996,-0.6532363891601562,0.9124043363944624,-7.472526550292969,0.0,0.47830724716186523,-0.1892547607421875,0.3851020887746494,-8.117218017578125,0.0,-0.38550281524658203,0.018314361572265625,-0.22050755593846105,16.322341918945312,0.0,-0.038252830505371094,-0.128204345703125,-0.061316510065559236,-1.4358978271484375,0.0,-0.1584773063659668,-0.09157562255859375,-0.20161552516660716,-6.8278350830078125,0.0,-0.10977363586425781,0.09157562255859375,-0.0630726652552232,4.0732574462890625,0.0,-0.9486575126647949,0.6043949127197266,-0.8686750418955753,3.8388290405273438,0.0,0.4838681221008301,-0.07936477661132812,0.44346205973460906,-3.4285736083984375,0.0,-0.36728763580322266,-0.0061054229736328125,-0.20031427571115235,16.322341918945312,0.0,0.07679367065429688,0.018314361572265625,0.11672148232086572,3.9560470581054688,0.0,-0.932551383972168,0.7753353118896484,-0.7952438939397939,0.9670333862304688,0.0,0.12459320463417402,-0.06944144010985555,0.07958552175982077,-1.9718335972948067,0.0,0.12269979097032131,-0.004645376154795942,0.011619473945605844,-6.3400874737871105,0.0,-0.058194637298583984,-0.0061054229736328125,-0.02489289084506772,0.615386962890625,0.0,-0.09232521057128906,0.018314361572265625,-0.033768340491358004,1.0256423950195312,0.0,-0.21427488327026367,0.1770458221435547,-0.17688331146132105,0.380950927734375,0.0,-0.14371299743652344,0.07936477661132812,-0.10475910578238427,0.5567779541015625,0.0,-0.25128173828125,0.23809432983398438,-0.21444546837349518,0.26373291015625,0.0,-0.08525943756103516,0.05128288269042969,-0.06583837996589173,0.21099090576171875,0.0,0.01087188720703125,-0.0073261260986328125,0.004654202199575094,-0.16410255432128906,0.0,0.4382328987121582,-0.4334545135498047,0.47867657378501177,1.8461532592773438,0.0,-0.5966143608093262,0.6166057586669922,-0.6963655408025964,-3.5457839965820312,0.0,0.08082056045532227,-0.03052520751953125,0.027995633734570886,-0.9670333862304688,0.0,-0.3431272506713867,0.33577537536621094,-0.2507148854068622,1.2014617919921875,0.0,0.0541682243347168,-0.018314361572265625,0.03396090491344846,-0.26373291015625,0.0,0.032616615295410156,-0.0073261260986328125,0.020866988737620103,-0.13284683227539062,0.0,-0.19245433807373047,0.13919448852539062,-0.1646377884992817,0.19536209106445312,0.0,-0.009635448455810547,0.009205818176269531,-0.009103437566163176,0.006471306085586548,0.0,0.0,0.0,5.2542645385294843e-23,0.0,0.0,-0.0890389010310173,0.13998661935329437,0.10127922892570496,-0.9219217300415039,0.13998661935329437,0.10127922892570496,-0.9219217300415039
3.8804,1788396533.5846,ramp,0,-0.008153,0.006637396904953136,0.06286571100386702,-0.18251766471397896,-0.05558278039097786,-0.0026113020721822977,0.9981122016906738,0.02599702589213848,-0.09290027618408203,0.04273414611816406,-0.07762893307491175,2.373626708984375,0.0,0.14371299743652344,-0.06715583801269531,0.1748110588927534,3.25274658203125,0.0,1.0184531211853027,-0.6654453277587891,0.9011985864737441,-7.296699523925781,0.0,0.47428083419799805,-0.20146560668945312,0.38243995628197747,-7.882781982421875,0.0,-0.38492774963378906,0.018314361572265625,-0.21872298941919782,16.380950927734375,0.0,-0.040554046630859375,-0.05494499206542969,-0.06269703390076617,-1.611724853515625,0.0,-0.16077804565429688,-0.09157562255859375,-0.20248443301232955,-6.710624694824219,0.0,-0.10785627365112305,0.10378456115722656,-0.06436193723291238,4.0146484375,0.0,-0.9356188774108887,0.6532363891601562,-0.8547901132640615,3.7216110229492188,0.0,0.4823341369628906,-0.06715583801269531,0.44092987925532495,-3.369964599609375,0.0,-0.36728763580322266,-0.0061054229736328125,-0.1985394409594719,16.4981689453125,0.0,0.07698535919189453,0.0061054229736328125,0.1170060009917477,4.0732574462890625,0.0,-0.9177865982055664,0.7875461578369141,-0.7811349923275811,0.9670333862304688,0.0,0.12327957509291036,-0.05538864438800451,0.07817354701242163,-2.04397118002891,0.0,0.12243944800609342,0.0017534433589606801,0.011413325849489795,-6.407697380802991,0.0,-0.058194637298583984,-0.0061054229736328125,-0.024451217020487217,0.5567779541015625,0.0,-0.0921335220336914,0.0061054229736328125,-0.0331692399690749,1.0256423950195312,0.0,-0.21044015884399414,0.20146560668945312,-0.17374511189579672,0.380950927734375,0.0,-0.14179515838623047,0.09157562255859375,-0.10290054693598136,0.4981689453125,0.0,-0.24783039093017578,0.1770458221435547,-0.21064818372778787,0.380950927734375,0.0,-0.08373355865478516,0.08058547973632812,-0.06467341004863188,0.1797332763671875,0.0,0.01087188720703125,-0.0073261260986328125,0.0045756624356466154,-0.16410255432128906,0.0,0.4301795959472656,-0.40903472900390625,0.47018408949442075,1.7875442504882812,0.0,-0.5837674140930176,0.5921859741210938,-0.6840108957212698,-3.4871826171875,0.0,0.08043718338012695,-0.018314361572265625,0.027498890955573858,-0.9084243774414062,0.0,-0.3373751640319824,0.2991447448730469,-0.24626681428672278,1.2014617919921875,0.0,0.053592681884765625,-0.0061054229736328125,0.033356787739910444,-0.3223419189453125,0.0,0.032235145568847656,-0.0073261260986328125,0.020493666408173107,-0.16410446166992188,0.0,-0.18978404998779297,0.124542236328125,-0.16170809848941517,0.19536209106445312,0.0,-0.00944375991821289,0.009205818176269531,-0.008941927989123091,0.007692307233810425,0.0,0.0,0.0,5.281791404221453e-23,0.0,0.0,-0.08804063498973846,0.10124026238918304,0.0982000082731247,-0.9603034257888794,0.10124026238918304,0.0982000082731247,-0.9603034257888794
3.9001,1788396533.6045,ramp,0,-0.008250,0.02160815255441396,0.06484656190028955,-0.1677071767465326,-0.056248411536216736,-0.0025416347198188305,0.9980271458625793,0.027771973982453346,-0.0917501449584961,0.04273414611816406,-0.07761656396825427,2.0219802856445312,0.0,0.14198732376098633,-0.128204345703125,0.17453151165530714,3.6630020141601562,0.0,1.0057978630065918,-0.6410255432128906,0.890230908183455,-7.120880126953125,0.0,0.4700627326965332,-0.25030517578125,0.3798343820944108,-7.531135559082031,0.0,-0.3843522071838379,0.04273414611816406,-0.21697633688729437,16.4981689453125,0.0,-0.04304647445678711,-0.16483497619628906,-0.06404822783278771,-1.0842514038085938,0.0,-0.16269540786743164,-0.09157562255859375,-0.20333488048645812,-6.3003692626953125,0.0,-0.10555553436279297,0.10378456115722656,-0.06562381799770042,3.4285736083984375,0.0,-0.9231557846069336,0.6654453277587891,-0.8412001767233124,3.7216110229492188,0.0,0.48080015182495117,-0.05494499206542969,0.4384514961871476,-3.5457839965820312,0.0,-0.36728763580322266,-0.0061054229736328125,-0.19680231343899554,16.73260498046875,0.0,0.07698535919189453,0.0061054229736328125,0.11728447492449579,4.131866455078125,0.0,-0.9022555351257324,0.7997550964355469,-0.7673258412215059,0.7912063598632812,0.0,0.12211163872423633,-0.06589515045462016,0.07679157035819936,-2.0520174400723312,0.0,0.12218945787654027,-0.042674224133737775,0.011211557470367206,-6.2807058403662825,0.0,-0.058194637298583984,-0.0061054229736328125,-0.024018926772042155,0.5567779541015625,0.0,-0.09194183349609375,0.0061054229736328125,-0.03258286763001381,1.0842514038085938,0.0,-0.20737218856811523,0.16483497619628906,-0.17067358491287177,0.380950927734375,0.0,-0.14006948471069336,0.07936477661132812,-0.10108147408006925,0.4981689453125,0.0,-0.24361181259155273,0.1770458221435547,-0.20693157424913355,0.3223419189453125,0.0,-0.08220767974853516,0.05128288269042969,-0.06353319048628493,0.19536209106445312,0.0,0.01087188720703125,-0.0073261260986328125,0.00449879128736495,-0.16410255432128906,0.0,0.4219346046447754,-0.40903472900390625,0.4618720321806729,1.8461532592773438,0.0,-0.5711121559143066,0.6166057586669922,-0.6719187311092286,-3.4871826171875,0.0,0.07947778701782227,-0.04273414611816406,0.027012701719546874,-0.9084243774414062,0.0,-0.33200645446777344,0.2991447448730469,-0.24191324461015737,1.1428604125976562,0.0,0.05320930480957031,-0.018314361572265625,0.03276550533080069,-0.3223419189453125,0.0,0.031853675842285156,-0.0073261260986328125,0.020128275493961675,-0.16410446166992188,0.0,-0.18673229217529297,0.13919448852539062,-0.15884065117479312,0.19536209106445312,0.0,-0.009252071380615234,0.0030689239501953125,-0.008783849761935353,0.007692307233810425,0.0,0.0,0.0,5.308733448206506e-23,0.0,0.0,-0.08746661990880966,0.14583496749401093,0.05849670618772507,-0.9649574756622314,0.14583496749401093,0.05849670618772507,-0.9649574756622314
3.9203,1788396533.6249,ramp,0,-0.008152,0.018059881553668482,0.048292606396898405,-0.16078122685761806,-0.056897781789302826,-0.0023760544136166573,0.9979413747787476,0.029497040435671806,-0.09079122543334961,0.04273414611816406,-0.07760395578477998,1.9047622680664062,0.0,0.14006996154785156,-0.11599540710449219,0.17424656117690523,3.8388290405273438,0.0,0.9937176704406738,-0.6410255432128906,0.8790512406455959,-7.120880126953125,0.0,0.46546077728271484,-0.23809432983398438,0.37717844595266475,-7.531135559082031,0.0,-0.38358545303344727,0.05494499206542969,-0.21519592410584637,16.4981689453125,0.0,-0.04534769058227539,-0.03052520751953125,-0.0654255383755804,-1.4945068359375,0.0,-0.1642293930053711,-0.06715583801269531,-0.2042017658716346,-6.534797668457031,0.0,-0.10402154922485352,0.10378456115722656,-0.06691008907981638,3.3113555908203125,0.0,-0.9106922149658203,0.6654453277587891,-0.8273475665021776,3.7802200317382812,0.0,0.4794578552246094,-0.06715583801269531,0.43592520958388226,-3.7216110229492188,0.0,-0.36728763580322266,-0.0061054229736328125,-0.19503160977357292,16.908432006835938,0.0,0.07717704772949219,0.0061054229736328125,0.11756833135278291,4.0732574462890625,0.0,-0.8867239952087402,0.7753353118896484,-0.7532497793367703,0.8498153686523438,0.0,0.12065816699395132,-0.07388477575877825,0.07538288210801908,-1.895493628306014,0.0,0.12209164863848881,0.0004780509286651248,0.01100588920234001,-6.28991914653905,0.0,-0.058194637298583984,0.0061054229736328125,-0.02357828098270009,0.615386962890625,0.0,-0.0917501449584961,-0.0061054229736328125,-0.031985161567655664,1.1428604125976562,0.0,-0.20411252975463867,0.1770458221435547,-0.1675426897868661,0.4395599365234375,0.0,-0.13834381103515625,0.07936477661132812,-0.09922724119522548,0.4981689453125,0.0,-0.23996877670288086,0.16483497619628906,-0.20314312812228097,0.380950927734375,0.0,-0.08106327056884766,0.0659332275390625,-0.06237093214046085,0.1797332763671875,0.0,0.01087188720703125,-0.0073261260986328125,0.0044204343317453265,-0.16410255432128906,0.0,0.41368961334228516,-0.4456653594970703,0.4533993149050752,1.8461532592773438,0.0,-0.5594158172607422,0.5799751281738281,-0.6595928425667668,-3.4871826171875,0.0,0.07851934432983398,-0.03052520751953125,0.026517115153693645,-0.8498153686523438,0.0,-0.3264460563659668,0.2991447448730469,-0.2374755267724633,1.1428604125976562,0.0,0.05244255065917969,-0.03052520751953125,0.032162794293891066,-0.26373291015625,0.0,0.031472206115722656,-0.0073261260986328125,0.01975582210554901,-0.16410446166992188,0.0,-0.18406200408935547,0.13919448852539062,-0.15591778027984862,0.19536209106445312,0.0,-0.009156227111816406,0.009205818176269531,-0.008622716112847758,0.007692307233810425,0.0,0.0,0.0,5.336196242662281e-23,0.0,0.0,-0.08669015020132065,0.10892381519079208,0.09016891568899155,-0.9300369620323181,0.10892381519079208,0.09016891568899155,-0.9300369620323181
3.9402,1788396533.6446,ramp,0,-0.008173,0.017612116789452896,0.053571370345652944,-0.14083746259953034,-0.05749817192554474,-0.002284702844917774,0.9978630542755127,0.030953649431467056,-0.08983278274536133,0.03052520751953125,-0.07759150671213969,1.7289352416992188,0.0,0.13891935348510742,-0.07936477661132812,0.1739652066731619,3.7216110229492188,0.0,0.9824047088623047,-0.6410255432128906,0.8680126565738291,-6.886444091796875,0.0,0.4616260528564453,-0.1892547607421875,0.374556026789427,-7.648353576660156,0.0,-0.3830103874206543,0.03052520751953125,-0.21343797950651838,16.673995971679688,0.0,-0.0470733642578125,-0.15262603759765625,-0.06678546774450503,-1.0256423950195312,0.0,-0.1659550666809082,-0.06715583801269531,-0.2050577114686259,-6.1831512451171875,0.0,-0.10172033309936523,0.11599540710449219,-0.06818012787398775,2.9011001586914062,0.0,-0.8978452682495117,0.7387065887451172,-0.8136697713422064,3.6630020141601562,0.0,0.47773218154907227,-0.07936477661132812,0.433430803827621,-3.7216110229492188,0.0,-0.36728763580322266,-0.0061054229736328125,-0.19328325176464622,17.025634765625,0.0,0.07717704772949219,0.0061054229736328125,0.11784860561293851,4.131866455078125,0.0,-0.8713846206665039,0.7387065887451172,-0.7393513523944785,1.0842514038085938,0.0,0.11920490609758048,-0.06046490166700281,0.0739919710073207,-2.113029305115537,0.0,0.12199348040300184,-0.015003478784827596,0.010802816395405035,-6.484786932714574,0.0,-0.05800294876098633,-0.0061054229736328125,-0.023143195987994254,0.615386962890625,0.0,-0.0917501449584961,-0.0061054229736328125,-0.031394998345251945,1.1428604125976562,0.0,-0.2008523941040039,0.16483497619628906,-0.16445130545443742,0.380950927734375,0.0,-0.1368098258972168,0.07936477661132812,-0.09739640807620212,0.5567779541015625,0.0,-0.23594236373901367,0.22588539123535156,-0.19940249085100215,0.3223419189453125,0.0,-0.07991886138916016,0.05128288269042969,-0.06122334108553502,0.19536209106445312,0.0,0.01087188720703125,-0.0073261260986328125,0.004343066213303001,-0.16410255432128906,0.0,0.4046773910522461,-0.4212455749511719,0.445033520336831,1.9047622680664062,0.0,-0.5477190017700195,0.5555553436279297,-0.6474225023956984,-3.369964599609375,0.0,0.07775211334228516,-0.05494499206542969,0.026027782715722352,-0.8498153686523438,0.0,-0.3206930160522461,0.23809432983398438,-0.23309381137061633,1.2014617919921875,0.0,0.05167531967163086,-0.04273414611816406,0.031567689257951614,-0.14652252197265625,0.0,0.03108978271484375,-0.0073261260986328125,0.019388068947694823,-0.1797332763671875,0.0,-0.18062877655029297,0.15384674072265625,-0.15303179498596534,0.1797332763671875,0.0,-0.008964300155639648,0.009205818176269531,-0.008463615913649473,0.006959706544876099,0.0,0.0,0.0,5.363312466326279e-23,0.0,0.0,-0.08607648313045502,0.11071792244911194,0.07153685390949249,-0.8749111890792847,0.11071792244911194,0.07153685390949249,-0.8749111890792847
3.9603,1788396533.6648,ramp,0,-0.008276,0.012587847011179844,0.046615497345177816,-0.1434727770114614,-0.05808408930897713,-0.002236609812825918,0.997785210609436,0.03233952820301056,-0.08887386322021484,0.018314361572265625,-0.07757899211768618,1.5531158447265625,0.0,0.13776826858520508,-0.06715583801269531,0.17368237134769254,3.7802200317382812,0.0,0.9682159423828125,-0.7020759582519531,0.85691597435577,-6.417579650878906,0.0,0.45798254013061523,-0.1770458221435547,0.3719198053403894,-7.355308532714844,0.0,-0.3824348449707031,0.03052520751953125,-0.2116707825137818,16.908424377441406,0.0,-0.04899120330810547,-0.04273414611816406,-0.06815255467774307,-1.377288818359375,0.0,-0.16729736328125,-0.09157562255859375,-0.20591816206844984,-6.3003692626953125,0.0,-0.09941959381103516,0.11599540710449219,-0.06945685112145322,2.4322357177734375,0.0,-0.8842310905456543,0.6654453277587891,-0.7999199873710805,3.7802200317382812,0.0,0.4765815734863281,-0.05494499206542969,0.4309232695442228,-3.8388290405273438,0.0,-0.36728763580322266,-0.0061054229736328125,-0.1915256918183412,17.26007080078125,0.0,0.07717704772949219,0.0061054229736328125,0.11813035500929478,4.131866455078125,0.0,-0.8566198348999023,0.7875461578369141,-0.7253797754144213,0.6739959716796875,0.0,0.11775661872563971,-0.051203254632490106,0.07259373927962141,-2.037815209882495,0.0,0.1220666645951139,-0.014385955653518944,0.01059867477805302,-6.426241061992096,0.0,-0.05800294876098633,-0.0061054229736328125,-0.022705821059044347,0.615386962890625,0.0,-0.0917501449584961,-0.0061054229736328125,-0.03080172898269396,1.0842514038085938,0.0,-0.1991267204284668,0.128204345703125,-0.16134365058422756,0.5567779541015625,0.0,-0.135467529296875,0.05494499206542969,-0.09555593893776775,0.5567779541015625,0.0,-0.23172330856323242,0.22588539123535156,-0.19564216590148487,0.3223419189453125,0.0,-0.07877445220947266,0.05128288269042969,-0.06006971004282096,0.22661972045898438,0.0,0.01087188720703125,-0.0073261260986328125,0.004265290891886597,-0.16410255432128906,0.0,0.39700794219970703,-0.4334545135498047,0.43662369501667914,1.9047622680664062,0.0,-0.5375566482543945,0.5189247131347656,-0.6351881074329024,-3.3113555908203125,0.0,0.07660198211669922,-0.05494499206542969,0.025535874828999484,-0.7912063598632812,0.0,-0.3162832260131836,0.21367454528808594,-0.22868903417562889,1.26007080078125,0.0,0.05110025405883789,-0.03052520751953125,0.030969452072162833,-0.26373291015625,0.0,0.03108978271484375,-0.0073261260986328125,0.01901838023573102,-0.16410446166992188,0.0,-0.17833995819091797,0.10988998413085938,-0.15013062020811282,0.22661972045898438,0.0,-0.008772611618041992,0.009205818176269531,-0.008303678340147738,0.007203906774520874,0.0,0.0,0.0,5.39057140778081e-23,0.0,0.0,-0.0856277346611023,0.09387750178575516,0.06718329340219498,-0.9264973998069763,0.09387750178575516,0.06718329340219498,-0.9264973998069763
3.9802,1788396533.6845,ramp,0,-0.008267,0.02147271000703742,0.06401875572614124,-0.1453584948003193,-0.05872469022870064,-0.002124431077390909,0.9976992011070251,0.03381171077489853,-0.08810710906982422,0.018314361572265625,-0.07756655314546614,1.611724853515625,0.0,0.13642644882202148,-0.09157562255859375,0.17340124511787836,4.0146484375,0.0,0.9544100761413574,-0.6898651123046875,0.8458863463196253,-6.24176025390625,0.0,0.4537644386291504,-0.25030517578125,0.369299513848535,-7.413917541503906,0.0,-0.38185977935791016,0.04273414611816406,-0.20991426420376325,16.849815368652344,0.0,-0.05110025405883789,-0.11599540710449219,-0.0695113806827043,-0.9670333862304688,0.0,-0.16921472549438477,-0.09157562255859375,-0.20677341320325218,-6.0659332275390625,0.0,-0.09731054306030273,0.11599540710449219,-0.07072585948340537,2.25640869140625,0.0,-0.8710012435913086,0.6898651123046875,-0.7862532895420615,3.6630020141601562,0.0,0.47523975372314453,-0.06715583801269531,0.42843088759705367,-4.0732574462890625,0.0,-0.36728763580322266,-0.0061054229736328125,-0.1897787523207477,17.4945068359375,0.0,0.07717704772949219,0.0061054229736328125,0.11841040187196519,4.1904754638671875,0.0,-0.8416643142700195,0.7631263732910156,-0.7114926248102883,0.7912063598632812,0.0,0.1160133177866758,-0.08788343262178534,0.07120395667957893,-1.8078681957191525,0.0,0.12194781794086405,-0.0060044799268044085,0.010395766732040365,-6.373190850815087,0.0,-0.05781126022338867,-0.0061054229736328125,-0.02227108906583634,0.6739959716796875,0.0,-0.09155845642089844,-0.0061054229736328125,-0.030212044582828383,1.0842514038085938,0.0,-0.19701766967773438,0.14041519165039062,-0.1582547744129927,0.4981689453125,0.0,-0.13489246368408203,0.018314361572265625,-0.09372659124536485,0.615386962890625,0.0,-0.22846364974975586,0.1770458221435547,-0.19190456355573934,0.4395599365234375,0.0,-0.07724857330322266,0.0659332275390625,-0.05892305007346742,0.1797332763671875,0.0,0.01087188720703125,-0.0073261260986328125,0.004187985545229156,-0.16410255432128906,0.0,0.3887624740600586,-0.4456653594970703,0.4282646879452438,1.9633712768554688,0.0,-0.5268192291259766,0.5433464050292969,-0.6230276415355089,-3.25274658203125,0.0,0.07545137405395508,-0.04273414611816406,0.025046939405601532,-0.8498153686523438,0.0,-0.31206464767456055,0.22588539123535156,-0.22431087383111264,1.3186798095703125,0.0,0.05052518844604492,-0.018314361572265625,0.03037482986824841,-0.26373291015625,0.0,0.03070831298828125,-0.0073261260986328125,0.018650925450418136,-0.16410446166992188,0.0,-0.17528820037841797,0.13919448852539062,-0.14724697642713816,0.19536209106445312,0.0,-0.008580923080444336,0.009205818176269531,-0.008144707225172777,0.006471306085586548,0.0,0.0,0.0,5.417665630990447e-23,0.0,0.0,-0.08473017811775208,0.13377055525779724,0.10409317910671234,-0.9018808603286743,0.13377055525779724,0.10409317910671234,-0.9018808603286743
4.0003,1788396533.7047,ramp,0,-0.008282,0.024091082137127486,0.06032215497505676,-0.16186435111771008,-0.05943554267287254,-0.0020215583499521017,0.997607409954071,0.03525210916996002,-0.08733987808227539,0.018314361572265625,-0.07755400333358484,1.7289352416992188,0.0,0.13489246368408203,-0.10378456115722656,0.1731176138630889,4.24908447265625,0.0,0.9419465065002441,-0.6776561737060547,0.834758436832773,-6.1831512451171875,0.0,0.4493536949157715,-0.22588539123535156,0.36665587378606224,-6.769233703613281,0.0,-0.38090085983276367,0.06715583801269531,-0.20814209412678236,16.849815368652344,0.0,-0.052825927734375,-0.03052520751953125,-0.07088231474702975,-1.377288818359375,0.0,-0.1713242530822754,-0.128204345703125,-0.20763628520450372,-5.714286804199219,0.0,-0.09520149230957031,0.10378456115722656,-0.07200617556873354,1.7289352416992188,0.0,-0.8577709197998047,0.75091552734375,-0.7724648121856983,3.3113555908203125,0.0,0.4737057685852051,-0.05494499206542969,0.4259162968398791,-4.0732574462890625,0.0,-0.36728763580322266,-0.0061054229736328125,-0.18801624640989353,17.611724853515625,0.0,0.07736873626708984,-0.0061054229736328125,0.11869294414171908,4.1904754638671875,0.0,-0.8267078399658203,0.75091552734375,-0.6974817302953813,0.6739959716796875,0.0,0.11390432180408686,-0.09295933586681222,0.06980179017595849,-1.5777794021756826,0.0,0.12171814057779716,-0.02270228804478535,0.010191050638008589,-6.321352372395415,0.0,-0.05781126022338867,-0.0061054229736328125,-0.02183248331634012,0.615386962890625,0.0,-0.09155845642089844,-0.0061054229736328125,-0.029617105695858736,1.1428604125976562,0.0,-0.19452524185180664,0.15262603759765625,-0.15513837426450575,0.4981689453125,0.0,-0.13431739807128906,0.018314361572265625,-0.09188094282691121,0.6739959716796875,0.0,-0.22482061386108398,0.15262603759765625,-0.18813365664346582,0.4981689453125,0.0,-0.07648563385009766,0.021978378295898438,-0.05776617258772189,0.24224853515625,0.0,0.01087188720703125,-0.0073261260986328125,0.004109991355612363,-0.16410255432128906,0.0,0.37975072860717773,-0.5067157745361328,0.4198311964633854,2.0805892944335938,0.0,-0.5156974792480469,0.5921859741210938,-0.6107588176567071,-3.25274658203125,0.0,0.07430076599121094,-0.04273414611816406,0.02455364723666724,-0.7912063598632812,0.0,-0.30727100372314453,0.25030517578125,-0.2198937011147666,1.26007080078125,0.0,0.04994964599609375,-0.03052520751953125,0.029774909178053918,-0.26373291015625,0.0,0.03032684326171875,-0.0073261260986328125,0.018280196394272932,-0.1797332763671875,0.0,-0.17299938201904297,0.10988998413085938,-0.14433763742841094,0.24224853515625,0.0,-0.00838923454284668,0.009205818176269531,-0.007984319569970966,0.0050061047077178955,0.0,0.0,0.0,5.445001282066384e-23,0.0,0.0,-0.08344098925590515,0.14658409357070923,0.09544594585895538,-0.9085829257965088,0.14658409357070923,0.09544594585895538,-0.9085829257965088
4.0213,1788396533.7258,ramp,0,-0.007925,0.03968292700424088,0.07512623471113011,-0.15050613551609027,-0.06023436039686203,-0.001718489802442491,0.9975022673606873,0.03685153275728226,-0.08695650100708008,0.018314361572265625,-0.07754084979053127,1.4358978271484375,0.0,0.1323995590209961,-0.14041519165039062,0.17282033801891705,4.483512878417969,0.0,0.9279494285583496,-0.628814697265625,0.823095199334395,-6.124542236328125,0.0,0.4436016082763672,-0.27472496032714844,0.3638850566846762,-6.534797668457031,0.0,-0.37917518615722656,0.06715583801269531,-0.20628467063499645,16.79120635986328,0.0,-0.05435991287231445,-0.07936477661132812,-0.0723192000493173,-1.0842514038085938,0.0,-0.1743922233581543,-0.128204345703125,-0.20854066720843606,-5.24542236328125,0.0,-0.09328413009643555,0.09157562255859375,-0.07334808355188335,1.4358978271484375,0.0,-0.8420476913452148,0.7387065887451172,-0.758013015436428,3.4871826171875,0.0,0.4727468490600586,-0.03052520751953125,0.4232807371916986,-4.1904754638671875,0.0,-0.36728763580322266,-0.0061054229736328125,-0.18616895199625055,17.670333862304688,0.0,0.07736873626708984,-0.0061054229736328125,0.11898907861328031,4.24908447265625,0.0,-0.8109850883483887,0.7387065887451172,-0.6827968166118947,0.615386962890625,0.0,0.11142093705217071,-0.09324629077542172,0.06833216994195879,-1.5128491103785788,0.0,0.1210351608800925,-0.033579836667870976,0.009976486309708304,-6.1347288783288025,0.0,-0.05781126022338867,-0.0061054229736328125,-0.021372777651895925,0.6739959716796875,0.0,-0.09117460250854492,0.0061054229736328125,-0.028993546208432475,1.2014617919921875,0.0,-0.19107389450073242,0.16483497619628906,-0.1518720541066425,0.4395599365234375,0.0,-0.1337418556213379,0.03052520751953125,-0.08994650618646557,0.6739959716796875,0.0,-0.22136926651000977,0.16483497619628906,-0.18418134350198276,0.380950927734375,0.0,-0.07534122467041016,0.0659332275390625,-0.056553641439017074,0.21099090576171875,0.0,0.01087188720703125,-0.0073261260986328125,0.004028245115847478,-0.16410255432128906,0.0,0.3692049980163574,-0.5189247131347656,0.4109919967727629,2.1977996826171875,0.0,-0.5041933059692383,0.5189247131347656,-0.5978997800366312,-3.25274658203125,0.0,0.073150634765625,-0.06715583801269531,0.024036624364656263,-0.7912063598632812,0.0,-0.3026695251464844,0.21367454528808594,-0.21526403239550107,1.3186798095703125,0.0,0.04879951477050781,-0.05494499206542969,0.029146128228838247,-0.14652252197265625,0.0,0.03032684326171875,-0.0073261260986328125,0.017891632753053558,-0.1797332763671875,0.0,-0.16994762420654297,0.13919448852539062,-0.1412883394676808,0.24224853515625,0.0,-0.008293390274047852,0.009205818176269531,-0.007816216179425168,0.005250304937362671,0.0,0.0,0.0,5.473651963584609e-23,0.0,0.0,-0.08130639791488647,0.17424172163009644,0.08663909137248993,-0.8863168358802795,0.17424172163009644,0.08663909137248993,-0.8863168358802795
4.0402,1788396533.7444,ramp,0,-0.007693,0.023235793388886327,0.0680338538988424,-0.1557367170550604,-0.0610358826816082,-0.0014753795694559813,0.9973938465118408,0.03844393417239189,-0.08657312393188477,0.0061054229736328125,-0.07752907459833494,1.377288818359375,0.0,0.13086557388305664,-0.07936477661132812,0.17255421350887476,4.542121887207031,0.0,0.9160609245300293,-0.6654453277587891,0.8126541445846913,-5.890106201171875,0.0,0.4391913414001465,-0.21367454528808594,0.3614045916284677,-6.593406677246094,0.0,-0.3782167434692383,0.05494499206542969,-0.20462188529140557,17.02564239501953,0.0,-0.05570173263549805,-0.03052520751953125,-0.07360551511512259,-1.3186798095703125,0.0,-0.17688465118408203,-0.11599540710449219,-0.2093502796354331,-5.128204345703125,0.0,-0.09155845642089844,0.09157562255859375,-0.07454937390741974,1.26007080078125,0.0,-0.8278589248657227,0.7142848968505859,-0.7450756126688254,3.5457839965820312,0.0,0.47198009490966797,-0.04273414611816406,0.4209213560518916,-4.366302490234375,0.0,-0.36728763580322266,-0.0061054229736328125,-0.18451523431157246,17.904754638671875,0.0,0.07736873626708984,-0.0061054229736328125,0.11925418135437389,4.366302490234375,0.0,-0.7971792221069336,0.7631263732910156,-0.6696507250755371,0.9084243774414062,0.0,0.10943889363634704,-0.08968603744494458,0.06701655021573807,-1.5223777890451085,0.0,0.12013144129204477,-0.07128878543755987,0.009784406031875647,-6.009849219505654,0.0,-0.05781126022338867,-0.0061054229736328125,-0.02096124423230481,0.615386962890625,0.0,-0.09098291397094727,0.0061054229736328125,-0.028435329096861157,1.1428604125976562,0.0,-0.18800592422485352,0.22588539123535156,-0.148948009423247,0.380950927734375,0.0,-0.13297510147094727,0.03052520751953125,-0.08821477784984078,0.6739959716796875,0.0,-0.21830129623413086,0.20146560668945312,-0.18064319057455272,0.3223419189453125,0.0,-0.07419681549072266,0.03663063049316406,-0.05546817060717397,0.22661972045898438,0.0,0.01087188720703125,-0.0073261260986328125,0.003955065009115855,-0.16410255432128906,0.0,0.3590421676635742,-0.5555553436279297,0.40307905082390527,2.1977996826171875,0.0,-0.4930720329284668,0.5433464050292969,-0.5863882322491165,-3.25274658203125,0.0,0.0718083381652832,-0.06715583801269531,0.023573779968812797,-0.7325973510742188,0.0,-0.29883432388305664,0.20146560668945312,-0.2111195035219731,1.3186798095703125,0.0,0.047265052795410156,-0.09157562255859375,0.028583236808917785,-0.08791351318359375,0.0,0.02994537353515625,-0.0073261260986328125,0.01754378643231458,-0.1797332763671875,0.0,-0.16727733612060547,0.10988998413085938,-0.13855857537254246,0.21099090576171875,0.0,-0.008101463317871094,0.009205818176269531,-0.007665728229184627,0.003540903329849243,0.0,0.0,0.0,5.499300359614419e-23,0.0,0.0,-0.07931219041347504,0.18030664324760437,0.06712812930345535,-0.9190351366996765,0.18030664324760437,0.06712812930345535,-0.9190351366996765
4.0605,1788396533.7653,ramp,0,-0.007690,0.017033109158064143,0.07625364234672312,-0.15809962337699,-0.06171203404664993,-0.0013501925859600306,0.9972906708717346,0.04001334309577942,-0.08618927001953125,0.0061054229736328125,-0.07751637985295282,1.377288818359375,0.0,0.1297154426574707,-0.07936477661132812,0.17226730669337614,4.542121887207031,0.0,0.9043645858764648,-0.6166057586669922,0.8013977226632085,-6.00732421875,0.0,0.43535661697387695,-0.20146560668945312,0.3587304210677809,-6.534797668457031,0.0,-0.37744951248168945,0.05494499206542969,-0.2028292490261041,17.142860412597656,0.0,-0.05685234069824219,-0.10378456115722656,-0.07499228162978674,-1.0842514038085938,0.0,-0.17976093292236328,-0.14041519165039062,-0.21022311665138807,-4.542121887207031,0.0,-0.08925724029541016,0.128204345703125,-0.07584447592692686,0.5567779541015625,0.0,-0.8134775161743164,0.7264957427978516,-0.7311278968861429,3.25274658203125,0.0,0.4704461097717285,-0.06715583801269531,0.418377725142954,-4.483512878417969,0.0,-0.36728763580322266,0.0061054229736328125,-0.18273237382055912,18.02197265625,0.0,0.07736873626708984,-0.03052520751953125,0.11953998660851985,4.483512878417969,0.0,-0.7829899787902832,0.7020759582519531,-0.6554780235143395,0.9670333862304688,0.0,0.10779858689240565,-0.06669462148553278,0.06559819056898052,-1.69887964394686,0.0,0.1184858150018597,-0.07503377469110335,0.009577325741434554,-5.747654143731275,0.0,-0.05781126022338867,-0.0061054229736328125,-0.020517573174470387,0.615386962890625,0.0,-0.09059953689575195,0.018314361572265625,-0.027833519463421923,1.0256423950195312,0.0,-0.1832122802734375,0.23809432983398438,-0.14579561903141405,0.3223419189453125,0.0,-0.13201618194580078,0.06715583801269531,-0.08634781466674,0.6739959716796875,0.0,-0.21446657180786133,0.21367454528808594,-0.17682873474335303,0.3223419189453125,0.0,-0.07305240631103516,0.0659332275390625,-0.05429793273757217,0.19536209106445312,0.0,0.01087188720703125,-0.0073261260986328125,0.003876170091181087,-0.1797313690185547,0.0,0.34696245193481445,-0.5921859741210938,0.3945481638227853,2.3150177001953125,0.0,-0.48041677474975586,0.5433464050292969,-0.5739777199041588,-3.25274658203125,0.0,0.0704660415649414,-0.06715583801269531,0.023074790936717573,-0.7325973510742188,0.0,-0.2946157455444336,0.21367454528808594,-0.20665131838315623,1.3186798095703125,0.0,0.04534769058227539,-0.06715583801269531,0.027976387839105898,-0.14652252197265625,0.0,0.02956390380859375,-0.0073261260986328125,0.01716877595263248,-0.1797332763671875,0.0,-0.16422557830810547,0.13919448852539062,-0.13561563740912796,0.19536209106445312,0.0,-0.007909774780273438,0.009205818176269531,-0.007503488311607841,0.0032967031002044678,0.0,0.0,0.0,5.526951700809521e-23,0.0,0.0,-0.07745440304279327,0.16723601520061493,0.06085402891039848,-0.8590997457504272,0.16723601520061493,0.06085402891039848,-0.8590997457504272
4.0811,1788396533.7854,ramp,0,-0.007888,0.005387654988122461,0.08418525179752205,-0.18169311675097682,-0.06257129460573196,-0.0013091490836814046,0.9971689581871033,0.04167953506112099,-0.0859975814819336,0.0061054229736328125,-0.07750347700441781,1.4358978271484375,0.0,0.12856483459472656,-0.05494499206542969,0.1719756966553171,4.483512878417969,0.0,0.8909420967102051,-0.6166057586669922,0.789956775820492,-5.831504821777344,0.0,0.43094682693481445,-0.20146560668945312,0.35601241320999216,-6.24176025390625,0.0,-0.37668275833129883,0.04273414611816406,-0.20100722632984236,17.26007080078125,0.0,-0.0585780143737793,-0.03052520751953125,-0.07640178121039967,-1.3186798095703125,0.0,-0.18263721466064453,-0.15262603759765625,-0.2111102619602218,-4.1904754638671875,0.0,-0.08657312393188477,0.14041519165039062,-0.07716080836936998,0.3223419189453125,0.0,-0.7990970611572266,0.6654453277587891,-0.7169515381852983,3.8388290405273438,0.0,0.4691038131713867,-0.07936477661132812,0.41579239685483205,-4.4249114990234375,0.0,-0.3670954704284668,0.018314361572265625,-0.18092028715146097,18.139190673828125,0.0,0.07698535919189453,-0.03052520751953125,0.11983047702748793,4.600730895996094,0.0,-0.769376277923584,0.6532363891601562,-0.6410729908751588,1.2014617919921875,0.0,0.10622891120109003,-0.07650401876210916,0.06415657995455981,-1.7114595313718755,0.0,0.11676225533125661,-0.09726187352068694,0.009366850813288044,-5.621386799615441,0.0,-0.057619571685791016,-0.0061054229736328125,-0.020066629080179824,0.6739959716796875,0.0,-0.09021615982055664,0.018314361572265625,-0.027221844450381363,1.1428604125976562,0.0,-0.17956924438476562,0.21367454528808594,-0.14259155195290313,0.3223419189453125,0.0,-0.12990713119506836,0.10378456115722656,-0.08445024662210232,0.5567779541015625,0.0,-0.2106318473815918,0.20146560668945312,-0.17295174908103014,0.380950927734375,0.0,-0.07190799713134766,0.0659332275390625,-0.05310851132525856,0.19536209106445312,0.0,0.01087188720703125,-0.0073261260986328125,0.0037959818600941282,-0.1797313690185547,0.0,0.33526611328125,-0.5555553436279297,0.38587743120616547,2.3150177001953125,0.0,-0.4692955017089844,0.5311355590820312,-0.5613637637980399,-3.25274658203125,0.0,0.06931591033935547,-0.05494499206542969,0.02256762204849345,-0.7325973510742188,0.0,-0.2905893325805664,0.20146560668945312,-0.20210988692179133,1.377288818359375,0.0,0.044388771057128906,-0.05494499206542969,0.02735959088056931,-0.08791351318359375,0.0,0.02918243408203125,-0.0073261260986328125,0.01678761797957213,-0.1797332763671875,0.0,-0.16117382049560547,0.13919448852539062,-0.13262445628286096,0.21099090576171875,0.0,-0.007718086242675781,0.009205818176269531,-0.007338588818171101,0.0032967031002044678,0.0,0.0,0.0,5.555056326502276e-23,0.0,0.0,-0.07543300837278366,0.18644067645072937,0.07180169224739075,-0.8338069319725037,0.18644067645072937,0.07180169224739075,-0.8338069319725037
4.1001,1788396533.8044,ramp,0,-0.008135,0.01945488902513862,0.0976107794848295,-0.16793354543918934,-0.0634673610329628,-0.0012810955522581935,0.9970367550849915,0.04345017671585083,-0.08580589294433594,0.0061054229736328125,-0.07749161588834672,1.3186798095703125,0.0,0.12760591506958008,-0.06715583801269531,0.17170763022800548,4.600730895996094,0.0,0.8790545463562012,-0.6166057586669922,0.7794395324306471,-5.538459777832031,0.0,0.42653656005859375,-0.23809432983398438,0.3535138481376378,-5.9487152099609375,0.0,-0.37572383880615234,0.05494499206542969,-0.19933230759961462,17.201461791992188,0.0,-0.059920310974121094,-0.07936477661132812,-0.07769748254971909,-1.1428604125976562,0.0,-0.18512964248657227,-0.11599540710449219,-0.211925782149541,-4.0146484375,0.0,-0.08388853073120117,0.10378456115722656,-0.07837086457096279,0.02930450439453125,0.0,-0.7870168685913086,0.6410255432128906,-0.7039197308630364,4.0732574462890625,0.0,0.46718645095825195,-0.09157562255859375,0.41341579925127453,-4.4249114990234375,0.0,-0.3667120933532715,0.03052520751953125,-0.1792545022470821,18.25640869140625,0.0,0.07660198211669922,-0.0061054229736328125,0.120097514229977,4.483512878417969,0.0,-0.7569127082824707,0.6776561737060547,-0.6278309719769267,1.0256423950195312,0.0,0.10421090980536818,-0.11905787581572673,0.06283136011797798,-1.4323727722525188,0.0,0.11450100627261942,-0.1378041150070936,0.009173368920818095,-5.240632421986195,0.0,-0.057619571685791016,-0.0061054229736328125,-0.0196520926908349,0.6739959716796875,0.0,-0.09002447128295898,0.018314361572265625,-0.026659554014452153,1.1428604125976562,0.0,-0.17650127410888672,0.16483497619628906,-0.13964617044162198,0.4395599365234375,0.0,-0.12722253799438477,0.1770458221435547,-0.08270588182007974,0.4395599365234375,0.0,-0.20679712295532227,0.21367454528808594,-0.1693877781623517,0.3223419189453125,0.0,-0.07038211822509766,0.05128288269042969,-0.05201511978534779,0.1797332763671875,0.0,0.01087188720703125,-0.0073261260986328125,0.003722267756275916,-0.16410255432128906,0.0,0.3247199058532715,-0.5067157745361328,0.37790674429092036,2.25640869140625,0.0,-0.4585580825805664,0.5311355590820312,-0.5497682159556576,-3.1941375732421875,0.0,0.06854867935180664,-0.03052520751953125,0.022101400265406877,-0.7912063598632812,0.0,-0.2875213623046875,0.1770458221435547,-0.1979351153164255,1.377288818359375,0.0,0.04342985153198242,-0.03052520751953125,0.02679259202774491,-0.20513153076171875,0.0,0.02880096435546875,-0.021978378295898438,0.016437233415447738,-0.16410446166992188,0.0,-0.15850353240966797,0.13919448852539062,-0.12987477303019496,0.19536209106445312,0.0,-0.007622241973876953,0.009205818176269531,-0.007187002753557895,0.00158730149269104,0.0,0.0,0.0,5.580891879525527e-23,0.0,0.0,-0.07261098921298981,0.26344630122184753,0.07471206784248352,-0.8488517999649048,0.26344630122184753,0.07471206784248352,-0.8488517999649048
4.1203,1788396533.8247,ramp,0,-0.008476,0.000681004620544188,0.0902304610244338,-0.1577267475348653,-0.0643751248717308,-0.0013014242285862565,0.9969035387039185,0.04513868689537048,-0.08523082733154297,0.03052520751953125,-0.07747897529266563,1.1428604125976562,0.0,0.12683916091918945,-0.05494499206542969,0.17142194721950907,4.4249114990234375,0.0,0.8667826652526855,-0.5921859741210938,0.7682311250115151,-5.597068786621094,0.0,0.42212677001953125,-0.2625160217285156,0.35085108430722173,-5.890106201171875,0.0,-0.37476539611816406,0.04273414611816406,-0.19754731786167107,17.377288818359375,0.0,-0.06183767318725586,-0.11599540710449219,-0.07907833378290724,-0.8498153686523438,0.0,-0.1876225471496582,-0.09157562255859375,-0.21279489606100982,-3.7802200317382812,0.0,-0.08062887191772461,0.018314361572265625,-0.07966044230580879,-0.14652252197265625,0.0,-0.774169921875,0.7020759582519531,-0.6900315093527707,3.6043930053710938,0.0,0.464693546295166,-0.15262603759765625,0.410883018253002,-4.131866455078125,0.0,-0.3657536506652832,0.04273414611816406,-0.17747924658465758,18.197799682617188,0.0,0.07641029357910156,-0.0061054229736328125,0.12038210037585367,4.600730895996094,0.0,-0.7438745498657227,0.6776561737060547,-0.613718724369674,1.1428604125976562,0.0,0.10204043737671042,-0.10971706171004224,0.061419050513859944,-1.1447660376190214,0.0,0.11189475731005874,-0.1369054317576014,0.00896717193567255,-4.991716837839798,0.0,-0.05742788314819336,-0.0061054229736328125,-0.01921031412114617,0.6739959716796875,0.0,-0.08983278274536133,0.0061054229736328125,-0.026060311412549317,1.1428604125976562,0.0,-0.1730499267578125,0.16483497619628906,-0.1365072266367182,0.4395599365234375,0.0,-0.12319612503051758,0.1892547607421875,-0.08084688220735409,0.3223419189453125,0.0,-0.2031540870666504,0.1892547607421875,-0.1655895929720139,0.3223419189453125,0.0,-0.06885623931884766,0.0659332275390625,-0.050849873589772866,0.16410446166992188,0.0,0.01087188720703125,-0.021978378295898438,0.0036437093662581954,-0.16410255432128906,0.0,0.31513261795043945,-0.4822959899902344,0.3694122459661335,2.139190673828125,0.0,-0.44724464416503906,0.5433464050292969,-0.5374106409098094,-3.135528564453125,0.0,0.06778192520141602,-0.03052520751953125,0.021604539681429686,-0.7912063598632812,0.0,-0.2831110954284668,0.22588539123535156,-0.1934859893144594,1.3186798095703125,0.0,0.04247140884399414,-0.04273414611816406,0.026188331584863764,-0.14652252197265625,0.0,0.02841949462890625,-0.0073261260986328125,0.01606382255078397,-0.16410446166992188,0.0,-0.15506935119628906,0.15384674072265625,-0.1269443882300102,0.1797332763671875,0.0,-0.007430553436279297,0.009205818176269531,-0.00702545487373149,0.0013431012630462646,0.0,0.0,0.0,5.608425273348359e-23,0.0,0.0,-0.06957202404737473,0.23665998876094818,0.07711122930049896,-0.8375734090805054,0.23665998876094818,0.07711122930049896,-0.8375734090805054
4.1402,1788396533.8446,ramp,0,-0.009076,0.00013761660618878975,0.07951658892618023,-0.1367329654379866,-0.06527633219957352,-0.0014613925013691187,0.9967767000198364,0.04661640524864197,-0.08465576171875,0.0061054229736328125,-0.07746655377730634,1.0256423950195312,0.0,0.1266474723815918,-0.018314361572265625,0.17114121552240733,4.600730895996094,0.0,0.8547024726867676,-0.6166057586669922,0.7572169759616936,-5.362640380859375,0.0,0.41809940338134766,-0.1770458221435547,0.3482344701339526,-5.655677795410156,0.0,-0.37399816513061523,0.06715583801269531,-0.19579326465045802,17.435897827148438,0.0,-0.06356334686279297,-0.04273414611816406,-0.08043525281067238,-1.1428604125976562,0.0,-0.18915605545043945,-0.07936477661132812,-0.2136489469358782,-4.131866455078125,0.0,-0.07679367065429688,0.15262603759765625,-0.08092766974069665,-0.9670333862304688,0.0,-0.7607474327087402,0.7264957427978516,-0.6763839913753372,3.6630020141601562,0.0,0.46143436431884766,-0.15262603759765625,0.4083941341160896,-4.24908447265625,0.0,-0.36517810821533203,0.03052520751953125,-0.17573475874295874,18.373626708984375,0.0,0.0762186050415039,-0.018314361572265625,0.1206617542205961,4.600730895996094,0.0,-0.7310271263122559,0.628814697265625,-0.5998510630006778,1.611724853515625,0.0,0.09949817666181199,-0.147665659046296,0.06003121833551688,-1.0127771616320058,0.0,0.10884608228902115,-0.18218855348700871,0.008764548650928253,-4.738963076906253,0.0,-0.05742788314819336,-0.0061054229736328125,-0.018776192231067208,0.7325973510742188,0.0,-0.08944892883300781,0.018314361572265625,-0.025471454576109318,1.0842514038085938,0.0,-0.1699814796447754,0.22588539123535156,-0.13342268539607677,0.380950927734375,0.0,-0.12012815475463867,0.11599540710449219,-0.07902010182255376,0.380950927734375,0.0,-0.1991267204284668,0.21367454528808594,-0.16185723597954785,0.3223419189453125,0.0,-0.06771183013916016,0.0659332275390625,-0.04970482284367913,0.16410446166992188,0.0,0.01049041748046875,-0.021978378295898438,0.0035665125099686693,-0.14847373962402344,0.0,0.3078465461730957,-0.39682579040527344,0.3610649699300249,2.139190673828125,0.0,-0.43708229064941406,0.5433464050292969,-0.5252672410172431,-3.135528564453125,0.0,0.06701469421386719,-0.03052520751953125,0.02111629043028585,-0.7325973510742188,0.0,-0.2790846824645996,0.22588539123535156,-0.18911397328268617,1.3186798095703125,0.0,0.04170417785644531,-0.03052520751953125,0.025594543874091963,-0.14652252197265625,0.0,0.02803802490234375,-0.0073261260986328125,0.01569688345172792,-0.1797332763671875,0.0,-0.15239906311035156,0.124542236328125,-0.12406479135637458,0.19536209106445312,0.0,-0.007238626480102539,0.015343666076660156,-0.006866706858910623,0.0013431012630462646,0.0,0.0,0.0,5.635481472509577e-23,0.0,0.0,-0.06617347151041031,0.2869325876235962,0.06715884059667587,-0.7735821604728699,0.2869325876235962,0.06715884059667587,-0.7735821604728699
4.1604,1788396533.8652,ramp,0,-0.009256,0.009806693320647883,0.09985974412399576,-0.1306579787411364,-0.06619420647621155,-0.0014144036686047912,0.996649980545044,0.04801131784915924,-0.08408021926879883,0.0061054229736328125,-0.07745391016268505,1.0256423950195312,0.0,0.12588024139404297,-0.10378456115722656,0.17085546428453777,4.835166931152344,0.0,0.8430061340332031,-0.6654453277587891,0.746005891650378,-5.128204345703125,0.0,0.41330575942993164,-0.27472496032714844,0.3455710703584448,-5.479850769042969,0.0,-0.3732314109802246,0.03052520751953125,-0.19400784860528822,17.670326232910156,0.0,-0.06548070907592773,-0.11599540710449219,-0.0818164338311117,-0.8498153686523438,0.0,-0.19107389450073242,-0.128204345703125,-0.21451826841691052,-3.3113555908203125,0.0,-0.07391738891601562,0.128204345703125,-0.08221755546403997,-1.4945068359375,0.0,-0.7469420433044434,0.7142848968505859,-0.6624924529557003,3.6630020141601562,0.0,0.4595165252685547,-0.06715583801269531,0.40586074821638873,-4.600730895996094,0.0,-0.3647947311401367,-0.0061054229736328125,-0.17395907909808708,18.783889770507812,0.0,0.07602643966674805,0.0061054229736328125,0.1209464083338834,4.542121887207031,0.0,-0.717221736907959,0.6898651123046875,-0.5857354449801362,1.2014617919921875,0.0,0.09628712041288144,-0.15193367454549567,0.05861857143097795,-0.7348104321200335,0.0,0.10500168862582222,-0.17650066092066338,0.008558302419973097,-4.3584285858297225,0.0,-0.0572357177734375,-0.0061054229736328125,-0.01833430815186621,0.6739959716796875,0.0,-0.0890655517578125,0.03052520751953125,-0.024872068857724625,1.1428604125976562,0.0,-0.16691350936889648,0.1892547607421875,-0.1302829919205176,0.380950927734375,0.0,-0.11744403839111328,0.11599540710449219,-0.07716065822690113,0.4395599365234375,0.0,-0.19529199600219727,0.15262603759765625,-0.15805814367262627,0.4395599365234375,0.0,-0.06656742095947266,0.03663063049316406,-0.04853929835357794,0.21099090576171875,0.0,0.01049041748046875,-0.0073261260986328125,0.0034879353579330874,-0.16410255432128906,0.0,0.30056047439575195,-0.3601951599121094,0.3525684428731159,1.9633712768554688,0.0,-0.42615318298339844,0.5189247131347656,-0.5129067146247128,-3.0769195556640625,0.0,0.0660562515258789,-0.06715583801269531,0.020619311181616716,-0.6739959716796875,0.0,-0.27448272705078125,0.23809432983398438,-0.18466378470062522,1.26007080078125,0.0,0.04093742370605469,-0.04273414611816406,0.02499013911632326,-0.14652252197265625,0.0,0.02803802490234375,-0.0073261260986328125,0.015323383405739143,-0.1797332763671875,0.0,-0.14934730529785156,0.15384674072265625,-0.12113370669546264,0.1797332763671875,0.0,-0.007142782211303711,0.009205818176269531,-0.006705120396773582,0.0018315017223358154,0.0,0.0,0.0,5.663021442103966e-23,0.0,0.0,-0.06152565777301788,0.3052428960800171,0.08532436192035675,-0.8266952037811279,0.3052428960800171,0.08532436192035675,-0.8266952037811279
4.1804,1788396533.8848,ramp,0,-0.009178,0.018208625342333213,0.11432139127815535,-0.12534938322698377,-0.06741584837436676,-0.00122915452811867,0.9965061545372009,0.04928520694375038,-0.08388853073120117,-0.0061054229736328125,-0.07744142305927212,1.1428604125976562,0.0,0.12473011016845703,-0.06715583801269531,0.1705732502686471,4.659339904785156,0.0,0.8311185836791992,-0.6043949127197266,0.7349335857189171,-5.3040313720703125,0.0,0.40832042694091797,-0.27472496032714844,0.342940639945711,-5.128204345703125,0.0,-0.3722724914550781,0.06715583801269531,-0.1922445336467961,17.670326232910156,0.0,-0.06720638275146484,-0.07936477661132812,-0.08318051765925633,-0.9084243774414062,0.0,-0.1937580108642578,-0.128204345703125,-0.21537682884902376,-3.0769195556640625,0.0,-0.07161664962768555,0.11599540710449219,-0.08349147410998804,-1.9047622680664062,0.0,-0.7329449653625488,0.7753353118896484,-0.6487728733887519,3.369964599609375,0.0,0.4581747055053711,-0.06715583801269531,0.40335872227982306,-4.893775939941406,0.0,-0.36460304260253906,-0.0061054229736328125,-0.17220538001614877,18.901092529296875,0.0,0.07602643966674805,0.0061054229736328125,0.12122753880614151,4.659339904785156,0.0,-0.7051420211791992,0.7020759582519531,-0.571794559621052,1.1428604125976562,0.0,0.0935274253804228,-0.12354107746509142,0.057223411224716796,-0.749164663992036,0.0,0.10170341413674952,-0.15275704696623493,0.00835460924427899,-4.233296046477343,0.0,-0.0572357177734375,-0.0061054229736328125,-0.017897894012493715,0.6739959716796875,0.0,-0.08868217468261719,0.04273414611816406,-0.024280102740923112,1.1428604125976562,0.0,-0.1642293930053711,0.128204345703125,-0.12718216369310742,0.4981689453125,0.0,-0.11591005325317383,0.04273414611816406,-0.07532423208098578,0.5567779541015625,0.0,-0.1916489601135254,0.22588539123535156,-0.15430607909831576,0.3223419189453125,0.0,-0.06580448150634766,0.03663063049316406,-0.04738820151346365,0.22661972045898438,0.0,0.01010894775390625,-0.0073261260986328125,0.0034103308870004467,-0.16410255432128906,0.0,0.29346513748168945,-0.34798622131347656,0.3441770915714333,1.9047622680664062,0.0,-0.4161820411682129,0.5189247131347656,-0.5006991951830959,-3.0183181762695312,0.0,0.06471395492553711,-0.06715583801269531,0.020128483878025908,-0.615386962890625,0.0,-0.26911401748657227,0.28693580627441406,-0.1802686835609844,1.2014617919921875,0.0,0.04036235809326172,-0.04273414611816406,0.024393216089199914,-0.14652252197265625,0.0,0.02765655517578125,-0.0073261260986328125,0.014954506795790863,-0.19536209106445312,0.0,-0.14629554748535156,0.10988998413085938,-0.1182389049817807,0.21099090576171875,0.0,-0.006951093673706055,0.0030689239501953125,-0.006545534161090926,0.0010989010334014893,0.0,0.0,0.0,5.690220503338787e-23,0.0,0.0,-0.05682285875082016,0.2836158275604248,0.08689849823713303,-0.8306431770324707,0.2836158275604248,0.08689849823713303,-0.8306431770324707
4.2011,1788396533.9054,ramp,0,-0.009025,0.025191136195492944,0.1388892687159749,-0.12164996951199789,-0.06877081096172333,-0.0010016211308538914,0.9963536262512207,0.05048701912164688,-0.08388853073120117,-0.018314361572265625,-0.07742846948054358,1.1428604125976562,0.0,0.12300443649291992,-0.128204345703125,0.17028049370595566,5.24542236328125,0.0,0.8180794715881348,-0.6166057586669922,0.7234476564487794,-5.0695953369140625,0.0,0.40276002883911133,-0.2625160217285156,0.34021194568295304,-4.717948913574219,0.0,-0.3711223602294922,0.05494499206542969,-0.1904153472948666,17.611724853515625,0.0,-0.06893205642700195,-0.10378456115722656,-0.08459555897635808,-0.7912063598632812,0.0,-0.19701766967773438,-0.15262603759765625,-0.21626746215146636,-2.3150177001953125,0.0,-0.06912374496459961,0.11599540710449219,-0.08481298198322099,-2.0219802856445312,0.0,-0.7174134254455566,0.7631263732910156,-0.6345407774281224,3.1941375732421875,0.0,0.456449031829834,-0.07936477661132812,0.4007632292436536,-4.776557922363281,0.0,-0.36460304260253906,0.0061054229736328125,-0.1703861687569101,19.018310546875,0.0,0.07602643966674805,0.0061054229736328125,0.12151917134772998,4.600730895996094,0.0,-0.6915278434753418,0.6776561737060547,-0.5573328906436293,1.3186798095703125,0.0,0.09054784636811251,-0.12388995114476492,0.055776132622696435,-0.8455098537278796,0.0,0.09814841692094635,-0.17378980756002996,0.008143306790814037,-4.0399139002405695,0.0,-0.0572357177734375,-0.018314361572265625,-0.017445176939072025,0.6739959716796875,0.0,-0.08829879760742188,0.03052520751953125,-0.02366602280220134,1.26007080078125,0.0,-0.16173648834228516,0.128204345703125,-0.12396549916817941,0.4981689453125,0.0,-0.115142822265625,0.04273414611816406,-0.0734192033586596,0.615386962890625,0.0,-0.18800592422485352,0.1892547607421875,-0.15041385027224377,0.4395599365234375,0.0,-0.06466007232666016,0.05128288269042969,-0.04619410364708656,0.16410446166992188,0.0,0.01010894775390625,-0.0073261260986328125,0.003329827379447782,-0.16410255432128906,0.0,0.2867546081542969,-0.33577537536621094,0.33547226819239867,1.8461532592773438,0.0,-0.4056363105773926,0.5189247131347656,-0.4880356447232195,-3.0183181762695312,0.0,0.06375503540039062,-0.05494499206542969,0.01961932095136961,-0.6739959716796875,0.0,-0.2627859115600586,0.3113555908203125,-0.1757093965310282,1.0842514038085938,0.0,0.03978681564331055,-0.018314361572265625,0.02377399406700361,-0.20513153076171875,0.0,0.02765655517578125,-0.0073261260986328125,0.0145718502220382,-0.21099090576171875,0.0,-0.14324378967285156,0.15384674072265625,-0.11523596341385046,0.1797332763671875,0.0,-0.006759166717529297,0.0030689239501953125,-0.006379986331498334,0.002075701951980591,0.0,0.0,0.0,5.71843562812771e-23,0.0,0.0,-0.05174599960446358,0.3199111819267273,0.09090196341276169,-0.802663266658783,0.3199111819267273,0.09090196341276169,-0.802663266658783
4.2203,1788396533.9248,ramp,0,-0.008908,-0.0015229944681660887,0.13969822886422167,-0.09012600685305384,-0.07016872614622116,-0.0007913924055173993,0.9961984753608704,0.05161590874195099,-0.08388853073120117,-0.018314361572265625,-0.07741651106161158,1.2014617919921875,0.0,0.12185382843017578,-0.07936477661132812,0.17001022819129608,5.0695953369140625,0.0,0.8073420524597168,-0.6776561737060547,0.7128441346797056,-4.9523773193359375,0.0,0.39815855026245117,-0.2625160217285156,0.33769288359090915,-4.835166931152344,0.0,-0.37035512924194336,0.03052520751953125,-0.1887266883412716,17.96337127685547,0.0,-0.0700826644897461,-0.07936477661132812,-0.08590188962293772,-0.9084243774414062,0.0,-0.19931840896606445,-0.10378456115722656,-0.21708967247407948,-2.25640869140625,0.0,-0.06701469421386719,0.128204345703125,-0.08603296490077725,-2.6080551147460938,0.0,-0.7043747901916504,0.6776561737060547,-0.62140206346003,3.8974380493164062,0.0,0.454531192779541,-0.11599540710449219,0.39836713518254396,-4.717948913574219,0.0,-0.3644113540649414,0.0061054229736328125,-0.16870671855865463,19.25274658203125,0.0,0.07583475112915039,0.0061054229736328125,0.12178839919430426,4.659339904785156,0.0,-0.6788730621337891,0.7264957427978516,-0.5439822406254441,1.2014617919921875,0.0,0.08801445755480752,-0.10030098491744557,0.05444004132337631,-1.0070032393339325,0.0,0.09496700892359519,-0.1558952659372622,0.007948237666455114,-4.0433687160116785,0.0,-0.0572357177734375,-0.0061054229736328125,-0.01702723989363516,0.7325973510742188,0.0,-0.08810710906982422,0.0061054229736328125,-0.023099119607427467,1.2014617919921875,0.0,-0.15905237197875977,0.15262603759765625,-0.12099595517119882,0.4981689453125,0.0,-0.11399269104003906,0.06715583801269531,-0.0716605286312769,0.615386962890625,0.0,-0.18474626541137695,0.1892547607421875,-0.14682064225948227,0.380950927734375,0.0,-0.06389713287353516,0.03663063049316406,-0.04509174245168438,0.2578773498535156,0.0,0.01010894775390625,-0.0073261260986328125,0.003255508560765797,-0.16410255432128906,0.0,0.2804269790649414,-0.33577537536621094,0.3274361936158722,1.8461532592773438,0.0,-0.39566564559936523,0.45787620544433594,-0.47634497261328645,-2.7838821411132812,0.0,0.062029361724853516,-0.10378456115722656,0.01914927451021296,-0.5567779541015625,0.0,-0.2570338249206543,0.3113555908203125,-0.1715003771180943,1.0842514038085938,0.0,0.03921175003051758,-0.018314361572265625,0.023202343829759067,-0.20513153076171875,0.0,0.02727508544921875,-0.0073261260986328125,0.014218591272375795,-0.21099090576171875,0.0,-0.14057350158691406,0.124542236328125,-0.11246372308937015,0.22661972045898438,0.0,-0.006663322448730469,0.015343666076660156,-0.006227156728109448,0.0018315017223358154,0.0,0.0,0.0,5.744483123535358e-23,0.0,0.0,-0.04715112969279289,0.27011871337890625,0.10061139613389969,-0.8162422776222229,0.27011871337890625,0.10061139613389969,-0.8162422776222229
4.2403,1788396533.9446,ramp,0,-0.009203,0.010401183696764627,0.12836418977187275,-0.12053000208270026,-0.07151013612747192,-0.0007887987303547561,0.9960460662841797,0.0527053140103817,-0.08388853073120117,0.0061054229736328125,-0.07740403083658305,0.9670333862304688,0.0,0.12070322036743164,-0.06715583801269531,0.1697281696299103,5.128204345703125,0.0,0.795069694519043,-0.6532363891601562,0.7017779278069013,-4.893775939941406,0.0,0.3935565948486328,-0.25030517578125,0.3350639021220069,-4.483512878417969,0.0,-0.3697800636291504,0.03052520751953125,-0.18696434468554413,18.080589294433594,0.0,-0.07161664962768555,-0.03052520751953125,-0.08726522206042064,-1.0842514038085938,0.0,-0.20162010192871094,-0.10378456115722656,-0.2179477599775663,-1.9047622680664062,0.0,-0.0643305778503418,0.128204345703125,-0.08730618182256836,-2.8424911499023438,0.0,-0.6903772354125977,0.7142848968505859,-0.6076900411734747,3.6043930053710938,0.0,0.45222997665405273,-0.07936477661132812,0.39586648745960795,-4.717948913574219,0.0,-0.3644113540649414,0.0061054229736328125,-0.16695398548268048,19.369964599609375,0.0,0.07583475112915039,0.0061054229736328125,0.12206937480891564,4.717948913574219,0.0,-0.6652588844299316,0.7264957427978516,-0.5300490344506289,1.0842514038085938,0.0,0.08556229028310514,-0.10889148662759411,0.05304564962585995,-0.8647102419340984,0.0,0.09205079372576948,-0.1346123944062453,0.007744656692919636,-3.9201584471853304,0.0,-0.0572357177734375,-0.0061054229736328125,-0.016591066148219535,0.7325973510742188,0.0,-0.0877232551574707,0.0061054229736328125,-0.022507479568688777,1.2014617919921875,0.0,-0.15598440170288086,0.1892547607421875,-0.11789683500111293,0.4395599365234375,0.0,-0.11245870590209961,0.07936477661132812,-0.06982511406062436,0.5567779541015625,0.0,-0.18129491806030273,0.21367454528808594,-0.14307064446891707,0.3223419189453125,0.0,-0.062371253967285156,0.05128288269042969,-0.04394127968067825,0.1797332763671875,0.0,0.01010894775390625,-0.0073261260986328125,0.003177946837407434,-0.16410255432128906,0.0,0.27486658096313477,-0.2991447448730469,0.3190494645983022,1.6703262329101562,0.0,-0.3860783576965332,0.5067157745361328,-0.46414417755027565,-2.9011001586914062,0.0,0.06011199951171875,-0.09157562255859375,0.018658717573475574,-0.5567779541015625,0.0,-0.25128173828125,0.2991447448730469,-0.16710769697185973,1.0842514038085938,0.0,0.03844499588012695,-0.03052520751953125,0.022605749611158396,-0.14652252197265625,0.0,0.02727508544921875,0.0073261260986328125,0.01384991785407477,-0.21099090576171875,0.0,-0.13790321350097656,0.13919448852539062,-0.10957051594556012,0.19536209106445312,0.0,-0.006471395492553711,0.009205818176269531,-0.006067658398759785,0.002075701951980591,0.0,0.0,0.0,5.771667202464694e-23,0.0,0.0,-0.04336527734994888,0.25934937596321106,0.11147624254226685,-0.8467127680778503,0.25934937596321106,0.11147624254226685,-0.8467127680778503
4.2603,1788396533.9647,ramp,0,-0.009555,-0.0034919669899336203,0.11809663850518125,-0.09544901672660652,-0.0728110745549202,-0.0008179895230568945,0.9958968162536621,0.0537346750497818,-0.08388853073120117,0.0061054229736328125,-0.07739152973581112,0.9670333862304688,0.0,0.11974477767944336,-0.06715583801269531,0.16944563926756448,5.1868133544921875,0.0,0.7824149131774902,-0.628814697265625,0.6906932104269141,-4.893775939941406,0.0,0.38895463943481445,-0.2625160217285156,0.3324305231408474,-4.1904754638671875,0.0,-0.3693966865539551,0.018314361572265625,-0.18519905314755913,18.197799682617188,0.0,-0.073150634765625,-0.10378456115722656,-0.08863083495182665,-0.8498153686523438,0.0,-0.20372915267944336,-0.09157562255859375,-0.21880728280890113,-2.0805892944335938,0.0,-0.06145429611206055,0.14041519165039062,-0.08858152846154686,-3.369964599609375,0.0,-0.6767635345458984,0.7264957427978516,-0.5939550827092441,3.5457839965820312,0.0,0.449737548828125,-0.11599540710449219,0.39336165688900165,-4.542121887207031,0.0,-0.3640279769897461,0.018314361572265625,-0.1651983206001203,19.428573608398438,0.0,0.07583475112915039,0.0061054229736328125,0.12235082041303581,4.776557922363281,0.0,-0.6510696411132812,0.7264957427978516,-0.5160925221225903,1.0842514038085938,0.0,0.08333204184511864,-0.11798179003325047,0.05164892552141958,-0.7220011996220956,0.0,0.08923840058702626,-0.1347855955893765,0.007540735188331719,-3.7958854765486825,0.0,-0.0572357177734375,-0.0061054229736328125,-0.016154162812498915,0.7325973510742188,0.0,-0.0877232551574707,0.0061054229736328125,-0.02191484989029193,1.2014617919921875,0.0,-0.15253305435180664,0.21367454528808594,-0.11479253091509013,0.380950927734375,0.0,-0.1107325553894043,0.07936477661132812,-0.06798662938157929,0.4981689453125,0.0,-0.17688465118408203,0.20146560668945312,-0.1393143740357169,0.3223419189453125,0.0,-0.061226844787597656,0.05128288269042969,-0.042788892524051006,0.21099090576171875,0.0,0.01010894775390625,-0.021978378295898438,0.003100255376113223,-0.16410255432128906,0.0,0.2694973945617676,-0.25030517578125,0.3106487070513992,1.4945068359375,0.0,-0.37610769271850586,0.4822959899902344,-0.45192297414796245,-2.8424911499023438,0.0,0.0585780143737793,-0.07936477661132812,0.01816734007935973,-0.5567779541015625,0.0,-0.24533748626708984,0.2991447448730469,-0.16270766916455817,1.0842514038085938,0.0,0.03786945343017578,-0.03052520751953125,0.022008157466014724,-0.14652252197265625,0.0,0.02727508544921875,-0.0073261260986328125,0.013480627753649868,-0.21099090576171875,0.0,-0.13523292541503906,0.13919448852539062,-0.10667246931770354,0.24224853515625,0.0,-0.006375551223754883,0.009205818176269531,-0.005907893275647362,0.002075701951980591,0.0,0.0,0.0,5.798896752357486e-23,0.0,0.0,-0.04001177102327347,0.2464185208082199,0.11914979666471481,-0.8216751217842102,0.2464185208082199,0.11914979666471481,-0.8216751217842102
4.2813,1788396533.9856,ramp,0,-0.009811,0.004713313471789975,0.11782973150730647,-0.061718546041936974,-0.074155293405056,-0.0008018977241590619,0.9957472085952759,0.05466131865978241,-0.08388853073120117,0.0061054229736328125,-0.07737838609133187,0.9084243774414062,0.0,0.11878585815429688,-0.07936477661132812,0.16914858713551523,5.479850769042969,0.0,0.7705268859863281,-0.6166057586669922,0.6790387499875159,-4.893775939941406,0.0,0.3843522071838379,-0.25030517578125,0.3296617911916435,-3.9560470581054688,0.0,-0.3688211441040039,0.04273414611816406,-0.18334302744224032,18.25640869140625,0.0,-0.0744924545288086,-0.03052520751953125,-0.09006663893968096,-1.0256423950195312,0.0,-0.2048797607421875,-0.04273414611816406,-0.21971098422871693,-2.0219802856445312,0.0,-0.05915355682373047,0.11599540710449219,-0.08992242660454594,-3.6043930053710938,0.0,-0.6639165878295898,0.6654453277587891,-0.5795141615228223,3.8974380493164062,0.0,0.4470529556274414,-0.128204345703125,0.3907280806062872,-4.659339904785156,0.0,-0.36383628845214844,0.0061054229736328125,-0.16335241635040254,19.604400634765625,0.0,0.07583475112915039,0.0061054229736328125,0.12264673203140355,4.717948913574219,0.0,-0.6359219551086426,0.7387065887451172,-0.5014186594318945,1.0842514038085938,0.0,0.08103348374897926,-0.09898223629974798,0.05018041123621612,-0.8085164171170911,0.0,0.08651295866731683,-0.11207070238778537,0.007326332328385712,-3.733269209913275,0.0,-0.0572357177734375,-0.0061054229736328125,-0.0156948030952011,0.7912063598632812,0.0,-0.08753156661987305,0.0061054229736328125,-0.021291759656655557,1.2014617919921875,0.0,-0.14773941040039062,0.23809432983398438,-0.11152866879554399,0.26373291015625,0.0,-0.10900688171386719,0.06715583801269531,-0.06605364848311676,0.5567779541015625,0.0,-0.1726665496826172,0.21367454528808594,-0.1353650351700774,0.26373291015625,0.0,-0.060082435607910156,0.05128288269042969,-0.041577273854184804,0.19536209106445312,0.0,0.00972747802734375,-0.021978378295898438,0.0030185706537072953,-0.14847373962402344,0.0,0.2641282081604004,-0.2625160217285156,0.3018161592168354,1.5531158447265625,0.0,-0.36517810821533203,0.47008514404296875,-0.4390736134749289,-2.7838821411132812,0.0,0.05742788314819336,-0.04273414611816406,0.017650706288017147,-0.615386962890625,0.0,-0.2393937110900879,0.28693580627441406,-0.15808148445866466,0.9670333862304688,0.0,0.03729438781738281,-0.03052520751953125,0.021379849699950583,-0.14652252197265625,0.0,0.02689361572265625,-0.0073261260986328125,0.013092356522320702,-0.21099090576171875,0.0,-0.13179969787597656,0.15384674072265625,-0.10362546607729027,0.16410446166992188,0.0,-0.0061838626861572266,0.009205818176269531,-0.005739916389716916,0.002808302640914917,0.0,0.0,0.0,5.827525873076531e-23,0.0,0.0,-0.03671975061297417,0.221980482339859,0.11170021444559097,-0.7992979288101196,0.221980482339859,0.11170021444559097,-0.7992979288101196
4.3003,1788396534.0046,ramp,0,-0.010076,-0.003296664435496715,0.09697088845391072,-0.05425043897292032,-0.07518211007118225,-0.0008360742940567434,0.9956414103507996,0.05518316477537155,-0.08350515365600586,0.0061054229736328125,-0.07736649927958664,0.9084243774414062,0.0,0.11801910400390625,-0.06715583801269531,0.1688799399746942,5.1868133544921875,0.0,0.7580633163452148,-0.628814697265625,0.6684987222612488,-4.659339904785156,0.0,0.37975072860717773,-0.21367454528808594,0.3271578132801001,-4.0732574462890625,0.0,-0.36824607849121094,0.04273414611816406,-0.18166448020305684,18.432235717773438,0.0,-0.07583475112915039,-0.09157562255859375,-0.09136514725932056,-0.9084243774414062,0.0,-0.20583820343017578,-0.03052520751953125,-0.2205282711439418,-2.3150177001953125,0.0,-0.056468963623046875,0.11599540710449219,-0.09113510424662133,-4.0732574462890625,0.0,-0.6512613296508789,0.7142848968505859,-0.5664541223653525,3.9560470581054688,0.0,0.44417715072631836,-0.14041519165039062,0.3883463343913177,-4.542121887207031,0.0,-0.3634524345397949,0.0061054229736328125,-0.16168302272439747,19.78021240234375,0.0,0.07583475112915039,0.0061054229736328125,0.12291434773771093,4.776557922363281,0.0,-0.622499942779541,0.6898651123046875,-0.48814795330048694,1.4358978271484375,0.0,0.07910746508988828,-0.09889460232294205,0.04885232047105814,-0.8199118275218158,0.0,0.08423237372312596,-0.11182254159835278,0.007132431280784872,-3.604118635358261,0.0,-0.0572357177734375,-0.0061054229736328125,-0.015279368662880079,0.7325973510742188,0.0,-0.08714818954467773,0.03052520751953125,-0.02072825108646964,1.1428604125976562,0.0,-0.14467144012451172,0.1770458221435547,-0.10857690647127241,0.380950927734375,0.0,-0.10766458511352539,0.06715583801269531,-0.06430550472561893,0.5567779541015625,0.0,-0.16940641403198242,0.23809432983398438,-0.13179334333923584,0.3223419189453125,0.0,-0.058938026428222656,0.0659332275390625,-0.04048151361367795,0.16410446166992188,0.0,0.00934600830078125,-0.021978378295898438,0.0029446968571941235,-0.14847373962402344,0.0,0.2587594985961914,-0.2991447448730469,0.2938282047719285,1.5531158447265625,0.0,-0.35616588592529297,0.5067157745361328,-0.4274529452798793,-2.7838821411132812,0.0,0.056468963623046875,-0.05494499206542969,0.017183474491796948,-0.5567779541015625,0.0,-0.23344945907592773,0.3235645294189453,-0.15389766871528496,0.9670333862304688,0.0,0.036719322204589844,-0.018314361572265625,0.020811622512653456,-0.20513153076171875,0.0,0.02651214599609375,-0.0073261260986328125,0.01274121289239453,-0.21099090576171875,0.0,-0.12912940979003906,0.13919448852539062,-0.10086982596825406,0.19536209106445312,0.0,-0.00599217414855957,0.009205818176269531,-0.005588001932219275,0.003540903329849243,0.0,0.0,0.0,5.853417395702263e-23,0.0,0.0,-0.03425895422697067,0.20161008834838867,0.10158932209014893,-0.7441974878311157,0.20161008834838867,0.10158932209014893,-0.7441974878311157
4.3202,1788396534.0247,ramp,0,-0.010460,-0.016599819090492053,0.09366465718436141,-0.056568766474915544,-0.0763070359826088,-0.0009242481901310384,0.995527982711792,0.05568205192685127,-0.0833134651184082,0.0061054229736328125,-0.07735410008038827,0.9084243774414062,0.0,0.11744403839111328,-0.04273414611816406,0.16859971263262108,5.128204345703125,0.0,0.7450246810913086,-0.628814697265625,0.6575043609358511,-4.483512878417969,0.0,0.37610769271850586,-0.20146560668945312,0.32454590004559164,-4.0146484375,0.0,-0.3678627014160156,0.018314361572265625,-0.1799135782767421,18.608055114746094,0.0,-0.07679414749145508,-0.018314361572265625,-0.09271962848279729,-1.1428604125976562,0.0,-0.20641374588012695,-0.05494499206542969,-0.22138078765394187,-2.139190673828125,0.0,-0.0541682243347168,0.15262603759765625,-0.09240005501472809,-4.4249114990234375,0.0,-0.6384143829345703,0.6898651123046875,-0.5528311231522453,3.8388290405273438,0.0,0.4413008689880371,-0.11599540710449219,0.3858619217168125,-4.659339904785156,0.0,-0.36326074600219727,0.018314361572265625,-0.15994166898271092,19.838821411132812,0.0,0.07583475112915039,0.0061054229736328125,0.12319349916386534,4.776557922363281,0.0,-0.6081185340881348,0.7020759582519531,-0.47430520619952277,1.3186798095703125,0.0,0.0770355069519217,-0.09879965400517794,0.047466981634739724,-0.7500816371965751,0.0,0.08178221038266918,-0.11155319143923854,0.006930172023592976,-3.5438575138189026,0.0,-0.0572357177734375,-0.0061054229736328125,-0.01484602670453151,0.7325973510742188,0.0,-0.08638143539428711,0.04273414611816406,-0.020140452174409625,1.1428604125976562,0.0,-0.14198732376098633,0.14041519165039062,-0.10549790683459583,0.4395599365234375,0.0,-0.10593891143798828,0.07936477661132812,-0.06248200628540405,0.5567779541015625,0.0,-0.1655716896057129,0.20146560668945312,-0.12806769179911884,0.3223419189453125,0.0,-0.057412147521972656,0.05128288269042969,-0.039338520035007,0.19536209106445312,0.0,0.00934600830078125,-0.021978378295898438,0.0028676386907036675,-0.14847373962402344,0.0,0.25185680389404297,-0.33577537536621094,0.2854959252278,1.5531158447265625,0.0,-0.34562015533447266,0.4945049285888672,-0.4153313618934775,-2.6666641235351562,0.0,0.055318355560302734,-0.05494499206542969,0.016696102416146937,-0.5567779541015625,0.0,-0.22731351852416992,0.28693580627441406,-0.1495335073301142,0.9670333862304688,0.0,0.03614377975463867,-0.03052520751953125,0.020218901584938054,-0.20513153076171875,0.0,0.02651214599609375,-0.0073261260986328125,0.012374933026270558,-0.21099090576171875,0.0,-0.12645912170410156,0.124542236328125,-0.09799540250103682,0.22661972045898438,0.0,-0.005896329879760742,0.015343666076660156,-0.005429539119819031,0.0037851035594940186,0.0,0.0,0.0,5.880424986422598e-23,0.0,0.0,-0.03172186017036438,0.1870425045490265,0.10955016314983368,-0.7579671144485474,0.1870425045490265,0.10955016314983368,-0.7579671144485474
4.3402,1788396534.0444,ramp,0,-0.010808,-0.004564250311853896,0.10020238476536968,-0.08480992119833534,-0.07741702347993851,-0.0009779363172128797,0.9954020977020264,0.056394483894109726,-0.08292961120605469,0.0061054229736328125,-0.07734159556010885,0.7912063598632812,0.0,0.1164851188659668,-0.05494499206542969,0.16831710498790536,5.362640380859375,0.0,0.7314105033874512,-0.6166057586669922,0.6464166114809348,-4.24908447265625,0.0,0.37169742584228516,-0.22588539123535156,0.3219118007391307,-3.6043930053710938,0.0,-0.3674793243408203,0.03052520751953125,-0.17814780386706708,18.72527313232422,0.0,-0.07794427871704102,-0.06715583801269531,-0.09408561491919042,-1.0842514038085938,0.0,-0.20775556564331055,-0.06715583801269531,-0.22224054559615405,-1.9633712768554688,0.0,-0.05205869674682617,0.10378456115722656,-0.09367575050757787,-4.542121887207031,0.0,-0.6244173049926758,0.6654453277587891,-0.5390924076753831,3.9560470581054688,0.0,0.43899965286254883,-0.09157562255859375,0.3833564059835886,-4.717948913574219,0.0,-0.36287736892700195,0.0061054229736328125,-0.1581855238617024,20.073257446289062,0.0,0.07583475112915039,0.0061054229736328125,0.1234750217536344,4.776557922363281,0.0,-0.5945048332214355,0.7264957427978516,-0.4603448762557815,1.2014617919921875,0.0,0.07511335080129504,-0.09421639558867716,0.04606987547525953,-0.7610567706185718,0.0,0.07951221971277589,-0.11639054038595838,0.00672619473902796,-3.4141549237378754,0.0,-0.0572357177734375,-0.0061054229736328125,-0.014409003859796335,0.7912063598632812,0.0,-0.08503913879394531,0.06715583801269531,-0.019547660390157606,1.0842514038085938,0.0,-0.13930273056030273,0.16483497619628906,-0.102392753608061,0.4395599365234375,0.0,-0.10440492630004883,0.06715583801269531,-0.060643018713672406,0.615386962890625,0.0,-0.16192865371704102,0.22588539123535156,-0.12431039388880599,0.3223419189453125,0.0,-0.056267738342285156,0.05128288269042969,-0.0381858176584164,0.1797332763671875,0.0,0.00934600830078125,-0.021978378295898438,0.0027899259779581185,-0.1328449249267578,0.0,0.24457073211669922,-0.372406005859375,0.277092869766979,1.611724853515625,0.0,-0.3360328674316406,0.5067157745361328,-0.40310681554581257,-2.6666641235351562,0.0,0.05397653579711914,-0.05494499206542969,0.016204590512345247,-0.5567779541015625,0.0,-0.22290325164794922,0.20146560668945312,-0.14513227595455327,1.0842514038085938,0.0,0.035952091217041016,-0.0061054229736328125,0.01962114597652337,-0.3223419189453125,0.0,0.02613067626953125,-0.0073261260986328125,0.012005541911519651,-0.22661972045898438,0.0,-0.12378883361816406,0.124542236328125,-0.09509656315161388,0.21099090576171875,0.0,-0.005704402923583984,0.009205818176269531,-0.005269730295112084,0.004029303789138794,0.0,0.0,0.0,5.907661984591491e-23,0.0,0.0,-0.029374655336141586,0.20010699331760406,0.10714158415794373,-0.811254620552063,0.20010699331760406,0.10714158415794373,-0.811254620552063
4.3603,1788396534.0651,ramp,0,-0.011197,0.004866421827780263,0.1056357160870789,-0.09737642963128094,-0.07858645170927048,-0.0010325422044843435,0.9952595829963684,0.05728410556912422,-0.08235454559326172,0.018314361572265625,-0.07732903427050564,0.6739959716796875,0.0,0.11552619934082031,-0.09157562255859375,0.16803321433156485,5.479850769042969,0.0,0.7185640335083008,-0.5921859741210938,0.6352785247060275,-4.24908447265625,0.0,0.3670954704284668,-0.25030517578125,0.31926574287424314,-3.369964599609375,0.0,-0.3670954704284668,0.03052520751953125,-0.17637401301078554,18.78388214111328,0.0,-0.07871150970458984,-0.04273414611816406,-0.09545780280310286,-1.1428604125976562,0.0,-0.20948123931884766,-0.07936477661132812,-0.22310420675703357,-1.7875442504882812,0.0,-0.050141334533691406,0.10378456115722656,-0.09495723753571582,-5.128204345703125,0.0,-0.6108036041259766,0.7020759582519531,-0.5252913197468314,3.7802200317382812,0.0,0.4368906021118164,-0.07936477661132812,0.3808395154490384,-4.893775939941406,0.0,-0.362302303314209,0.03052520751953125,-0.15642140601013516,20.073257446289062,0.0,0.07583475112915039,0.0061054229736328125,0.12375782242898281,4.835166931152344,0.0,-0.581082820892334,0.7142848968505859,-0.4463211677519082,1.1428604125976562,0.0,0.07312240892128957,-0.08942549123992602,0.0446664265876994,-0.7716132391574839,0.0,0.0773275643019193,-0.11059473534203337,0.006521291417138079,-3.284261856736581,0.0,-0.0572357177734375,-0.0061054229736328125,-0.013969996973225776,0.7912063598632812,0.0,-0.08369684219360352,0.06715583801269531,-0.018952177388012074,1.0842514038085938,0.0,-0.13623476028442383,0.15262603759765625,-0.09927350328344324,0.4981689453125,0.0,-0.10306262969970703,0.05494499206542969,-0.05879568231459451,0.615386962890625,0.0,-0.15790176391601562,0.15262603759765625,-0.12053603820604065,0.380950927734375,0.0,-0.055123329162597656,0.05128288269042969,-0.03702788212349906,0.21099090576171875,0.0,0.00896453857421875,-0.021978378295898438,0.002711860456943881,-0.14847373962402344,0.0,0.23632574081420898,-0.39682579040527344,0.2686516652396272,1.6703262329101562,0.0,-0.32529497146606445,0.4945049285888672,-0.3908267709292024,-2.6080551147460938,0.0,0.052825927734375,-0.05494499206542969,0.015710847191601682,-0.5567779541015625,0.0,-0.21849346160888672,0.21367454528808594,-0.1407110634103155,1.1428604125976562,0.0,0.03537702560424805,-0.03052520751953125,0.019020676614929153,-0.14652252197265625,0.0,0.02574920654296875,-0.0073261260986328125,0.011634473796506369,-0.21099090576171875,0.0,-0.12073707580566406,0.124542236328125,-0.09218456334933911,0.24224853515625,0.0,-0.005512714385986328,0.015343666076660156,-0.00510919595365538,0.00476190447807312,0.0,0.0,0.0,5.93502263612196e-23,0.0,0.0,-0.027064180001616478,0.201852947473526,0.10942496359348297,-0.8114075660705566,0.201852947473526,0.10942496359348297,-0.8114075660705566
4.3812,1788396534.0856,ramp,0,-0.011533,0.0014368897107636756,0.1184471437941493,-0.11835362522799549,-0.07976779341697693,-0.0010385345667600632,0.9950998425483704,0.05841553211212158,-0.0815877914428711,0.018314361572265625,-0.07731594633550283,0.4981689453125,0.0,0.1138005256652832,-0.10378456115722656,0.16773742125812566,5.655677795410156,0.0,0.7061004638671875,-0.6043949127197266,0.6236734618207227,-4.131866455078125,0.0,0.3609600067138672,-0.28693580627441406,0.3165087462247507,-2.9597091674804688,0.0,-0.36594533920288086,0.05494499206542969,-0.17452585409009,18.78388214111328,0.0,-0.07966995239257812,-0.03052520751953125,-0.09688752112053713,-1.26007080078125,0.0,-0.2119741439819336,-0.14041519165039062,-0.22400407782880355,-1.2014617919921875,0.0,-0.04822349548339844,0.09157562255859375,-0.09629245226772415,-5.1868133544921875,0.0,-0.596613883972168,0.6654453277587891,-0.5109116065579119,4.0146484375,0.0,0.434781551361084,-0.06715583801269531,0.37821710160731054,-4.835166931152344,0.0,-0.36153507232666016,0.04273414611816406,-0.15458332564514385,20.131866455078125,0.0,0.07583475112915039,0.0061054229736328125,0.12405247982281986,4.835166931152344,0.0,-0.5670852661132812,0.7142848968505859,-0.43170950038374956,1.0842514038085938,0.0,0.07113007381773631,-0.08933552223499183,0.04320413661585798,-0.7822703462937655,0.0,0.07498089814597671,-0.1103409070681239,0.006307797305986325,-3.154107915843448,0.0,-0.0572357177734375,-0.0061054229736328125,-0.0135125842569583,0.7912063598632812,0.0,-0.08216285705566406,0.06715583801269531,-0.018331728128934858,0.9670333862304688,0.0,-0.13335847854614258,0.16483497619628906,-0.09602347507808316,0.4395599365234375,0.0,-0.10210418701171875,0.03052520751953125,-0.056870894376157034,0.6739959716796875,0.0,-0.15464210510253906,0.20146560668945312,-0.11660343865504065,0.3223419189453125,0.0,-0.053978919982910156,0.05128288269042969,-0.03582139891220656,0.1797332763671875,0.0,0.00896453857421875,-0.0073261260986328125,0.0026305219560996147,-0.14847373962402344,0.0,0.22769689559936523,-0.4334545135498047,0.25985655425267296,1.7875442504882812,0.0,-0.31513261795043945,0.5189247131347656,-0.37803187240756686,-2.6080551147460938,0.0,0.051867008209228516,-0.04273414611816406,0.015196403158059306,-0.5567779541015625,0.0,-0.21408319473266602,0.23809432983398438,-0.13610448683732904,1.0842514038085938,0.0,0.034801483154296875,-0.04273414611816406,0.018395031937990667,-0.14652252197265625,0.0,0.02536773681640625,-0.0073261260986328125,0.011247848256906327,-0.21099090576171875,0.0,-0.11806678771972656,0.13919448852539062,-0.08915047486445433,0.19536209106445312,0.0,-0.0054168701171875,0.009205818176269531,-0.004941931039536272,0.005738705396652222,0.0,0.0,0.0,5.96353041200941e-23,0.0,0.0,-0.024694276973605156,0.20369952917099,0.12673041224479675,-0.8311010599136353,0.20369952917099,0.12673041224479675,-0.8311010599136353
4.4001,1788396534.1044,ramp,0,-0.011897,-0.004788627355328226,0.12267036800604016,-0.13214510453859346,-0.08113258332014084,-0.0010303925955668092,0.9949119687080383,0.05972177907824516,-0.08120393753051758,0.018314361572265625,-0.07730412937119774,0.615386962890625,0.0,0.11284208297729492,-0.06715583801269531,0.16747035268009808,5.421241760253906,0.0,0.695554256439209,-0.628814697265625,0.6131953677711814,-3.8974380493164062,0.0,0.35616588592529297,-0.23809432983398438,0.31401948179997685,-2.9011001586914062,0.0,-0.36556148529052734,0.03052520751953125,-0.17285717006993978,19.01831817626953,0.0,-0.08062887191772461,-0.05494499206542969,-0.09817839934691863,-1.26007080078125,0.0,-0.21408319473266602,-0.11599540710449219,-0.22481656232937497,-0.9670333862304688,0.0,-0.046689510345458984,0.11599540710449219,-0.09749800416146116,-5.538459777832031,0.0,-0.5851097106933594,0.6654453277587891,-0.49792830877761984,4.131866455078125,0.0,0.4330558776855469,-0.10378456115722656,0.37584935064016683,-4.835166931152344,0.0,-0.36076784133911133,0.04273414611816406,-0.15292374145112952,20.307693481445312,0.0,0.07583475112915039,0.0061054229736328125,0.12431852300720682,4.893775939941406,0.0,-0.5544304847717285,0.7387065887451172,-0.41851677351812866,1.2014617919921875,0.0,0.06950802463611179,-0.08906816223381793,0.041883849771737786,-1.0225335057681186,0.0,0.0730727615809771,-0.09953082158781155,0.0061150356296576286,-3.0860655244963313,0.0,-0.0572357177734375,-0.0061054229736328125,-0.013099590936036637,0.7325973510742188,0.0,-0.08062887191772461,0.10378456115722656,-0.017771530760438775,0.9670333862304688,0.0,-0.13067388534545898,0.1892547607421875,-0.09308905744191968,0.380950927734375,0.0,-0.10152864456176758,0.03052520751953125,-0.05513302278996262,0.7325973510742188,0.0,-0.15157413482666016,0.1892547607421875,-0.11305273424595555,0.380950927734375,0.0,-0.052834510803222656,0.05128288269042969,-0.034732077408130675,0.19536209106445312,0.0,0.00896453857421875,-0.0073261260986328125,0.0025570822453356064,-0.14847373962402344,0.0,0.21926021575927734,-0.47008514404296875,0.2519155373871671,1.7289352416992188,0.0,-0.30535364151000977,0.5067157745361328,-0.3664794877812157,-2.5494537353515625,0.0,0.05129194259643555,-0.04273414611816406,0.014731916836877185,-0.5567779541015625,0.0,-0.20986509323120117,0.23809432983398438,-0.13194525538333265,1.0842514038085938,0.0,0.034226417541503906,-0.04273414611816406,0.017830143679189628,-0.14652252197265625,0.0,0.02498626708984375,-0.0073261260986328125,0.010898767962734575,-0.21099090576171875,0.0,-0.11539649963378906,0.10988998413085938,-0.08641102702057321,0.2578773498535156,0.0,-0.005225181579589844,0.009205818176269531,-0.004790909238219903,0.004517704248428345,0.0,0.0,0.0,5.98926979488429e-23,0.0,0.0,-0.02261590212583542,0.1894804984331131,0.1426781713962555,-0.8678265810012817,0.1894804984331131,0.1426781713962555,-0.8678265810012817
4.4202,1788396534.1248,ramp,0,-0.012738,-0.010628957831074759,0.12694903590287507,-0.17173535769808876,-0.08252894878387451,-0.0012312546605244279,0.9947019219398499,0.06128254532814026,-0.08082056045532227,0.0061054229736328125,-0.07729157549990111,0.380950927734375,0.0,0.11188316345214844,-0.05494499206542969,0.16718662968074052,5.421241760253906,0.0,0.6830911636352539,-0.628814697265625,0.6020638588035492,-3.8388290405273438,0.0,0.3511805534362793,-0.23809432983398438,0.3113749866144817,-2.6666641235351562,0.0,-0.3653697967529297,0.018314361572265625,-0.17108442675931257,19.25274658203125,0.0,-0.08120393753051758,-0.0061054229736328125,-0.09954977685938866,-1.4358978271484375,0.0,-0.21715116500854492,-0.15262603759765625,-0.22567971343886223,-0.4981689453125,0.0,-0.044388771057128906,0.10378456115722656,-0.09877873438325822,-5.9487152099609375,0.0,-0.5722622871398926,0.7264957427978516,-0.48413537134191437,4.0146484375,0.0,0.4311385154724121,-0.06715583801269531,0.37333394650280527,-4.9523773193359375,0.0,-0.35942554473876953,0.06715583801269531,-0.15116066543264123,20.190475463867188,0.0,0.07583475112915039,0.0061054229736328125,0.12460115666928112,4.893775939941406,0.0,-0.5400495529174805,0.7264957427978516,-0.4045013469798824,1.0256423950195312,0.0,0.0679608880652159,-0.07043435128844111,0.04048122971739553,-0.869829916303793,0.0,0.07125476784573538,-0.0879043890786086,0.005910253317290177,-3.092535768946037,0.0,-0.0572357177734375,-0.0061054229736328125,-0.012660843313265205,0.7912063598632812,0.0,-0.0789027214050293,0.07936477661132812,-0.01717639943201449,0.9670333862304688,0.0,-0.12741422653198242,0.16483497619628906,-0.08997164924942862,0.4395599365234375,0.0,-0.10095357894897461,0.03052520751953125,-0.05328677737024688,0.7912063598632812,0.0,-0.14793109893798828,0.22588539123535156,-0.1092806075801453,0.3223419189453125,0.0,-0.051690101623535156,0.03663063049316406,-0.033574825713888985,0.19536209106445312,0.0,0.00896453857421875,-0.0073261260986328125,0.002479062827387581,-0.14847373962402344,0.0,0.21024847030639648,-0.4822959899902344,0.2434793179723999,1.7875442504882812,0.0,-0.29519081115722656,0.5189247131347656,-0.354206695376628,-2.4908447265625,0.0,0.05071687698364258,-0.03052520751953125,0.014238465105566598,-0.5567779541015625,0.0,-0.20583820343017578,0.20146560668945312,-0.12752665386957304,1.1428604125976562,0.0,0.03326749801635742,-0.05494499206542969,0.017230028936105302,-0.14652252197265625,0.0,0.02498626708984375,-0.0073261260986328125,0.010527918988997152,-0.19536209106445312,0.0,-0.11272621154785156,0.13919448852539062,-0.0835007469547192,0.19536209106445312,0.0,-0.005033254623413086,0.009205818176269531,-0.004630469703347173,0.005250304937362671,0.0,0.0,0.0,6.016614288065816e-23,0.0,0.0,-0.02132558450102806,0.16428539156913757,0.14552675187587738,-0.89363032579422,0.16428539156913757,0.14552675187587738,-0.89363032579422
4.4402,1788396534.1445,ramp,0,-0.013774,-0.015701543177186732,0.1207601824246672,-0.18768341492516247,-0.0838952362537384,-0.0015055341646075249,0.9944737553596497,0.06309618800878525,-0.0802454948425293,0.018314361572265625,-0.07727909181599572,0.26373291015625,0.0,0.11149978637695312,-0.05494499206542969,0.1669044929472205,5.655677795410156,0.0,0.6696686744689941,-0.6532363891601562,0.5909945849470492,-3.4871826171875,0.0,0.3458118438720703,-0.2991447448730469,0.3087452765270569,-2.139190673828125,0.0,-0.36517810821533203,0.018314361572265625,-0.16932159467251556,19.428573608398438,0.0,-0.0819711685180664,-0.03052520751953125,-0.10091348714254225,-1.4358978271484375,0.0,-0.22021913528442383,-0.128204345703125,-0.22653803876009568,-0.20513153076171875,0.0,-0.04189634323120117,0.15262603759765625,-0.10005230417533137,-6.8278350830078125,0.0,-0.5576901435852051,0.6776561737060547,-0.4704195487876367,4.3076934814453125,0.0,0.42883777618408203,-0.11599540710449219,0.37083260572886423,-4.717948913574219,0.0,-0.3576998710632324,0.07936477661132812,-0.14940744658915625,20.073257446289062,0.0,0.07602643966674805,0.0061054229736328125,0.12488221015588954,5.010986328125,0.0,-0.5266275405883789,0.7264957427978516,-0.39056427923654063,1.1428604125976562,0.0,0.06648849889034891,-0.07019629360553956,0.0390864515661782,-0.9538745271808562,0.0,0.06952645259479981,-0.0771724202547525,0.005706615921573751,-3.0269361656899276,0.0,-0.0572357177734375,-0.0061054229736328125,-0.012224548682908514,0.7912063598632812,0.0,-0.07717704772949219,0.07936477661132812,-0.01658459542106984,1.0256423950195312,0.0,-0.12434673309326172,0.1770458221435547,-0.08687167016253936,0.4395599365234375,0.0,-0.10018682479858398,0.03052520751953125,-0.05145085411702335,0.7325973510742188,0.0,-0.14352130889892578,0.27472496032714844,-0.10552957048295815,0.26373291015625,0.0,-0.050927162170410156,0.05128288269042969,-0.03242404409374135,0.21099090576171875,0.0,0.00896453857421875,-0.0073261260986328125,0.002401479607906501,-0.16410255432128906,0.0,0.20104408264160156,-0.4945049285888672,0.23509026458465934,1.9047622680664062,0.0,-0.28464508056640625,0.5311355590820312,-0.3420025188803978,-2.5494537353515625,0.0,0.050141334533691406,-0.03052520751953125,0.013747772211663036,-0.5567779541015625,0.0,-0.2018117904663086,0.22588539123535156,-0.12313275629820414,1.0842514038085938,0.0,0.0325007438659668,-0.04273414611816406,0.016633269372254674,-0.14652252197265625,0.0,0.02460479736328125,-0.0073261260986328125,0.010159143393375935,-0.21099090576171875,0.0,-0.11043739318847656,0.10988998413085938,-0.08060673796261189,0.2891349792480469,0.0,-0.004937410354614258,0.02148151397705078,-0.0044709271692594975,0.00476190447807312,0.0,0.0,0.0,6.043805901024455e-23,0.0,0.0,-0.020319119095802307,0.14513786137104034,0.15124674141407013,-0.9090253710746765,0.14513786137104034,0.15124674141407013,-0.9090253710746765
4.4603,1788396534.1650,ramp,0,-0.014762,-0.02309094447331584,0.11511883325468755,-0.18498967741681777,-0.08518528193235397,-0.0017464463599026203,0.9942405223846436,0.06500950455665588,-0.07947778701782227,0.0061054229736328125,-0.07726653188619667,0.08791351318359375,0.0,0.1107330322265625,-0.05494499206542969,0.16662063302305058,5.772895812988281,0.0,0.6570138931274414,-0.6166057586669922,0.5798577039095465,-3.369964599609375,0.0,0.34025144577026367,-0.25030517578125,0.30609950510731987,-2.25640869140625,0.0,-0.3647947311401367,0.04273414611816406,-0.16754799583538657,19.4871826171875,0.0,-0.08254623413085938,-0.03052520751953125,-0.10228552648224856,-1.5531158447265625,0.0,-0.22271156311035156,-0.05494499206542969,-0.22740160642659082,-0.26373291015625,0.0,-0.03921175003051758,0.14041519165039062,-0.10133365247795258,-6.8278350830078125,0.0,-0.5433087348937988,0.6776561737060547,-0.4566199548758112,4.131866455078125,0.0,0.4259614944458008,-0.15262603759765625,0.3683159876566428,-4.600730895996094,0.0,-0.35578250885009766,0.11599540710449219,-0.1476435197096045,19.838821411132812,0.0,0.07602643966674805,0.0061054229736328125,0.12516498021706166,4.9523773193359375,0.0,-0.512629508972168,0.7264957427978516,-0.37654208884886065,1.0842514038085938,0.0,0.06479684738443618,-0.07968274326882319,0.03768315460693874,-0.8073671926944617,0.0,0.06754300381968754,-0.09854929564484904,0.005501734781195338,-2.8980182522905857,0.0,-0.0572357177734375,-0.0061054229736328125,-0.01178558932039076,0.7912063598632812,0.0,-0.07545137405395508,0.07936477661132812,-0.015989176882071708,0.9084243774414062,0.0,-0.1208953857421875,0.22588539123535156,-0.08375275750783444,0.26373291015625,0.0,-0.0992279052734375,0.04273414611816406,-0.049603717698663896,0.7912063598632812,0.0,-0.1398782730102539,0.20146560668945312,-0.1017556233875846,0.380950927734375,0.0,-0.049782752990722656,0.05128288269042969,-0.03126623390945333,0.22661972045898438,0.0,0.00896453857421875,-0.0073261260986328125,0.0023234225377618428,-0.16410255432128906,0.0,0.19107389450073242,-0.5067157745361328,0.22664997384764193,1.9633712768554688,0.0,-0.2742910385131836,0.4945049285888672,-0.3297238036221796,-2.373626708984375,0.0,0.049757957458496094,-0.0061054229736328125,0.013254082340385444,-0.615386962890625,0.0,-0.19720935821533203,0.25030517578125,-0.11871202236590805,1.0256423950195312,0.0,0.03154182434082031,-0.05494499206542969,0.01603286501359896,-0.14652252197265625,0.0,0.02460479736328125,-0.0073261260986328125,0.009788115447802432,-0.22661972045898438,0.0,-0.10738563537597656,0.15384674072265625,-0.07769505339464575,0.22661972045898438,0.0,-0.0047457218170166016,0.009205818176269531,-0.004310410206214736,0.0062271058559417725,0.0,0.0,0.0,6.071163590667338e-23,0.0,0.0,-0.01917925663292408,0.1571836769580841,0.14909544587135315,-0.9078090786933899,0.1571836769580841,0.14909544587135315,-0.9078090786933899
4.4803,1788396534.1846,ramp,0,-0.015989,-0.020273908848284266,0.12232880927385907,-0.19244399846600405,-0.08662206679582596,-0.0020931775216013193,0.9939907789230347,0.06689240038394928,-0.07909440994262695,-0.0061054229736328125,-0.07725402206668044,0.380950927734375,0.0,0.11034917831420898,-0.03052520751953125,0.16633790561325848,5.479850769042969,0.0,0.6449341773986816,-0.6043949127197266,0.5687652556250486,-3.369964599609375,0.0,0.33545780181884766,-0.22588539123535156,0.3034642895072601,-1.7289352416992188,0.0,-0.3644113540649414,0.03052520751953125,-0.16578147311578045,19.604393005371094,0.0,-0.0833134651184082,-0.03052520751953125,-0.10365209180414967,-1.6703262329101562,0.0,-0.22577953338623047,-0.0061054229736328125,-0.22826172872191797,-0.14652252197265625,0.0,-0.03614377975463867,0.14041519165039062,-0.10260988859230027,-7.355308532714844,0.0,-0.529503345489502,0.7387065887451172,-0.44287541712789597,3.8974380493164062,0.0,0.42289304733276367,-0.128204345703125,0.36580941012169876,-4.542121887207031,0.0,-0.3532896041870117,0.11599540710449219,-0.14588663035941965,19.897430419921875,0.0,0.07602643966674805,0.0061054229736328125,0.12544662211207638,5.010986328125,0.0,-0.4988241195678711,0.75091552734375,-0.36257584271702603,1.3186798095703125,0.0,0.06332695829321404,-0.06558695447470779,0.03628545637385718,-0.8102577586549329,0.0,0.06582153106945716,-0.08194783837707943,0.0052976710539755206,-2.9012739420901177,0.0,-0.0572357177734375,-0.018314361572265625,-0.01134838127162667,0.7912063598632812,0.0,-0.07391738891601562,0.09157562255859375,-0.015396133881142866,0.8498153686523438,0.0,-0.11686849594116211,0.23809432983398438,-0.08064628836178905,0.26373291015625,0.0,-0.09865283966064453,0.0061054229736328125,-0.04776395079031058,0.8498153686523438,0.0,-0.1358509063720703,0.1770458221435547,-0.09799673318817477,0.380950927734375,0.0,-0.048638343811035156,0.05128288269042969,-0.030113043034087766,0.19536209106445312,0.0,0.00896453857421875,-0.0073261260986328125,0.0022456768914805034,-0.16410255432128906,0.0,0.18167829513549805,-0.4822959899902344,0.218243357292143,1.9047622680664062,0.0,-0.2635531425476074,0.5311355590820312,-0.3174940766866747,-2.4322357177734375,0.0,0.04956626892089844,-0.03052520751953125,0.01276236214087121,-0.615386962890625,0.0,-0.19279956817626953,0.20146560668945312,-0.11430892581146058,1.1428604125976562,0.0,0.03058338165283203,-0.06715583801269531,0.01543485608490979,-0.02930450439453125,0.0,0.02422332763671875,-0.0073261260986328125,0.00941856779038214,-0.24224853515625,0.0,-0.10471534729003906,0.10988998413085938,-0.07479498555858154,0.2578773498535156,0.0,-0.004554033279418945,0.009205818176269531,-0.004150533656814335,0.005250304937362671,0.0,0.0,0.0,6.098412131486362e-23,0.0,0.0,-0.018504593521356583,0.1396520435810089,0.15202496945858002,-0.9384309649467468,0.1396520435810089,0.15202496945858002,-0.9384309649467468
4.5015,1788396534.2058,ramp,0,-0.017413,-0.031055660345415816,0.09695484290834298,-0.20942904068728418,-0.08783282339572906,-0.0025245370343327522,0.9937365651130676,0.0690399780869484,-0.07813596725463867,-0.018314361572265625,-0.07724078905819694,0.14652252197265625,0.0,0.11034917831420898,-0.03052520751953125,0.16603883381550405,5.421241760253906,0.0,0.6311283111572266,-0.6532363891601562,0.5570315561850766,-2.7838821411132812,0.0,0.329897403717041,-0.27472496032714844,0.3006767328725505,-1.377288818359375,0.0,-0.36421966552734375,0.0061054229736328125,-0.16391282824008532,19.897438049316406,0.0,-0.08388853073120117,-0.0061054229736328125,-0.10509765786323919,-1.7875442504882812,0.0,-0.2282719612121582,-0.128204345703125,-0.22917157443281405,0.6739959716796875,0.0,-0.03345966339111328,0.16483497619628906,-0.1039599035390566,-7.76556396484375,0.0,-0.5156979560852051,0.7020759582519531,-0.4283363117168052,4.0146484375,0.0,0.41944169998168945,-0.128204345703125,0.36315792808061287,-4.4249114990234375,0.0,-0.3511805534362793,0.128204345703125,-0.14402817575538363,19.78021240234375,0.0,0.07602643966674805,0.0061054229736328125,0.1257445456417651,5.010986328125,0.0,-0.4838681221008301,0.7142848968505859,-0.34780221202589695,0.4981689453125,0.0,0.06185796813445665,-0.04284423609903667,0.03480695761919734,-1.1309388155575169,0.0,0.06410294806496258,-0.09665615844892975,0.005081810463023379,-2.763678333000801,0.0,-0.0572357177734375,-0.0061054229736328125,-0.01088589835483868,0.8498153686523438,0.0,-0.07219171524047852,0.06715583801269531,-0.01476880723968329,0.9670333862304688,0.0,-0.11226701736450195,0.20146560668945312,-0.07736023515294209,0.3223419189453125,0.0,-0.09846115112304688,0.0061054229736328125,-0.04581782750097387,0.9084243774414062,0.0,-0.13201618194580078,0.15262603759765625,-0.09402054265777843,0.380950927734375,0.0,-0.047112464904785156,0.0659332275390625,-0.0288931865351967,0.1797332763671875,0.0,0.00858306884765625,-0.0073261260986328125,0.0021634367923757353,-0.16410255432128906,0.0,0.17247438430786133,-0.4334545135498047,0.20935075671926753,1.8461532592773438,0.0,-0.2516651153564453,0.5189247131347656,-0.3045573528531552,-2.4322357177734375,0.0,0.049182891845703125,-0.03052520751953125,0.01224221574201655,-0.615386962890625,0.0,-0.18953990936279297,0.128204345703125,-0.109651287547123,1.3186798095703125,0.0,0.029049396514892578,-0.06715583801269531,0.014802276436874403,-0.02930450439453125,0.0,0.02422332763671875,-0.0073261260986328125,0.009027656692155482,-0.22661972045898438,0.0,-0.10128211975097656,0.15384674072265625,-0.0717272656584163,0.21099090576171875,0.0,-0.004458189010620117,0.015343666076660156,-0.003981414691365937,0.004273504018783569,0.0,0.0,0.0,6.127235902393195e-23,0.0,0.0,-0.01848495379090309,0.11804565042257309,0.11082231253385544,-0.9207404255867004,0.11804565042257309,0.11082231253385544,-0.9207404255867004
4.5203,1788396534.2247,ramp,0,-0.018631,-0.02835137422244087,0.09752120572604037,-0.20253145346397897,-0.08868866413831711,-0.0029066738206893206,0.9935333728790283,0.07083375006914139,-0.07679367065429688,-0.018314361572265625,-0.07722904110145298,-0.08791351318359375,0.0,0.10996580123901367,-0.05494499206542969,0.1657733248386353,5.890106201171875,0.0,0.6194319725036621,-0.6410255432128906,0.5466146510921042,-2.7838821411132812,0.0,0.32491159439086914,-0.28693580627441406,0.29820200501254274,-1.26007080078125,0.0,-0.36421966552734375,0.03052520751953125,-0.1622538888389043,19.95604705810547,0.0,-0.08427190780639648,-0.0061054229736328125,-0.10638099774425405,-1.9047622680664062,0.0,-0.23038148880004883,-0.10378456115722656,-0.22997931426526327,0.9084243774414062,0.0,-0.030966758728027344,0.128204345703125,-0.10515841536786208,-8.117218017578125,0.0,-0.5040011405944824,0.6410255432128906,-0.41542883253866,4.600730895996094,0.0,0.41637372970581055,-0.128204345703125,0.3608040040757402,-4.542121887207031,0.0,-0.3488798141479492,0.10378456115722656,-0.1423782830400571,19.604400634765625,0.0,0.07602643966674805,0.0061054229736328125,0.12600903521298748,5.128204345703125,0.0,-0.47025442123413086,0.7387065887451172,-0.334686526766067,0.9670333862304688,0.0,0.06061027899945494,-0.051810663292646976,0.03349438085803511,-1.0581807936312482,0.0,0.06264471966994187,-0.08638070581149435,0.004890174457621595,-2.6997494757840763,0.0,-0.0572357177734375,-0.0061054229736328125,-0.010475316792225126,0.9084243774414062,0.0,-0.07104158401489258,0.06715583801269531,-0.014211881257403905,0.9084243774414062,0.0,-0.10977411270141602,0.15262603759765625,-0.07444295364405949,0.4395599365234375,0.0,-0.0978856086730957,0.03052520751953125,-0.04409010456858111,0.9084243774414062,0.0,-0.1283731460571289,0.21367454528808594,-0.09049057330765052,0.3223419189453125,0.0,-0.045968055725097656,0.05128288269042969,-0.02781022634510476,0.16410446166992188,0.0,0.00858306884765625,-0.0073261260986328125,0.0020904259477061825,-0.16410255432128906,0.0,0.16499614715576172,-0.4212455749511719,0.201456113033254,1.7875442504882812,0.0,-0.24207782745361328,0.5433464050292969,-0.29307243072120676,-2.373626708984375,0.0,0.04899120330810547,-0.018314361572265625,0.011780441882967263,-0.615386962890625,0.0,-0.1862802505493164,0.22588539123535156,-0.10551634476925373,1.2014617919921875,0.0,0.028282642364501953,-0.04273414611816406,0.014240686957695942,-0.14652252197265625,0.0,0.02384185791015625,-0.0073261260986328125,0.008680614923201975,-0.24224853515625,0.0,-0.09899330139160156,0.124542236328125,-0.06900381537614797,0.24224853515625,0.0,-0.004266262054443359,0.015343666076660156,-0.0038312748125058863,0.003540903329849243,0.0,0.0,0.0,6.15282497491837e-23,0.0,0.0,-0.01884285733103752,0.11437290906906128,0.12338949739933014,-0.9378906488418579,0.11437290906906128,0.12338949739933014,-0.9378906488418579
4.5404,1788396534.2447,ramp,0,-0.019864,-0.022299178358856874,0.11698037453427454,-0.18153667268169146,-0.0897233709692955,-0.003262507263571024,0.9932968616485596,0.0728047788143158,-0.07564306259155273,0.03052520751953125,-0.07721646767359804,-0.7912063598632812,0.0,0.10919904708862305,-0.05494499206542969,0.16548915985247942,5.714286804199219,0.0,0.6073517799377441,-0.6898651123046875,0.535465801337788,-2.6666641235351562,0.0,0.3193507194519043,-0.25030517578125,0.29555339020346083,-0.8498153686523438,0.0,-0.3634524345397949,0.04273414611816406,-0.1604783839293165,19.95604705810547,0.0,-0.0846552848815918,-0.0061054229736328125,-0.10775451160364487,-1.9633712768554688,0.0,-0.2326827049255371,-0.11599540710449219,-0.23084381000101004,1.0256423950195312,0.0,-0.028282642364501953,0.128204345703125,-0.10644114072523694,-8.23443603515625,0.0,-0.49192142486572266,0.6898651123046875,-0.4016144083138307,4.4249114990234375,0.0,0.41330575942993164,-0.16483497619628906,0.35828468141424163,-4.3076934814453125,0.0,-0.3463869094848633,0.11599540710449219,-0.14061246048242185,19.663009643554688,0.0,0.07602643966674805,0.0061054229736328125,0.12629210916487857,5.128204345703125,0.0,-0.45568180084228516,0.7387065887451172,-0.32064926684273426,0.9670333862304688,0.0,0.059578525078533756,-0.06528818323890334,0.03208957578679788,-0.9854500772964367,0.0,0.06111485130682707,-0.0710341987052479,0.0046850731331232855,-2.635304610886815,0.0,-0.0572357177734375,-0.0061054229736328125,-0.010035885683597763,0.8498153686523438,0.0,-0.06989097595214844,0.04273414611816406,-0.013615822826872874,0.9084243774414062,0.0,-0.10747289657592773,0.14041519165039062,-0.07132068911891579,0.4981689453125,0.0,-0.09635162353515625,0.07936477661132812,-0.04224098304751356,0.7912063598632812,0.0,-0.12434673309326172,0.1770458221435547,-0.08671257038157343,0.4395599365234375,0.0,-0.045205116271972656,0.03663063049316406,-0.026651171871488976,0.22661972045898438,0.0,0.00858306884765625,-0.0073261260986328125,0.002012284990253695,-0.16410255432128906,0.0,0.15694332122802734,-0.4212455749511719,0.19300675158341182,1.7875442504882812,0.0,-0.2313399314880371,0.5189247131347656,-0.28078051962608735,-2.373626708984375,0.0,0.04860687255859375,-0.018314361572265625,0.011286221447140843,-0.615386962890625,0.0,-0.18110322952270508,0.27472496032714844,-0.10109085990962301,1.0256423950195312,0.0,0.027515411376953125,-0.018314361572265625,0.013639637349286889,-0.14652252197265625,0.0,0.02384185791015625,-0.0073261260986328125,0.00830918823686833,-0.24224853515625,0.0,-0.09594154357910156,0.13919448852539062,-0.06608900164410736,0.21099090576171875,0.0,-0.004074573516845703,0.009205818176269531,-0.003670585343167129,0.002808302640914917,0.0,0.0,0.0,6.180212065651099e-23,0.0,0.0,-0.019284365698695183,0.1193733960390091,0.1565820872783661,-0.9153525829315186,0.1193733960390091,0.1565820872783661,-0.9153525829315186
4.5601,1788396534.2649,ramp,0,-0.020950,-0.028800002433416134,0.11501882323337666,-0.15863310447760332,-0.0910356193780899,-0.003548999549821019,0.9930537939071655,0.07445953786373138,-0.07525968551635742,-0.0061054229736328125,-0.07720412488440018,-0.5567779541015625,0.0,0.10881567001342773,-0.03052520751953125,0.1652102074011672,5.421241760253906,0.0,0.5945048332214355,-0.6776561737060547,0.5245214587206739,-2.373626708984375,0.0,0.3149409294128418,-0.20146560668945312,0.29295335983529375,-1.26007080078125,0.0,-0.36287736892700195,0.03052520751953125,-0.15873544770924822,20.190475463867188,0.0,-0.08523082733154297,-0.0061054229736328125,-0.10910283063186647,-2.139190673828125,0.0,-0.2349834442138672,-0.128204345703125,-0.2316924479978925,1.4945068359375,0.0,-0.025981426239013672,0.128204345703125,-0.10770033661576689,-8.937728881835938,0.0,-0.47907447814941406,0.6776561737060547,-0.3880533867639473,4.4249114990234375,0.0,0.4100465774536133,-0.128204345703125,0.3558115715438871,-4.1904754638671875,0.0,-0.3440861701965332,0.128204345703125,-0.1388790290076361,19.545791625976562,0.0,0.07602643966674805,0.0061054229736328125,0.12656999059513793,5.128204345703125,0.0,-0.4418759346008301,0.6898651123046875,-0.3068694971452402,1.2014617919921875,0.0,0.058478882254049715,-0.05592032016603509,0.0307105395320553,-1.0628804125931606,0.0,0.05983193165285495,-0.0600485159374259,0.004483734051872828,-2.7045002193765764,0.0,-0.0572357177734375,-0.0061054229736328125,-0.009604515209027118,0.8498153686523438,0.0,-0.06854867935180664,0.06715583801269531,-0.013030698098555006,0.8498153686523438,0.0,-0.10536336898803711,0.14041519165039062,-0.06825569735228038,0.380950927734375,0.0,-0.0948176383972168,0.05494499206542969,-0.040425780590470146,0.8498153686523438,0.0,-0.12108707427978516,0.1892547607421875,-0.08300386864618227,0.380950927734375,0.0,-0.043679237365722656,0.0659332275390625,-0.025513378327698576,0.16410446166992188,0.0,0.00858306884765625,-0.0073261260986328125,0.001935577398920492,-0.16410255432128906,0.0,0.14889001846313477,-0.39682579040527344,0.18471237964005416,1.6703262329101562,0.0,-0.22136926651000977,0.4822959899902344,-0.2687140832305288,-2.1977996826171875,0.0,0.04822349548339844,-0.03052520751953125,0.010801066664606453,-0.615386962890625,0.0,-0.17592620849609375,0.27472496032714844,-0.0967465532216708,0.9670333862304688,0.0,0.027132034301757812,-0.03052520751953125,0.013049612997961826,-0.02930450439453125,0.0,0.02346038818359375,-0.0073261260986328125,0.007944574756378917,-0.22661972045898438,0.0,-0.09288883209228516,0.13919448852539062,-0.0632276553302267,0.21099090576171875,0.0,-0.003978729248046875,0.02148151397705078,-0.0035128434553347286,0.0032967031002044678,0.0,0.0,0.0,6.207096785677841e-23,0.0,0.0,-0.019497716799378395,0.09726443141698837,0.15335479378700256,-0.8429040908813477,0.09726443141698837,0.15335479378700256,-0.8429040908813477
4.5802,1788396534.2845,ramp,0,-0.022002,-0.018964332671751426,0.11245405762319746,-0.16745718914395824,-0.09231805056333542,-0.003820558078587055,0.9928126931190491,0.07606328278779984,-0.07525968551635742,-0.0061054229736328125,-0.07719157069314964,-0.615386962890625,0.0,0.10862350463867188,-0.018314361572265625,0.1649264771707117,5.597068786621094,0.0,0.5826168060302734,-0.6410255432128906,0.5133896660501637,-2.373626708984375,0.0,0.3112978935241699,-0.1892547607421875,0.2903087972509493,-1.0256423950195312,0.0,-0.36249399185180664,0.03052520751953125,-0.15696265921765046,20.307693481445312,0.0,-0.08561420440673828,-0.0061054229736328125,-0.11047424309590938,-2.1977996826171875,0.0,-0.23747634887695312,-0.128204345703125,-0.23255562110605527,1.7875442504882812,0.0,-0.02387237548828125,0.128204345703125,-0.10898109947885733,-9.113555908203125,0.0,-0.4664192199707031,0.7387065887451172,-0.374260097794945,4.24908447265625,0.0,0.4073619842529297,-0.11599540710449219,0.3532961032977515,-4.542121887207031,0.0,-0.3419771194458008,0.10378456115722656,-0.1371159080545624,19.663009643554688,0.0,0.07602643966674805,0.0061054229736328125,0.1268526314605468,5.128204345703125,0.0,-0.42787885665893555,0.7142848968505859,-0.2928537134032351,1.26007080078125,0.0,0.057379880027524595,-0.051382541741141007,0.029307883729878036,-1.0703190617842422,0.0,0.05855075256840061,-0.06504089776945489,0.004278946520326957,-2.570695998175815,0.0,-0.0572357177734375,-0.0061054229736328125,-0.009165756404127225,0.9084243774414062,0.0,-0.06682300567626953,0.09157562255859375,-0.012435551602333514,0.9084243774414062,0.0,-0.10325431823730469,0.15262603759765625,-0.06513820970805655,0.4981689453125,0.0,-0.09309196472167969,0.09157562255859375,-0.038579488116474485,0.7325973510742188,0.0,-0.11763572692871094,0.1892547607421875,-0.07923164584217603,0.4395599365234375,0.0,-0.042916297912597656,0.03663063049316406,-0.024356097139195416,0.22661972045898438,0.0,0.00858306884765625,-0.0073261260986328125,0.0018575559925328518,-0.16410255432128906,0.0,0.1412200927734375,-0.372406005859375,0.17627594521582748,1.6703262329101562,0.0,-0.21044015884399414,0.5189247131347656,-0.2564409780357763,-2.1977996826171875,0.0,0.047840118408203125,-0.018314361572265625,0.01030760235695274,-0.615386962890625,0.0,-0.17151594161987305,0.22588539123535156,-0.09232783909335288,1.1428604125976562,0.0,0.026940345764160156,-0.018314361572265625,0.012449482960070642,-0.14652252197265625,0.0,0.02269744873046875,-0.021978378295898438,0.0075737163310099645,-0.19536209106445312,0.0,-0.08983707427978516,0.124542236328125,-0.060317301091604866,0.22661972045898438,0.0,-0.0037870407104492188,0.009205818176269531,-0.0033523998314244825,0.004517704248428345,0.0,0.0,0.0,6.234441975773992e-23,0.0,0.0,-0.019820956513285637,0.10544314235448837,0.1425406038761139,-0.8772527575492859,0.10544314235448837,0.1425406038761139,-0.8772527575492859
4.6002,1788396534.3045,ramp,0,-0.023113,-0.031096829070798162,0.12571136507577438,-0.17002933670378403,-0.09354152530431747,-0.004117412026971579,0.9925696849822998,0.07770794630050659,-0.07506799697875977,-0.0061054229736328125,-0.07717910036669542,-0.380950927734375,0.0,0.10862350463867188,-0.03052520751953125,0.16464464232144857,5.479850769042969,0.0,0.5695781707763672,-0.6410255432128906,0.502332236236339,-2.25640869140625,0.0,0.3070793151855469,-0.22588539123535156,0.2876819009342292,-0.8498153686523438,0.0,-0.3621101379394531,0.03052520751953125,-0.15520171334839006,20.48351287841797,0.0,-0.08618927001953125,0.0061054229736328125,-0.11183649421895907,-2.3150177001953125,0.0,-0.24035215377807617,-0.14041519165039062,-0.23341302802542552,2.4908447265625,0.0,-0.021379947662353516,0.128204345703125,-0.1102533065604977,-9.406593322753906,0.0,-0.45165538787841797,0.7020759582519531,-0.36055895107123825,4.483512878417969,0.0,0.40448570251464844,-0.128204345703125,0.3507974389402816,-4.24908447265625,0.0,-0.33948421478271484,0.128204345703125,-0.13536456514251347,19.428573608398438,0.0,0.07602643966674805,0.0061054229736328125,0.12713338422196468,5.1868133544921875,0.0,-0.4138813018798828,0.7264957427978516,-0.27893155822121063,1.4358978271484375,0.0,0.056498643276019306,-0.0420321555950145,0.02791459798115791,-1.384551397424425,0.0,0.057362055044717294,-0.05410872005058928,0.0040755270151457594,-2.5680492238618173,0.0,-0.0572357177734375,-0.0061054229736328125,-0.008729928605857983,0.8498153686523438,0.0,-0.06548070907592773,0.09157562255859375,-0.011844380817384715,0.8498153686523438,0.0,-0.10076189041137695,0.128204345703125,-0.062041547576287714,0.4981689453125,0.0,-0.09098291397094727,0.10378456115722656,-0.036745529287805064,0.7325973510742188,0.0,-0.11341714859008789,0.22588539123535156,-0.07548462232745437,0.26373291015625,0.0,-0.041771888732910156,0.03663063049316406,-0.023206546847027894,0.21099090576171875,0.0,0.00858306884765625,-0.0073261260986328125,0.0017800557865334456,-0.16410255432128906,0.0,0.1337418556213379,-0.372406005859375,0.16789586805431622,1.7289352416992188,0.0,-0.19970226287841797,0.5189247131347656,-0.2442498599198078,-2.1977996826171875,0.0,0.047265052795410156,-0.03052520751953125,0.009817434500883751,-0.615386962890625,0.0,-0.16691350936889648,0.2625160217285156,-0.08793864296049034,1.0842514038085938,0.0,0.0267486572265625,-0.018314361572265625,0.0118533619246215,-0.14652252197265625,0.0,0.02193450927734375,-0.021978378295898438,0.007205335322599147,-0.16410446166992188,0.0,-0.08678531646728516,0.13919448852539062,-0.057426388668111714,0.19536209106445312,0.0,-0.0035953521728515625,0.009205818176269531,-0.003193028006690173,0.003540903329849243,0.0,0.0,0.0,6.261604493904149e-23,0.0,0.0,-0.0205056294798851,0.08392957597970963,0.15676739811897278,-0.8900784254074097,0.08392957597970963,0.15676739811897278,-0.8900784254074097
4.6211,1788396534.3255,ramp,0,-0.024270,-0.028369059276554677,0.1462485398813806,-0.17509195600175423,-0.0948716551065445,-0.004411798901855946,0.9923017024993896,0.07948031276464462,-0.07506799697875977,-0.0061054229736328125,-0.0771660238900423,-0.380950927734375,0.0,0.10824012756347656,-0.04273414611816406,0.16434910821173984,5.714286804199219,0.0,0.5576901435852051,-0.6166057586669922,0.4907373334617567,-2.3150177001953125,0.0,0.3026695251464844,-0.25030517578125,0.28492731800635956,-0.4395599365234375,0.0,-0.3613433837890625,0.05494499206542969,-0.15335517247142702,20.48351287841797,0.0,-0.0863809585571289,0.0061054229736328125,-0.11326496083301607,-2.4322357177734375,0.0,-0.24303674697875977,-0.14041519165039062,-0.23431211126951926,2.6080551147460938,0.0,-0.019078731536865234,0.14041519165039062,-0.11158735232602565,-10.109893798828125,0.0,-0.4378495216369629,0.6532363891601562,-0.3461918271702529,4.542121887207031,0.0,0.40084266662597656,-0.1892547607421875,0.3481773209943411,-3.8974380493164062,0.0,-0.3369917869567871,0.15262603759765625,-0.13352809399758492,19.311355590820312,0.0,0.07602643966674805,0.0061054229736328125,0.12742778364634685,5.24542236328125,0.0,-0.3993086814880371,0.6898651123046875,-0.2643326832144348,1.1428604125976562,0.0,0.055620426610802666,-0.037352064961903374,0.026453588228835253,-1.310741428404595,0.0,0.05633975542734743,-0.04862841564525605,0.0038622198158469907,-2.5029115372864417,0.0,-0.0572357177734375,-0.0061054229736328125,-0.008272916349621535,0.8498153686523438,0.0,-0.06394672393798828,0.05494499206542969,-0.011224474755120145,0.8498153686523438,0.0,-0.09731054306030273,0.1770458221435547,-0.05879436473650161,0.4395599365234375,0.0,-0.0877232551574707,0.16483497619628906,-0.03482242648100065,0.5567779541015625,0.0,-0.10919904708862305,0.1892547607421875,-0.07155546572607559,0.3223419189453125,0.0,-0.041008949279785156,0.05128288269042969,-0.02200111989912083,0.22661972045898438,0.0,0.00858306884765625,-0.0073261260986328125,0.0016987884966927509,-0.16410255432128906,0.0,0.12549686431884766,-0.372406005859375,0.15910845709469712,1.611724853515625,0.0,-0.18915653228759766,0.4945049285888672,-0.23146616319750302,-2.139190673828125,0.0,0.046689510345458984,-0.03052520751953125,0.009303440857691941,-0.5567779541015625,0.0,-0.1615447998046875,0.23809432983398438,-0.08333609939693222,1.0256423950195312,0.0,0.026556968688964844,-0.03052520751953125,0.011228264993029455,-0.14652252197265625,0.0,0.02155303955078125,-0.021978378295898438,0.0068190482696001056,-0.19536209106445312,0.0,-0.08373355865478516,0.124542236328125,-0.05439495649584261,0.22661972045898438,0.0,-0.003499269485473633,0.009205818176269531,-0.0030259095312473753,0.0050061047077178955,0.0,0.0,0.0,6.290087311533091e-23,0.0,0.0,-0.021470632404088974,0.08522825688123703,0.1737627238035202,-0.8573126792907715,0.08522825688123703,0.1737627238035202,-0.8573126792907715
4.6410,1788396534.3453,ramp,0,-0.025434,-0.01847252171981945,0.14312262126238645,-0.16876631591205712,-0.09634558111429214,-0.004693867173045874,0.9920162558555603,0.08123519271612167,-0.07506799697875977,-0.0061054229736328125,-0.07715361521283401,-0.4981689453125,0.0,0.1076650619506836,-0.05494499206542969,0.1640686666624837,5.772895812988281,0.0,0.5458016395568848,-0.5921859741210938,0.4797345679915277,-2.373626708984375,0.0,0.2976841926574707,-0.23809432983398438,0.2823134082123002,-0.20513153076171875,0.0,-0.360384464263916,0.06715583801269531,-0.15160293214691536,20.424911499023438,0.0,-0.08657312393188477,0.0061054229736328125,-0.11462047742872011,-2.4908447265625,0.0,-0.24591302871704102,-0.128204345703125,-0.23516527944740703,2.7838821411132812,0.0,-0.016777515411376953,0.11599540710449219,-0.11285327002883148,-10.109893798828125,0.0,-0.4250025749206543,0.6898651123046875,-0.3325584144683548,4.600730895996094,0.0,0.3971996307373047,-0.1770458221435547,0.3456910092223514,-3.8974380493164062,0.0,-0.3339238166809082,0.15262603759765625,-0.1317854091563816,19.018310546875,0.0,0.07602643966674805,0.0061054229736328125,0.12770714845724876,5.1868133544921875,0.0,-0.3853111267089844,0.7020759582519531,-0.25047935464829446,1.377288818359375,0.0,0.05488866705392023,-0.032975302594330035,0.025067190432575808,-1.4683119882643934,0.0,0.05548846253921086,-0.06415752113240727,0.003659805950666453,-2.502260792962344,0.0,-0.0572357177734375,-0.0061054229736328125,-0.00783924314251084,0.8498153686523438,0.0,-0.06279659271240234,0.04273414611816406,-0.010636226526629421,0.7325973510742188,0.0,-0.09405088424682617,0.21367454528808594,-0.05571301149709029,0.380950927734375,0.0,-0.08427190780639648,0.128204345703125,-0.03299753414945023,0.615386962890625,0.0,-0.1049799919128418,0.1770458221435547,-0.0678269662792719,0.380950927734375,0.0,-0.039864540100097656,0.03663063049316406,-0.020857252610436892,0.22661972045898438,0.0,0.00858306884765625,-0.0073261260986328125,0.0016216714265541016,-0.1797313690185547,0.0,0.1182107925415039,-0.3601951599121094,0.15076980831437642,1.5531158447265625,0.0,-0.17899417877197266,0.5067157745361328,-0.21933531401208403,-2.0805892944335938,0.0,0.04630613327026367,-0.03052520751953125,0.00881569623238768,-0.615386962890625,0.0,-0.1567516326904297,0.22588539123535156,-0.0789686020249531,1.0842514038085938,0.0,0.025981426239013672,-0.018314361572265625,0.010635090986469942,-0.20513153076171875,0.0,0.02079010009765625,-0.021978378295898438,0.006452488417312991,-0.19536209106445312,0.0,-0.08068180084228516,0.13919448852539062,-0.051518335804938614,0.19536209106445312,0.0,-0.0033075809478759766,0.009205818176269531,-0.0028673255890801193,0.005250304937362671,0.0,0.0,0.0,6.317115546990965e-23,0.0,0.0,-0.022542228922247887,0.10372957587242126,0.15782220661640167,-0.8649094700813293,0.10372957587242126,0.15782220661640167,-0.8649094700813293
4.6603,1788396534.3651,ramp,0,-0.026390,-0.02153490938265298,0.13668485376841863,-0.15759039368705324,-0.09773147106170654,-0.004882496315985918,0.991740882396698,0.08291349560022354,-0.07506799697875977,-0.0061054229736328125,-0.07714156930962701,-0.5567779541015625,0.0,0.10728120803833008,-0.03052520751953125,0.16379642396482472,5.772895812988281,0.0,0.5348720550537109,-0.5921859741210938,0.46905347397650077,-2.373626708984375,0.0,0.2932734489440918,-0.128204345703125,0.2797759174030404,-0.4981689453125,0.0,-0.35942602157592773,0.06715583801269531,-0.14990191946118003,20.600730895996094,0.0,-0.08714818954467773,-0.0061054229736328125,-0.11593636480601806,-2.5494537353515625,0.0,-0.2485971450805664,-0.10378456115722656,-0.23599350481886527,3.135528564453125,0.0,-0.015051841735839844,0.11599540710449219,-0.11408217798252203,-10.578758239746094,0.0,-0.413114070892334,0.6532363891601562,-0.3193235815339758,4.776557922363281,0.0,0.39336490631103516,-0.1892547607421875,0.3432773860419659,-3.7802200317382812,0.0,-0.3312397003173828,0.15262603759765625,-0.13009367259453083,18.901092529296875,0.0,0.07602643966674805,0.0061054229736328125,0.12797834589554802,5.24542236328125,0.0,-0.372464656829834,0.6898651123046875,-0.2370310352020267,1.4358978271484375,0.0,0.054084264934055,-0.03281026756688764,0.02372132468235682,-1.474859601423488,0.0,0.05455321001326927,-0.053614354451002405,0.0034633097579785154,-2.3674980216014827,0.0,-0.0572357177734375,-0.0061054229736328125,-0.007418248592596908,0.8498153686523438,0.0,-0.06222105026245117,0.03052520751953125,-0.010065176034852314,0.9084243774414062,0.0,-0.09098291397094727,0.21367454528808594,-0.05272174318979854,0.380950927734375,0.0,-0.08120393753051758,0.15262603759765625,-0.031225993475123198,0.5567779541015625,0.0,-0.10114526748657227,0.20146560668945312,-0.06420747141372725,0.3223419189453125,0.0,-0.039101600646972656,0.03663063049316406,-0.01974682686481816,0.22661972045898438,0.0,0.00858306884765625,-0.0073261260986328125,0.0015468089132575063,-0.1797313690185547,0.0,0.11188316345214844,-0.3235645294189453,0.14267494418027415,1.4945068359375,0.0,-0.16883134841918945,0.4945049285888672,-0.2075591163841184,-2.0805892944335938,0.0,0.046114444732666016,-0.03052520751953125,0.008342211069744247,-0.615386962890625,0.0,-0.15291643142700195,0.21367454528808594,-0.0747287906641897,1.1428604125976562,0.0,0.025789737701416016,-0.018314361572265625,0.010059258724255912,-0.20513153076171875,0.0,0.02002716064453125,-0.021978378295898438,0.006096645129095418,-0.16410446166992188,0.0,-0.07839298248291016,0.124542236328125,-0.04872581458577299,0.24224853515625,0.0,-0.0031158924102783203,0.015343666076660156,-0.002713377929271753,0.00476190447807312,0.0,0.0,0.0,6.343353598212447e-23,0.0,0.0,-0.023286141455173492,0.08702272176742554,0.1569795310497284,-0.8412831425666809,0.08702272176742554,0.1569795310497284,-0.8412831425666809
4.6812,1788396534.3855,ramp,0,-0.027275,-0.015472374004196212,0.11831355297596821,-0.15256837095094994,-0.09895583987236023,-0.005059039685875177,0.9914888739585876,0.08445052057504654,-0.07487630844116211,-0.0061054229736328125,-0.07712850785018603,-0.4981689453125,0.0,0.1067056655883789,-0.018314361572265625,0.16350122925069924,5.538459777832031,0.0,0.5226006507873535,-0.5921859741210938,0.4574718869535056,-2.25640869140625,0.0,0.28905534744262695,-0.16483497619628906,0.2770244978774611,-0.20513153076171875,0.0,-0.35808372497558594,0.06715583801269531,-0.14805749917807545,20.659339904785156,0.0,-0.08753156661987305,-0.0061054229736328125,-0.11736319094865816,-2.7252731323242188,0.0,-0.25051450729370117,-0.06715583801269531,-0.23689155554294852,3.1941375732421875,0.0,-0.012751102447509766,0.09157562255859375,-0.11541469171088116,-10.637359619140625,0.0,-0.3989253044128418,0.6532363891601562,-0.3049729570428265,4.717948913574219,0.0,0.38933753967285156,-0.20146560668945312,0.3406602770768143,-3.4285736083984375,0.0,-0.32797956466674805,0.1770458221435547,-0.128259310479237,18.783889770507812,0.0,0.07602643966674805,0.0061054229736328125,0.12827240722743566,5.24542236328125,0.0,-0.35846662521362305,0.6654453277587891,-0.22244892575135958,1.4358978271484375,0.0,0.053346551583769754,-0.028275901080226998,0.022261992774454814,-1.396437363238273,0.0,0.05321006438642789,-0.05863726416062822,0.003250247523707296,-2.4386086964152467,0.0,-0.0572357177734375,-0.0061054229736328125,-0.006961761175748476,0.9084243774414062,0.0,-0.0616459846496582,0.0061054229736328125,-0.00944598188154403,0.9084243774414062,0.0,-0.0877232551574707,0.21367454528808594,-0.04947828946106177,0.3223419189453125,0.0,-0.07851934432983398,0.09157562255859375,-0.029305099186988568,0.615386962890625,0.0,-0.09731054306030273,0.1892547607421875,-0.06028282711178452,0.380950927734375,0.0,-0.037957191467285156,0.05128288269042969,-0.01854278424639681,0.22661972045898438,0.0,0.00858306884765625,-0.0073261260986328125,0.001465634951930618,-0.16410255432128906,0.0,0.10517168045043945,-0.33577537536621094,0.1338976248086319,1.4358978271484375,0.0,-0.1584773063659668,0.47008514404296875,-0.19479010064131203,-2.0219802856445312,0.0,0.04553937911987305,-0.04273414611816406,0.007828807704177286,-0.5567779541015625,0.0,-0.14850664138793945,0.23809432983398438,-0.07013153272725157,1.0256423950195312,0.0,0.025789737701416016,-0.0061054229736328125,0.009434879662888465,-0.20513153076171875,0.0,0.01926422119140625,-0.021978378295898438,0.00571080169365308,-0.16410446166992188,0.0,-0.07495975494384766,0.13919448852539062,-0.045697863753411956,0.21099090576171875,0.0,-0.003020048141479492,0.02148151397705078,-0.0025464513750677866,0.006471306085586548,0.0,0.0,0.0,6.371803705767712e-23,0.0,0.0,-0.023994432762265205,0.08728793263435364,0.13232336938381195,-0.8135991096496582,0.08728793263435364,0.13232336938381195,-0.8135991096496582
4.7009,1788396534.4052,ramp,0,-0.027964,-0.0010330239321964113,0.10567156889325408,-0.15319356466160283,-0.10002623498439789,-0.005156084429472685,0.9912548661231995,0.0859178900718689,-0.07487630844116211,0.0061054229736328125,-0.07711617145944166,-0.7325973510742188,0.0,0.10651397705078125,-0.04273414611816406,0.16322242140724347,5.890106201171875,0.0,0.5112876892089844,-0.5921859741210938,0.44653321784066824,-2.1977996826171875,0.0,0.2861790657043457,-0.15262603759765625,0.2744258153548367,-0.14652252197265625,0.0,-0.3569326400756836,0.06715583801269531,-0.14631546648930593,20.600730895996094,0.0,-0.08810663223266602,-0.0061054229736328125,-0.11871081101358512,-2.7838821411132812,0.0,-0.2520484924316406,-0.06715583801269531,-0.2377397536092227,3.5457839965820312,0.0,-0.011217117309570312,0.09157562255859375,-0.11667323483920142,-11.047622680664062,0.0,-0.38588619232177734,0.7264957427978516,-0.29141896547331314,4.600730895996094,0.0,0.38550281524658203,-0.1892547607421875,0.3381884492569142,-3.6043930053710938,0.0,-0.32529497146606445,0.14041519165039062,-0.12652677760852732,18.783889770507812,0.0,0.07602643966674805,0.0061054229736328125,0.12855014460505176,5.3040313720703125,0.0,-0.345428466796875,0.7142848968505859,-0.2086762994324171,1.377288818359375,0.0,0.05253620051824776,-0.0379668889072819,0.02088367140669659,-1.4082762421552042,0.0,0.05178326642046637,-0.10080462685982802,0.0030490128158466834,-2.1671843514462106,0.0,-0.0572357177734375,-0.0061054229736328125,-0.006530614321939535,0.9670333862304688,0.0,-0.06145429611206055,-0.0061054229736328125,-0.008861160479589816,0.9084243774414062,0.0,-0.08388853073120117,0.23809432983398438,-0.04641488657413389,0.3223419189453125,0.0,-0.07641029357910156,0.10378456115722656,-0.027490837723777646,0.615386962890625,0.0,-0.09385919570922852,0.20146560668945312,-0.05657604795282335,0.380950927734375,0.0,-0.036812782287597656,0.05128288269042969,-0.01740558053031582,0.22661972045898438,0.0,0.00858306884765625,-0.0073261260986328125,0.0013889671255118297,-0.16410255432128906,0.0,0.09865283966064453,-0.33577537536621094,0.12560755263514997,1.4358978271484375,0.0,-0.14850664138793945,0.4945049285888672,-0.182729919439043,-1.9633712768554688,0.0,0.04477214813232422,-0.05494499206542969,0.007343904423978847,-0.5567779541015625,0.0,-0.14332962036132812,0.28693580627441406,-0.06578947811084321,1.0256423950195312,0.0,0.025406360626220703,-0.0061054229736328125,0.008845161177872396,-0.26373291015625,0.0,0.01888275146484375,-0.0073261260986328125,0.005346377227361531,-0.19536209106445312,0.0,-0.07228946685791016,0.13919448852539062,-0.04283800075023504,0.2578773498535156,0.0,-0.002828359603881836,0.009205818176269531,-0.0023887912600112,0.006959706544876099,0.0,0.0,0.0,6.398674488861062e-23,0.0,0.0,-0.024435900151729584,0.13773256540298462,0.11136838048696518,-0.8668392300605774,0.13773256540298462,0.11136838048696518,-0.8668392300605774
4.7203,1788396534.4249,ramp,0,-0.028472,0.007417850826563068,0.08733691153292748,-0.1481878704319331,-0.10095705837011337,-0.005166174378246069,0.9910260438919067,0.08745499700307846,-0.07468461990356445,0.018314361572265625,-0.07710401501653016,-0.5567779541015625,0.0,0.10593891143798828,-0.05494499206542969,0.16294768046376343,5.714286804199219,0.0,0.5001664161682129,-0.5799751281738281,0.43575410834637757,-2.25640869140625,0.0,0.28368663787841797,-0.16483497619628906,0.27186503916137866,-0.26373291015625,0.0,-0.3555908203125,0.09157562255859375,-0.14459884439376747,20.54212188720703,0.0,-0.08849048614501953,-0.018314361572265625,-0.12003877368314822,-2.7838821411132812,0.0,-0.2530074119567871,-0.04273414611816406,-0.23857557922337216,3.25274658203125,0.0,-0.010258197784423828,0.05494499206542969,-0.11791341991505591,-11.164833068847656,0.0,-0.3732314109802246,0.6776561737060547,-0.2780626825740509,5.0695953369140625,0.0,0.38185977935791016,-0.20146560668945312,0.33575267736849795,-3.0769195556640625,0.0,-0.3228025436401367,0.128204345703125,-0.12481951675958908,18.783889770507812,0.0,0.0762186050415039,0.0061054229736328125,0.12882383069730843,5.3040313720703125,0.0,-0.33334875106811523,0.6898651123046875,-0.19510457095389447,1.4358978271484375,0.0,0.051580675026007605,-0.06540746444535979,0.019525455266494438,-1.3394245928009776,0.0,0.05018859749961316,-0.10162781012204575,0.002850713468119316,-1.9650872598230744,0.0,-0.0572357177734375,-0.0061054229736328125,-0.006105756498982674,0.9084243774414062,0.0,-0.06126260757446289,-0.018314361572265625,-0.008284869720518307,0.8498153686523438,0.0,-0.0802454948425293,0.1892547607421875,-0.043396168775588405,0.380950927734375,0.0,-0.07430076599121094,0.10378456115722656,-0.025703040436786666,0.6739959716796875,0.0,-0.09021615982055664,0.22588539123535156,-0.052923338650308085,0.380950927734375,0.0,-0.035668373107910156,0.03663063049316406,-0.016284964919174836,0.21099090576171875,0.0,0.00820159912109375,-0.0073261260986328125,0.001313417633417994,-0.16410255432128906,0.0,0.09155845642089844,-0.34798622131347656,0.11743840566198996,1.4358978271484375,0.0,-0.13911056518554688,0.4212455749511719,-0.17084565707044438,-1.8461532592773438,0.0,0.04342985153198242,-0.06715583801269531,0.006866074306120576,-0.4981689453125,0.0,-0.13738489151000977,0.28693580627441406,-0.06151075995439685,0.9084243774414062,0.0,0.025214672088623047,-0.03052520751953125,0.00826404476825951,-0.20513153076171875,0.0,0.01850128173828125,-0.0073261260986328125,0.004987268529216063,-0.1797332763671875,0.0,-0.06923770904541016,0.15384674072265625,-0.04001985385028563,0.21099090576171875,0.0,-0.0027322769165039062,0.009205818176269531,-0.002233430893448598,0.007448107004165649,0.0,0.0,0.0,6.425153314591393e-23,0.0,0.0,-0.024494722485542297,0.1482846885919571,0.11804674565792084,-0.8389160633087158,0.1482846885919571,0.11804674565792084,-0.8389160633087158
4.7409,1788396534.4453,ramp,0,-0.028744,0.022579180619154284,0.10614928173616546,-0.16714012317142748,-0.10188557207584381,-0.005051035434007645,0.9907898902893066,0.08904588967561722,-0.07410907745361328,0.03052520751953125,-0.07709114240301558,-0.8498153686523438,0.0,0.10459661483764648,-0.09157562255859375,0.16265675375043126,6.00732421875,0.0,0.4877033233642578,-0.5921859741210938,0.42433997087527514,-1.9633712768554688,0.0,0.2800436019897461,-0.22588539123535156,0.2691534003640979,0.08791351318359375,0.0,-0.3538651466369629,0.09157562255859375,-0.14278109121157875,20.54212188720703,0.0,-0.08944892883300781,-0.018314361572265625,-0.12144497040792532,-2.7838821411132812,0.0,-0.2543497085571289,-0.06715583801269531,-0.23946064570004388,3.4285736083984375,0.0,-0.009299278259277344,0.03052520751953125,-0.11922666781859657,-11.399269104003906,0.0,-0.3592343330383301,0.6654453277587891,-0.2639195430878196,4.9523773193359375,0.0,0.37783336639404297,-0.16483497619628906,0.33317340723515754,-3.0769195556640625,0.0,-0.3201179504394531,0.14041519165039062,-0.12301167632164439,18.72528076171875,0.0,0.07641029357910156,0.0061054229736328125,0.12911364041513354,5.3040313720703125,0.0,-0.31992626190185547,0.6654453277587891,-0.18073329337698682,1.611724853515625,0.0,0.04975688849897584,-0.10674149284101914,0.018087222753136192,-0.8018750980009591,0.0,0.048075360795970974,-0.11843895429486807,0.0026407317422087523,-1.7696363563525055,0.0,-0.0572357177734375,-0.0061054229736328125,-0.005655869094139869,0.9084243774414062,0.0,-0.06126260757446289,-0.0061054229736328125,-0.007674628034889993,1.0256423950195312,0.0,-0.0775609016418457,0.1770458221435547,-0.040199609731697825,0.380950927734375,0.0,-0.07200002670288086,0.10378456115722656,-0.023809918930322027,0.615386962890625,0.0,-0.0863809585571289,0.1892547607421875,-0.049055437861011277,0.380950927734375,0.0,-0.034523963928222656,0.05128288269042969,-0.015098330657355576,0.22661972045898438,0.0,0.00820159912109375,-0.0073261260986328125,0.0012334173060173166,-0.16410255432128906,0.0,0.08523082733154297,-0.3235645294189453,0.10878799102220212,1.377288818359375,0.0,-0.12990713119506836,0.4822959899902344,-0.15826125902813104,-1.8461532592773438,0.0,0.042279720306396484,-0.07936477661132812,0.006360093857925281,-0.4395599365234375,0.0,-0.13220787048339844,0.2625160217285156,-0.05697997035033464,0.9670333862304688,0.0,0.024831295013427734,-0.018314361572265625,0.007648693139300907,-0.20513153076171875,0.0,0.01811981201171875,-0.0073261260986328125,0.004607003717000172,-0.1797332763671875,0.0,-0.06656742095947266,0.124542236328125,-0.037035681906692215,0.22661972045898438,0.0,-0.00254058837890625,0.009205818176269531,-0.0020689178061248587,0.005494505167007446,0.0,0.0,0.0,6.453192083203905e-23,0.0,0.0,-0.02384861744940281,0.19549678266048431,0.1678333878517151,-0.8341045379638672,0.19549678266048431,0.1678333878517151,-0.8341045379638672
4.7601,1788396534.4649,ramp,0,-0.029140,0.010762246963038624,0.08792089282571142,-0.165762869413693,-0.10291002690792084,-0.004976393189281225,0.9905331134796143,0.0907132551074028,-0.073150634765625,0.03052520751953125,-0.07707916046809549,-0.8498153686523438,0.0,0.10344600677490234,-0.07936477661132812,0.16238595676412299,6.1831512451171875,0.0,0.47638988494873047,-0.6043949127197266,0.41371559749587483,-2.1977996826171875,0.0,0.2765922546386719,-0.15262603759765625,0.2666293845875824,-0.02930450439453125,0.0,-0.35271453857421875,0.06715583801269531,-0.14108911154442821,20.77655792236328,0.0,-0.09002447128295898,-0.018314361572265625,-0.12275386992720531,-2.9011001586914062,0.0,-0.256075382232666,-0.06715583801269531,-0.2402844728825671,3.4871826171875,0.0,-0.008340835571289062,0.03052520751953125,-0.12044904980779678,-11.340660095214844,0.0,-0.3467702865600586,0.6898651123046875,-0.2507549921054011,5.0695953369140625,0.0,0.37438201904296875,-0.16483497619628906,0.33077260130371317,-3.0183181762695312,0.0,-0.3172416687011719,0.14041519165039062,-0.12132892351866384,18.549453735351562,0.0,0.07660198211669922,0.0061054229736328125,0.1293833976928033,5.362640380859375,0.0,-0.30765485763549805,0.6898651123046875,-0.1673563895765348,1.5531158447265625,0.0,0.048080301839267,-0.09737275016321743,0.016748504057396182,-0.8845002304720828,0.0,0.04613536434298617,-0.10744464974857783,0.0024452790183763246,-1.7026594822765109,0.0,-0.0572357177734375,-0.0061054229736328125,-0.005237110183986514,0.9670333862304688,0.0,-0.06126260757446289,0.0061054229736328125,-0.0071066100364907065,0.9670333862304688,0.0,-0.07506799697875977,0.15262603759765625,-0.03722422618672353,0.4981689453125,0.0,-0.07027435302734375,0.06715583801269531,-0.02204778580478585,0.7325973510742188,0.0,-0.08292961120605469,0.22588539123535156,-0.04545516387762831,0.26373291015625,0.0,-0.033379554748535156,0.05128288269042969,-0.013993801691038572,0.1797332763671875,0.0,0.00820159912109375,-0.0073261260986328125,0.0011589523408869309,-0.1797313690185547,0.0,0.07947778701782227,-0.3601951599121094,0.10073611366813859,1.377288818359375,0.0,-0.12108707427978516,0.47008514404296875,-0.14654759744879325,-1.7289352416992188,0.0,0.041129112243652344,-0.07936477661132812,0.005889123079983182,-0.4395599365234375,0.0,-0.12779808044433594,0.27472496032714844,-0.05276267398616064,0.9670333862304688,0.0,0.02444744110107422,-0.018314361572265625,0.007075918763468284,-0.26373291015625,0.0,0.01773834228515625,-0.0073261260986328125,0.004253050090783772,-0.19536209106445312,0.0,-0.06389713287353516,0.124542236328125,-0.034257990027885266,0.2578773498535156,0.0,-0.002444744110107422,0.015343666076660156,-0.0019157876664230723,0.006471306085586548,0.0,0.0,0.0,6.479290800482554e-23,0.0,0.0,-0.02334427274763584,0.16352564096450806,0.15038654208183289,-0.8568913340568542,0.16352564096450806,0.15038654208183289,-0.8568913340568542
4.7802,1788396534.4845,ramp,0,-0.029476,0.002388287495474833,0.07187135251634888,-0.17023960991660259,-0.10379181057214737,-0.0048768180422484875,0.990281879901886,0.09244079887866974,-0.07238340377807617,0.018314361572265625,-0.07706662323377769,-1.0256423950195312,0.0,0.10248756408691406,-0.05494499206542969,0.1621026097677869,6.00732421875,0.0,0.4648857116699219,-0.5677661895751953,0.4025988405258425,-2.0805892944335938,0.0,0.2739076614379883,-0.10378456115722656,0.2639883940110978,-0.26373291015625,0.0,-0.3519477844238281,0.03052520751953125,-0.13931871755635378,20.952377319335938,0.0,-0.0904078483581543,-0.0061054229736328125,-0.1241234300258969,-3.0183181762695312,0.0,-0.25722551345825195,-0.05494499206542969,-0.24114648010373402,3.6043930053710938,0.0,-0.008149147033691406,0.04273414611816406,-0.12172808274585513,-11.575088500976562,0.0,-0.3335404396057129,0.6532363891601562,-0.23698033371708616,5.128204345703125,0.0,0.37131404876708984,-0.16483497619628906,0.3282605306978525,-2.9597091674804688,0.0,-0.31436586380004883,0.15262603759765625,-0.11956818401117945,18.373626708984375,0.0,0.07698535919189453,0.018314361572265625,0.12966565679549694,5.24542236328125,0.0,-0.2946157455444336,0.6776561737060547,-0.1533595369386694,1.7875442504882812,0.0,0.04604313400840103,-0.09264280257972349,0.015347742820913706,-0.8911761767233894,0.0,0.043943231628605875,-0.10181032485997801,0.0022407680931307203,-1.5683138871216162,0.0,-0.0572357177734375,-0.0061054229736328125,-0.004798944010136063,0.9084243774414062,0.0,-0.06126260757446289,0.0061054229736328125,-0.006512267404006394,0.9670333862304688,0.0,-0.07276678085327148,0.128204345703125,-0.034110949329733097,0.5567779541015625,0.0,-0.06931591033935547,0.03052520751953125,-0.020203987116064057,0.7325973510742188,0.0,-0.0789031982421875,0.21367454528808594,-0.04168803621093691,0.380950927734375,0.0,-0.032235145568847656,0.05128288269042969,-0.012838083641001424,0.24224853515625,0.0,0.00820159912109375,-0.0073261260986328125,0.0010810363179296174,-0.1797313690185547,0.0,0.07295894622802734,-0.372406005859375,0.09231107432688354,1.377288818359375,0.0,-0.11188316345214844,0.4822959899902344,-0.13429106952412684,-1.7289352416992188,0.0,0.0399785041809082,-0.06715583801269531,0.005396325294043089,-0.4395599365234375,0.0,-0.12319612503051758,0.2625160217285156,-0.04834992821029923,0.9670333862304688,0.0,0.024064064025878906,-0.018314361572265625,0.0064765993205786925,-0.20513153076171875,0.0,0.01773834228515625,-0.0073261260986328125,0.0038826925834941077,-0.19536209106445312,0.0,-0.061226844787597656,0.124542236328125,-0.03135156680162699,0.24224853515625,0.0,-0.0021572113037109375,0.015343666076660156,-0.001755560753544382,0.005982905626296997,0.0,0.0,0.0,6.506599055459632e-23,0.0,0.0,-0.0227346308529377,0.14217345416545868,0.13652226328849792,-0.8491932153701782,0.14217345416545868,0.13652226328849792,-0.8491932153701782
4.8011,1788396534.5055,ramp,0,-0.029950,0.00861166948139398,0.07037770197422114,-0.20008555638457973,-0.10457804054021835,-0.004841058049350977,0.9900271892547607,0.09426602721214294,-0.07200002670288086,0.018314361572265625,-0.07705357483183112,-1.0842514038085938,0.0,0.10133695602416992,-0.07936477661132812,0.16180771015876413,6.124542236328125,0.0,0.4541473388671875,-0.5555553436279297,0.39102883157407886,-2.373626708984375,0.0,0.27237367630004883,-0.09157562255859375,0.26123972506980303,-0.4981689453125,0.0,-0.3511805534362793,0.04273414611816406,-0.13747614113362655,21.069595336914062,0.0,-0.09079122543334961,0.0061054229736328125,-0.12554882977553217,-3.1941375732421875,0.0,-0.2587594985961914,-0.07936477661132812,-0.24204363304971205,3.6043930053710938,0.0,-0.007765769958496094,0.0061054229736328125,-0.12305926436499354,-11.516487121582031,0.0,-0.32050132751464844,0.7264957427978516,-0.2226440554940473,4.835166931152344,0.0,0.36824607849121094,-0.128204345703125,0.3256460380471974,-3.25274658203125,0.0,-0.3112978935241699,0.14041519165039062,-0.11773565570114852,18.197799682617188,0.0,0.07736873626708984,0.03052520751953125,0.1299594241553201,5.1868133544921875,0.0,-0.2808103561401367,0.6776561737060547,-0.138792005170801,1.6703262329101562,0.0,0.044078699316999266,-0.10181334785680278,0.013889869801914121,-0.7450476092769043,0.0,0.041677040865413996,-0.1122150034586373,0.00202791885641504,-1.2977244834669797,0.0,-0.0572357177734375,-0.0061054229736328125,-0.004342912942129817,0.9084243774414062,0.0,-0.06126260757446289,-0.0061054229736328125,-0.0058936922568843045,1.0256423950195312,0.0,-0.07065773010253906,0.128204345703125,-0.0308707380701185,0.5567779541015625,0.0,-0.06835699081420898,0.03052520751953125,-0.018285013139096824,0.8498153686523438,0.0,-0.07525968551635742,0.20146560668945312,-0.03776731536190237,0.3223419189453125,0.0,-0.03108978271484375,0.05128288269042969,-0.011635244699690496,0.1797332763671875,0.0,0.00820159912109375,-0.0073261260986328125,0.0009999435059222937,-0.1797313690185547,0.0,0.06567239761352539,-0.39682579040527344,0.08354252961010558,1.4358978271484375,0.0,-0.10210418701171875,0.4456653594970703,-0.12153481892080735,-1.611724853515625,0.0,0.038828372955322266,-0.06715583801269531,0.0048834351759892095,-0.4981689453125,0.0,-0.11801910400390625,0.2625160217285156,-0.04375726613572075,0.9670333862304688,0.0,0.023680686950683594,-0.03052520751953125,0.005852844448731531,-0.20513153076171875,0.0,0.01735687255859375,-0.0073261260986328125,0.003497234874357753,-0.19536209106445312,0.0,-0.058175086975097656,0.124542236328125,-0.02832664300091138,0.2578773498535156,0.0,-0.0020613670349121094,0.015343666076660156,-0.001588801075221172,0.006959706544876099,0.0,0.0,0.0,6.535020721543863e-23,0.0,0.0,-0.022478807717561722,0.15765492618083954,0.14235059916973114,-0.8797685503959656,0.15765492618083954,0.14235059916973114,-0.8797685503959656
4.8203,1788396534.5249,ramp,0,-0.030581,0.005687083760215237,0.06901989761482265,-0.20245360593636458,-0.10534682869911194,-0.004862637724727392,0.9897520542144775,0.09627698361873627,-0.07161664962768555,0.0061054229736328125,-0.0770415394871034,-1.1428604125976562,0.0,0.10018634796142578,-0.09157562255859375,0.16153570608736975,6.417579650878906,0.0,0.44379329681396484,-0.5677661895751953,0.380357099755316,-2.0805892944335938,0.0,0.27045631408691406,-0.10378456115722656,0.25870445842287537,-0.4395599365234375,0.0,-0.35098886489868164,0.04273414611816406,-0.13577661942012584,21.304031372070312,0.0,-0.09117460250854492,0.0061054229736328125,-0.12686356375076566,-3.3113555908203125,0.0,-0.2604851722717285,-0.07936477661132812,-0.24287113246477787,3.7216110229492188,0.0,-0.007573604583740234,0.03052520751953125,-0.12428709515585443,-11.809524536132812,0.0,-0.30803823471069336,0.7264957427978516,-0.20942082316006363,5.010986328125,0.0,0.3649864196777344,-0.15262603759765625,0.3232345304566466,-2.9597091674804688,0.0,-0.30765485763549805,0.1770458221435547,-0.11604540198082101,17.904754638671875,0.0,0.07813596725463867,0.018314361572265625,0.13023038388354582,5.1868133544921875,0.0,-0.26834726333618164,0.7020759582519531,-0.12535547345020076,1.611724853515625,0.0,0.042045454885123255,-0.09246209780815963,0.012545183730413521,-0.8271803747213711,0.0,0.03949664665769584,-0.1012687423043901,0.0018315948966386834,-1.230399137715883,0.0,-0.0572357177734375,-0.0061054229736328125,-0.00392228740250611,0.9084243774414062,0.0,-0.06126260757446289,-0.0061054229736328125,-0.005323142302484098,1.0842514038085938,0.0,-0.06778192520141602,0.1770458221435547,-0.02788209167037029,0.4395599365234375,0.0,-0.06759023666381836,0.0061054229736328125,-0.016515025256221626,0.9084243774414062,0.0,-0.07123327255249023,0.25030517578125,-0.03415099305726395,0.26373291015625,0.0,-0.02994537353515625,0.03663063049316406,-0.010525792264834924,0.2578773498535156,0.0,0.00820159912109375,-0.0073261260986328125,0.0009251466111420523,-0.1797313690185547,0.0,0.05838632583618164,-0.39682579040527344,0.07545476078914708,1.3186798095703125,0.0,-0.0934758186340332,0.45787620544433594,-0.10976894336970783,-1.611724853515625,0.0,0.037677764892578125,-0.07936477661132812,0.00441036503272624,-0.4395599365234375,0.0,-0.11360883712768555,0.2625160217285156,-0.03952117105589508,0.9670333862304688,0.0,0.023488998413085938,-0.0061054229736328125,0.005277516915213498,-0.20513153076171875,0.0,0.01659393310546875,-0.021978378295898438,0.003141703490023701,-0.1797332763671875,0.0,-0.055504798889160156,0.13919448852539062,-0.02553656948342207,0.22661972045898438,0.0,-0.0018694400787353516,0.009205818176269531,-0.0014349883536694573,0.005494505167007446,0.0,0.0,0.0,6.561235774579507e-23,0.0,0.0,-0.022285491228103638,0.13986878097057343,0.1372498869895935,-0.9059656262397766,0.13986878097057343,0.1372498869895935,-0.9059656262397766
4.8402,1788396534.5444,ramp,0,-0.031283,-0.002532376473867079,0.06812306563417085,-0.20055951583482975,-0.10610103607177734,-0.004902898799628019,0.9894604682922363,0.09841958433389664,-0.07104158401489258,0.018314361572265625,-0.07702913928804904,-1.3186798095703125,0.0,0.09903621673583984,-0.05494499206542969,0.16125545614811218,6.3003692626953125,0.0,0.43324756622314453,-0.5799751281738281,0.36936185185829057,-2.25640869140625,0.0,0.26873064041137695,-0.11599540710449219,0.2560923345669311,-0.9670333862304688,0.0,-0.350797176361084,0.0061054229736328125,-0.13402557630325668,21.53845977783203,0.0,-0.09136629104614258,-0.0061054229736328125,-0.12821815419792418,-3.369964599609375,0.0,-0.26201915740966797,-0.05494499206542969,-0.24372371772064938,3.7216110229492188,0.0,-0.007381916046142578,0.0061054229736328125,-0.1255521479280184,-11.75091552734375,0.0,-0.2953829765319824,0.6654453277587891,-0.19579672540523763,5.362640380859375,0.0,0.36153507232666016,-0.1892547607421875,0.3207499174421922,-2.7252731323242188,0.0,-0.3043951988220215,0.16483497619628906,-0.11430390781853378,17.787551879882812,0.0,0.07909440994262695,0.05494499206542969,0.1305095578201242,4.893775939941406,0.0,-0.25511646270751953,0.7020759582519531,-0.1115116100873214,1.611724853515625,0.0,0.03979481962715178,-0.10150054285160637,0.011159733182093769,-0.5999273201376154,0.0,0.03690889324108179,-0.10118987610851903,0.0016293193295117607,-1.0283131324899262,0.0,-0.0572357177734375,-0.0061054229736328125,-0.0034889105000008055,0.9084243774414062,0.0,-0.06126260757446289,-0.0061054229736328125,-0.004735295991050637,1.0256423950195312,0.0,-0.06471395492553711,0.21367454528808594,-0.024802843746991196,0.4395599365234375,0.0,-0.06720638275146484,0.0061054229736328125,-0.01469137977135972,0.9084243774414062,0.0,-0.06758975982666016,0.16483497619628906,-0.030425041085238923,0.380950927734375,0.0,-0.02918243408203125,0.03663063049316406,-0.0093827065165829,0.2578773498535156,0.0,0.00820159912109375,-0.0073261260986328125,0.0008480822307768588,-0.1797313690185547,0.0,0.05110025405883789,-0.39682579040527344,0.0671218093403558,1.377288818359375,0.0,-0.08350515365600586,0.4456653594970703,-0.09764638251389285,-1.5531158447265625,0.0,0.03614377975463867,-0.07936477661132812,0.00392295365599801,-0.380950927734375,0.0,-0.1093907356262207,0.2625160217285156,-0.0351566577501763,0.9670333862304688,0.0,0.023105621337890625,-0.018314361572265625,0.004684748191219429,-0.26373291015625,0.0,0.01621246337890625,-0.021978378295898438,0.002775394087546728,-0.16410446166992188,0.0,-0.052834510803222656,0.10988998413085938,-0.022661914226270275,0.27350616455078125,0.0,-0.0016777515411376953,0.02148151397705078,-0.0012765127630250416,0.004273504018783569,0.0,0.0,0.0,6.58824554315838e-23,0.0,0.0,-0.02193724364042282,0.1324317455291748,0.14835955202579498,-0.9037534594535828,0.1324317455291748,0.14835955202579498,-0.9037534594535828
4.8612,1788396534.5659,ramp,0,-0.032057,0.006399377922824604,0.07116699634229337,-0.20963934718961635,-0.10677434504032135,-0.0049918219447135925,0.989179253578186,0.10049224644899368,-0.07027435302734375,0.03052520751953125,-0.07701600518157115,-1.4358978271484375,0.0,0.0978856086730957,-0.09157562255859375,0.16095861957907792,6.593406677246094,0.0,0.4202089309692383,-0.5921859741210938,0.35771584875805673,-2.0805892944335938,0.0,0.26662158966064453,-0.11599540710449219,0.25332561181457264,-0.7912063598632812,0.0,-0.35041379928588867,0.03052520751953125,-0.13217089746757368,21.53845977783203,0.0,-0.0917501449584961,0.0061054229736328125,-0.12965291626012587,-3.5457839965820312,0.0,-0.26393699645996094,-0.06715583801269531,-0.24462676334782252,4.0732574462890625,0.0,-0.007381916046142578,-0.0061054229736328125,-0.1268920730160709,-11.926742553710938,0.0,-0.2808103561401367,0.6898651123046875,-0.18136628362015367,5.24542236328125,0.0,0.3576998710632324,-0.16483497619628906,0.31811825227736734,-2.6666641235351562,0.0,-0.3003687858581543,0.1892547607421875,-0.11245934309357446,17.553115844726562,0.0,0.08005380630493164,0.03052520751953125,0.1308052547031181,4.9523773193359375,0.0,-0.2407360076904297,0.7264957427978516,-0.09684839583756143,1.4358978271484375,0.0,0.03697129241251111,-0.11060623184150596,0.009692284559555888,-0.2919836547569089,0.0,0.03415290727820937,-0.11138829040090219,0.0014150720561511487,-0.8953735773406379,0.0,-0.0572357177734375,-0.0061054229736328125,-0.003029884128115919,1.0256423950195312,0.0,-0.06126260757446289,-0.0061054229736328125,-0.004112657917809271,1.0256423950195312,0.0,-0.06087923049926758,0.21367454528808594,-0.021541350127391855,0.380950927734375,0.0,-0.06682300567626953,0.0061054229736328125,-0.012759801586917441,0.9084243774414062,0.0,-0.06356334686279297,0.16483497619628906,-0.026478568152212566,0.380950927734375,0.0,-0.02803802490234375,0.05128288269042969,-0.008171967086908233,0.21099090576171875,0.0,0.00820159912109375,-0.0073261260986328125,0.0007664567848518565,-0.1797313690185547,0.0,0.04304647445678711,-0.3846149444580078,0.05829567105629083,1.26007080078125,0.0,-0.07334232330322266,0.4822959899902344,-0.08480634628808041,-1.4945068359375,0.0,0.03460979461669922,-0.10378456115722656,0.003406694772375944,-0.3223419189453125,0.0,-0.10402154922485352,0.28693580627441406,-0.030533830146338137,0.8498153686523438,0.0,0.022530078887939453,-0.018314361572265625,0.0040568963717780345,-0.20513153076171875,0.0,0.01544952392578125,-0.0073261260986328125,0.002387404614563065,-0.16410446166992188,0.0,-0.049782752990722656,0.13919448852539062,-0.019617122116949104,0.22661972045898438,0.0,-0.0015819072723388672,0.015343666076660156,-0.0011086577735567689,0.005250304937362671,0.0,0.0,0.0,6.616853888468287e-23,0.0,0.0,-0.02169935591518879,0.15191373229026794,0.15720458328723907,-0.9377949833869934,0.15191373229026794,0.15720458328723907,-0.9377949833869934
4.8803,1788396534.5846,ramp,0,-0.032844,-0.004363527028256783,0.038515201606457584,-0.19577569621347723,-0.10734426230192184,-0.005102655850350857,0.9889116287231445,0.10249419510364532,-0.06931591033935547,0.05494499206542969,-0.07700407615778047,-1.9633712768554688,0.0,0.0965433120727539,-0.07936477661132812,0.16068901840750976,6.8278350830078125,0.0,0.4090876579284668,-0.5555553436279297,0.3471383916404086,-2.1977996826171875,0.0,0.2645120620727539,-0.16483497619628906,0.25081274186102565,-0.4981689453125,0.0,-0.35002994537353516,0.04273414611816406,-0.1304863894279826,21.71428680419922,0.0,-0.09194183349609375,-0.0061054229736328125,-0.13095603579876505,-3.6630020141601562,0.0,-0.26470422744750977,-0.03052520751953125,-0.24544695258480728,3.8388290405273438,0.0,-0.007190227508544922,0.0061054229736328125,-0.12810905707813522,-11.9853515625,0.0,-0.2685389518737793,0.6898651123046875,-0.16825986609160437,5.714286804199219,0.0,0.35405683517456055,-0.20146560668945312,0.3157280480854772,-2.373626708984375,0.0,-0.2963414192199707,0.22588539123535156,-0.11078402117316453,17.142852783203125,0.0,0.08120393753051758,0.03052520751953125,0.13107382075730606,4.893775939941406,0.0,-0.22769689559936523,0.75091552734375,-0.0835305632216136,1.3186798095703125,0.0,0.03443961891873758,-0.128833587659546,0.008359477523214413,-0.29663659303025797,0.0,0.03157600068609545,-0.12174880532154307,0.001220482433682354,-0.7587836647490617,0.0,-0.0572357177734375,-0.0061054229736328125,-0.00261297441903431,0.9670333862304688,0.0,-0.06126260757446289,-0.0061054229736328125,-0.003547148234972814,1.0842514038085938,0.0,-0.0572357177734375,0.20146560668945312,-0.01857910560419553,0.380950927734375,0.0,-0.06663131713867188,0.0061054229736328125,-0.011005449880200767,0.9670333862304688,0.0,-0.060303688049316406,0.1770458221435547,-0.0228941926496672,0.380950927734375,0.0,-0.02689361572265625,0.03663063049316406,-0.00707231561955009,0.2578773498535156,0.0,0.00820159912109375,-0.0073261260986328125,0.0006923206502012239,-0.1797313690185547,0.0,0.035952091217041016,-0.39682579040527344,0.05027935005666345,1.3186798095703125,0.0,-0.06375503540039062,0.47008514404296875,-0.0731444111676224,-1.4945068359375,0.0,0.03288412094116211,-0.10378456115722656,0.002937803758341466,-0.3223419189453125,0.0,-0.09903621673583984,0.2991447448730469,-0.0263351569774381,0.8498153686523438,0.0,0.022338390350341797,-0.03052520751953125,0.003486651315236242,-0.20513153076171875,0.0,0.01544952392578125,0.0073261260986328125,0.0020350140152078913,-0.19536209106445312,0.0,-0.047493934631347656,0.10988998413085938,-0.016851696271591783,0.3203926086425781,0.0,-0.001390218734741211,0.015343666076660156,-0.0009562038425554719,0.004517704248428345,0.0,0.0,0.0,6.642837356196914e-23,0.0,0.0,-0.021602001041173935,0.14693184196949005,0.14406117796897888,-0.9493042826652527,0.14693184196949005,0.14406117796897888,-0.9493042826652527
4.9001,1788396534.6045,ramp,0,-0.033506,6.218940339065458e-05,0.02920629054424834,-0.17798900921456967,-0.10772843658924103,-0.0051773907616734505,0.988666296005249,0.10443510860204697,-0.06835699081420898,0.04273414611816406,-0.07699166246129512,-1.9633712768554688,0.0,0.09500932693481445,-0.07936477661132812,0.16040846342038925,6.886444091796875,0.0,0.3979668617248535,-0.5433464050292969,0.33613117558067107,-2.3150177001953125,0.0,0.2622108459472656,-0.23809432983398438,0.2481977747473736,-0.02930450439453125,0.0,-0.3494548797607422,0.03052520751953125,-0.12873344032689787,21.831504821777344,0.0,-0.0921335220336914,-0.0061054229736328125,-0.13231210069734403,-3.6630020141601562,0.0,-0.26527929306030273,-0.0061054229736328125,-0.2463004658669647,3.7802200317382812,0.0,-0.007190227508544922,-0.0061054229736328125,-0.12937548684130096,-12.278388977050781,0.0,-0.25549983978271484,0.6898651123046875,-0.15462093871035593,5.538459777832031,0.0,0.34964656829833984,-0.21367454528808594,0.31324073060695695,-2.139190673828125,0.0,-0.29269838333129883,0.22588539123535156,-0.10904063142055577,16.967025756835938,0.0,0.08254623413085938,0.06715583801269531,0.13135329857053452,4.659339904785156,0.0,-0.21350812911987305,0.7142848968505859,-0.06967163102073783,1.4358978271484375,0.0,0.03162379458754244,-0.11027625667904294,0.006972518932716158,-0.22105378778338725,0.0,0.029001706925130957,-0.10027742765364399,0.0010179866926291385,-0.6917514425622443,0.0,-0.0572357177734375,-0.0061054229736328125,-0.002179125792259266,1.0256423950195312,0.0,-0.06126260757446289,-0.0061054229736328125,-0.0029586620616307542,1.0842514038085938,0.0,-0.05397605895996094,0.1770458221435547,-0.01549650596555518,0.4395599365234375,0.0,-0.06643962860107422,0.018314361572265625,-0.009179819384532707,0.9670333862304688,0.0,-0.057044029235839844,0.20146560668945312,-0.019164185034706592,0.380950927734375,0.0,-0.02574920654296875,0.05128288269042969,-0.005927985639575687,0.22661972045898438,0.0,0.00820159912109375,-0.0073261260986328125,0.0006151723864118317,-0.1797313690185547,0.0,0.028666019439697266,-0.34798622131347656,0.0419373283149834,1.2014617919921875,0.0,-0.053592681884765625,0.4822959899902344,-0.061008655085818146,-1.377288818359375,0.0,0.03154182434082031,-0.06715583801269531,0.0024498618416273227,-0.380950927734375,0.0,-0.09405088424682617,0.27472496032714844,-0.021965892964332732,0.8498153686523438,0.0,0.021763324737548828,-0.03052520751953125,0.0028932373713612,-0.20513153076171875,0.0,0.01506805419921875,0.0073261260986328125,0.0016683058904308067,-0.19536209106445312,0.0,-0.044442176818847656,0.15384674072265625,-0.013973911995232702,0.21099090576171875,0.0,-0.0011982917785644531,0.015343666076660156,-0.0007975557536033796,0.004029303789138794,0.0,0.0,0.0,6.669876524504487e-23,0.0,0.0,-0.021708685904741287,0.12318667769432068,0.12128345668315887,-0.8944361805915833,0.12318667769432068,0.12128345668315887,-0.8944361805915833
4.9202,1788396534.6245,ramp,0,-0.034101,0.020695743161979807,0.016849748436417584,-0.16799429880155678,-0.10803404450416565,-0.005255340598523617,0.9884545207023621,0.10610658675432205,-0.0673980712890625,0.05494499206542969,-0.07697914910228865,-2.139190673828125,0.0,0.09328365325927734,-0.128204345703125,0.16012565601656495,7.1794891357421875,0.0,0.3864617347717285,-0.5433464050292969,0.32503558883264083,-2.139190673828125,0.0,0.25991010665893555,-0.128204345703125,0.2455618135474383,-0.615386962890625,0.0,-0.3488798141479492,0.06715583801269531,-0.1269664177927339,21.831504821777344,0.0,-0.09251689910888672,-0.0061054229736328125,-0.13367905267107505,-3.7802200317382812,0.0,-0.2658543586730957,-0.018314361572265625,-0.2471608315226743,3.7802200317382812,0.0,-0.007381916046142578,-0.04273414611816406,-0.1306520840500077,-12.102561950683594,0.0,-0.24169445037841797,0.7264957427978516,-0.14087251212479326,5.3040313720703125,0.0,0.34523677825927734,-0.1770458221435547,0.31073344386859963,-2.373626708984375,0.0,-0.28867197036743164,0.1892547607421875,-0.10728324498144932,16.908432006835938,0.0,0.08388853073120117,0.05494499206542969,0.1316350201524492,4.600730895996094,0.0,-0.19931840896606445,0.75091552734375,-0.05570143332176087,1.26007080078125,0.0,0.028671180518683313,-0.13739305318877096,0.005574425239153631,0.09167340576874922,0.0,0.02692005355362964,-0.07984331406437972,0.0008138652282398758,-0.6954951850507631,0.0,-0.05781126022338867,-0.03052520751953125,-0.0017417940411815,0.9670333862304688,0.0,-0.06126260757446289,-0.0061054229736328125,-0.002365451266921513,1.1428604125976562,0.0,-0.050141334533691406,0.21367454528808594,-0.01238915788459124,0.380950927734375,0.0,-0.0660562515258789,0.0061054229736328125,-0.007339531938133882,1.0256423950195312,0.0,-0.05320930480957031,0.23809432983398438,-0.01540423130635251,0.26373291015625,0.0,-0.02498626708984375,0.05128288269042969,-0.00477446848389622,0.24224853515625,0.0,0.00820159912109375,-0.0073261260986328125,0.0005374047430141298,-0.1797313690185547,0.0,0.022338390350341797,-0.3235645294189453,0.03352833321700102,1.0842514038085938,0.0,-0.04419708251953125,0.4456653594970703,-0.048775467908623214,-1.377288818359375,0.0,0.030391693115234375,-0.07936477661132812,0.001958002516297513,-0.3223419189453125,0.0,-0.08944892883300781,0.25030517578125,-0.017561550611157047,0.9084243774414062,0.0,0.021187782287597656,-0.04273414611816406,0.0022950592438471555,-0.14652252197265625,0.0,0.01468658447265625,-0.0073261260986328125,0.0012986536743218873,-0.19536209106445312,0.0,-0.041771888732910156,0.124542236328125,-0.011073023622807937,0.2891349792480469,0.0,-0.001102447509765625,0.009205818176269531,-0.0006376339692190416,0.004273504018783569,0.0,0.0,0.0,6.697132774942658e-23,0.0,0.0,-0.022316718474030495,0.12523631751537323,0.1366673856973648,-0.9212087392807007,0.12523631751537323,0.1366673856973648,-0.9212087392807007
4.9402,1788396534.6444,ramp,0,-0.034321,0.02031268697046934,-0.0013443685296470158,-0.12625789566572906,-0.10816125571727753,-0.005191542208194733,0.9882838726043701,0.10755987465381622,-0.06624794006347656,0.03052520751953125,-0.07696665318077078,-2.139190673828125,0.0,0.09117460250854492,-0.11599540710449219,0.15984324270763323,7.296699523925781,0.0,0.3751487731933594,-0.5433464050292969,0.3139554638936323,-2.139190673828125,0.0,0.2574172019958496,-0.128204345703125,0.2429295255853036,-0.7325973510742188,0.0,-0.3481125831604004,0.05494499206542969,-0.12520185762181227,21.948715209960938,0.0,-0.09309196472167969,-0.018314361572265625,-0.13504409978381582,-3.8388290405273438,0.0,-0.26604604721069336,-0.018314361572265625,-0.2480199982503993,3.5457839965820312,0.0,-0.008340835571289062,-0.04273414611816406,-0.131926902307976,-12.102561950683594,0.0,-0.22750520706176758,0.6898651123046875,-0.1271432441066001,5.362640380859375,0.0,0.3410181999206543,-0.1892547607421875,0.3082296510589179,-1.7289352416992188,0.0,-0.28426170349121094,0.22588539123535156,-0.10552830747759218,16.4981689453125,0.0,0.08542251586914062,0.04273414611816406,0.13191634915257475,4.483512878417969,0.0,-0.18417119979858398,0.7875461578369141,-0.04175070323037633,1.0842514038085938,0.0,0.026010893854874113,-0.08237633981338685,0.004178279802873512,-0.06343089309388866,0.0,0.02533609005604929,-0.04773216343410235,0.0006100282091144202,-0.835029364992057,0.0,-0.058194637298583984,-0.04273414611816406,-0.00130507171619069,1.0842514038085938,0.0,-0.06126260757446289,-0.0061054229736328125,-0.0017730671172762737,1.0842514038085938,0.0,-0.04726552963256836,0.1770458221435547,-0.009286139923672613,0.4395599365234375,0.0,-0.06586456298828125,0.0061054229736328125,-0.005501808950351586,1.0256423950195312,0.0,-0.04899120330810547,0.23809432983398438,-0.011649517110417833,0.3223419189453125,0.0,-0.02384185791015625,0.05128288269042969,-0.0036225587656934306,0.2578773498535156,0.0,0.00820159912109375,-0.0073261260986328125,0.0004597454695906885,-0.1953601837158203,0.0,0.016202449798583984,-0.3235645294189453,0.025131056136210774,1.0842514038085938,0.0,-0.034226417541503906,0.47008514404296875,-0.03655932779781216,-1.26007080078125,0.0,0.029049396514892578,-0.06715583801269531,0.0014668286017644942,-0.3223419189453125,0.0,-0.08484745025634766,0.27472496032714844,-0.013163345752273268,0.8498153686523438,0.0,0.020612716674804688,-0.03052520751953125,0.0016977146834241243,-0.20513153076171875,0.0,0.01430511474609375,-0.0073261260986328125,0.0009295165722037604,-0.19536209106445312,0.0,-0.039101600646972656,0.15384674072265625,-0.008176177666798503,0.2578773498535156,0.0,-0.0009107589721679688,0.009205818176269531,-0.0004779350374106626,0.004273504018783569,0.0,0.0,0.0,6.72435104352836e-23,0.0,0.0,-0.02343503013253212,0.07906882464885712,0.07095082104206085,-0.9155246019363403,0.07906882464885712,0.07095082104206085,-0.9155246019363403
4.9603,1788396534.6652,ramp,0,-0.034569,0.01308709816940723,-0.01767543552496413,-0.11476725437890505,-0.1081840842962265,-0.005177072249352932,0.9881462454795837,0.10879534482955933,-0.06528902053833008,0.018314361572265625,-0.07695405827100973,-2.3150177001953125,0.0,0.08925724029541016,-0.11599540710449219,0.15955859222097474,7.413917541503906,0.0,0.3644113540649414,-0.5677661895751953,0.3027875661481053,-2.139190673828125,0.0,0.25511646270751953,-0.128204345703125,0.2402763855747242,-0.7325973510742188,0.0,-0.3471541404724121,0.07936477661132812,-0.1234233192331968,21.890106201171875,0.0,-0.09366750717163086,-0.018314361572265625,-0.13641996031398418,-3.9560470581054688,0.0,-0.266237735748291,0.0061054229736328125,-0.24888597099117699,3.369964599609375,0.0,-0.00968313217163086,-0.06715583801269531,-0.13321181922249548,-12.102561950683594,0.0,-0.2136998176574707,0.6776561737060547,-0.1133052177132049,5.362640380859375,0.0,0.33680009841918945,-0.20146560668945312,0.30570602409365977,-1.6703262329101562,0.0,-0.27985191345214844,0.21367454528808594,-0.10375946798338508,16.26373291015625,0.0,0.08695650100708008,0.07936477661132812,0.1321999067409186,4.24908447265625,0.0,-0.16825580596923828,0.8119659423828125,-0.027689460420060936,1.0256423950195312,0.0,0.023136251984412475,-0.11907823465519947,0.0027710745993141514,0.00820860794120315,0.0,0.02351243743898149,-0.09943537964844788,0.000404576465665954,-0.48841868513668085,0.0,-0.05896139144897461,-0.04273414611816406,-0.0008648898323641495,1.1428604125976562,0.0,-0.06126260757446289,-0.0061054229736328125,-0.0011759903112180724,1.1428604125976562,0.0,-0.04419708251953125,0.1892547607421875,-0.00615854095878458,0.4395599365234375,0.0,-0.06567239761352539,0.0061054229736328125,-0.0036495281750777977,1.0842514038085938,0.0,-0.044963836669921875,0.15262603759765625,-0.007865059404868754,0.380950927734375,0.0,-0.02269744873046875,0.05128288269042969,-0.002461524028650223,0.22661972045898438,0.0,0.00820159912109375,-0.0073261260986328125,0.00038147100704094344,-0.1797313690185547,0.0,0.010258197784423828,-0.3113555908203125,0.016667258814849966,1.0256423950195312,0.0,-0.02502298355102539,0.4456653594970703,-0.02424641577258211,-1.1428604125976562,0.0,0.028282642364501953,-0.03052520751953125,0.0009717637822818867,-0.380950927734375,0.0,-0.08043718338012695,0.25030517578125,-0.008730299879751765,0.9084243774414062,0.0,0.019845962524414062,-0.04273414611816406,0.0010956381719792842,-0.14652252197265625,0.0,0.01430511474609375,-0.0073261260986328125,0.0005574552973329458,-0.19536209106445312,0.0,-0.036049842834472656,0.13919448852539062,-0.005256383928069072,0.27350616455078125,0.0,-0.0007190704345703125,0.009205818176269531,-0.0003169710274989236,0.0001221001148223877,0.0,0.0,0.0,6.751784925551229e-23,0.0,0.0,-0.024576125666499138,0.1257113665342331,0.084243543446064,-0.929689347743988,0.1257113665342331,0.084243543446064,-0.929689347743988
4.9801,1788396534.6845,ramp,0,-0.034656,0.02371636496878033,-0.021126794509760547,-0.07202379352162071,-0.10819308459758759,-0.005122913047671318,0.9880475997924805,0.10968086868524551,-0.06509733200073242,-0.018314361572265625,-0.0769416919408274,-2.1977996826171875,0.0,0.08753156661987305,-0.10378456115722656,0.15927910773308465,7.589744567871094,0.0,0.3538651466369629,-0.6043949127197266,0.29182234975638827,-1.9633712768554688,0.0,0.2533907890319824,-0.14041519165039062,0.23767139625655298,-0.8498153686523438,0.0,-0.3461952209472656,0.09157562255859375,-0.12167705876981141,21.948715209960938,0.0,-0.09405088424682617,-0.018314361572265625,-0.1377708509454964,-3.9560470581054688,0.0,-0.2664299011230469,0.0061054229736328125,-0.24973622756661518,3.25274658203125,0.0,-0.011024951934814453,-0.07936477661132812,-0.13447341673476915,-11.926742553710938,0.0,-0.20104408264160156,0.7020759582519531,-0.09971833168547022,5.362640380859375,0.0,0.33277320861816406,-0.21367454528808594,0.3032281973444749,-1.611724853515625,0.0,-0.27544164657592773,0.22588539123535156,-0.10202273039336153,15.912094116210938,0.0,0.08868217468261719,0.09157562255859375,0.13247831816503366,4.0732574462890625,0.0,-0.15234136581420898,0.7875461578369141,-0.013883409033770371,0.9084243774414062,0.0,0.020620378915835236,-0.06861036493947124,0.0013894081553534816,-0.22703686964104947,0.0,0.021460656367302364,-0.05224516048034218,0.00020285337719388397,-0.5579092245477404,0.0,-0.05953693389892578,-0.03052520751953125,-0.00043269661947366745,1.1428604125976562,0.0,-0.06126260757446289,0.0061054229736328125,-0.000589749594291225,1.0842514038085938,0.0,-0.04074573516845703,0.16483497619628906,-0.003087703436991951,0.4395599365234375,0.0,-0.06548070907592773,0.0061054229736328125,-0.0018308636437671085,1.0842514038085938,0.0,-0.04132080078125,0.23809432983398438,-0.0041492841880632955,0.3223419189453125,0.0,-0.02117156982421875,0.0659332275390625,-0.001321560409706973,0.21099090576171875,0.0,0.00820159912109375,-0.0073261260986328125,0.0003046171139125722,-0.1953601837158203,0.0,0.003930568695068359,-0.34798622131347656,0.008357067296349704,1.0256423950195312,0.0,-0.015626907348632812,0.45787620544433594,-0.012156965470899405,-1.1428604125976562,0.0,0.02732372283935547,-0.05494499206542969,0.00048568368043573693,-0.380950927734375,0.0,-0.07583475112915039,0.2625160217285156,-0.004377707442551516,0.9084243774414062,0.0,0.01927042007446289,-0.018314361572265625,0.0005044884871599539,-0.26373291015625,0.0,0.01392364501953125,-0.0073261260986328125,0.0001921464018811908,-0.22661972045898438,0.0,-0.033379554748535156,0.124542236328125,-0.002389580265117189,0.2578773498535156,0.0,-0.0006232261657714844,0.015343666076660156,-0.00015892828389772647,0.0032967031002044678,0.0,0.0,0.0,6.7787209218954e-23,0.0,0.0,-0.02546497993171215,0.08103010803461075,0.03716791048645973,-0.8615575432777405,0.08103010803461075,0.03716791048645973,-0.8615575432777405
5.0011,1788396534.7070,settle,0,-0.034620,0.018703902564871498,-0.015310359142865021,-0.059496575037132196,-0.10812371224164963,-0.005032133776694536,0.9879725575447083,0.11042657494544983,-0.06490564346313477,-0.0061054229736328125,-0.0769292563199997,-2.139190673828125,0.0,0.08523082733154297,-0.128204345703125,0.1589980572462082,7.9413909912109375,0.0,0.3417854309082031,-0.5921859741210938,0.280795693397522,-1.8461532592773438,0.0,0.2508978843688965,-0.14041519165039062,0.23505181074142456,-0.8498153686523438,0.0,-0.34466123580932617,0.09157562255859375,-0.119921013712883,21.948715209960938,0.0,-0.09500932693481445,-0.03052520751953125,-0.13912931084632874,-4.0732574462890625,0.0,-0.26662158966064453,-0.0061054229736328125,-0.2505912482738495,3.4285736083984375,0.0,-0.012558937072753906,-0.06715583801269531,-0.13574208319187164,-11.926742553710938,0.0,-0.18666362762451172,0.7264957427978516,-0.08605531603097916,5.3040313720703125,0.0,0.3281712532043457,-0.21367454528808594,0.3007364869117737,-1.2014617919921875,0.0,-0.27045631408691406,0.25030517578125,-0.10027626156806946,15.384613037109375,0.0,0.09079122543334961,0.07936477661132812,0.13275828957557678,3.9560470581054688,0.0,-0.13565921783447266,0.7753353118896484,-4.889951358871998e-14,0.8498153686523438,0.0,0.018537263486076132,-0.05945323933303223,-2.4049813247654928e-14,-0.3869355549999581,0.0,0.019742688107790354,-0.051956278807193036,4.476386844748728e-14,-0.41805220422375605,0.0,-0.059920310974121094,-0.0061054229736328125,1.9182452888344415e-06,1.0842514038085938,0.0,-0.06087923049926758,0.018314361572265625,-2.2407120070511155e-07,1.0842514038085938,0.0,-0.03863668441772461,0.11599540710449219,3.405082509289059e-07,0.5567779541015625,0.0,-0.06509733200073242,0.03052520751953125,-2.0088266410311917e-06,1.0842514038085938,0.0,-0.037102699279785156,0.1892547607421875,-0.00041268885252065957,0.380950927734375,0.0,-0.02002716064453125,0.03663063049316406,-0.00017520938126835972,0.24224853515625,0.0,0.00820159912109375,-0.0073261260986328125,0.00022733259538654238,-0.1953601837158203,0.0,-0.004313945770263672,-0.3846149444580078,3.1236535846801416e-07,1.0842514038085938,0.0,-0.005847930908203125,0.45787620544433594,2.2407120070511155e-07,-1.0842514038085938,0.0,0.026173114776611328,-0.05494499206542969,-3.120010660495609e-06,-0.3223419189453125,0.0,-0.07027435302734375,0.25030517578125,-7.266917236847803e-07,0.8498153686523438,0.0,0.018695354461669922,-0.018314361572265625,-8.997350960271433e-05,-0.26373291015625,0.0,0.01354217529296875,0.0073261260986328125,-0.00017520938126835972,-0.19536209106445312,0.0,-0.02994537353515625,0.13919448852539062,0.00049328658496961,0.22661972045898438,0.0,-0.00043129920959472656,0.0030689239501953125,-1.8316918554544557e-22,0.0030525028705596924,0.0,0.0,0.0,6.805807845195446e-23,0.0,0.0,-0.02685881406068802,0.07503020018339157,0.0354992151260376,-0.8364220261573792,0.07503020018339157,0.0354992151260376,-0.8364220261573792
5.0204,1788396534.7251,settle,0,-0.034488,0.019371763029019922,-0.02650087049721551,-0.04993427460017491,-0.10804759711027145,-0.004901354666799307,0.9879050254821777,0.1111096441745758,-0.06490564346313477,-0.0061054229736328125,-0.0769292563199997,-1.9633712768554688,0.0,0.08312129974365234,-0.10378456115722656,0.1589980572462082,7.882781982421875,0.0,0.3308558464050293,-0.5555553436279297,0.280795693397522,-2.139190673828125,0.0,0.24802207946777344,-0.1770458221435547,0.23505181074142456,-0.4395599365234375,0.0,-0.3433189392089844,0.07936477661132812,-0.119921013712883,22.00732421875,0.0,-0.09539318084716797,-0.03052520751953125,-0.13912931084632874,-4.0732574462890625,0.0,-0.26738834381103516,-0.03052520751953125,-0.2505912482738495,3.369964599609375,0.0,-0.014476776123046875,-0.09157562255859375,-0.13574208319187164,-11.809524536132812,0.0,-0.17381668090820312,0.7142848968505859,-0.08605531603097916,5.421241760253906,0.0,0.32395267486572266,-0.20146560668945312,0.3007364869117737,-1.2014617919921875,0.0,-0.26604557037353516,0.27472496032714844,-0.10027626156806946,15.032974243164062,0.0,0.09251689910888672,0.10378456115722656,0.13275828957557678,3.6630020141601562,0.0,-0.12070369720458984,0.7997550964355469,-4.889951358871998e-14,0.8498153686523438,0.0,0.016956676548143753,-0.10050133459538638,-2.4049813247654928e-14,-0.15262388588092243,0.0,0.018116839976421252,-0.07789281325706104,4.476386844748728e-14,-0.34971651172237694,0.0,-0.059920310974121094,-0.0061054229736328125,1.9182452888344415e-06,1.0842514038085938,0.0,-0.060303688049316406,0.018314361572265625,-2.2407120070511155e-07,1.0256423950195312,0.0,-0.03633546829223633,0.14041519165039062,3.405082509289059e-07,0.4981689453125,0.0,-0.06394672393798828,0.05494499206542969,-2.0088266410311917e-06,1.0256423950195312,0.0,-0.03345918655395508,0.1892547607421875,-0.00041268885252065957,0.3223419189453125,0.0,-0.01888275146484375,0.05128288269042969,-0.00017520938126835972,0.22661972045898438,0.0,0.00820159912109375,-0.0073261260986328125,0.00022733259538654238,-0.1953601837158203,0.0,-0.011408805847167969,-0.372406005859375,3.1236535846801416e-07,1.0256423950195312,0.0,0.003930568695068359,0.47008514404296875,2.2407120070511155e-07,-1.0842514038085938,0.0,0.025406360626220703,-0.03052520751953125,-3.120010660495609e-06,-0.380950927734375,0.0,-0.06624794006347656,0.22588539123535156,-7.266917236847803e-07,0.9084243774414062,0.0,0.018120288848876953,-0.04273414611816406,-8.997350960271433e-05,-0.20513153076171875,0.0,0.01354217529296875,0.0073261260986328125,-0.00017520938126835972,-0.21099090576171875,0.0,-0.02727508544921875,0.124542236328125,0.00049328658496961,0.2578773498535156,0.0,-0.0002396106719970703,0.015343666076660156,-1.8316918554544557e-22,0.0010989010334014893,0.0,0.0,0.0,6.805807845195446e-23,0.0,0.0,-0.028001340106129646,0.10471445322036743,0.06275727599859238,-0.8518032431602478,0.10471445322036743,0.06275727599859238,-0.8518032431602478
5.0412,1788396534.7459,settle,0,-0.034367,0.011979478028772967,-0.03058309905473807,-0.04643331632067038,-0.10782701522111893,-0.004809604492038488,0.9878688454627991,0.11164835840463638,-0.06490564346313477,-0.0061054229736328125,-0.0769292563199997,-2.4322357177734375,0.0,0.08101224899291992,-0.10378456115722656,0.1589980572462082,8.058609008789062,0.0,0.3193511962890625,-0.4945049285888672,0.280795693397522,-1.377288818359375,0.0,0.24437904357910156,-0.20146560668945312,0.23505181074142456,-0.20513153076171875,0.0,-0.3419771194458008,0.05494499206542969,-0.119921013712883,21.948715209960938,0.0,-0.09596824645996094,-0.018314361572265625,-0.13912931084632874,-4.131866455078125,0.0,-0.268155574798584,-0.018314361572265625,-0.2505912482738495,3.4871826171875,0.0,-0.01581859588623047,-0.09157562255859375,-0.13574208319187164,-11.692306518554688,0.0,-0.15943574905395508,0.5921859741210938,-0.08605531603097916,4.4249114990234375,0.0,0.3197345733642578,-0.21367454528808594,0.3007364869117737,-0.7325973510742188,0.0,-0.2610607147216797,0.25030517578125,-0.10027626156806946,14.73992919921875,0.0,0.09405088424682617,0.09157562255859375,0.13275828957557678,3.5457839965820312,0.0,-0.10402154922485352,0.7020759582519531,-4.889951358871998e-14,0.615386962890625,0.0,0.015378419760299591,-0.045660824550803565,-2.4049813247654928e-14,-0.3880061357141095,0.0,0.016815089414868593,-0.03625090903408352,4.476386844748728e-14,-0.4193202771652132,0.0,-0.059920310974121094,-0.0061054229736328125,1.9182452888344415e-06,1.0842514038085938,0.0,-0.059920310974121094,0.018314361572265625,-2.2407120070511155e-07,1.2014617919921875,0.0,-0.03403472900390625,0.128204345703125,3.405082509289059e-07,0.5567779541015625,0.0,-0.062029361724853516,0.09157562255859375,-2.0088266410311917e-06,0.9084243774414062,0.0,-0.030391693115234375,0.1770458221435547,-0.00041268885252065957,0.3223419189453125,0.0,-0.01773834228515625,0.05128288269042969,-0.00017520938126835972,0.19536209106445312,0.0,0.00820159912109375,-0.0073261260986328125,0.00022733259538654238,-0.1953601837158203,0.0,-0.018503665924072266,-0.33577537536621094,3.1236535846801416e-07,1.1428604125976562,0.0,0.012942790985107422,0.4456653594970703,2.2407120070511155e-07,-1.26007080078125,0.0,0.024831295013427734,-0.018314361572265625,-3.120010660495609e-06,-0.380950927734375,0.0,-0.06279659271240234,0.14041519165039062,-7.266917236847803e-07,1.0256423950195312,0.0,0.01754474639892578,-0.018314361572265625,-8.997350960271433e-05,-0.20513153076171875,0.0,0.01316070556640625,0.0073261260986328125,-0.00017520938126835972,-0.21099090576171875,0.0,-0.02460479736328125,0.10988998413085938,0.00049328658496961,0.1797332763671875,0.0,-0.0001437664031982422,0.009205818176269531,-1.8316918554544557e-22,0.002075701951980591,0.0,0.0,0.0,6.805807845195446e-23,0.0,0.0,-0.02989422343671322,0.04889316111803055,0.010844636708498001,-0.7497530579566956,0.04889316111803055,0.010844636708498001,-0.7497530579566956
5.0602,1788396534.7652,settle,0,-0.034622,-0.004131234882769223,-0.056367706134992965,-0.022703188218600304,-0.10754402726888657,-0.004929227288812399,0.987856924533844,0.11201998591423035,-0.06490564346313477,-0.0061054229736328125,-0.0769292563199997,-2.373626708984375,0.0,0.07947826385498047,-0.07936477661132812,0.1589980572462082,8.117218017578125,0.0,0.3126401901245117,-0.33577537536621094,0.280795693397522,-1.4358978271484375,0.0,0.2407360076904297,-0.14041519165039062,0.23505181074142456,0.08791351318359375,0.0,-0.34120988845825195,0.04273414611816406,-0.119921013712883,22.065933227539062,0.0,-0.0961599349975586,0.0061054229736328125,-0.13912931084632874,-4.1904754638671875,0.0,-0.26873064041137695,-0.03052520751953125,-0.2505912482738495,3.4871826171875,0.0,-0.016777515411376953,-0.04273414611816406,-0.13574208319187164,-11.75091552734375,0.0,-0.15119075775146484,0.33577537536621094,-0.08605531603097916,5.010986328125,0.0,0.3157076835632324,-0.1770458221435547,0.3007364869117737,-0.5567779541015625,0.0,-0.25588369369506836,0.28693580627441406,-0.10027626156806946,13.919418334960938,0.0,0.09558486938476562,0.06715583801269531,0.13275828957557678,3.4871826171875,0.0,-0.0890655517578125,0.628814697265625,-4.889951358871998e-14,0.3223419189453125,0.0,0.01430282858522015,-0.054784466007927364,-2.4049813247654928e-14,-0.38834270794164083,0.0,0.015921675151654904,-0.04648988856670769,4.476386844748728e-14,-0.419742749248381,0.0,-0.059920310974121094,-0.0061054229736328125,1.9182452888344415e-06,1.1428604125976562,0.0,-0.059345245361328125,0.0061054229736328125,-2.2407120070511155e-07,1.0842514038085938,0.0,-0.03173351287841797,0.14041519165039062,3.405082509289059e-07,0.4981689453125,0.0,-0.06049537658691406,0.06715583801269531,-2.0088266410311917e-06,0.9084243774414062,0.0,-0.027898788452148438,0.128204345703125,-0.00041268885252065957,0.380950927734375,0.0,-0.01735687255859375,0.021978378295898438,-0.00017520938126835972,0.22661972045898438,0.0,0.00820159912109375,-0.0073261260986328125,0.00022733259538654238,-0.1953601837158203,0.0,-0.02502298355102539,-0.3113555908203125,3.1236535846801416e-07,1.1428604125976562,0.0,0.021187782287597656,0.4456653594970703,2.2407120070511155e-07,-1.377288818359375,0.0,0.024255752563476562,-0.018314361572265625,-3.120010660495609e-06,-0.380950927734375,0.0,-0.06068706512451172,0.10378456115722656,-7.266917236847803e-07,1.0842514038085938,0.0,0.017160892486572266,-0.018314361572265625,-8.997350960271433e-05,-0.26373291015625,0.0,0.01316070556640625,-0.0073261260986328125,-0.00017520938126835972,-0.19536209106445312,0.0,-0.02231597900390625,0.09523773193359375,0.00049328658496961,0.19536209106445312,0.0,-4.792213439941406e-05,0.0030689239501953125,-1.8316918554544557e-22,0.0030525028705596924,0.0,0.0,0.0,6.805807845195446e-23,0.0,0.0,-0.03229205310344696,0.0417422354221344,-0.004947129171341658,-0.6530158519744873,0.0417422354221344,-0.004947129171341658,-0.6530158519744873
5.0803,1788396534.7847,settle,0,-0.034794,-0.012702050848863007,-0.0866844870001285,0.05843247989526661,-0.10692847520112991,-0.005108703393489122,0.9879440069198608,0.11183351278305054,-0.06490564346313477,-0.0061054229736328125,-0.0769292563199997,-2.25640869140625,0.0,0.0775609016418457,-0.10378456115722656,0.1589980572462082,8.5274658203125,0.0,0.3078465461730957,-0.1892547607421875,0.280795693397522,-1.6703262329101562,0.0,0.23651742935180664,-0.018314361572265625,0.23505181074142456,-0.14652252197265625,0.0,-0.34044313430786133,0.04273414611816406,-0.119921013712883,21.948715209960938,0.0,-0.09635162353515625,0.0061054229736328125,-0.13912931084632874,-4.1904754638671875,0.0,-0.26911401748657227,-0.0061054229736328125,-0.2505912482738495,3.5457839965820312,0.0,-0.018120288848876953,-0.06715583801269531,-0.13574208319187164,-11.516487121582031,0.0,-0.1465892791748047,0.1892547607421875,-0.08605531603097916,5.0695953369140625,0.0,0.31244850158691406,-0.128204345703125,0.3007364869117737,-0.380950927734375,0.0,-0.2503228187561035,0.23809432983398438,-0.10027626156806946,13.684982299804688,0.0,0.09673547744750977,0.06715583801269531,0.13275828957557678,3.4285736083984375,0.0,-0.07545137405395508,0.6654453277587891,-4.889951358871998e-14,-0.3223419189453125,0.0,0.013729500300337193,-0.004549668532438846,-2.4049813247654928e-14,-0.7794284071104595,0.0,0.01543530213753415,-5.1082850881651274e-05,4.476386844748728e-14,-0.6291819832123603,0.0,-0.059920310974121094,0.0061054229736328125,1.9182452888344415e-06,1.0256423950195312,0.0,-0.0585780143737793,0.03052520751953125,-2.2407120070511155e-07,1.0256423950195312,0.0,-0.02943277359008789,0.128204345703125,3.405082509289059e-07,0.380950927734375,0.0,-0.05838632583618164,0.11599540710449219,-2.0088266410311917e-06,0.8498153686523438,0.0,-0.025981426239013672,0.07936477661132812,-0.00041268885252065957,0.4395599365234375,0.0,-0.01659393310546875,0.021978378295898438,-0.00017520938126835972,0.22661972045898438,0.0,0.00820159912109375,-0.0073261260986328125,0.00022733259538654238,-0.1797313690185547,0.0,-0.03192567825317383,-0.33577537536621094,3.1236535846801416e-07,1.4358978271484375,0.0,0.029241085052490234,0.33577537536621094,2.2407120070511155e-07,-1.3186798095703125,0.0,0.023680686950683594,-0.018314361572265625,-3.120010660495609e-06,-0.3223419189453125,0.0,-0.05896139144897461,0.07936477661132812,-7.266917236847803e-07,1.1428604125976562,0.0,0.01639413833618164,-0.018314361572265625,-8.997350960271433e-05,-0.20513153076171875,0.0,0.01316070556640625,-0.0073261260986328125,-0.00017520938126835972,-0.21099090576171875,0.0,-0.02040863037109375,0.10988998413085938,0.00049328658496961,0.16410446166992188,0.0,4.792213439941406e-05,0.009205818176269531,-1.8316918554544557e-22,0.0013431012630462646,0.0,0.0,0.0,6.805807845195446e-23,0.0,0.0,-0.03482935205101967,-0.01809076778590679,-0.08189570158720016,-0.6081894636154175,-0.01809076778590679,-0.08189570158720016,-0.6081894636154175
5.1001,1788396534.8045,settle,0,-0.034835,-0.006012562617017652,-0.08617807027409312,0.11559224342796276,-0.10611642897129059,-0.005315748509019613,0.9881247282028198,0.11099790781736374,-0.06548070907592773,-0.06715583801269531,-0.0769292563199997,-1.9047622680664062,0.0,0.0762181282043457,-0.07936477661132812,0.1589980572462082,8.586074829101562,0.0,0.3043951988220215,-0.16483497619628906,0.280795693397522,-1.611724853515625,0.0,0.2340250015258789,-0.10378456115722656,0.23505181074142456,0.3223419189453125,0.0,-0.340059757232666,0.018314361572265625,-0.119921013712883,22.00732421875,0.0,-0.09635162353515625,0.0061054229736328125,-0.13912931084632874,-4.1904754638671875,0.0,-0.2693057060241699,-0.018314361572265625,-0.2505912482738495,3.6043930053710938,0.0,-0.019462108612060547,-0.10378456115722656,-0.13574208319187164,-11.282051086425781,0.0,-0.14332962036132812,0.14041519165039062,-0.08605531603097916,5.128204345703125,0.0,0.31033897399902344,-0.09157562255859375,0.3007364869117737,-0.4395599365234375,0.0,-0.24591302871704102,0.1892547607421875,-0.10027626156806946,13.391937255859375,0.0,0.09769392013549805,0.05494499206542969,0.13275828957557678,3.369964599609375,0.0,-0.06356334686279297,0.5067157745361328,-4.889951358871998e-14,-0.08791351318359375,0.0,0.013586629559945785,2.011049815528167e-05,-2.4049813247654928e-14,-0.8573139315158681,0.0,0.015433673352425004,0.0050930207505796065,4.476386844748728e-14,-0.6992000368154286,0.0,-0.05953693389892578,0.018314361572265625,1.9182452888344415e-06,1.0256423950195312,0.0,-0.05781126022338867,0.05494499206542969,-2.2407120070511155e-07,0.9670333862304688,0.0,-0.027132034301757812,0.09157562255859375,3.405082509289059e-07,0.4395599365234375,0.0,-0.05551004409790039,0.1770458221435547,-2.0088266410311917e-06,0.6739959716796875,0.0,-0.024255752563476562,0.06715583801269531,-0.00041268885252065957,0.4395599365234375,0.0,-0.01583099365234375,0.03663063049316406,-0.00017520938126835972,0.19536209106445312,0.0,0.00820159912109375,-0.0073261260986328125,0.00022733259538654238,-0.1953601837158203,0.0,-0.03863668441772461,-0.3235645294189453,3.1236535846801416e-07,1.4945068359375,0.0,0.03633546829223633,0.3601951599121094,2.2407120070511155e-07,-1.5531158447265625,0.0,0.023488998413085938,-0.0061054229736328125,-3.120010660495609e-06,-0.3223419189453125,0.0,-0.05800294876098633,0.04273414611816406,-7.266917236847803e-07,1.1428604125976562,0.0,0.015626907348632812,-0.03052520751953125,-8.997350960271433e-05,-0.14652252197265625,0.0,0.01277923583984375,-0.0073261260986328125,-0.00017520938126835972,-0.19536209106445312,0.0,-0.01850128173828125,0.0659332275390625,0.00049328658496961,0.1797332763671875,0.0,4.792213439941406e-05,0.0030689239501953125,-1.8316918554544557e-22,0.0010989010334014893,0.0,0.0,0.0,6.805807845195446e-23,0.0,0.0,-0.03739062324166298,-0.01512108463793993,-0.08718743175268173,-0.3923269510269165,-0.01512108463793993,-0.08718743175268173,-0.3923269510269165
5.1209,1788396534.8254,settle,0,-0.034592,0.0012048813063649123,-0.11677800758094214,0.11978657234202623,-0.10501468926668167,-0.005456532817333937,0.988379180431366,0.1097673699259758,-0.06682300567626953,-0.07936477661132812,-0.0769292563199997,-1.611724853515625,0.0,0.07468461990356445,-0.07936477661132812,0.1589980572462082,8.76190185546875,0.0,0.3017106056213379,-0.09157562255859375,0.280795693397522,-1.611724853515625,0.0,0.2326827049255371,-0.04273414611816406,0.23505181074142456,0.20513153076171875,0.0,-0.33986759185791016,0.018314361572265625,-0.119921013712883,21.948715209960938,0.0,-0.09635162353515625,0.0061054229736328125,-0.13912931084632874,-4.1904754638671875,0.0,-0.26968908309936523,-0.018314361572265625,-0.2505912482738495,3.5457839965820312,0.0,-0.021379947662353516,-0.09157562255859375,-0.13574208319187164,-11.164833068847656,0.0,-0.14141225814819336,0.06715583801269531,-0.08605531603097916,5.1868133544921875,0.0,0.30938053131103516,-0.018314361572265625,0.3007364869117737,-0.5567779541015625,0.0,-0.24226999282836914,0.15262603759765625,-0.10027626156806946,13.216110229492188,0.0,0.09865283966064453,0.04273414611816406,0.13275828957557678,3.25274658203125,0.0,-0.052634239196777344,0.47008514404296875,-4.889951358871998e-14,-0.5567779541015625,0.0,0.013657788478465103,0.004588911309648808,-2.4049813247654928e-14,-0.7779049003800396,0.0,0.015354575374582093,0.010236573808184815,4.476386844748728e-14,-0.7697496537477372,0.0,-0.05876970291137695,0.04273414611816406,1.9182452888344415e-06,0.9670333862304688,0.0,-0.05666065216064453,0.04273414611816406,-2.2407120070511155e-07,1.0256423950195312,0.0,-0.02483081817626953,0.11599540710449219,3.405082509289059e-07,0.380950927734375,0.0,-0.050908565521240234,0.21367454528808594,-2.0088266410311917e-06,0.4395599365234375,0.0,-0.023105144500732422,0.05494499206542969,-0.00041268885252065957,0.4395599365234375,0.0,-0.01506805419921875,0.021978378295898438,-0.00017520938126835972,0.19536209106445312,0.0,0.00820159912109375,-0.0073261260986328125,0.00022733259538654238,-0.1797313690185547,0.0,-0.04458045959472656,-0.21367454528808594,3.1236535846801416e-07,1.377288818359375,0.0,0.04285478591918945,0.27472496032714844,2.2407120070511155e-07,-1.4945068359375,0.0,0.02329730987548828,-0.0061054229736328125,-3.120010660495609e-06,-0.380950927734375,0.0,-0.057427406311035156,0.03052520751953125,-7.266917236847803e-07,1.1428604125976562,0.0,0.014860153198242188,-0.04273414611816406,-8.997350960271433e-05,-0.14652252197265625,0.0,0.01239776611328125,-0.0073261260986328125,-0.00017520938126835972,-0.1797332763671875,0.0,-0.01735687255859375,0.0659332275390625,0.00049328658496961,0.19536209106445312,0.0,4.792213439941406e-05,0.0030689239501953125,-1.8316918554544557e-22,0.003540903329849243,0.0,0.0,0.0,6.805807845195446e-23,0.0,0.0,-0.0393972173333168,-0.013890429399907589,-0.12263140827417374,-0.3519933521747589,-0.013890429399907589,-0.12263140827417374,-0.3519933521747589
5.1402,1788396534.8447,settle,0,-0.034111,0.019040286858278327,-0.1480697758823449,0.11967799859333507,-0.10365292429924011,-0.0054997787810862064,0.988650918006897,0.10860566794872284,-0.06778192520141602,-0.04273414611816406,-0.0769292563199997,-1.5531158447265625,0.0,0.073150634765625,-0.07936477661132812,0.1589980572462082,8.76190185546875,0.0,0.2999849319458008,-0.06715583801269531,0.280795693397522,-1.377288818359375,0.0,0.23210716247558594,-0.018314361572265625,0.23505181074142456,0.02930450439453125,0.0,-0.3392925262451172,0.05494499206542969,-0.119921013712883,21.77289581298828,0.0,-0.09635162353515625,0.0061054229736328125,-0.13912931084632874,-4.24908447265625,0.0,-0.2698812484741211,0.0061054229736328125,-0.2505912482738495,3.6630020141601562,0.0,-0.02329730987548828,-0.11599540710449219,-0.13574208319187164,-10.75457763671875,0.0,-0.14064502716064453,0.04273414611816406,-0.08605531603097916,5.362640380859375,0.0,0.3091888427734375,0.0061054229736328125,0.3007364869117737,-0.6739959716796875,0.0,-0.23920202255249023,0.14041519165039062,-0.10027626156806946,13.040298461914062,0.0,0.09941959381103516,0.05494499206542969,0.13275828957557678,3.25274658203125,0.0,-0.04381370544433594,0.4822959899902344,-4.889951358871998e-14,-0.7325973510742188,0.0,0.013871741013202533,1.9912864085348743e-05,-2.4049813247654928e-14,-0.857354646539324,0.0,0.015277000455944658,0.005094063653330625,4.476386844748728e-14,-0.6990899922633209,0.0,-0.057044029235839844,0.07936477661132812,1.9182452888344415e-06,0.8498153686523438,0.0,-0.05570220947265625,0.05494499206542969,-2.2407120070511155e-07,0.9670333862304688,0.0,-0.022913455963134766,0.09157562255859375,3.405082509289059e-07,0.380950927734375,0.0,-0.047265052795410156,0.1892547607421875,-2.0088266410311917e-06,0.4981689453125,0.0,-0.02214670181274414,0.06715583801269531,-0.00041268885252065957,0.380950927734375,0.0,-0.01468658447265625,0.0073261260986328125,-0.00017520938126835972,0.21099090576171875,0.0,0.00820159912109375,-0.0073261260986328125,0.00022733259538654238,-0.1953601837158203,0.0,-0.04860734939575195,-0.16483497619628906,3.1236535846801416e-07,1.4358978271484375,0.0,0.04822397232055664,0.28693580627441406,2.2407120070511155e-07,-1.611724853515625,0.0,0.023105621337890625,-0.0061054229736328125,-3.120010660495609e-06,-0.3223419189453125,0.0,-0.056468963623046875,0.04273414611816406,-7.266917236847803e-07,1.0842514038085938,0.0,0.01409292221069336,-0.018314361572265625,-8.997350960271433e-05,-0.14652252197265625,0.0,0.01239776611328125,-0.0073261260986328125,-0.00017520938126835972,-0.1797332763671875,0.0,-0.01659393310546875,0.03663063049316406,0.00049328658496961,0.21099090576171875,0.0,4.792213439941406e-05,0.0030689239501953125,-1.8316918554544557e-22,0.0025641024112701416,0.0,0.0,0.0,6.805807845195446e-23,0.0,0.0,-0.04072628170251846,0.00899285264313221,-0.15043891966342926,-0.3650986850261688,0.00899285264313221,-0.15043891966342926,-0.3650986850261688
5.1610,1788396534.8658,settle,0,-0.033064,0.017052623054832777,-0.16397206002818288,0.21009135220563005,-0.10207317024469376,-0.005296988412737846,0.9889573454856873,0.10731421411037445,-0.06893205642700195,-0.10378456115722656,-0.0769292563199997,-1.0842514038085938,0.0,0.07104110717773438,-0.06715583801269531,0.1589980572462082,8.937728881835938,0.0,0.2997932434082031,0.128204345703125,0.280795693397522,-2.4322357177734375,0.0,0.23191499710083008,-0.03052520751953125,0.23505181074142456,0.20513153076171875,0.0,-0.3375668525695801,0.09157562255859375,-0.119921013712883,21.421241760253906,0.0,-0.09635162353515625,0.05494499206542969,-0.13912931084632874,-4.4249114990234375,0.0,-0.27007293701171875,0.05494499206542969,-0.2505912482738495,3.369964599609375,0.0,-0.025406360626220703,-0.10378456115722656,-0.13574208319187164,-10.578758239746094,0.0,-0.14006996154785156,0.0061054229736328125,-0.08605531603097916,5.479850769042969,0.0,0.30899715423583984,0.0061054229736328125,0.3007364869117737,-0.7912063598632812,0.0,-0.23632574081420898,0.10378456115722656,-0.10027626156806946,12.864471435546875,0.0,0.10018682479858398,0.04273414611816406,0.13275828957557678,3.135528564453125,0.0,-0.03537702560424805,0.3601951599121094,-4.889951358871998e-14,-0.4981689453125,0.0,0.014085084595099861,1.9608322010967383e-05,-2.4049813247654928e-14,-0.8574465048959575,0.0,0.0150394404451087,0.005094834487592348,4.476386844748728e-14,-0.6990351164583375,0.0,-0.054743289947509766,0.07936477661132812,1.9182452888344415e-06,0.8498153686523438,0.0,-0.05435991287231445,0.018314361572265625,-2.2407120070511155e-07,0.9670333862304688,0.0,-0.021571636199951172,0.06715583801269531,3.405082509289059e-07,0.380950927734375,0.0,-0.044388771057128906,0.128204345703125,-2.0088266410311917e-06,0.4981689453125,0.0,-0.020804405212402344,0.06715583801269531,-0.00041268885252065957,0.380950927734375,0.0,-0.01468658447265625,0.0073261260986328125,-0.00017520938126835972,0.22661972045898438,0.0,0.00820159912109375,-0.0073261260986328125,0.00022733259538654238,-0.1797313690185547,0.0,-0.05244255065917969,-0.15262603759765625,3.1236535846801416e-07,1.3186798095703125,0.0,0.05320930480957031,0.1770458221435547,2.2407120070511155e-07,-1.4945068359375,0.0,0.022913455963134766,-0.018314361572265625,-3.120010660495609e-06,-0.3223419189453125,0.0,-0.05551004409790039,0.04273414611816406,-7.266917236847803e-07,1.0842514038085938,0.0,0.01351785659790039,-0.04273414611816406,-8.997350960271433e-05,-0.14652252197265625,0.0,0.01239776611328125,0.0073261260986328125,-0.00017520938126835972,-0.1797332763671875,0.0,-0.01544952392578125,0.05128288269042969,0.00049328658496961,0.1797332763671875,0.0,0.0001437664031982422,0.0030689239501953125,-1.8316918554544557e-22,0.0018315017223358154,0.0,0.0,0.0,6.805807845195446e-23,0.0,0.0,-0.04121415317058563,0.008959858678281307,-0.16755440831184387,-0.15278252959251404,0.008959858678281307,-0.16755440831184387,-0.15278252959251404
5.1801,1788396534.8845,settle,0,-0.031730,0.04583325203161588,-0.17754044966321625,0.20116636702347476,-0.10042683035135269,-0.005063898861408234,0.9893811941146851,0.10494647175073624,-0.0704660415649414,-0.04273414611816406,-0.0769292563199997,-1.26007080078125,0.0,0.06989097595214844,-0.07936477661132812,0.1589980572462082,8.996337890625,0.0,0.3007521629333496,-0.16483497619628906,0.280795693397522,-0.9670333862304688,0.0,0.23191499710083008,0.0061054229736328125,0.23505181074142456,0.3223419189453125,0.0,-0.33641624450683594,0.07936477661132812,-0.119921013712883,21.362640380859375,0.0,-0.09520149230957031,0.018314361572265625,-0.13912931084632874,-4.3076934814453125,0.0,-0.26911401748657227,0.04273414611816406,-0.2505912482738495,3.25274658203125,0.0,-0.027898788452148438,-0.15262603759765625,-0.13574208319187164,-10.168495178222656,0.0,-0.13968658447265625,0.05494499206542969,-0.08605531603097916,5.0695953369140625,0.0,0.30899715423583984,0.04273414611816406,0.3007364869117737,-0.7325973510742188,0.0,-0.23459959030151367,0.07936477661132812,-0.10027626156806946,12.864471435546875,0.0,0.10095357894897461,0.06715583801269531,0.13275828957557678,2.9597091674804688,0.0,-0.030008316040039062,0.2991447448730469,-4.889951358871998e-14,-0.4395599365234375,0.0,0.014227502995162022,-0.004550065564690779,-2.4049813247654928e-14,-0.779620649681926,0.0,0.014880828885554339,-4.920969577314327e-05,4.476386844748728e-14,-0.6290677968905578,0.0,-0.05340099334716797,0.06715583801269531,1.9182452888344415e-06,0.9084243774414062,0.0,-0.053592681884765625,0.07936477661132812,-2.2407120070511155e-07,0.8498153686523438,0.0,-0.02042102813720703,0.05494499206542969,3.405082509289059e-07,0.380950927734375,0.0,-0.04189634323120117,0.07936477661132812,-2.0088266410311917e-06,0.615386962890625,0.0,-0.019653797149658203,0.09157562255859375,-0.00041268885252065957,0.26373291015625,0.0,-0.01430511474609375,0.0073261260986328125,-0.00017520938126835972,0.21099090576171875,0.0,0.00820159912109375,-0.0073261260986328125,0.00022733259538654238,-0.1953601837158203,0.0,-0.05435991287231445,-0.06715583801269531,3.1236535846801416e-07,1.3186798095703125,0.0,0.056468963623046875,0.16483497619628906,2.2407120070511155e-07,-1.5531158447265625,0.0,0.02272176742553711,0.0061054229736328125,-3.120010660495609e-06,-0.380950927734375,0.0,-0.05493497848510742,0.03052520751953125,-7.266917236847803e-07,1.0842514038085938,0.0,0.012558937072753906,-0.05494499206542969,-8.997350960271433e-05,-0.08791351318359375,0.0,0.01201629638671875,0.0073261260986328125,-0.00017520938126835972,-0.1797332763671875,0.0,-0.01430511474609375,0.03663063049316406,0.00049328658496961,0.14847564697265625,0.0,0.0001437664031982422,0.0030689239501953125,-1.8316918554544557e-22,0.002808302640914917,0.0,0.0,0.0,6.805807845195446e-23,0.0,0.0,-0.040859002619981766,0.043400391936302185,-0.1773461550474167,-0.10131536424160004,0.043400391936302185,-0.1773461550474167,-0.10131536424160004
5.2007,1788396534.9050,settle,0,-0.030072,0.08672669810340626,-0.19563198538315385,0.06608933434535343,-0.09857787191867828,-0.004569211974740028,0.9896978735923767,0.1037289947271347,-0.07065773010253906,-0.018314361572265625,-0.0769292563199997,-1.2014617919921875,0.0,0.0673980712890625,-0.128204345703125,0.1589980572462082,9.5238037109375,0.0,0.29710865020751953,-0.07936477661132812,0.280795693397522,-1.1428604125976562,0.0,0.23191499710083008,0.0061054229736328125,0.23505181074142456,0.08791351318359375,0.0,-0.33200645446777344,0.21367454528808594,-0.119921013712883,20.190475463867188,0.0,-0.09500932693481445,0.018314361572265625,-0.13912931084632874,-4.3076934814453125,0.0,-0.26873064041137695,0.03052520751953125,-0.2505912482738495,3.1941375732421875,0.0,-0.030775070190429688,-0.14041519165039062,-0.13574208319187164,-9.816848754882812,0.0,-0.13872718811035156,0.0061054229736328125,-0.08605531603097916,5.421241760253906,0.0,0.3091888427734375,0.0061054229736328125,0.3007364869117737,-0.7912063598632812,0.0,-0.2313399314880371,0.16483497619628906,-0.10027626156806946,12.102569580078125,0.0,0.10133695602416992,0.018314361572265625,0.13275828957557678,3.1941375732421875,0.0,-0.02214670181274414,0.3601951599121094,-4.889951358871998e-14,-1.1428604125976562,0.0,0.01472542655100923,-0.004550462948893758,-2.4049813247654928e-14,-0.9385522576324655,0.0,0.014326118636899933,-4.7338501564859876e-05,4.476386844748728e-14,-0.4879666501834165,0.0,-0.05225086212158203,0.05494499206542969,1.9182452888344415e-06,0.8498153686523438,0.0,-0.05244255065917969,0.04273414611816406,-2.2407120070511155e-07,0.8498153686523438,0.0,-0.019462108612060547,0.05494499206542969,3.405082509289059e-07,0.380950927734375,0.0,-0.04036235809326172,0.06715583801269531,-2.0088266410311917e-06,0.5567779541015625,0.0,-0.018120288848876953,0.09157562255859375,-0.00041268885252065957,0.20513153076171875,0.0,-0.01392364501953125,0.0073261260986328125,-0.00017520938126835972,0.21099090576171875,0.0,0.00820159912109375,-0.0073261260986328125,0.00022733259538654238,-0.1953601837158203,0.0,-0.05627727508544922,-0.09157562255859375,3.1236535846801416e-07,1.377288818359375,0.0,0.059920310974121094,0.14041519165039062,2.2407120070511155e-07,-1.4945068359375,0.0,0.022530078887939453,0.0061054229736328125,-3.120010660495609e-06,-0.3223419189453125,0.0,-0.05435991287231445,0.04273414611816406,-7.266917236847803e-07,1.0842514038085938,0.0,0.011600494384765625,-0.04273414611816406,-8.997350960271433e-05,-0.02930450439453125,0.0,0.01201629638671875,0.0073261260986328125,-0.00017520938126835972,-0.19536209106445312,0.0,-0.01354217529296875,0.021978378295898438,0.00049328658496961,0.16410446166992188,0.0,0.0001437664031982422,0.0030689239501953125,-1.8316918554544557e-22,0.0006105005741119385,0.0,0.0,0.0,6.805807845195446e-23,0.0,0.0,-0.04022030904889107,0.08342291414737701,-0.19390316307544708,-0.29819974303245544,0.08342291414737701,-0.19390316307544708,-0.29819974303245544
5.2202,1788396534.9245,settle,0,-0.028371,0.08125025686155138,-0.17403684486737844,0.02438400072871178,-0.09666773676872253,-0.003965153358876705,0.9899203181266785,0.10342895239591599,-0.07084941864013672,-0.018314361572265625,-0.0769292563199997,-1.2014617919921875,0.0,0.06528902053833008,-0.10378456115722656,0.1589980572462082,9.699630737304688,0.0,0.2963414192199707,-0.05494499206542969,0.280795693397522,-1.1428604125976562,0.0,0.23191499710083008,-0.0061054229736328125,0.23505181074142456,0.20513153076171875,0.0,-0.32759618759155273,0.21367454528808594,-0.119921013712883,19.838829040527344,0.0,-0.0948176383972168,0.0061054229736328125,-0.13912931084632874,-4.3076934814453125,0.0,-0.26834726333618164,0.0061054229736328125,-0.2505912482738495,3.4285736083984375,0.0,-0.033075809478759766,-0.11599540710449219,-0.13574208319187164,-9.875457763671875,0.0,-0.13834381103515625,0.06715583801269531,-0.08605531603097916,5.0695953369140625,0.0,0.3091888427734375,0.0061054229736328125,0.3007364869117737,-0.7325973510742188,0.0,-0.2278885841369629,0.16483497619628906,-0.10027626156806946,11.809524536132812,0.0,0.1019124984741211,0.018314361572265625,0.13275828957557678,3.135528564453125,0.0,-0.015051841735839844,0.34798622131347656,-4.889951358871998e-14,-1.2014617919921875,0.0,0.014864324945296553,0.0089459726009385,-2.4049813247654928e-14,-1.0195763169534575,0.0,0.013206846351795587,-0.045787798022574946,4.476386844748728e-14,-0.27733855419770836,0.0,-0.050141334533691406,0.10378456115722656,1.9182452888344415e-06,0.6739959716796875,0.0,-0.05167531967163086,0.03052520751953125,-2.2407120070511155e-07,0.9084243774414062,0.0,-0.018695354461669922,0.04273414611816406,3.405082509289059e-07,0.380950927734375,0.0,-0.03921175003051758,0.06715583801269531,-2.0088266410311917e-06,0.5567779541015625,0.0,-0.016969680786132812,0.06715583801269531,-0.00041268885252065957,0.26373291015625,0.0,-0.01392364501953125,0.0073261260986328125,-0.00017520938126835972,0.21099090576171875,0.0,0.00820159912109375,-0.0073261260986328125,0.00022733259538654238,-0.1953601837158203,0.0,-0.05781126022338867,-0.06715583801269531,3.1236535846801416e-07,1.3186798095703125,0.0,0.06222105026245117,0.07936477661132812,2.2407120070511155e-07,-1.4358978271484375,0.0,0.022338390350341797,0.0061054229736328125,-3.120010660495609e-06,-0.380950927734375,0.0,-0.05378437042236328,0.03052520751953125,-7.266917236847803e-07,1.0842514038085938,0.0,0.010833263397216797,-0.04273414611816406,-8.997350960271433e-05,-0.08791351318359375,0.0,0.01201629638671875,0.0073261260986328125,-0.00017520938126835972,-0.19536209106445312,0.0,-0.01316070556640625,0.0073261260986328125,0.00049328658496961,0.19536209106445312,0.0,0.0001437664031982422,0.0030689239501953125,-1.8316918554544557e-22,0.0008547008037567139,0.0,0.0,0.0,6.805807845195446e-23,0.0,0.0,-0.03876914083957672,0.12457909435033798,-0.18518571555614471,-0.3277934491634369,0.12457909435033798,-0.18518571555614471,-0.3277934491634369
5.2409,1788396534.9451,settle,0,-0.027045,0.056587554244168205,-0.1854285663644628,0.019972617944023035,-0.09482020884752274,-0.0035215720999985933,0.9901136755943298,0.10330342501401901,-0.07123327255249023,-0.0061054229736328125,-0.0769292563199997,-1.0256423950195312,0.0,0.06375503540039062,-0.06715583801269531,0.1589980572462082,9.699630737304688,0.0,0.2955746650695801,-0.018314361572265625,0.280795693397522,-1.26007080078125,0.0,0.23191499710083008,-0.0061054229736328125,0.23505181074142456,0.26373291015625,0.0,-0.3241443634033203,0.14041519165039062,-0.119921013712883,19.78022003173828,0.0,-0.0948176383972168,0.0061054229736328125,-0.13912931084632874,-4.24908447265625,0.0,-0.268155574798584,0.0061054229736328125,-0.2505912482738495,3.0183181762695312,0.0,-0.034801483154296875,-0.07936477661132812,-0.13574208319187164,-9.816848754882812,0.0,-0.13738489151000977,0.03052520751953125,-0.08605531603097916,5.24542236328125,0.0,0.3091888427734375,0.0061054229736328125,0.3007364869117737,-0.6739959716796875,0.0,-0.22424554824829102,0.1892547607421875,-0.10027626156806946,11.457870483398438,0.0,0.10210418701171875,0.0061054229736328125,0.13275828957557678,3.0769195556640625,0.0,-0.008724212646484375,0.28693580627441406,-4.889951358871998e-14,-1.1428604125976562,0.0,0.015004592604896418,0.009019598593200616,-2.4049813247654928e-14,-0.9404568761274228,0.0,0.012407535718978104,-0.025405895319030355,4.476386844748728e-14,-0.3479534488114049,0.0,-0.04803180694580078,0.07936477661132812,1.9182452888344415e-06,0.7325973510742188,0.0,-0.05129194259643555,-0.0061054229736328125,-2.2407120070511155e-07,0.9084243774414062,0.0,-0.01831197738647461,0.03052520751953125,3.405082509289059e-07,0.4395599365234375,0.0,-0.03729438781738281,0.07936477661132812,-2.0088266410311917e-06,0.5567779541015625,0.0,-0.016010761260986328,0.03052520751953125,-0.00041268885252065957,0.3223419189453125,0.0,-0.01316070556640625,0.0073261260986328125,-0.00017520938126835972,0.1797332763671875,0.0,0.00820159912109375,-0.0073261260986328125,0.00022733259538654238,-0.1797313690185547,0.0,-0.059345245361328125,-0.05494499206542969,3.1236535846801416e-07,1.4358978271484375,0.0,0.06317996978759766,0.0061054229736328125,2.2407120070511155e-07,-1.3186798095703125,0.0,0.022338390350341797,0.0061054229736328125,-3.120010660495609e-06,-0.3223419189453125,0.0,-0.05340099334716797,0.018314361572265625,-7.266917236847803e-07,1.0842514038085938,0.0,0.010066509246826172,-0.03052520751953125,-8.997350960271433e-05,-0.08791351318359375,0.0,0.01201629638671875,0.0073261260986328125,-0.00017520938126835972,-0.19536209106445312,0.0,-0.01277923583984375,0.0073261260986328125,0.00049328658496961,0.19536209106445312,0.0,0.0001437664031982422,0.0030689239501953125,-1.8316918554544557e-22,0.0003663003444671631,0.0,0.0,0.0,6.805807845195446e-23,0.0,0.0,-0.0378178209066391,0.08054779469966888,-0.19539183378219604,-0.270497590303421,0.08054779469966888,-0.19539183378219604,-0.270497590303421
5.2602,1788396534.9654,settle,0,-0.025987,0.05711138554701918,-0.19340273645843256,0.00959711710702086,-0.09292624145746231,-0.0032128705643117428,0.9903049468994141,0.10320091247558594,-0.07142496109008789,-0.0061054229736328125,-0.0769292563199997,-1.26007080078125,0.0,0.06260490417480469,-0.06715583801269531,0.1589980572462082,9.875457763671875,0.0,0.2949991226196289,0.0061054229736328125,0.280795693397522,-1.26007080078125,0.0,0.23191499710083008,-0.0061054229736328125,0.23505181074142456,0.20513153076171875,0.0,-0.3214602470397949,0.14041519165039062,-0.119921013712883,19.604393005371094,0.0,-0.0948176383972168,0.0061054229736328125,-0.13912931084632874,-4.366302490234375,0.0,-0.268155574798584,0.0061054229736328125,-0.2505912482738495,3.25274658203125,0.0,-0.03576040267944336,-0.06715583801269531,-0.13574208319187164,-9.816848754882812,0.0,-0.1371932029724121,0.0061054229736328125,-0.08605531603097916,5.3040313720703125,0.0,0.3091888427734375,0.0061054229736328125,0.3007364869117737,-0.6739959716796875,0.0,-0.22060251235961914,0.16483497619628906,-0.10027626156806946,11.047622680664062,0.0,0.10210418701171875,-0.0061054229736328125,0.13275828957557678,3.135528564453125,0.0,-0.003930568695068359,0.22588539123535156,-4.889951358871998e-14,-1.0256423950195312,0.0,0.01514597171762892,0.009085220834477869,-2.4049813247654928e-14,-1.0185819134398564,0.0,0.011928591840535864,-0.005018966122364872,4.476386844748728e-14,-0.4179792479235242,0.0,-0.04649782180786133,0.06715583801269531,1.9182452888344415e-06,0.7912063598632812,0.0,-0.05129194259643555,-0.0061054229736328125,-2.2407120070511155e-07,0.8498153686523438,0.0,-0.018120288848876953,0.018314361572265625,3.405082509289059e-07,0.380950927734375,0.0,-0.03614377975463867,0.05494499206542969,-2.0088266410311917e-06,0.4981689453125,0.0,-0.015627384185791016,0.018314361572265625,-0.00041268885252065957,0.380950927734375,0.0,-0.01316070556640625,0.0073261260986328125,-0.00017520938126835972,0.1797332763671875,0.0,0.00820159912109375,-0.0073261260986328125,0.00022733259538654238,-0.1797313690185547,0.0,-0.06011199951171875,-0.018314361572265625,3.1236535846801416e-07,1.26007080078125,0.0,0.06317996978759766,-0.0061054229736328125,2.2407120070511155e-07,-1.26007080078125,0.0,0.022338390350341797,-0.0061054229736328125,-3.120010660495609e-06,-0.3223419189453125,0.0,-0.05320930480957031,0.018314361572265625,-7.266917236847803e-07,1.0842514038085938,0.0,0.00968313217163086,-0.018314361572265625,-8.997350960271433e-05,-0.02930450439453125,0.0,0.01201629638671875,0.0073261260986328125,-0.00017520938126835972,-0.19536209106445312,0.0,-0.01277923583984375,0.0073261260986328125,0.00049328658496961,0.19536209106445312,0.0,0.0001437664031982422,0.0030689239501953125,-1.8316918554544557e-22,0.0006105005741119385,0.0,0.0,0.0,6.805807845195446e-23,0.0,0.0,-0.03714161738753319,0.06143685802817345,-0.20283173024654388,-0.21953774988651276,0.06143685802817345,-0.20283173024654388,-0.21953774988651276
5.2811,1788396534.9856,settle,0,-0.025043,0.057825037817754756,-0.18910610886899643,-0.000505269668224072,-0.09099169075489044,-0.0029535337816923857,0.9904845952987671,0.10320864617824554,-0.07142496109008789,-0.0061054229736328125,-0.0769292563199997,-1.0256423950195312,0.0,0.06145429611206055,-0.05494499206542969,0.1589980572462082,9.875457763671875,0.0,0.2949991226196289,-0.0061054229736328125,0.280795693397522,-1.26007080078125,0.0,0.23191499710083008,0.0061054229736328125,0.23505181074142456,0.08791351318359375,0.0,-0.31820058822631836,0.1892547607421875,-0.119921013712883,19.01831817626953,0.0,-0.09462594985961914,0.018314361572265625,-0.13912931084632874,-4.4249114990234375,0.0,-0.268155574798584,0.0061054229736328125,-0.2505912482738495,3.135528564453125,0.0,-0.0369110107421875,-0.05494499206542969,-0.13574208319187164,-9.699630737304688,0.0,-0.13700151443481445,0.018314361572265625,-0.08605531603097916,5.010986328125,0.0,0.3091888427734375,0.0061054229736328125,0.3007364869117737,-0.6739959716796875,0.0,-0.2163839340209961,0.1892547607421875,-0.10027626156806946,10.75457763671875,0.0,0.10210418701171875,-0.0061054229736328125,0.13275828957557678,3.1941375732421875,0.0,0.0004792213439941406,0.20146560668945312,-4.889951358871998e-14,-1.1428604125976562,0.0,0.015430945310812271,0.013621904489280847,-2.4049813247654928e-14,-1.0978388774936554,0.0,0.011610649240211202,-0.010083384907062351,4.476386844748728e-14,-0.3475806628139086,0.0,-0.044963836669921875,0.04273414611816406,1.9182452888344415e-06,0.7325973510742188,0.0,-0.05110025405883789,-0.0061054229736328125,-2.2407120070511155e-07,0.9084243774414062,0.0,-0.017928123474121094,0.0061054229736328125,3.405082509289059e-07,0.380950927734375,0.0,-0.034801483154296875,0.05494499206542969,-2.0088266410311917e-06,0.4395599365234375,0.0,-0.015244007110595703,0.018314361572265625,-0.00041268885252065957,0.3223419189453125,0.0,-0.01277923583984375,0.0073261260986328125,-0.00017520938126835972,0.1797332763671875,0.0,0.00820159912109375,-0.0073261260986328125,0.00022733259538654238,-0.1953601837158203,0.0,-0.06049537658691406,0.0061054229736328125,3.1236535846801416e-07,1.26007080078125,0.0,0.06317996978759766,-0.018314361572265625,2.2407120070511155e-07,-1.26007080078125,0.0,0.02214670181274414,-0.0061054229736328125,-3.120010660495609e-06,-0.3223419189453125,0.0,-0.052634239196777344,0.03052520751953125,-7.266917236847803e-07,1.0842514038085938,0.0,0.009299278259277344,-0.0061054229736328125,-8.997350960271433e-05,-0.08791351318359375,0.0,0.01201629638671875,0.0073261260986328125,-0.00017520938126835972,-0.19536209106445312,0.0,-0.01239776611328125,0.0073261260986328125,0.00049328658496961,0.21099090576171875,0.0,0.0001437664031982422,0.0030689239501953125,-1.8316918554544557e-22,0.0013431012630462646,0.0,0.0,0.0,6.805807845195446e-23,0.0,0.0,-0.03663494810461998,0.06795579940080643,-0.20267686247825623,-0.20521396398544312,0.06795579940080643,-0.20267686247825623,-0.20521396398544312
5.3002,1788396535.0047,settle,0,-0.024069,0.06238368300775188,-0.19282220063030894,-0.0037317027226828167,-0.08903294801712036,-0.002669719746336341,0.9906492233276367,0.10334483534097672,-0.07142496109008789,-0.0061054229736328125,-0.0769292563199997,-1.1428604125976562,0.0,0.06087923049926758,-0.03052520751953125,0.1589980572462082,9.816848754882812,0.0,0.29480743408203125,0.0061054229736328125,0.280795693397522,-1.3186798095703125,0.0,0.23210716247558594,0.0061054229736328125,0.23505181074142456,0.20513153076171875,0.0,-0.3153243064880371,0.1892547607421875,-0.119921013712883,18.666664123535156,0.0,-0.09462594985961914,0.0061054229736328125,-0.13912931084632874,-4.3076934814453125,0.0,-0.268155574798584,0.0061054229736328125,-0.2505912482738495,3.135528564453125,0.0,-0.037677764892578125,-0.04273414611816406,-0.13574208319187164,-9.523811340332031,0.0,-0.13661813735961914,0.03052520751953125,-0.08605531603097916,4.9523773193359375,0.0,0.3091888427734375,0.0061054229736328125,0.3007364869117737,-0.6739959716796875,0.0,-0.21312475204467773,0.16483497619628906,-0.10027626156806946,10.285720825195312,0.0,0.10210418701171875,-0.018314361572265625,0.13275828957557678,3.25274658203125,0.0,0.003547191619873047,0.128204345703125,-4.889951358871998e-14,-0.8498153686523438,0.0,0.01564456908429925,0.013623035064672686,-2.4049813247654928e-14,-0.9406156554574796,0.0,0.011372254002227496,-0.010087334465421899,4.476386844748728e-14,-0.3480429245158919,0.0,-0.044388771057128906,0.018314361572265625,1.9182452888344415e-06,0.6739959716796875,0.0,-0.05110025405883789,-0.0061054229736328125,-2.2407120070511155e-07,0.9084243774414062,0.0,-0.017736434936523438,0.018314361572265625,3.405082509289059e-07,0.380950927734375,0.0,-0.03365135192871094,0.05494499206542969,-2.0088266410311917e-06,0.4395599365234375,0.0,-0.015052318572998047,0.0061054229736328125,-0.00041268885252065957,0.380950927734375,0.0,-0.01239776611328125,0.0073261260986328125,-0.00017520938126835972,0.1797332763671875,0.0,0.00820159912109375,-0.0073261260986328125,0.00022733259538654238,-0.1953601837158203,0.0,-0.06049537658691406,0.0061054229736328125,3.1236535846801416e-07,1.3186798095703125,0.0,0.06317996978759766,-0.018314361572265625,2.2407120070511155e-07,-1.3186798095703125,0.0,0.02214670181274414,0.0061054229736328125,-3.120010660495609e-06,-0.380950927734375,0.0,-0.051867008209228516,0.06715583801269531,-7.266917236847803e-07,1.0256423950195312,0.0,0.009107589721679688,-0.0061054229736328125,-8.997350960271433e-05,-0.08791351318359375,0.0,0.01201629638671875,0.0073261260986328125,-0.00017520938126835972,-0.19536209106445312,0.0,-0.01239776611328125,0.0073261260986328125,0.00049328658496961,0.19536209106445312,0.0,0.0001437664031982422,0.0030689239501953125,-1.8316918554544557e-22,0.0010989010334014893,0.0,0.0,0.0,6.805807845195446e-23,0.0,0.0,-0.03592284768819809,0.07310111820697784,-0.20613232254981995,-0.13526159524917603,0.07310111820697784,-0.20613232254981995,-0.13526159524917603
5.3201,1788396535.0248,settle,0,-0.023048,0.06124566017850138,-0.18853411180111784,-0.0037170472743833,-0.08706001192331314,-0.002366965403780341,0.990814745426178,0.10344573110342026,-0.07142496109008789,-0.0061054229736328125,-0.0769292563199997,-1.0256423950195312,0.0,0.060303688049316406,-0.03052520751953125,0.1589980572462082,9.75823974609375,0.0,0.29480743408203125,0.0061054229736328125,0.280795693397522,-1.26007080078125,0.0,0.23249053955078125,-0.0061054229736328125,0.23505181074142456,0.20513153076171875,0.0,-0.3114895820617676,0.1892547607421875,-0.119921013712883,18.315017700195312,0.0,-0.09462594985961914,0.0061054229736328125,-0.13912931084632874,-4.366302490234375,0.0,-0.268155574798584,0.0061054229736328125,-0.2505912482738495,3.369964599609375,0.0,-0.038252830505371094,-0.03052520751953125,-0.13574208319187164,-9.75823974609375,0.0,-0.13623476028442383,0.03052520751953125,-0.08605531603097916,5.128204345703125,0.0,0.30938053131103516,0.0061054229736328125,0.3007364869117737,-0.615386962890625,0.0,-0.20948123931884766,0.1770458221435547,-0.10027626156806946,9.816848754882812,0.0,0.10172033309936523,-0.018314361572265625,0.13275828957557678,3.3113555908203125,0.0,0.005847930908203125,0.09157562255859375,-4.889951358871998e-14,-0.7912063598632812,0.0,0.015929613090858906,0.018189662050606882,-2.4049813247654928e-14,-1.1770687384051612,0.0,0.01105408050982162,-0.004955559927579057,4.476386844748728e-14,-0.27724330793500407,0.0,-0.04381370544433594,0.0061054229736328125,1.9182452888344415e-06,0.7325973510742188,0.0,-0.05110025405883789,-0.0061054229736328125,-2.2407120070511155e-07,0.9084243774414062,0.0,-0.017736434936523438,0.018314361572265625,3.405082509289059e-07,0.380950927734375,0.0,-0.03230905532836914,0.04273414611816406,-2.0088266410311917e-06,0.4395599365234375,0.0,-0.01486063003540039,0.0061054229736328125,-0.00041268885252065957,0.3223419189453125,0.0,-0.01239776611328125,-0.0073261260986328125,-0.00017520938126835972,0.19536209106445312,0.0,0.00820159912109375,-0.0073261260986328125,0.00022733259538654238,-0.1953601837158203,0.0,-0.06049537658691406,0.018314361572265625,3.1236535846801416e-07,1.2014617919921875,0.0,0.06317996978759766,-0.0061054229736328125,2.2407120070511155e-07,-1.26007080078125,0.0,0.021955013275146484,0.0061054229736328125,-3.120010660495609e-06,-0.380950927734375,0.0,-0.05071687698364258,0.06715583801269531,-7.266917236847803e-07,0.9084243774414062,0.0,0.008915901184082031,-0.0061054229736328125,-8.997350960271433e-05,-0.08791351318359375,0.0,0.01201629638671875,0.0073261260986328125,-0.00017520938126835972,-0.19536209106445312,0.0,-0.01201629638671875,0.0073261260986328125,0.00049328658496961,0.1797332763671875,0.0,0.0001437664031982422,0.0030689239501953125,-1.8316918554544557e-22,0.0003663003444671631,0.0,0.0,0.0,6.805807845195446e-23,0.0,0.0,-0.03493626415729523,0.06730788201093674,-0.20628108084201813,-0.09843025356531143,0.06730788201093674,-0.20628108084201813,-0.09843025356531143
5.3401,1788396535.0446,settle,0,-0.022093,0.05517642424513008,-0.18382248049006328,0.009880120625031111,-0.0851467028260231,-0.0020963922142982483,0.9909783601760864,0.10347733646631241,-0.07142496109008789,-0.018314361572265625,-0.0769292563199997,-1.2014617919921875,0.0,0.059920310974121094,-0.018314361572265625,0.1589980572462082,9.75823974609375,0.0,0.2946157455444336,-0.0061054229736328125,0.280795693397522,-1.26007080078125,0.0,0.23249053955078125,-0.0061054229736328125,0.23505181074142456,0.3223419189453125,0.0,-0.3078465461730957,0.20146560668945312,-0.119921013712883,17.904762268066406,0.0,-0.09462594985961914,0.0061054229736328125,-0.13912931084632874,-4.3076934814453125,0.0,-0.268155574798584,0.0061054229736328125,-0.2505912482738495,3.3113555908203125,0.0,-0.03863668441772461,-0.0061054229736328125,-0.13574208319187164,-9.641029357910156,0.0,-0.1358509063720703,0.018314361572265625,-0.08605531603097916,5.1868133544921875,0.0,0.30938053131103516,0.0061054229736328125,0.3007364869117737,-0.7912063598632812,0.0,-0.20602989196777344,0.16483497619628906,-0.10027626156806946,9.582412719726562,0.0,0.10114526748657227,-0.04273414611816406,0.13275828957557678,3.4871826171875,0.0,0.006806850433349609,0.03052520751953125,-4.889951358871998e-14,-0.5567779541015625,0.0,0.016285753200906705,0.022728349700501665,-2.4049813247654928e-14,-1.1770753205576354,0.0,0.010656425338303641,-0.0100289391655572,4.476386844748728e-14,-0.27729154923125104,0.0,-0.04362201690673828,-0.0061054229736328125,1.9182452888344415e-06,0.7912063598632812,0.0,-0.05110025405883789,-0.0061054229736328125,-2.2407120070511155e-07,0.9084243774414062,0.0,-0.01754474639892578,0.0061054229736328125,3.405082509289059e-07,0.380950927734375,0.0,-0.03173398971557617,0.018314361572265625,-2.0088266410311917e-06,0.4981689453125,0.0,-0.01486063003540039,0.0061054229736328125,-0.00041268885252065957,0.3223419189453125,0.0,-0.01239776611328125,-0.0073261260986328125,-0.00017520938126835972,0.19536209106445312,0.0,0.00820159912109375,-0.0073261260986328125,0.00022733259538654238,-0.1953601837158203,0.0,-0.06049537658691406,0.018314361572265625,3.1236535846801416e-07,1.3186798095703125,0.0,0.06317996978759766,-0.0061054229736328125,2.2407120070511155e-07,-1.3186798095703125,0.0,0.021955013275146484,0.0061054229736328125,-3.120010660495609e-06,-0.3223419189453125,0.0,-0.049757957458496094,0.06715583801269531,-7.266917236847803e-07,0.9084243774414062,0.0,0.008915901184082031,-0.0061054229736328125,-8.997350960271433e-05,-0.02930450439453125,0.0,0.01201629638671875,0.0073261260986328125,-0.00017520938126835972,-0.19536209106445312,0.0,-0.01163482666015625,0.0073261260986328125,0.00049328658496961,0.16410446166992188,0.0,0.0001437664031982422,0.0030689239501953125,-1.8316918554544557e-22,0.0006105005741119385,0.0,0.0,0.0,6.805807845195446e-23,0.0,0.0,-0.03371066600084305,0.0667307898402214,-0.20619623363018036,-0.02366742305457592,0.0667307898402214,-0.20619623363018036,-0.02366742305457592
5.3610,1788396535.0658,settle,0,-0.021187,0.056708232892251624,-0.18008281975310358,0.004025412200290053,-0.08326870948076248,-0.0018475755350664258,0.9911379218101501,0.10348202288150787,-0.07142496109008789,-0.0061054229736328125,-0.0769292563199997,-1.0256423950195312,0.0,0.05972862243652344,-0.0061054229736328125,0.1589980572462082,9.75823974609375,0.0,0.2946157455444336,-0.0061054229736328125,0.280795693397522,-1.26007080078125,0.0,0.23249053955078125,-0.0061054229736328125,0.23505181074142456,0.02930450439453125,0.0,-0.30420351028442383,0.1770458221435547,-0.119921013712883,17.670326232910156,0.0,-0.09462594985961914,0.0061054229736328125,-0.13912931084632874,-4.366302490234375,0.0,-0.268155574798584,-0.0061054229736328125,-0.2505912482738495,3.369964599609375,0.0,-0.038828372955322266,-0.0061054229736328125,-0.13574208319187164,-9.816848754882812,0.0,-0.13565921783447266,0.018314361572265625,-0.08605531603097916,5.010986328125,0.0,0.30938053131103516,0.018314361572265625,0.3007364869117737,-0.7325973510742188,0.0,-0.20257806777954102,0.1770458221435547,-0.10027626156806946,9.23077392578125,0.0,0.10037851333618164,-0.05494499206542969,0.13275828957557678,3.6043930053710938,0.0,0.007381916046142578,0.0061054229736328125,-4.889951358871998e-14,-0.4395599365234375,0.0,0.016785475243414668,0.01819325922070882,-2.4049813247654928e-14,-1.255100804518261,0.0,0.010419690937319048,-0.0049672428333542825,4.476386844748728e-14,-0.34715455420357444,0.0,-0.04362201690673828,-0.0061054229736328125,1.9182452888344415e-06,0.8498153686523438,0.0,-0.05110025405883789,-0.0061054229736328125,-2.2407120070511155e-07,0.9670333862304688,0.0,-0.01754474639892578,0.0061054229736328125,3.405082509289059e-07,0.4395599365234375,0.0,-0.031350135803222656,-0.0061054229736328125,-2.0088266410311917e-06,0.5567779541015625,0.0,-0.014668941497802734,0.0061054229736328125,-0.00041268885252065957,0.380950927734375,0.0,-0.01201629638671875,-0.0073261260986328125,-0.00017520938126835972,0.19536209106445312,0.0,0.00820159912109375,-0.0073261260986328125,0.00022733259538654238,-0.1953601837158203,0.0,-0.06011199951171875,0.03052520751953125,3.1236535846801416e-07,1.26007080078125,0.0,0.06317996978759766,-0.0061054229736328125,2.2407120070511155e-07,-1.3186798095703125,0.0,0.021763324737548828,0.0061054229736328125,-3.120010660495609e-06,-0.3223419189453125,0.0,-0.04822397232055664,0.09157562255859375,-7.266917236847803e-07,0.8498153686523438,0.0,0.008724212646484375,0.0061054229736328125,-8.997350960271433e-05,-0.08791351318359375,0.0,0.01201629638671875,0.0073261260986328125,-0.00017520938126835972,-0.19536209106445312,0.0,-0.01163482666015625,0.0073261260986328125,0.00049328658496961,0.1797332763671875,0.0,0.0001437664031982422,0.0030689239501953125,-1.8316918554544557e-22,0.0008547008037567139,0.0,0.0,0.0,6.805807845195446e-23,0.0,0.0,-0.03262672200798988,0.06316505372524261,-0.1978473663330078,-0.004992108792066574,0.06316505372524261,-0.1978473663330078,-0.004992108792066574
5.3802,1788396535.0846,settle,0,-0.020089,0.06047541573460162,-0.18352477236970605,0.0034609874564640835,-0.08137363195419312,-0.001502677914686501,0.9912925958633423,0.10351359099149704,-0.07161664962768555,-0.0061054229736328125,-0.0769292563199997,-1.1428604125976562,0.0,0.05972862243652344,-0.0061054229736328125,0.1589980572462082,9.699630737304688,0.0,0.2942323684692383,-0.0061054229736328125,0.280795693397522,-1.377288818359375,0.0,0.2326827049255371,-0.0061054229736328125,0.23505181074142456,0.14652252197265625,0.0,-0.30056047439575195,0.1892547607421875,-0.119921013712883,17.201461791992188,0.0,-0.09462594985961914,0.0061054229736328125,-0.13912931084632874,-4.3076934814453125,0.0,-0.268155574798584,-0.0061054229736328125,-0.2505912482738495,3.4285736083984375,0.0,-0.038828372955322266,-0.0061054229736328125,-0.13574208319187164,-9.934066772460938,0.0,-0.13565921783447266,0.018314361572265625,-0.08605531603097916,5.010986328125,0.0,0.30976390838623047,0.03052520751953125,0.3007364869117737,-0.9670333862304688,0.0,-0.1995105743408203,0.14041519165039062,-0.10027626156806946,8.996337890625,0.0,0.0992279052734375,-0.05494499206542969,0.13275828957557678,3.7802200317382812,0.0,0.007573604583740234,-0.0061054229736328125,-4.889951358871998e-14,-0.26373291015625,0.0,0.017213981220139795,0.027272147431123106,-2.4049813247654928e-14,-1.2550456140930146,0.0,0.010262791563125675,-0.015114796558204338,4.476386844748728e-14,-0.34709666624249336,0.0,-0.04362201690673828,-0.0061054229736328125,1.9182452888344415e-06,0.7912063598632812,0.0,-0.05110025405883789,-0.0061054229736328125,-2.2407120070511155e-07,0.9670333862304688,0.0,-0.017353057861328125,0.0061054229736328125,3.405082509289059e-07,0.4395599365234375,0.0,-0.031350135803222656,-0.0061054229736328125,-2.0088266410311917e-06,0.4981689453125,0.0,-0.014668941497802734,0.0061054229736328125,-0.00041268885252065957,0.3223419189453125,0.0,-0.01201629638671875,-0.0073261260986328125,-0.00017520938126835972,0.19536209106445312,0.0,0.00820159912109375,-0.0073261260986328125,0.00022733259538654238,-0.1797313690185547,0.0,-0.05972862243652344,0.03052520751953125,3.1236535846801416e-07,1.2014617919921875,0.0,0.06298828125,-0.0061054229736328125,2.2407120070511155e-07,-1.3186798095703125,0.0,0.021763324737548828,0.0061054229736328125,-3.120010660495609e-06,-0.3223419189453125,0.0,-0.04649829864501953,0.09157562255859375,-7.266917236847803e-07,0.7912063598632812,0.0,0.008724212646484375,0.0061054229736328125,-8.997350960271433e-05,-0.08791351318359375,0.0,0.01201629638671875,0.0073261260986328125,-0.00017520938126835972,-0.19536209106445312,0.0,-0.01125335693359375,-0.0073261260986328125,0.00049328658496961,0.1797332763671875,0.0,0.0001437664031982422,0.0030689239501953125,-1.8316918554544557e-22,0.0008547008037567139,0.0,0.0,0.0,6.805807845195446e-23,0.0,0.0,-0.03137226775288582,0.07720066606998444,-0.21024411916732788,0.006381406914442778,0.07720066606998444,-0.21024411916732788,0.006381406914442778
5.4011,1788396535.1054,settle,0,-0.018980,0.06570866459585102,-0.18209390585027693,-0.0034717896435613924,-0.07945043593645096,-0.0011530943447723985,0.991443932056427,0.10356282442808151,-0.07161664962768555,-0.0061054229736328125,-0.0769292563199997,-0.9084243774414062,0.0,0.05972862243652344,-0.0061054229736328125,0.1589980572462082,9.816848754882812,0.0,0.2940406799316406,-0.0061054229736328125,0.280795693397522,-1.2014617919921875,0.0,0.2326827049255371,-0.0061054229736328125,0.23505181074142456,0.08791351318359375,0.0,-0.29615020751953125,0.1892547607421875,-0.119921013712883,16.79120635986328,0.0,-0.09443426132202148,0.0061054229736328125,-0.13912931084632874,-4.366302490234375,0.0,-0.2685389518737793,-0.0061054229736328125,-0.2505912482738495,3.369964599609375,0.0,-0.038828372955322266,0.0061054229736328125,-0.13574208319187164,-9.75823974609375,0.0,-0.13527584075927734,0.018314361572265625,-0.08605531603097916,4.835166931152344,0.0,0.3105306625366211,0.04273414611816406,0.3007364869117737,-1.1428604125976562,0.0,-0.1964426040649414,0.14041519165039062,-0.10027626156806946,8.820510864257812,0.0,0.0978856086730957,-0.05494499206542969,0.13275828957557678,3.8388290405273438,0.0,0.007765293121337891,-0.0061054229736328125,-4.889951358871998e-14,-0.20513153076171875,0.0,0.0178559642750064,0.027252713030251282,-2.4049813247654928e-14,-1.335112401202079,0.0,0.00970602868643655,-0.02534905824002347,4.476386844748728e-14,-0.1367725102068409,0.0,-0.04362201690673828,-0.0061054229736328125,1.9182452888344415e-06,0.7912063598632812,0.0,-0.05110025405883789,-0.0061054229736328125,-2.2407120070511155e-07,0.9084243774414062,0.0,-0.017353057861328125,0.0061054229736328125,3.405082509289059e-07,0.380950927734375,0.0,-0.031158447265625,-0.0061054229736328125,-2.0088266410311917e-06,0.5567779541015625,0.0,-0.014668941497802734,0.0061054229736328125,-0.00041268885252065957,0.380950927734375,0.0,-0.01201629638671875,-0.0073261260986328125,-0.00017520938126835972,0.19536209106445312,0.0,0.00820159912109375,-0.0073261260986328125,0.00022733259538654238,-0.1953601837158203,0.0,-0.05896139144897461,0.04273414611816406,3.1236535846801416e-07,1.2014617919921875,0.0,0.06298828125,-0.018314361572265625,2.2407120070511155e-07,-1.26007080078125,0.0,0.021763324737548828,0.0061054229736328125,-3.120010660495609e-06,-0.380950927734375,0.0,-0.04458045959472656,0.10378456115722656,-7.266917236847803e-07,0.7325973510742188,0.0,0.008724212646484375,0.0061054229736328125,-8.997350960271433e-05,-0.08791351318359375,0.0,0.01201629638671875,0.0073261260986328125,-0.00017520938126835972,-0.19536209106445312,0.0,-0.01125335693359375,-0.0073261260986328125,0.00049328658496961,0.19536209106445312,0.0,0.0001437664031982422,0.0030689239501953125,-1.8316918554544557e-22,0.0013431012630462646,0.0,0.0,0.0,6.805807845195446e-23,0.0,0.0,-0.02970314398407936,0.09257221221923828,-0.2085917890071869,-0.000758585927542299,0.09257221221923828,-0.2085917890071869,-0.000758585927542299
5.4202,1788396535.1248,settle,0,-0.017895,0.0521150040587863,-0.17556246998734396,-0.0015393035990624094,-0.07758639007806778,-0.0008060455438680947,0.991583526134491,0.10364218801259995,-0.07161664962768555,-0.0061054229736328125,-0.0769292563199997,-1.0256423950195312,0.0,0.05972862243652344,0.0061054229736328125,0.1589980572462082,9.699630737304688,0.0,0.29384899139404297,0.0061054229736328125,0.280795693397522,-1.26007080078125,0.0,0.2326827049255371,-0.0061054229736328125,0.23505181074142456,0.3223419189453125,0.0,-0.2928900718688965,0.1892547607421875,-0.119921013712883,16.4981689453125,0.0,-0.09443426132202148,0.0061054229736328125,-0.13912931084632874,-4.3076934814453125,0.0,-0.2689223289489746,-0.0061054229736328125,-0.2505912482738495,3.6043930053710938,0.0,-0.038828372955322266,0.018314361572265625,-0.13574208319187164,-9.75823974609375,0.0,-0.1350841522216797,0.018314361572265625,-0.08605531603097916,4.893775939941406,0.0,0.31110620498657227,0.04273414611816406,0.3007364869117737,-1.0256423950195312,0.0,-0.19414138793945312,0.128204345703125,-0.10027626156806946,8.586074829101562,0.0,0.09673547744750977,-0.04273414611816406,0.13275828957557678,3.8974380493164062,0.0,0.007765293121337891,-0.0061054229736328125,-4.889951358871998e-14,-0.4395599365234375,0.0,0.01856992750750451,0.036389816663212456,-2.4049813247654928e-14,-1.4912271689853287,0.0,0.00922923374989388,-0.015089828259897398,4.476386844748728e-14,-0.27651742709208604,0.0,-0.04362201690673828,-0.018314361572265625,1.9182452888344415e-06,0.7912063598632812,0.0,-0.05110025405883789,-0.018314361572265625,-2.2407120070511155e-07,0.9670333862304688,0.0,-0.017353057861328125,0.0061054229736328125,3.405082509289059e-07,0.380950927734375,0.0,-0.031158447265625,-0.0061054229736328125,-2.0088266410311917e-06,0.5567779541015625,0.0,-0.014668941497802734,0.0061054229736328125,-0.00041268885252065957,0.380950927734375,0.0,-0.01201629638671875,-0.0073261260986328125,-0.00017520938126835972,0.19536209106445312,0.0,0.00820159912109375,-0.0073261260986328125,0.00022733259538654238,-0.1953601837158203,0.0,-0.05800294876098633,0.05494499206542969,3.1236535846801416e-07,1.1428604125976562,0.0,0.06298828125,-0.018314361572265625,2.2407120070511155e-07,-1.26007080078125,0.0,0.021571636199951172,0.0061054229736328125,-3.120010660495609e-06,-0.3223419189453125,0.0,-0.04285478591918945,0.10378456115722656,-7.266917236847803e-07,0.7325973510742188,0.0,0.008532524108886719,0.0061054229736328125,-8.997350960271433e-05,-0.08791351318359375,0.0,0.01201629638671875,0.0073261260986328125,-0.00017520938126835972,-0.19536209106445312,0.0,-0.01125335693359375,-0.0073261260986328125,0.00049328658496961,0.1797332763671875,0.0,0.0001437664031982422,0.0030689239501953125,-1.8316918554544557e-22,0.0010989010334014893,0.0,0.0,0.0,6.805807845195446e-23,0.0,0.0,-0.028109723702073097,0.06877823919057846,-0.21140289306640625,0.0016985285328701138,0.06877823919057846,-0.21140289306640625,0.0016985285328701138
5.4403,1788396535.1449,settle,0,-0.016929,0.04910586505359214,-0.16469226201072434,-0.0012472779726737005,-0.07576645910739899,-0.0005152584053575993,0.9917182922363281,0.103702113032341,-0.07161664962768555,-0.0061054229736328125,-0.0769292563199997,-1.0842514038085938,0.0,0.060303688049316406,0.018314361572265625,0.1589980572462082,9.5238037109375,0.0,0.29384899139404297,0.0061054229736328125,0.280795693397522,-1.1428604125976562,0.0,0.2326827049255371,-0.0061054229736328125,0.23505181074142456,-0.02930450439453125,0.0,-0.2898221015930176,0.1770458221435547,-0.119921013712883,16.20513153076172,0.0,-0.09443426132202148,0.0061054229736328125,-0.13912931084632874,-4.3076934814453125,0.0,-0.26911401748657227,-0.0061054229736328125,-0.2505912482738495,3.6043930053710938,0.0,-0.03844499588012695,0.03052520751953125,-0.13574208319187164,-10.051284790039062,0.0,-0.13489246368408203,0.018314361572265625,-0.08605531603097916,4.893775939941406,0.0,0.3118729591369629,0.04273414611816406,0.3007364869117737,-1.26007080078125,0.0,-0.1916489601135254,0.128204345703125,-0.10027626156806946,8.293045043945312,0.0,0.09577655792236328,-0.04273414611816406,0.13275828957557678,4.0146484375,0.0,0.007573604583740234,-0.0061054229736328125,-4.889951358871998e-14,-0.4395599365234375,0.0,0.019427389387051144,0.0455277777004244,-2.4049813247654928e-14,-1.5700849843799998,0.0,0.008913809146033801,-0.004821848678224015,4.476386844748728e-14,-0.2063158542668807,0.0,-0.04362201690673828,-0.018314361572265625,1.9182452888344415e-06,0.7912063598632812,0.0,-0.05110025405883789,-0.018314361572265625,-2.2407120070511155e-07,0.9084243774414062,0.0,-0.017353057861328125,0.0061054229736328125,3.405082509289059e-07,0.380950927734375,0.0,-0.031158447265625,-0.0061054229736328125,-2.0088266410311917e-06,0.4981689453125,0.0,-0.014668941497802734,0.0061054229736328125,-0.00041268885252065957,0.3223419189453125,0.0,-0.01201629638671875,-0.0073261260986328125,-0.00017520938126835972,0.19536209106445312,0.0,0.00820159912109375,-0.0073261260986328125,0.00022733259538654238,-0.1797313690185547,0.0,-0.057044029235839844,0.06715583801269531,3.1236535846801416e-07,1.0842514038085938,0.0,0.06279659271240234,-0.03052520751953125,2.2407120070511155e-07,-1.26007080078125,0.0,0.021571636199951172,0.0061054229736328125,-3.120010660495609e-06,-0.380950927734375,0.0,-0.04074573516845703,0.10378456115722656,-7.266917236847803e-07,0.6739959716796875,0.0,0.008532524108886719,0.0061054229736328125,-8.997350960271433e-05,-0.08791351318359375,0.0,0.01201629638671875,0.0073261260986328125,-0.00017520938126835972,-0.19536209106445312,0.0,-0.01125335693359375,-0.0073261260986328125,0.00049328658496961,0.19536209106445312,0.0,0.0001437664031982422,0.0030689239501953125,-1.8316918554544557e-22,0.0008547008037567139,0.0,0.0,0.0,6.805807845195446e-23,0.0,0.0,-0.02677089162170887,0.05545521900057793,-0.20978839695453644,0.0023430821020156145,0.05545521900057793,-0.20978839695453644,0.0023430821020156145
5.4612,1788396535.1660,settle,0,-0.016017,0.03680827763409572,-0.15677278658764207,0.004140457118340923,-0.07403382658958435,-0.000245554925641045,0.9918485283851624,0.10370804369449615,-0.07161664962768555,-0.0061054229736328125,-0.0769292563199997,-1.0842514038085938,0.0,0.06087923049926758,0.018314361572265625,0.1589980572462082,9.465194702148438,0.0,0.2936573028564453,0.0061054229736328125,0.280795693397522,-1.1428604125976562,0.0,0.2326827049255371,-0.0061054229736328125,0.23505181074142456,0.14652252197265625,0.0,-0.286562442779541,0.1770458221435547,-0.119921013712883,15.912086486816406,0.0,-0.09443426132202148,0.0061054229736328125,-0.13912931084632874,-4.3076934814453125,0.0,-0.2694973945617676,-0.0061054229736328125,-0.2505912482738495,3.6043930053710938,0.0,-0.03786945343017578,0.03052520751953125,-0.13574208319187164,-9.934066772460938,0.0,-0.13470077514648438,0.0061054229736328125,-0.08605531603097916,4.835166931152344,0.0,0.3122563362121582,0.018314361572265625,0.3007364869117737,-1.1428604125976562,0.0,-0.1889643669128418,0.128204345703125,-0.10027626156806946,8.058609008789062,0.0,0.09443426132202148,-0.05494499206542969,0.13275828957557678,4.24908447265625,0.0,0.007573604583740234,-0.0061054229736328125,-4.889951358871998e-14,-0.3223419189453125,0.0,0.02064290301571173,0.06832419355209794,-2.4049813247654928e-14,-1.8049669469301919,0.0,0.008841054549361684,0.0004340481641109352,4.476386844748728e-14,-0.2755263660582242,0.0,-0.04381370544433594,-0.0061054229736328125,1.9182452888344415e-06,0.7325973510742188,0.0,-0.05110025405883789,-0.018314361572265625,-2.2407120070511155e-07,0.9670333862304688,0.0,-0.017353057861328125,0.0061054229736328125,3.405082509289059e-07,0.4395599365234375,0.0,-0.031158447265625,-0.0061054229736328125,-2.0088266410311917e-06,0.5567779541015625,0.0,-0.014476776123046875,0.0061054229736328125,-0.00041268885252065957,0.3223419189453125,0.0,-0.01201629638671875,-0.0073261260986328125,-0.00017520938126835972,0.19536209106445312,0.0,0.00820159912109375,-0.0073261260986328125,0.00022733259538654238,-0.1953601837158203,0.0,-0.05570173263549805,0.07936477661132812,3.1236535846801416e-07,1.0842514038085938,0.0,0.06241273880004883,-0.03052520751953125,2.2407120070511155e-07,-1.26007080078125,0.0,0.021379947662353516,0.0061054229736328125,-3.120010660495609e-06,-0.3223419189453125,0.0,-0.03863668441772461,0.11599540710449219,-7.266917236847803e-07,0.615386962890625,0.0,0.008532524108886719,0.0061054229736328125,-8.997350960271433e-05,-0.08791351318359375,0.0,0.01201629638671875,0.0073261260986328125,-0.00017520938126835972,-0.19536209106445312,0.0,-0.01125335693359375,-0.0073261260986328125,0.00049328658496961,0.19536209106445312,0.0,0.0001437664031982422,0.0030689239501953125,-1.8316918554544557e-22,0.0010989010334014893,0.0,0.0,0.0,6.805807845195446e-23,0.0,0.0,-0.02575129270553589,0.038127295672893524,-0.22484515607357025,0.008108296431601048,0.038127295672893524,-0.22484515607357025,0.008108296431601048
5.4801,1788396535.1846,settle,0,-0.015082,0.03891398917375093,-0.1501083757625301,0.01158210318521412,-0.07243729382753372,4.541408998193219e-05,0.9919735193252563,0.10364016890525818,-0.07161664962768555,-0.018314361572265625,-0.0769292563199997,-0.9670333862304688,0.0,0.06126260757446289,0.018314361572265625,0.1589980572462082,9.5238037109375,0.0,0.2936573028564453,-0.0061054229736328125,0.280795693397522,-1.26007080078125,0.0,0.2326827049255371,-0.0061054229736328125,0.23505181074142456,0.20513153076171875,0.0,-0.28368663787841797,0.1770458221435547,-0.119921013712883,15.619049072265625,0.0,-0.09443426132202148,0.0061054229736328125,-0.13912931084632874,-4.366302490234375,0.0,-0.26968908309936523,-0.0061054229736328125,-0.2505912482738495,3.6043930053710938,0.0,-0.03729438781738281,0.018314361572265625,-0.13574208319187164,-10.109893798828125,0.0,-0.13450908660888672,0.0061054229736328125,-0.08605531603097916,4.9523773193359375,0.0,0.31244850158691406,0.03052520751953125,0.3007364869117737,-1.0842514038085938,0.0,-0.18666362762451172,0.11599540710449219,-0.10027626156806946,7.9413909912109375,0.0,0.0934758186340332,-0.05494499206542969,0.13275828957557678,4.4249114990234375,0.0,0.007573604583740234,0.0061054229736328125,-4.889951358871998e-14,-0.4981689453125,0.0,0.02207324174587818,0.06834177598736141,-2.4049813247654928e-14,-1.8835080853450545,0.0,0.008689245391705156,0.00042558520531858106,4.476386844748728e-14,-0.20529750052953455,0.0,-0.044005393981933594,-0.0061054229736328125,1.9182452888344415e-06,0.7912063598632812,0.0,-0.0514836311340332,-0.03052520751953125,-2.2407120070511155e-07,0.9670333862304688,0.0,-0.017353057861328125,0.0061054229736328125,3.405082509289059e-07,0.380950927734375,0.0,-0.031158447265625,-0.0061054229736328125,-2.0088266410311917e-06,0.5567779541015625,0.0,-0.014476776123046875,0.0061054229736328125,-0.00041268885252065957,0.3223419189453125,0.0,-0.01201629638671875,-0.0073261260986328125,-0.00017520938126835972,0.1797332763671875,0.0,0.00820159912109375,-0.0073261260986328125,0.00022733259538654238,-0.1797313690185547,0.0,-0.0541682243347168,0.09157562255859375,3.1236535846801416e-07,0.9670333862304688,0.0,0.06183767318725586,-0.03052520751953125,2.2407120070511155e-07,-1.26007080078125,0.0,0.021379947662353516,0.0061054229736328125,-3.120010660495609e-06,-0.380950927734375,0.0,-0.0369110107421875,0.07936477661132812,-7.266917236847803e-07,0.6739959716796875,0.0,0.008532524108886719,0.0061054229736328125,-8.997350960271433e-05,-0.08791351318359375,0.0,0.01201629638671875,0.0073261260986328125,-0.00017520938126835972,-0.19536209106445312,0.0,-0.01125335693359375,-0.0073261260986328125,0.00049328658496961,0.1797332763671875,0.0,0.0001437664031982422,0.0030689239501953125,-1.8316918554544557e-22,0.0006105005741119385,0.0,0.0,0.0,6.805807845195446e-23,0.0,0.0,-0.024629727005958557,0.04035991430282593,-0.2182457149028778,0.0033199323806911707,0.04035991430282593,-0.2182457149028778,0.0033199323806911707
5.5003,1788396535.2047,settle,0,-0.014165,0.040629210557384075,-0.13040429600254955,0.015048691082197124,-0.07092643529176712,0.0003337663656566292,0.9920942783355713,0.10352913290262222,-0.0718083381652832,-0.018314361572265625,-0.0769292563199997,-1.0842514038085938,0.0,0.062029361724853516,0.03052520751953125,0.1589980572462082,9.406600952148438,0.0,0.2936573028564453,0.0061054229736328125,0.280795693397522,-1.1428604125976562,0.0,0.2326827049255371,-0.0061054229736328125,0.23505181074142456,0.3223419189453125,0.0,-0.2804269790649414,0.15262603759765625,-0.119921013712883,15.384613037109375,0.0,-0.09443426132202148,0.0061054229736328125,-0.13912931084632874,-4.24908447265625,0.0,-0.27007293701171875,-0.018314361572265625,-0.2505912482738495,3.8974380493164062,0.0,-0.0369110107421875,0.018314361572265625,-0.13574208319187164,-10.109893798828125,0.0,-0.13450908660888672,0.0061054229736328125,-0.08605531603097916,4.893775939941406,0.0,0.3132152557373047,0.04273414611816406,0.3007364869117737,-1.377288818359375,0.0,-0.1845545768737793,0.09157562255859375,-0.10027626156806946,7.8241729736328125,0.0,0.09232521057128906,-0.04273414611816406,0.13275828957557678,4.483512878417969,0.0,0.007573604583740234,-0.0061054229736328125,-4.889951358871998e-14,-0.3223419189453125,0.0,0.02350452639882242,0.06838156870809893,-2.4049813247654928e-14,-2.1962186741576626,0.0,0.008698370891905043,0.010682504027175072,4.476386844748728e-14,-0.34390786741961854,0.0,-0.044005393981933594,0.0061054229736328125,1.9182452888344415e-06,0.7912063598632812,0.0,-0.051867008209228516,-0.03052520751953125,-2.2407120070511155e-07,1.0256423950195312,0.0,-0.017353057861328125,0.0061054229736328125,3.405082509289059e-07,0.4395599365234375,0.0,-0.031158447265625,-0.0061054229736328125,-2.0088266410311917e-06,0.5567779541015625,0.0,-0.014476776123046875,0.0061054229736328125,-0.00041268885252065957,0.3223419189453125,0.0,-0.01163482666015625,0.0073261260986328125,-0.00017520938126835972,0.1797332763671875,0.0,0.00820159912109375,-0.0073261260986328125,0.00022733259538654238,-0.1953601837158203,0.0,-0.05225038528442383,0.09157562255859375,3.1236535846801416e-07,0.9084243774414062,0.0,0.06145429611206055,-0.018314361572265625,2.2407120070511155e-07,-1.26007080078125,0.0,0.021187782287597656,0.0061054229736328125,-3.120010660495609e-06,-0.3223419189453125,0.0,-0.03518486022949219,0.09157562255859375,-7.266917236847803e-07,0.615386962890625,0.0,0.008532524108886719,0.0061054229736328125,-8.997350960271433e-05,-0.08791351318359375,0.0,0.01201629638671875,0.0073261260986328125,-0.00017520938126835972,-0.19536209106445312,0.0,-0.01125335693359375,-0.0073261260986328125,0.00049328658496961,0.19536209106445312,0.0,0.0001437664031982422,0.0030689239501953125,-1.8316918554544557e-22,0.0010989010334014893,0.0,0.0,0.0,6.805807845195446e-23,0.0,0.0,-0.0236889086663723,0.031771041452884674,-0.1986769139766693,0.01931159198284149,0.031771041452884674,-0.1986769139766693,0.01931159198284149
5.5215,1788396535.2258,settle,0,-0.013317,0.03860175434188516,-0.11654346631269023,0.009480147118814836,-0.0693897157907486,0.0005863114492967725,0.9922134876251221,0.10342679917812347,-0.07200002670288086,-0.018314361572265625,-0.0769292563199997,-1.0842514038085938,0.0,0.06260490417480469,0.03052520751953125,0.1589980572462082,9.289382934570312,0.0,0.29346513748168945,0.0061054229736328125,0.280795693397522,-1.0842514038085938,0.0,0.2326827049255371,-0.0061054229736328125,0.23505181074142456,0.02930450439453125,0.0,-0.2773590087890625,0.128204345703125,-0.119921013712883,15.208793640136719,0.0,-0.09443426132202148,0.0061054229736328125,-0.13912931084632874,-4.366302490234375,0.0,-0.2706480026245117,-0.03052520751953125,-0.2505912482738495,4.0732574462890625,0.0,-0.03633546829223633,0.03052520751953125,-0.13574208319187164,-10.227104187011719,0.0,-0.13450908660888672,0.0061054229736328125,-0.08605531603097916,5.010986328125,0.0,0.3139820098876953,0.05494499206542969,0.3007364869117737,-1.3186798095703125,0.0,-0.1828289031982422,0.07936477661132812,-0.10027626156806946,7.706962585449219,0.0,0.09136629104614258,-0.04273414611816406,0.13275828957557678,4.483512878417969,0.0,0.007573604583740234,0.0061054229736328125,-4.889951358871998e-14,-0.4981689453125,0.0,0.025151581031056754,0.06845105028000328,-2.4049813247654928e-14,-2.1945711715453626,0.0,0.009111642796099991,0.0312527377710708,4.476386844748728e-14,-0.4826310730295166,0.0,-0.044005393981933594,0.0061054229736328125,1.9182452888344415e-06,0.7912063598632812,0.0,-0.05225086212158203,-0.03052520751953125,-2.2407120070511155e-07,0.9670333862304688,0.0,-0.017353057861328125,0.0061054229736328125,3.405082509289059e-07,0.4395599365234375,0.0,-0.031158447265625,-0.0061054229736328125,-2.0088266410311917e-06,0.5567779541015625,0.0,-0.014476776123046875,0.0061054229736328125,-0.00041268885252065957,0.3223419189453125,0.0,-0.01163482666015625,-0.0073261260986328125,-0.00017520938126835972,0.1797332763671875,0.0,0.00820159912109375,-0.0073261260986328125,0.00022733259538654238,-0.1797313690185547,0.0,-0.05033302307128906,0.07936477661132812,3.1236535846801416e-07,0.9670333862304688,0.0,0.061070919036865234,-0.018314361572265625,2.2407120070511155e-07,-1.26007080078125,0.0,0.021187782287597656,0.0061054229736328125,-3.120010660495609e-06,-0.3223419189453125,0.0,-0.03365135192871094,0.06715583801269531,-7.266917236847803e-07,0.615386962890625,0.0,0.008532524108886719,0.0061054229736328125,-8.997350960271433e-05,-0.02930450439453125,0.0,0.01201629638671875,0.0073261260986328125,-0.00017520938126835972,-0.19536209106445312,0.0,-0.01125335693359375,-0.0073261260986328125,0.00049328658496961,0.1797332763671875,0.0,0.0001437664031982422,0.0030689239501953125,-1.8316918554544557e-22,0.0003663003444671631,0.0,0.0,0.0,6.805807845195446e-23,0.0,0.0,-0.02321745455265045,0.008959854952991009,-0.18501350283622742,0.002124960534274578,0.008959854952991009,-0.18501350283622742,0.002124960534274578
5.5410,1788396535.2454,settle,0,-0.012634,0.03285895537913032,-0.10669080225431946,-0.0003246280886660941,-0.06819675117731094,0.0007981943781487644,0.9923002123832703,0.10338712483644485,-0.07219171524047852,-0.0061054229736328125,-0.0769292563199997,-1.2014617919921875,0.0,0.06337165832519531,0.03052520751953125,0.1589980572462082,9.172164916992188,0.0,0.29346513748168945,0.0061054229736328125,0.280795693397522,-1.0842514038085938,0.0,0.2326827049255371,-0.0061054229736328125,0.23505181074142456,0.26373291015625,0.0,-0.2756333351135254,0.10378456115722656,-0.119921013712883,15.150184631347656,0.0,-0.09443426132202148,0.0061054229736328125,-0.13912931084632874,-4.366302490234375,0.0,-0.27141475677490234,-0.03052520751953125,-0.2505912482738495,3.8388290405273438,0.0,-0.0355687141418457,0.03052520751953125,-0.13574208319187164,-10.344322204589844,0.0,-0.13450908660888672,0.0061054229736328125,-0.08605531603097916,5.010986328125,0.0,0.31513261795043945,0.06715583801269531,0.3007364869117737,-1.8461532592773438,0.0,-0.1814866065979004,0.05494499206542969,-0.10027626156806946,7.706962585449219,0.0,0.0904078483581543,-0.05494499206542969,0.13275828957557678,4.600730895996094,0.0,0.007573604583740234,0.0061054229736328125,-4.889951358871998e-14,-0.4395599365234375,0.0,0.026728377287186494,0.07307470668225113,-2.4049813247654928e-14,-2.349710780397168,0.0,0.009767694541083968,0.04677278595556566,4.476386844748728e-14,-0.6205289258439799,0.0,-0.044005393981933594,0.0061054229736328125,1.9182452888344415e-06,0.7325973510742188,0.0,-0.052634239196777344,-0.03052520751953125,-2.2407120070511155e-07,1.0256423950195312,0.0,-0.01716136932373047,0.0061054229736328125,3.405082509289059e-07,0.4395599365234375,0.0,-0.031158447265625,-0.0061054229736328125,-2.0088266410311917e-06,0.4981689453125,0.0,-0.014476776123046875,0.0061054229736328125,-0.00041268885252065957,0.3223419189453125,0.0,-0.01125335693359375,0.0073261260986328125,-0.00017520938126835972,0.16410446166992188,0.0,0.00820159912109375,-0.0073261260986328125,0.00022733259538654238,-0.1797313690185547,0.0,-0.04860734939575195,0.09157562255859375,3.1236535846801416e-07,0.9670333862304688,0.0,0.06087923049926758,-0.0061054229736328125,2.2407120070511155e-07,-1.26007080078125,0.0,0.021187782287597656,0.0061054229736328125,-3.120010660495609e-06,-0.3223419189453125,0.0,-0.03288412094116211,0.04273414611816406,-7.266917236847803e-07,0.615386962890625,0.0,0.008532524108886719,0.0061054229736328125,-8.997350960271433e-05,-0.08791351318359375,0.0,0.01201629638671875,0.0073261260986328125,-0.00017520938126835972,-0.19536209106445312,0.0,-0.01125335693359375,-0.0073261260986328125,0.00049328658496961,0.19536209106445312,0.0,0.0001437664031982422,0.0030689239501953125,-1.8316918554544557e-22,0.0006105005741119385,0.0,0.0,0.0,6.805807845195446e-23,0.0,0.0,-0.023157671093940735,-0.012583589181303978,-0.17985771596431732,-0.007099804002791643,-0.012583589181303978,-0.17985771596431732,-0.007099804002791643
5.5603,1788396535.2652,settle,0,-0.011966,0.032591640584713616,-0.10403560568037523,-5.1424008683039437e-05,-0.06696120649576187,0.0010019864421337843,0.9923825860023499,0.10340261459350586,-0.07238340377807617,-0.0061054229736328125,-0.0769292563199997,-0.9084243774414062,0.0,0.06394672393798828,0.018314361572265625,0.1589980572462082,9.5238037109375,0.0,0.2932734489440918,0.0061054229736328125,0.280795693397522,-1.2014617919921875,0.0,0.2326827049255371,-0.0061054229736328125,0.23505181074142456,0.08791351318359375,0.0,-0.27352428436279297,0.10378456115722656,-0.119921013712883,14.857139587402344,0.0,-0.09443426132202148,0.0061054229736328125,-0.13912931084632874,-4.3076934814453125,0.0,-0.27179861068725586,-0.018314361572265625,-0.2505912482738495,4.1904754638671875,0.0,-0.03499317169189453,0.03052520751953125,-0.13574208319187164,-10.344322204589844,0.0,-0.13450908660888672,0.0061054229736328125,-0.08605531603097916,4.835166931152344,0.0,0.31647491455078125,0.06715583801269531,0.3007364869117737,-1.8461532592773438,0.0,-0.18033599853515625,0.04273414611816406,-0.10027626156806946,7.706962585449219,0.0,0.08925724029541016,-0.05494499206542969,0.13275828957557678,4.776557922363281,0.0,0.007765293121337891,-0.0061054229736328125,-4.889951358871998e-14,-0.26373291015625,0.0,0.028020008306493135,0.05488821202094943,-2.4049813247654928e-14,-2.347680104086305,0.0,0.010746380066714472,0.057016053052060464,4.476386844748728e-14,-0.7584335826517242,0.0,-0.04362201690673828,0.0061054229736328125,1.9182452888344415e-06,0.7325973510742188,0.0,-0.053017616271972656,-0.03052520751953125,-2.2407120070511155e-07,1.0256423950195312,0.0,-0.01716136932373047,0.0061054229736328125,3.405082509289059e-07,0.4395599365234375,0.0,-0.031158447265625,0.0061054229736328125,-2.0088266410311917e-06,0.4981689453125,0.0,-0.014476776123046875,0.0061054229736328125,-0.00041268885252065957,0.3223419189453125,0.0,-0.01125335693359375,0.0073261260986328125,-0.00017520938126835972,0.1797332763671875,0.0,0.00820159912109375,-0.0073261260986328125,0.00022733259538654238,-0.1797313690185547,0.0,-0.046881675720214844,0.10378456115722656,3.1236535846801416e-07,0.7912063598632812,0.0,0.06087923049926758,-0.0061054229736328125,2.2407120070511155e-07,-1.3186798095703125,0.0,0.02099609375,0.0061054229736328125,-3.120010660495609e-06,-0.3223419189453125,0.0,-0.032117366790771484,0.03052520751953125,-7.266917236847803e-07,0.6739959716796875,0.0,0.008532524108886719,0.0061054229736328125,-8.997350960271433e-05,-0.08791351318359375,0.0,0.01201629638671875,0.0073261260986328125,-0.00017520938126835972,-0.19536209106445312,0.0,-0.01125335693359375,-0.0073261260986328125,0.00049328658496961,0.19536209106445312,0.0,0.0001437664031982422,0.0030689239501953125,-1.8316918554544557e-22,0.0013431012630462646,0.0,0.0,0.0,6.805807845195446e-23,0.0,0.0,-0.023457396775484085,-0.023212824016809464,-0.15910230576992035,0.005620758980512619,-0.023212824016809464,-0.15910230576992035,0.005620758980512619
5.5801,1788396535.2845,settle,0,-0.011268,0.03548726234844315,-0.09895799777889493,0.0025999729118792547,-0.0657782107591629,0.0012274838518351316,0.992457926273346,0.10343635827302933,-0.07238340377807617,0.0061054229736328125,-0.0769292563199997,-1.0842514038085938,0.0,0.06452226638793945,0.018314361572265625,0.1589980572462082,9.172164916992188,0.0,0.2932734489440918,0.0061054229736328125,0.280795693397522,-1.1428604125976562,0.0,0.2326827049255371,-0.0061054229736328125,0.23505181074142456,0.08791351318359375,0.0,-0.27141475677490234,0.11599540710449219,-0.119921013712883,14.622711181640625,0.0,-0.09443426132202148,0.0061054229736328125,-0.13912931084632874,-4.366302490234375,0.0,-0.27237367630004883,-0.018314361572265625,-0.2505912482738495,4.131866455078125,0.0,-0.03441810607910156,0.018314361572265625,-0.13574208319187164,-10.402931213378906,0.0,-0.13450908660888672,0.0061054229736328125,-0.08605531603097916,5.010986328125,0.0,0.31781721115112305,0.07936477661132812,0.3007364869117737,-1.9633712768554688,0.0,-0.17976093292236328,0.03052520751953125,-0.10027626156806946,7.648353576660156,0.0,0.08791494369506836,-0.04273414611816406,0.13275828957557678,4.835166931152344,0.0,0.007765293121337891,-0.0061054229736328125,-4.889951358871998e-14,-0.4395599365234375,0.0,0.02902588972309924,0.04578831893727142,-2.4049813247654928e-14,-2.2677322402825495,0.0,0.01172425982158339,0.05701839102987085,4.476386844748728e-14,-0.8270216481399286,0.0,-0.04342985153198242,-0.0061054229736328125,1.9182452888344415e-06,0.7325973510742188,0.0,-0.05320930480957031,-0.03052520751953125,-2.2407120070511155e-07,1.0842514038085938,0.0,-0.01716136932373047,0.0061054229736328125,3.405082509289059e-07,0.380950927734375,0.0,-0.031158447265625,0.0061054229736328125,-2.0088266410311917e-06,0.5567779541015625,0.0,-0.014476776123046875,0.0061054229736328125,-0.00041268885252065957,0.3223419189453125,0.0,-0.01087188720703125,0.0073261260986328125,-0.00017520938126835972,0.16410446166992188,0.0,0.00820159912109375,-0.0073261260986328125,0.00022733259538654238,-0.1953601837158203,0.0,-0.044963836669921875,0.09157562255859375,3.1236535846801416e-07,0.7912063598632812,0.0,0.06068706512451172,-0.0061054229736328125,2.2407120070511155e-07,-1.3186798095703125,0.0,0.02099609375,-0.0061054229736328125,-3.120010660495609e-06,-0.26373291015625,0.0,-0.03173351287841797,0.03052520751953125,-7.266917236847803e-07,0.615386962890625,0.0,0.008532524108886719,0.0061054229736328125,-8.997350960271433e-05,-0.14652252197265625,0.0,0.01201629638671875,0.0073261260986328125,-0.00017520938126835972,-0.19536209106445312,0.0,-0.01125335693359375,-0.0073261260986328125,0.00049328658496961,0.19536209106445312,0.0,0.0001437664031982422,0.0030689239501953125,-1.8316918554544557e-22,0.0008547008037567139,0.0,0.0,0.0,6.805807845195446e-23,0.0,0.0,-0.023709775879979134,-0.020355461165308952,-0.14493243396282196,0.008169300854206085,-0.020355461165308952,-0.14493243396282196,0.008169300854206085
5.6004,1788396535.3047,settle,0,-0.010552,0.028463826199469466,-0.08756381285780222,0.0021068362310745553,-0.06474360078573227,0.0014747834065929055,0.9925272464752197,0.10341954231262207,-0.07238340377807617,0.0061054229736328125,-0.0769292563199997,-1.1428604125976562,0.0,0.06528902053833008,0.03052520751953125,0.1589980572462082,8.996337890625,0.0,0.2932734489440918,0.0061054229736328125,0.280795693397522,-1.1428604125976562,0.0,0.2326827049255371,-0.0061054229736328125,0.23505181074142456,0.20513153076171875,0.0,-0.2694973945617676,0.09157562255859375,-0.119921013712883,14.5054931640625,0.0,-0.09443426132202148,-0.0061054229736328125,-0.13912931084632874,-4.24908447265625,0.0,-0.27275705337524414,-0.0061054229736328125,-0.2505912482738495,4.0732574462890625,0.0,-0.033843040466308594,0.03052520751953125,-0.13574208319187164,-10.344322204589844,0.0,-0.13450908660888672,0.0061054229736328125,-0.08605531603097916,5.010986328125,0.0,0.318967342376709,0.06715583801269531,0.3007364869117737,-2.0805892944335938,0.0,-0.1791858673095703,0.018314361572265625,-0.10027626156806946,7.648353576660156,0.0,0.08676481246948242,-0.06715583801269531,0.13275828957557678,5.010986328125,0.0,0.007765293121337891,-0.0061054229736328125,-4.889951358871998e-14,-0.4981689453125,0.0,0.03003237553787398,0.04126821835609717,-2.4049813247654928e-14,-2.34320510679892,0.0,0.012865308034879551,0.06220641990332998,4.476386844748728e-14,-1.0338213108414007,0.0,-0.04342985153198242,-0.0061054229736328125,1.9182452888344415e-06,0.7912063598632812,0.0,-0.053592681884765625,-0.018314361572265625,-2.2407120070511155e-07,1.0256423950195312,0.0,-0.01716136932373047,0.0061054229736328125,3.405082509289059e-07,0.380950927734375,0.0,-0.030775070190429688,-0.0061054229736328125,-2.0088266410311917e-06,0.5567779541015625,0.0,-0.014476776123046875,0.0061054229736328125,-0.00041268885252065957,0.3223419189453125,0.0,-0.01087188720703125,0.0073261260986328125,-0.00017520938126835972,0.16410446166992188,0.0,0.00820159912109375,-0.0073261260986328125,0.00022733259538654238,-0.1953601837158203,0.0,-0.04285478591918945,0.10378456115722656,3.1236535846801416e-07,0.7325973510742188,0.0,0.06068706512451172,-0.0061054229736328125,2.2407120070511155e-07,-1.26007080078125,0.0,0.02099609375,0.0061054229736328125,-3.120010660495609e-06,-0.3223419189453125,0.0,-0.031350135803222656,0.03052520751953125,-7.266917236847803e-07,0.6739959716796875,0.0,0.008532524108886719,0.0061054229736328125,-8.997350960271433e-05,-0.08791351318359375,0.0,0.01201629638671875,0.0073261260986328125,-0.00017520938126835972,-0.19536209106445312,0.0,-0.01125335693359375,-0.0073261260986328125,0.00049328658496961,0.19536209106445312,0.0,0.0001437664031982422,0.0030689239501953125,-1.8316918554544557e-22,0.0006105005741119385,0.0,0.0,0.0,6.805807845195446e-23,0.0,0.0,-0.024108506739139557,-0.03269636631011963,-0.1291096806526184,0.008098356425762177,-0.03269636631011963,-0.1291096806526184,0.008098356425762177
5.6201,1788396535.3246,settle,0,-0.009999,0.024012523046159355,-0.09160325398734238,0.003184916999815094,-0.06373182684183121,0.0016425189096480608,0.9925951361656189,0.1033942848443985,-0.07238340377807617,0.018314361572265625,-0.0769292563199997,-1.0842514038085938,0.0,0.0660562515258789,0.04273414611816406,0.1589980572462082,8.996337890625,0.0,0.2932734489440918,0.0061054229736328125,0.280795693397522,-1.1428604125976562,0.0,0.2326827049255371,0.0061054229736328125,0.23505181074142456,-0.20513153076171875,0.0,-0.2675800323486328,0.09157562255859375,-0.119921013712883,14.446884155273438,0.0,-0.09443426132202148,-0.0061054229736328125,-0.13912931084632874,-4.3076934814453125,0.0,-0.2729487419128418,-0.0061054229736328125,-0.2505912482738495,4.1904754638671875,0.0,-0.03326749801635742,0.03052520751953125,-0.13574208319187164,-10.461540222167969,0.0,-0.13431692123413086,0.0061054229736328125,-0.08605531603097916,5.0695953369140625,0.0,0.32050132751464844,0.09157562255859375,0.3007364869117737,-2.3150177001953125,0.0,-0.1788020133972168,0.0061054229736328125,-0.10027626156806946,7.648353576660156,0.0,0.08542251586914062,-0.05494499206542969,0.13275828957557678,5.128204345703125,0.0,0.007765293121337891,-0.0061054229736328125,-4.889951358871998e-14,-0.26373291015625,0.0,0.03132731961317014,0.04137817634307856,-2.4049813247654928e-14,-2.3402218295809254,0.0,0.014334883287307101,0.08293677086258351,4.476386844748728e-14,-1.170728131900077,0.0,-0.04342985153198242,-0.018314361572265625,1.9182452888344415e-06,0.7912063598632812,0.0,-0.053592681884765625,-0.0061054229736328125,-2.2407120070511155e-07,1.0256423950195312,0.0,-0.01716136932373047,0.0061054229736328125,3.405082509289059e-07,0.4395599365234375,0.0,-0.030775070190429688,-0.0061054229736328125,-2.0088266410311917e-06,0.5567779541015625,0.0,-0.014476776123046875,0.0061054229736328125,-0.00041268885252065957,0.3223419189453125,0.0,-0.01087188720703125,-0.0073261260986328125,-0.00017520938126835972,0.16410446166992188,0.0,0.00820159912109375,-0.0073261260986328125,0.00022733259538654238,-0.1953601837158203,0.0,-0.041129112243652344,0.06715583801269531,3.1236535846801416e-07,0.7912063598632812,0.0,0.06068706512451172,-0.0061054229736328125,2.2407120070511155e-07,-1.26007080078125,0.0,0.02099609375,0.0061054229736328125,-3.120010660495609e-06,-0.3223419189453125,0.0,-0.030966758728027344,0.018314361572265625,-7.266917236847803e-07,0.6739959716796875,0.0,0.008532524108886719,0.0061054229736328125,-8.997350960271433e-05,-0.08791351318359375,0.0,0.01201629638671875,0.0073261260986328125,-0.00017520938126835972,-0.19536209106445312,0.0,-0.01125335693359375,-0.0073261260986328125,0.00049328658496961,0.19536209106445312,0.0,0.0001437664031982422,0.0030689239501953125,-1.8316918554544557e-22,0.0006105005741119385,0.0,0.0,0.0,6.805807845195446e-23,0.0,0.0,-0.02499479055404663,-0.05780203267931938,-0.1334705352783203,0.009821654297411442,-0.05780203267931938,-0.1334705352783203,0.009821654297411442
5.6409,1788396535.3452,settle,0,-0.009534,0.0253250557476211,-0.09345816233133938,0.0018535987397324425,-0.06281809508800507,0.001777271623723209,0.9926553964614868,0.1033729612827301,-0.07219171524047852,0.018314361572265625,-0.0769292563199997,-0.9084243774414062,0.0,0.06701469421386719,0.03052520751953125,0.1589980572462082,8.996337890625,0.0,0.29308176040649414,-0.0061054229736328125,0.280795693397522,-1.2014617919921875,0.0,0.23306608200073242,0.0061054229736328125,0.23505181074142456,-0.02930450439453125,0.0,-0.2658543586730957,0.07936477661132812,-0.119921013712883,14.271064758300781,0.0,-0.09462594985961914,0.0061054229736328125,-0.13912931084632874,-4.3076934814453125,0.0,-0.27314043045043945,-0.0061054229736328125,-0.2505912482738495,4.0732574462890625,0.0,-0.0325007438659668,0.03052520751953125,-0.13574208319187164,-10.578758239746094,0.0,-0.13431692123413086,0.0061054229736328125,-0.08605531603097916,4.893775939941406,0.0,0.3220353126525879,0.09157562255859375,0.3007364869117737,-2.373626708984375,0.0,-0.17861032485961914,-0.0061054229736328125,-0.10027626156806946,7.648353576660156,0.0,0.08446359634399414,-0.05494499206542969,0.13275828957557678,5.24542236328125,0.0,0.007765293121337891,-0.0061054229736328125,-4.889951358871998e-14,-0.4395599365234375,0.0,0.032265631484072486,0.04596467294426238,-2.4049813247654928e-14,-2.336882111158276,0.0,0.016046420521620745,0.07793260103700331,4.476386844748728e-14,-1.3075634391777713,0.0,-0.04342985153198242,-0.0061054229736328125,1.9182452888344415e-06,0.7325973510742188,0.0,-0.053592681884765625,-0.0061054229736328125,-2.2407120070511155e-07,0.9670333862304688,0.0,-0.01716136932373047,0.0061054229736328125,3.405082509289059e-07,0.4395599365234375,0.0,-0.030775070190429688,-0.0061054229736328125,-2.0088266410311917e-06,0.5567779541015625,0.0,-0.014476776123046875,0.0061054229736328125,-0.00041268885252065957,0.3223419189453125,0.0,-0.01049041748046875,-0.0073261260986328125,-0.00017520938126835972,0.16410446166992188,0.0,0.00820159912109375,-0.0073261260986328125,0.00022733259538654238,-0.1953601837158203,0.0,-0.0399785041809082,0.05494499206542969,3.1236535846801416e-07,0.7325973510742188,0.0,0.06068706512451172,-0.0061054229736328125,2.2407120070511155e-07,-1.3186798095703125,0.0,0.020804405212402344,0.0061054229736328125,-3.120010660495609e-06,-0.3223419189453125,0.0,-0.030775070190429688,0.018314361572265625,-7.266917236847803e-07,0.615386962890625,0.0,0.008532524108886719,0.0061054229736328125,-8.997350960271433e-05,-0.08791351318359375,0.0,0.01201629638671875,0.0073261260986328125,-0.00017520938126835972,-0.19536209106445312,0.0,-0.01125335693359375,-0.0073261260986328125,0.00049328658496961,0.1797332763671875,0.0,0.0001437664031982422,0.0030689239501953125,-1.8316918554544557e-22,0.0010989010334014893,0.0,0.0,0.0,6.805807845195446e-23,0.0,0.0,-0.02621443197131157,-0.051484379917383194,-0.13984455168247223,0.00815611518919468,-0.051484379917383194,-0.13984455168247223,0.00815611518919468
5.6601,1788396535.3652,settle,0,-0.008904,0.024203398875506977,-0.08439753902591499,0.004528993075883419,-0.061783868819475174,0.001979811117053032,0.992725133895874,0.10332229733467102,-0.07161664962768555,0.018314361572265625,-0.0769292563199997,-1.0256423950195312,0.0,0.06778192520141602,0.04273414611816406,0.1589980572462082,8.879119873046875,0.0,0.2928900718688965,-0.0061054229736328125,0.280795693397522,-1.2014617919921875,0.0,0.23325777053833008,0.0061054229736328125,0.23505181074142456,-0.02930450439453125,0.0,-0.26432037353515625,0.06715583801269531,-0.119921013712883,14.212455749511719,0.0,-0.09500932693481445,-0.0061054229736328125,-0.13912931084632874,-4.24908447265625,0.0,-0.2733325958251953,0.0061054229736328125,-0.2505912482738495,4.0146484375,0.0,-0.03192567825317383,0.03052520751953125,-0.13574208319187164,-10.813186645507812,0.0,-0.13431692123413086,0.0061054229736328125,-0.08605531603097916,4.9523773193359375,0.0,0.323760986328125,0.09157562255859375,0.3007364869117737,-2.4908447265625,0.0,-0.17841863632202148,-0.0061054229736328125,-0.10027626156806946,7.706962585449219,0.0,0.08350515365600586,-0.04273414611816406,0.13275828957557678,5.24542236328125,0.0,0.007765293121337891,-0.0061054229736328125,-4.889951358871998e-14,-0.3223419189453125,0.0,0.03313600013339268,0.03239463823645619,-2.4049813247654928e-14,-2.3309000543502845,0.0,0.01832708024994592,0.09337239659727695,4.476386844748728e-14,-1.5824963138829562,0.0,-0.04342985153198242,-0.0061054229736328125,1.9182452888344415e-06,0.7912063598632812,0.0,-0.05378437042236328,-0.0061054229736328125,-2.2407120070511155e-07,1.0256423950195312,0.0,-0.01716136932373047,0.0061054229736328125,3.405082509289059e-07,0.4395599365234375,0.0,-0.030775070190429688,-0.0061054229736328125,-2.0088266410311917e-06,0.4981689453125,0.0,-0.014476776123046875,0.0061054229736328125,-0.00041268885252065957,0.380950927734375,0.0,-0.01049041748046875,-0.0073261260986328125,-0.00017520938126835972,0.16410446166992188,0.0,0.00820159912109375,-0.0073261260986328125,0.00022733259538654238,-0.1953601837158203,0.0,-0.03902006149291992,0.05494499206542969,3.1236535846801416e-07,0.7325973510742188,0.0,0.06068706512451172,-0.0061054229736328125,2.2407120070511155e-07,-1.26007080078125,0.0,0.020804405212402344,0.0061054229736328125,-3.120010660495609e-06,-0.26373291015625,0.0,-0.03058338165283203,0.018314361572265625,-7.266917236847803e-07,0.6739959716796875,0.0,0.008340835571289062,0.0061054229736328125,-8.997350960271433e-05,-0.08791351318359375,0.0,0.01201629638671875,0.0073261260986328125,-0.00017520938126835972,-0.19536209106445312,0.0,-0.01125335693359375,-0.0073261260986328125,0.00049328658496961,0.1797332763671875,0.0,0.0001437664031982422,0.0030689239501953125,-1.8316918554544557e-22,0.0008547008037567139,0.0,0.0,0.0,6.805807845195446e-23,0.0,0.0,-0.02783655747771263,-0.06812271475791931,-0.11739353090524673,0.011376908980309963,-0.06812271475791931,-0.11739353090524673,0.011376908980309963
5.6803,1788396535.3847,settle,0,-0.008414,0.018667230004423264,-0.08950470801549516,0.007208519082801733,-0.06091668829321861,0.0021275272592902184,0.992788553237915,0.10322565585374832,-0.07142496109008789,0.018314361572265625,-0.0769292563199997,-1.1428604125976562,0.0,0.0687403678894043,0.04273414611816406,0.1589980572462082,8.351654052734375,0.0,0.29269838333129883,-0.0061054229736328125,0.280795693397522,-0.9084243774414062,0.0,0.23344945907592773,-0.0061054229736328125,0.23505181074142456,-0.14652252197265625,0.0,-0.2627859115600586,0.06715583801269531,-0.119921013712883,14.036628723144531,0.0,-0.09520149230957031,-0.0061054229736328125,-0.13912931084632874,-4.1904754638671875,0.0,-0.2733325958251953,0.0061054229736328125,-0.2505912482738495,4.1904754638671875,0.0,-0.031158447265625,0.04273414611816406,-0.13574208319187164,-10.695968627929688,0.0,-0.13431692123413086,0.0061054229736328125,-0.08605531603097916,5.0695953369140625,0.0,0.32529497146606445,0.07936477661132812,0.3007364869117737,-2.4908447265625,0.0,-0.17841863632202148,-0.0061054229736328125,-0.10027626156806946,7.706962585449219,0.0,0.08235454559326172,-0.05494499206542969,0.13275828957557678,5.421241760253906,0.0,0.007765293121337891,-0.0061054229736328125,-4.889951358871998e-14,-0.380950927734375,0.0,0.03329155446318163,0.050550594708978026,-2.4049813247654928e-14,-2.3281289710984865,0.0,0.02076199574842897,0.0627145882008377,4.476386844748728e-14,-1.5808178452243378,0.0,-0.04342985153198242,-0.0061054229736328125,1.9182452888344415e-06,0.7912063598632812,0.0,-0.05378437042236328,-0.018314361572265625,-2.2407120070511155e-07,1.0256423950195312,0.0,-0.01716136932373047,0.0061054229736328125,3.405082509289059e-07,0.4395599365234375,0.0,-0.030775070190429688,-0.0061054229736328125,-2.0088266410311917e-06,0.4981689453125,0.0,-0.014476776123046875,0.0061054229736328125,-0.00041268885252065957,0.3223419189453125,0.0,-0.01049041748046875,-0.0073261260986328125,-0.00017520938126835972,0.16410446166992188,0.0,0.00820159912109375,-0.0073261260986328125,0.00022733259538654238,-0.1797313690185547,0.0,-0.03806114196777344,0.03052520751953125,3.1236535846801416e-07,0.7325973510742188,0.0,0.06068706512451172,-0.0061054229736328125,2.2407120070511155e-07,-1.2014617919921875,0.0,0.020612716674804688,0.0061054229736328125,-3.120010660495609e-06,-0.3223419189453125,0.0,-0.030391693115234375,0.018314361572265625,-7.266917236847803e-07,0.6739959716796875,0.0,0.008340835571289062,0.0061054229736328125,-8.997350960271433e-05,-0.08791351318359375,0.0,0.01201629638671875,0.0073261260986328125,-0.00017520938126835972,-0.19536209106445312,0.0,-0.01125335693359375,-0.0073261260986328125,0.00049328658496961,0.1797332763671875,0.0,0.0001437664031982422,0.0030689239501953125,-1.8316918554544557e-22,0.0003663003444671631,0.0,0.0,0.0,6.805807845195446e-23,0.0,0.0,-0.029761238023638725,-0.042755018919706345,-0.14052189886569977,0.012917395681142807,-0.042755018919706345,-0.14052189886569977,0.012917395681142807
5.7001,1788396535.4045,settle,0,-0.007948,0.022220667121564577,-0.09669577559092712,0.009053971644483004,-0.06007445603609085,0.0022678286768496037,0.9928469061851501,0.10315453261137009,-0.07123327255249023,0.018314361572265625,-0.0769292563199997,-1.377288818359375,0.0,0.06950759887695312,0.04273414611816406,0.1589980572462082,8.4688720703125,0.0,0.29250669479370117,-0.0061054229736328125,0.280795693397522,-0.8498153686523438,0.0,0.2336411476135254,-0.0061054229736328125,0.23505181074142456,-0.14652252197265625,0.0,-0.261444091796875,0.07936477661132812,-0.119921013712883,13.978019714355469,0.0,-0.09558486938476562,-0.0061054229736328125,-0.13912931084632874,-4.1904754638671875,0.0,-0.27352428436279297,0.0061054229736328125,-0.2505912482738495,4.483512878417969,0.0,-0.03020000457763672,0.04273414611816406,-0.13574208319187164,-10.695968627929688,0.0,-0.13450908660888672,0.0061054229736328125,-0.08605531603097916,4.835166931152344,0.0,0.32702064514160156,0.09157562255859375,0.3007364869117737,-2.8424911499023438,0.0,-0.17841863632202148,-0.0061054229736328125,-0.10027626156806946,7.648353576660156,0.0,0.08120393753051758,-0.05494499206542969,0.13275828957557678,5.538459777832031,0.0,0.007765293121337891,-0.0061054229736328125,-4.889951358871998e-14,-0.5567779541015625,0.0,0.033449604266518926,0.010029435426732581,-2.4049813247654928e-14,-2.1570747775622117,0.0,0.023360141256243812,0.1499661849629717,4.476386844748728e-14,-2.272639353703462,0.0,-0.04342985153198242,-0.0061054229736328125,1.9182452888344415e-06,0.7912063598632812,0.0,-0.05378437042236328,-0.018314361572265625,-2.2407120070511155e-07,0.9670333862304688,0.0,-0.01716136932373047,0.0061054229736328125,3.405082509289059e-07,0.4395599365234375,0.0,-0.030775070190429688,-0.0061054229736328125,-2.0088266410311917e-06,0.4981689453125,0.0,-0.014476776123046875,0.0061054229736328125,-0.00041268885252065957,0.4395599365234375,0.0,-0.01049041748046875,0.0073261260986328125,-0.00017520938126835972,0.14847564697265625,0.0,0.00820159912109375,-0.0073261260986328125,0.00022733259538654238,-0.1953601837158203,0.0,-0.03786945343017578,0.0061054229736328125,3.1236535846801416e-07,0.8498153686523438,0.0,0.06049537658691406,-0.018314361572265625,2.2407120070511155e-07,-1.2014617919921875,0.0,0.020612716674804688,0.0061054229736328125,-3.120010660495609e-06,-0.380950927734375,0.0,-0.03020000457763672,0.0061054229736328125,-7.266917236847803e-07,0.615386962890625,0.0,0.008340835571289062,0.0061054229736328125,-8.997350960271433e-05,-0.08791351318359375,0.0,0.01201629638671875,0.0073261260986328125,-0.00017520938126835972,-0.19536209106445312,0.0,-0.01125335693359375,-0.0073261260986328125,0.00049328658496961,0.1797332763671875,0.0,0.0001437664031982422,0.0030689239501953125,-1.8316918554544557e-22,0.0010989010334014893,0.0,0.0,0.0,6.805807845195446e-23,0.0,0.0,-0.03187268227338791,-0.1266128569841385,-0.10789673775434494,0.017166743054986,-0.1266128569841385,-0.10789673775434494,0.017166743054986
5.7212,1788396535.4257,settle,0,-0.007337,0.024245100233107334,-0.09505722411836384,-0.0034583401599078416,-0.059035055339336395,0.002462536096572876,0.9929115176200867,0.10312789678573608,-0.07065773010253906,0.0061054229736328125,-0.0769292563199997,-1.377288818359375,0.0,0.07065773010253906,0.04273414611816406,0.1589980572462082,8.4688720703125,0.0,0.2923150062561035,0.0061054229736328125,0.280795693397522,-0.8498153686523438,0.0,0.23421669006347656,-0.0061054229736328125,0.23505181074142456,0.02930450439453125,0.0,-0.25991010665893555,0.06715583801269531,-0.119921013712883,13.802200317382812,0.0,-0.09577655792236328,-0.03052520751953125,-0.13912931084632874,-4.0146484375,0.0,-0.2737159729003906,0.0061054229736328125,-0.2505912482738495,4.24908447265625,0.0,-0.02943277359008789,0.04273414611816406,-0.13574208319187164,-10.871795654296875,0.0,-0.13450908660888672,0.0061054229736328125,-0.08605531603097916,5.0695953369140625,0.0,0.329129695892334,0.07936477661132812,0.3007364869117737,-3.1941375732421875,0.0,-0.17822694778442383,-0.0061054229736328125,-0.10027626156806946,7.706962585449219,0.0,0.08005380630493164,-0.04273414611816406,0.13275828957557678,5.597068786621094,0.0,0.007765293121337891,-0.0061054229736328125,-4.889951358871998e-14,-0.615386962890625,0.0,0.033326862218869116,0.0011630544756361706,-2.4049813247654928e-14,-1.9129283169078501,0.0,0.02660277491839499,0.1704792068064593,4.476386844748728e-14,-2.4803298023912035,0.0,-0.04342985153198242,-0.0061054229736328125,1.9182452888344415e-06,0.8498153686523438,0.0,-0.05378437042236328,-0.0061054229736328125,-2.2407120070511155e-07,1.0842514038085938,0.0,-0.01716136932373047,0.0061054229736328125,3.405082509289059e-07,0.4395599365234375,0.0,-0.030775070190429688,-0.0061054229736328125,-2.0088266410311917e-06,0.4981689453125,0.0,-0.014476776123046875,0.0061054229736328125,-0.00041268885252065957,0.3223419189453125,0.0,-0.01010894775390625,-0.0073261260986328125,-0.00017520938126835972,0.14847564697265625,0.0,0.00820159912109375,-0.0073261260986328125,0.00022733259538654238,-0.1797313690185547,0.0,-0.037677764892578125,-0.018314361572265625,3.1236535846801416e-07,0.7912063598632812,0.0,0.06049537658691406,-0.0061054229736328125,2.2407120070511155e-07,-1.26007080078125,0.0,0.020612716674804688,0.0061054229736328125,-3.120010660495609e-06,-0.3223419189453125,0.0,-0.03020000457763672,0.0061054229736328125,-7.266917236847803e-07,0.6739959716796875,0.0,0.008340835571289062,0.0061054229736328125,-8.997350960271433e-05,-0.14652252197265625,0.0,0.01201629638671875,0.0073261260986328125,-0.00017520938126835972,-0.19536209106445312,0.0,-0.01125335693359375,-0.0073261260986328125,0.00049328658496961,0.19536209106445312,0.0,0.0001437664031982422,0.0030689239501953125,-1.8316918554544557e-22,0.0013431012630462646,0.0,0.0,0.0,6.805807845195446e-23,0.0,0.0,-0.034483131021261215,-0.14560173451900482,-0.09722821414470673,0.00499576423317194,-0.14560173451900482,-0.09722821414470673,0.00499576423317194
5.7403,1788396535.4447,settle,0,-0.007026,0.02446926141489175,-0.09184809003768314,-0.007712610744369799,-0.058226149529218674,0.002538177417591214,0.9929505586624146,0.10321039706468582,-0.0704660415649414,0.0061054229736328125,-0.0769292563199997,-1.2014617919921875,0.0,0.0718083381652832,0.05494499206542969,0.1589980572462082,8.410263061523438,0.0,0.29212331771850586,0.0061054229736328125,0.280795693397522,-1.0256423950195312,0.0,0.2349834442138672,-0.0061054229736328125,0.23505181074142456,-0.02930450439453125,0.0,-0.2587594985961914,0.06715583801269531,-0.119921013712883,13.626373291015625,0.0,-0.0961599349975586,-0.018314361572265625,-0.13912931084632874,-4.131866455078125,0.0,-0.2737159729003906,0.0061054229736328125,-0.2505912482738495,4.24908447265625,0.0,-0.02847433090209961,0.04273414611816406,-0.13574208319187164,-10.930404663085938,0.0,-0.13450908660888672,0.0061054229736328125,-0.08605531603097916,4.776557922363281,0.0,0.33028078079223633,0.06715583801269531,0.3007364869117737,-3.3113555908203125,0.0,-0.17822694778442383,-0.0061054229736328125,-0.10027626156806946,7.589744567871094,0.0,0.07928609848022461,-0.04273414611816406,0.13275828957557678,5.655677795410156,0.0,0.007765293121337891,-0.0061054229736328125,-4.889951358871998e-14,-0.26373291015625,0.0,0.0332069808497594,-0.007827659229864737,-2.4049813247654928e-14,-1.8245770230737617,0.0,0.029845258885652266,0.17028684465637375,4.476386844748728e-14,-2.687220090548454,0.0,-0.04342985153198242,-0.0061054229736328125,1.9182452888344415e-06,0.7912063598632812,0.0,-0.05397653579711914,-0.0061054229736328125,-2.2407120070511155e-07,0.9670333862304688,0.0,-0.01716136932373047,0.0061054229736328125,3.405082509289059e-07,0.4395599365234375,0.0,-0.030775070190429688,-0.0061054229736328125,-2.0088266410311917e-06,0.5567779541015625,0.0,-0.014476776123046875,0.0061054229736328125,-0.00041268885252065957,0.380950927734375,0.0,-0.01010894775390625,-0.0073261260986328125,-0.00017520938126835972,0.14847564697265625,0.0,0.00820159912109375,-0.0073261260986328125,0.00022733259538654238,-0.1797313690185547,0.0,-0.03786945343017578,0.0061054229736328125,3.1236535846801416e-07,0.8498153686523438,0.0,0.06049537658691406,-0.0061054229736328125,2.2407120070511155e-07,-1.3186798095703125,0.0,0.02042102813720703,0.0061054229736328125,-3.120010660495609e-06,-0.3223419189453125,0.0,-0.03020000457763672,0.0061054229736328125,-7.266917236847803e-07,0.6739959716796875,0.0,0.008340835571289062,0.0061054229736328125,-8.997350960271433e-05,-0.08791351318359375,0.0,0.01201629638671875,0.0073261260986328125,-0.00017520938126835972,-0.19536209106445312,0.0,-0.01125335693359375,-0.0073261260986328125,0.00049328658496961,0.1797332763671875,0.0,0.0001437664031982422,0.0030689239501953125,-1.8316918554544557e-22,0.0008547008037567139,0.0,0.0,0.0,6.805807845195446e-23,0.0,0.0,-0.03739524632692337,-0.14542940258979797,-0.08488122373819351,0.0005024567944929004,-0.14542940258979797,-0.08488122373819351,0.0005024567944929004
5.7603,1788396535.4653,settle,0,-0.006662,0.02246240308594891,-0.0993426997207353,0.003721112756234874,-0.05727710202336311,0.0026206043548882008,0.9930061101913452,0.10320556163787842,-0.0700826644897461,0.0061054229736328125,-0.0769292563199997,-1.4945068359375,0.0,0.073150634765625,0.05494499206542969,0.1589980572462082,8.117218017578125,0.0,0.29212331771850586,0.0061054229736328125,0.280795693397522,-0.9084243774414062,0.0,0.23555898666381836,-0.0061054229736328125,0.23505181074142456,-0.3223419189453125,0.0,-0.2574172019958496,0.07936477661132812,-0.119921013712883,13.450546264648438,0.0,-0.0965433120727539,-0.018314361572265625,-0.13912931084632874,-3.9560470581054688,0.0,-0.2737159729003906,0.0061054229736328125,-0.2505912482738495,4.366302490234375,0.0,-0.027515411376953125,0.04273414611816406,-0.13574208319187164,-10.871795654296875,0.0,-0.13450908660888672,0.0061054229736328125,-0.08605531603097916,5.010986328125,0.0,0.33200645446777344,0.09157562255859375,0.3007364869117737,-3.369964599609375,0.0,-0.17822694778442383,-0.0061054229736328125,-0.10027626156806946,7.589744567871094,0.0,0.07851934432983398,-0.018314361572265625,0.13275828957557678,5.655677795410156,0.0,0.007765293121337891,-0.0061054229736328125,-4.889951358871998e-14,-0.380950927734375,0.0,0.033020338828005764,-0.007588756029154999,-2.4049813247654928e-14,-1.8883276980969388,0.0,0.03332886411331671,0.18059124335172128,4.476386844748728e-14,-3.031473392608849,0.0,-0.04342985153198242,-0.018314361572265625,1.9182452888344415e-06,0.7912063598632812,0.0,-0.05397653579711914,-0.0061054229736328125,-2.2407120070511155e-07,1.0842514038085938,0.0,-0.01716136932373047,0.0061054229736328125,3.405082509289059e-07,0.4395599365234375,0.0,-0.030775070190429688,-0.0061054229736328125,-2.0088266410311917e-06,0.4981689453125,0.0,-0.014285087585449219,0.0061054229736328125,-0.00041268885252065957,0.3223419189453125,0.0,-0.01010894775390625,0.0073261260986328125,-0.00017520938126835972,0.14847564697265625,0.0,0.00820159912109375,-0.0073261260986328125,0.00022733259538654238,-0.1953601837158203,0.0,-0.03786945343017578,0.018314361572265625,3.1236535846801416e-07,0.8498153686523438,0.0,0.060303688049316406,-0.0061054229736328125,2.2407120070511155e-07,-1.26007080078125,0.0,0.02042102813720703,0.0061054229736328125,-3.120010660495609e-06,-0.3223419189453125,0.0,-0.03020000457763672,0.0061054229736328125,-7.266917236847803e-07,0.615386962890625,0.0,0.008340835571289062,0.0061054229736328125,-8.997350960271433e-05,-0.08791351318359375,0.0,0.01201629638671875,0.0073261260986328125,-0.00017520938126835972,-0.19536209106445312,0.0,-0.01125335693359375,-0.0073261260986328125,0.00049328658496961,0.1797332763671875,0.0,0.0001437664031982422,0.0030689239501953125,-1.8316918554544557e-22,0.0006105005741119385,0.0,0.0,0.0,6.805807845195446e-23,0.0,0.0,-0.040493935346603394,-0.1573113650083542,-0.093047134578228,0.011734399013221264,-0.1573113650083542,-0.093047134578228,0.011734399013221264
5.7802,1788396535.4846,settle,0,-0.006378,0.027326718831843677,-0.1062524625836492,0.004218844560254423,-0.056285154074430466,0.0026562800630927086,0.9930670261383057,0.10316422581672668,-0.06969928741455078,0.018314361572265625,-0.0769292563199997,-1.4945068359375,0.0,0.0744924545288086,0.05494499206542969,0.1589980572462082,7.882781982421875,0.0,0.29212331771850586,0.0061054229736328125,0.280795693397522,-1.1428604125976562,0.0,0.23594236373901367,-0.0061054229736328125,0.23505181074142456,-0.20513153076171875,0.0,-0.25588321685791016,0.09157562255859375,-0.119921013712883,13.216117858886719,0.0,-0.09711885452270508,-0.018314361572265625,-0.13912931084632874,-4.0146484375,0.0,-0.2737159729003906,0.0061054229736328125,-0.2505912482738495,4.4249114990234375,0.0,-0.026556968688964844,0.05494499206542969,-0.13574208319187164,-11.282051086425781,0.0,-0.13450908660888672,-0.0061054229736328125,-0.08605531603097916,5.0695953369140625,0.0,0.33373212814331055,0.09157562255859375,0.3007364869117737,-3.6043930053710938,0.0,-0.17822694778442383,0.0061054229736328125,-0.10027626156806946,7.531135559082031,0.0,0.07794427871704102,-0.03052520751953125,0.13275828957557678,5.772895812988281,0.0,0.007765293121337891,-0.0061054229736328125,-4.889951358871998e-14,-0.26373291015625,0.0,0.03290733769849654,0.0016986527002039752,-2.4049813247654928e-14,-1.877537830474634,0.0,0.036732589302236655,0.18080854400588822,4.476386844748728e-14,-3.1683912911056966,0.0,-0.04362201690673828,-0.0061054229736328125,1.9182452888344415e-06,0.7912063598632812,0.0,-0.05397653579711914,-0.0061054229736328125,-2.2407120070511155e-07,1.0256423950195312,0.0,-0.01716136932373047,0.0061054229736328125,3.405082509289059e-07,0.4395599365234375,0.0,-0.030775070190429688,-0.0061054229736328125,-2.0088266410311917e-06,0.4981689453125,0.0,-0.014285087585449219,0.0061054229736328125,-0.00041268885252065957,0.380950927734375,0.0,-0.00972747802734375,0.0073261260986328125,-0.00017520938126835972,0.14847564697265625,0.0,0.00820159912109375,-0.0073261260986328125,0.00022733259538654238,-0.1953601837158203,0.0,-0.03786945343017578,0.0061054229736328125,3.1236535846801416e-07,0.8498153686523438,0.0,0.060303688049316406,-0.0061054229736328125,2.2407120070511155e-07,-1.3186798095703125,0.0,0.02042102813720703,0.0061054229736328125,-3.120010660495609e-06,-0.380950927734375,0.0,-0.03000783920288086,0.0061054229736328125,-7.266917236847803e-07,0.6739959716796875,0.0,0.008340835571289062,0.0061054229736328125,-8.997350960271433e-05,-0.08791351318359375,0.0,0.01201629638671875,0.0073261260986328125,-0.00017520938126835972,-0.19536209106445312,0.0,-0.01125335693359375,-0.0073261260986328125,0.00049328658496961,0.1797332763671875,0.0,0.0001437664031982422,0.0030689239501953125,-1.8316918554544557e-22,0.0010989010334014893,0.0,0.0,0.0,6.805807845195446e-23,0.0,0.0,-0.04359224811196327,-0.15254487097263336,-0.10922221094369888,0.011468968354165554,-0.15254487097263336,-0.10922221094369888,0.011468968354165554
5.8001,1788396535.5045,settle,0,-0.005986,0.023313251845310204,-0.11051731533232935,-0.0037307976640311106,-0.05532361567020416,0.002751351101323962,0.9931215643882751,0.10315679013729095,-0.06931591033935547,0.018314361572265625,-0.0769292563199997,-1.4945068359375,0.0,0.07583475112915039,0.07936477661132812,0.1589980572462082,7.76556396484375,0.0,0.29212331771850586,0.0061054229736328125,0.280795693397522,-1.0256423950195312,0.0,0.23651742935180664,-0.0061054229736328125,0.23505181074142456,-0.4395599365234375,0.0,-0.25415754318237305,0.07936477661132812,-0.119921013712883,13.098899841308594,0.0,-0.09750223159790039,-0.03052520751953125,-0.13912931084632874,-3.8388290405273438,0.0,-0.2737159729003906,0.0061054229736328125,-0.2505912482738495,4.3076934814453125,0.0,-0.025406360626220703,0.05494499206542969,-0.13574208319187164,-11.457878112792969,0.0,-0.13470077514648438,0.0061054229736328125,-0.08605531603097916,5.0695953369140625,0.0,0.33545780181884766,0.09157562255859375,0.3007364869117737,-3.7802200317382812,0.0,-0.17784357070922852,0.0061054229736328125,-0.10027626156806946,7.589744567871094,0.0,0.07679367065429688,-0.04273414611816406,0.13275828957557678,5.890106201171875,0.0,0.007765293121337891,-0.0061054229736328125,-4.889951358871998e-14,-0.380950927734375,0.0,0.032578262593156986,-0.0029925658781362317,-2.4049813247654928e-14,-1.8670579696871867,0.0,0.039724375700337954,0.15483230597534678,4.476386844748728e-14,-3.306022013166004,0.0,-0.04362201690673828,-0.0061054229736328125,1.9182452888344415e-06,0.7912063598632812,0.0,-0.05397653579711914,-0.0061054229736328125,-2.2407120070511155e-07,1.0256423950195312,0.0,-0.01716136932373047,0.0061054229736328125,3.405082509289059e-07,0.380950927734375,0.0,-0.030775070190429688,-0.0061054229736328125,-2.0088266410311917e-06,0.5567779541015625,0.0,-0.014285087585449219,0.0061054229736328125,-0.00041268885252065957,0.380950927734375,0.0,-0.00972747802734375,-0.0073261260986328125,-0.00017520938126835972,0.14847564697265625,0.0,0.00820159912109375,-0.0073261260986328125,0.00022733259538654238,-0.1797313690185547,0.0,-0.03786945343017578,0.0061054229736328125,3.1236535846801416e-07,0.8498153686523438,0.0,0.060303688049316406,-0.0061054229736328125,2.2407120070511155e-07,-1.3186798095703125,0.0,0.02042102813720703,0.0061054229736328125,-3.120010660495609e-06,-0.3223419189453125,0.0,-0.03000783920288086,0.0061054229736328125,-7.266917236847803e-07,0.6739959716796875,0.0,0.008340835571289062,0.0061054229736328125,-8.997350960271433e-05,-0.08791351318359375,0.0,0.01201629638671875,0.0073261260986328125,-0.00017520938126835972,-0.19536209106445312,0.0,-0.01125335693359375,-0.0073261260986328125,0.00049328658496961,0.1797332763671875,0.0,0.0001437664031982422,0.0030689239501953125,-1.8316918554544557e-22,0.0008547008037567139,0.0,0.0,0.0,6.805807845195446e-23,0.0,0.0,-0.04617540165781975,-0.1308765560388565,-0.10830894857645035,0.0022767032496631145,-0.1308765560388565,-0.10830894857645035,0.0022767032496631145
5.8214,1788396535.5257,settle,0,-0.005512,0.027161251223771093,-0.11929631767485628,0.002092666341540192,-0.05404370650649071,0.0028560678474605083,0.9931885600090027,0.10318689793348312,-0.0687403678894043,0.03052520751953125,-0.0769292563199997,-1.8461532592773438,0.0,0.07736921310424805,0.05494499206542969,0.1589980572462082,7.355308532714844,0.0,0.2919316291809082,0.0061054229736328125,0.280795693397522,-1.2014617919921875,0.0,0.23690080642700195,-0.0061054229736328125,0.23505181074142456,-0.14652252197265625,0.0,-0.2520484924316406,0.10378456115722656,-0.119921013712883,12.805862426757812,0.0,-0.09807729721069336,-0.03052520751953125,-0.13912931084632874,-3.8388290405273438,0.0,-0.2737159729003906,0.0061054229736328125,-0.2505912482738495,4.4249114990234375,0.0,-0.024064064025878906,0.05494499206542969,-0.13574208319187164,-11.457878112792969,0.0,-0.13489246368408203,0.0061054229736328125,-0.08605531603097916,5.1868133544921875,0.0,0.33718347549438477,0.09157562255859375,0.3007364869117737,-3.8388290405273438,0.0,-0.1774601936340332,0.018314361572265625,-0.10027626156806946,7.472526550292969,0.0,0.07583475112915039,-0.05494499206542969,0.13275828957557678,6.00732421875,0.0,0.007765293121337891,-0.0061054229736328125,-4.889951358871998e-14,-0.380950927734375,0.0,0.03240176171077438,-0.0025082562629944525,-2.4049813247654928e-14,-1.8502121542352847,0.0,0.043368259395816504,0.185814284224865,4.476386844748728e-14,-3.5815323254927973,0.0,-0.04381370544433594,-0.0061054229736328125,1.9182452888344415e-06,0.8498153686523438,0.0,-0.05397653579711914,-0.0061054229736328125,-2.2407120070511155e-07,0.9670333862304688,0.0,-0.01716136932373047,0.0061054229736328125,3.405082509289059e-07,0.380950927734375,0.0,-0.030775070190429688,-0.0061054229736328125,-2.0088266410311917e-06,0.4981689453125,0.0,-0.014285087585449219,0.0061054229736328125,-0.00041268885252065957,0.3223419189453125,0.0,-0.00972747802734375,-0.0073261260986328125,-0.00017520938126835972,0.13284683227539062,0.0,0.00820159912109375,-0.0073261260986328125,0.00022733259538654238,-0.1797313690185547,0.0,-0.03786945343017578,0.0061054229736328125,3.1236535846801416e-07,0.7912063598632812,0.0,0.060303688049316406,-0.0061054229736328125,2.2407120070511155e-07,-1.26007080078125,0.0,0.02042102813720703,0.0061054229736328125,-3.120010660495609e-06,-0.380950927734375,0.0,-0.03000783920288086,0.0061054229736328125,-7.266917236847803e-07,0.6739959716796875,0.0,0.008340835571289062,0.0061054229736328125,-8.997350960271433e-05,-0.02930450439453125,0.0,0.01201629638671875,0.0073261260986328125,-0.00017520938126835972,-0.19536209106445312,0.0,-0.01125335693359375,-0.0073261260986328125,0.00049328658496961,0.1797332763671875,0.0,0.0001437664031982422,0.0030689239501953125,-1.8316918554544557e-22,0.0008547008037567139,0.0,0.0,0.0,6.805807845195446e-23,0.0,0.0,-0.04932211712002754,-0.15775808691978455,-0.11799520254135132,0.00816542562097311,-0.15775808691978455,-0.11799520254135132,0.00816542562097311
5.8410,1788396535.5452,settle,0,-0.005133,0.022826174246096922,-0.11265232164397544,-0.0016079637410646654,-0.053043629974126816,0.0029399634804576635,0.9932443499565125,0.10316652804613113,-0.06816530227661133,0.0061054229736328125,-0.0769292563199997,-1.7875442504882812,0.0,0.0789031982421875,0.06715583801269531,0.1589980572462082,7.413917541503906,0.0,0.2919316291809082,0.0061054229736328125,0.280795693397522,-0.9670333862304688,0.0,0.23690080642700195,-0.0061054229736328125,0.23505181074142456,-0.3223419189453125,0.0,-0.25013113021850586,0.11599540710449219,-0.119921013712883,12.688644409179688,0.0,-0.09865283966064453,-0.018314361572265625,-0.13912931084632874,-3.8974380493164062,0.0,-0.2739076614379883,-0.0061054229736328125,-0.2505912482738495,4.483512878417969,0.0,-0.022913455963134766,0.06715583801269531,-0.13574208319187164,-11.633697509765625,0.0,-0.1350841522216797,-0.0061054229736328125,-0.08605531603097916,5.010986328125,0.0,0.3387174606323242,0.07936477661132812,0.3007364869117737,-4.0146484375,0.0,-0.17688465118408203,0.03052520751953125,-0.10027626156806946,7.355308532714844,0.0,0.07506799697875977,-0.03052520751953125,0.13275828957557678,6.0659332275390625,0.0,0.007765293121337891,-0.0061054229736328125,-4.889951358871998e-14,-0.4395599365234375,0.0,0.03207579392161671,0.006390052860487458,-2.4049813247654928e-14,-1.8431316580297126,0.0,0.046195875291330964,0.15509136156825645,4.476386844748728e-14,-3.5807162510971406,0.0,-0.04381370544433594,-0.0061054229736328125,1.9182452888344415e-06,0.8498153686523438,0.0,-0.05397653579711914,-0.0061054229736328125,-2.2407120070511155e-07,1.0842514038085938,0.0,-0.01716136932373047,0.0061054229736328125,3.405082509289059e-07,0.380950927734375,0.0,-0.030775070190429688,-0.0061054229736328125,-2.0088266410311917e-06,0.5567779541015625,0.0,-0.014285087585449219,0.0061054229736328125,-0.00041268885252065957,0.380950927734375,0.0,-0.00934600830078125,-0.0073261260986328125,-0.00017520938126835972,0.13284683227539062,0.0,0.00820159912109375,-0.0073261260986328125,0.00022733259538654238,-0.1797313690185547,0.0,-0.03786945343017578,0.0061054229736328125,3.1236535846801416e-07,0.7912063598632812,0.0,0.060303688049316406,-0.0061054229736328125,2.2407120070511155e-07,-1.3186798095703125,0.0,0.020229339599609375,0.0061054229736328125,-3.120010660495609e-06,-0.3223419189453125,0.0,-0.03000783920288086,0.0061054229736328125,-7.266917236847803e-07,0.6739959716796875,0.0,0.008340835571289062,0.0061054229736328125,-8.997350960271433e-05,-0.14652252197265625,0.0,0.01201629638671875,0.0073261260986328125,-0.00017520938126835972,-0.19536209106445312,0.0,-0.01125335693359375,-0.0073261260986328125,0.00049328658496961,0.1797332763671875,0.0,0.0001437664031982422,0.0030689239501953125,-1.8316918554544557e-22,0.0008547008037567139,0.0,0.0,0.0,6.805807845195446e-23,0.0,0.0,-0.051755160093307495,-0.131488636136055,-0.11987259238958359,0.0035422383807599545,-0.131488636136055,-0.11987259238958359,0.0035422383807599545
5.8601,1788396535.5649,settle,0,-0.004770,0.022739683928507396,-0.10147600826718645,0.002117247786535409,-0.05203675478696823,0.00301714101806283,0.9932960271835327,0.10317965596914291,-0.06797361373901367,-0.0061054229736328125,-0.0769292563199997,-1.6703262329101562,0.0,0.08043718338012695,0.07936477661132812,0.1589980572462082,7.296699523925781,0.0,0.2919316291809082,0.0061054229736328125,0.280795693397522,-1.0256423950195312,0.0,0.2370924949645996,-0.0061054229736328125,0.23505181074142456,-0.380950927734375,0.0,-0.24783039093017578,0.11599540710449219,-0.119921013712883,12.336997985839844,0.0,-0.09884452819824219,-0.018314361572265625,-0.13912931084632874,-3.8388290405273438,0.0,-0.2739076614379883,-0.018314361572265625,-0.2505912482738495,4.1904754638671875,0.0,-0.021379947662353516,0.06715583801269531,-0.13574208319187164,-11.575088500976562,0.0,-0.13527584075927734,-0.0061054229736328125,-0.08605531603097916,5.1868133544921875,0.0,0.3396759033203125,0.05494499206542969,0.3007364869117737,-4.0732574462890625,0.0,-0.1761178970336914,0.04273414611816406,-0.10027626156806946,7.1794891357421875,0.0,0.07430076599121094,-0.03052520751953125,0.13275828957557678,6.124542236328125,0.0,0.007765293121337891,-0.0061054229736328125,-4.889951358871998e-14,-0.26373291015625,0.0,0.03210300601274688,0.005969101692934313,-2.4049813247654928e-14,-1.918187776034757,0.0,0.04846693368703473,0.1137929795390908,4.476386844748728e-14,-3.5090597558811747,0.0,-0.04381370544433594,-0.0061054229736328125,1.9182452888344415e-06,0.7912063598632812,0.0,-0.05397653579711914,-0.0061054229736328125,-2.2407120070511155e-07,1.0256423950195312,0.0,-0.01716136932373047,0.0061054229736328125,3.405082509289059e-07,0.380950927734375,0.0,-0.030775070190429688,-0.0061054229736328125,-2.0088266410311917e-06,0.5567779541015625,0.0,-0.014285087585449219,0.0061054229736328125,-0.00041268885252065957,0.380950927734375,0.0,-0.00934600830078125,-0.0073261260986328125,-0.00017520938126835972,0.14847564697265625,0.0,0.00820159912109375,-0.0073261260986328125,0.00022733259538654238,-0.1953601837158203,0.0,-0.03786945343017578,0.0061054229736328125,3.1236535846801416e-07,0.7912063598632812,0.0,0.060303688049316406,-0.0061054229736328125,2.2407120070511155e-07,-1.26007080078125,0.0,0.020229339599609375,0.0061054229736328125,-3.120010660495609e-06,-0.26373291015625,0.0,-0.03000783920288086,0.0061054229736328125,-7.266917236847803e-07,0.6739959716796875,0.0,0.008340835571289062,0.0061054229736328125,-8.997350960271433e-05,-0.02930450439453125,0.0,0.01201629638671875,0.0073261260986328125,-0.00017520938126835972,-0.19536209106445312,0.0,-0.01125335693359375,-0.0073261260986328125,0.00049328658496961,0.1797332763671875,0.0,0.0001437664031982422,0.0030689239501953125,-1.8316918554544557e-22,0.0006105005741119385,0.0,0.0,0.0,6.805807845195446e-23,0.0,0.0,-0.05364513769745827,-0.09025935083627701,-0.10813266783952713,0.0062279049307107925,-0.09025935083627701,-0.10813266783952713,0.0062279049307107925
5.8811,1788396535.5857,settle,0,-0.004396,0.022125835700217138,-0.09825452377695049,-0.006380542299896099,-0.05107171833515167,0.0031055507715791464,0.993341863155365,0.10321785509586334,-0.06797361373901367,-0.0061054229736328125,-0.0769292563199997,-1.611724853515625,0.0,0.08216285705566406,0.07936477661132812,0.1589980572462082,7.1794891357421875,0.0,0.2919316291809082,0.0061054229736328125,0.280795693397522,-1.1428604125976562,0.0,0.2370924949645996,-0.0061054229736328125,0.23505181074142456,-0.380950927734375,0.0,-0.24533748626708984,0.128204345703125,-0.119921013712883,12.043952941894531,0.0,-0.09961128234863281,-0.03052520751953125,-0.13912931084632874,-3.7216110229492188,0.0,-0.27448272705078125,-0.018314361572265625,-0.2505912482738495,4.600730895996094,0.0,-0.019654273986816406,0.07936477661132812,-0.13574208319187164,-12.278388977050781,0.0,-0.135467529296875,0.0061054229736328125,-0.08605531603097916,5.0695953369140625,0.0,0.34082651138305664,0.04273414611816406,0.3007364869117737,-4.0732574462890625,0.0,-0.1747756004333496,0.05494499206542969,-0.10027626156806946,7.003662109375,0.0,0.07353401184082031,-0.04273414611816406,0.13275828957557678,6.24176025390625,0.0,0.007765293121337891,-0.0061054229736328125,-4.889951358871998e-14,-0.5567779541015625,0.0,0.03241859694873418,0.024166977985379184,-2.4049813247654928e-14,-2.150204541570437,0.0,0.050748486888345185,0.10415250484368566,4.476386844748728e-14,-3.434602725177693,0.0,-0.04381370544433594,-0.0061054229736328125,1.9182452888344415e-06,0.7912063598632812,0.0,-0.05397653579711914,-0.0061054229736328125,-2.2407120070511155e-07,0.9670333862304688,0.0,-0.01716136932373047,0.0061054229736328125,3.405082509289059e-07,0.380950927734375,0.0,-0.030775070190429688,-0.0061054229736328125,-2.0088266410311917e-06,0.4981689453125,0.0,-0.014285087585449219,0.0061054229736328125,-0.00041268885252065957,0.3223419189453125,0.0,-0.00934600830078125,-0.0073261260986328125,-0.00017520938126835972,0.14847564697265625,0.0,0.00820159912109375,-0.0073261260986328125,0.00022733259538654238,-0.1953601837158203,0.0,-0.03786945343017578,0.018314361572265625,3.1236535846801416e-07,0.7325973510742188,0.0,0.060303688049316406,-0.0061054229736328125,2.2407120070511155e-07,-1.3186798095703125,0.0,0.020229339599609375,-0.0061054229736328125,-3.120010660495609e-06,-0.26373291015625,0.0,-0.03000783920288086,0.0061054229736328125,-7.266917236847803e-07,0.6739959716796875,0.0,0.008340835571289062,0.0061054229736328125,-8.997350960271433e-05,0.08791351318359375,0.0,0.01201629638671875,0.0073261260986328125,-0.00017520938126835972,-0.19536209106445312,0.0,-0.01125335693359375,-0.0073261260986328125,0.00049328658496961,0.1797332763671875,0.0,0.0001437664031982422,0.0030689239501953125,-1.8316918554544557e-22,0.0010989010334014893,0.0,0.0,0.0,6.805807845195446e-23,0.0,0.0,-0.055532023310661316,-0.08140204846858978,-0.12260714173316956,-0.0025863423943519592,-0.08140204846858978,-0.12260714173316956,-0.0025863423943519592
5.9011,1788396535.6054,settle,0,-0.003924,0.022964223778509305,-0.10013240188534944,-0.003993362721046631,-0.050014253705739975,0.003235006472095847,0.993387758731842,0.10329079627990723,-0.06797361373901367,-0.018314361572265625,-0.0769292563199997,-1.8461532592773438,0.0,0.08408021926879883,0.07936477661132812,0.1589980572462082,7.003662109375,0.0,0.2919316291809082,0.0061054229736328125,0.280795693397522,-1.1428604125976562,0.0,0.2370924949645996,-0.0061054229736328125,0.23505181074142456,-0.26373291015625,0.0,-0.24265336990356445,0.128204345703125,-0.119921013712883,11.809524536132812,0.0,-0.10018634796142578,-0.03052520751953125,-0.13912931084632874,-3.6630020141601562,0.0,-0.2752499580383301,-0.04273414611816406,-0.2505912482738495,4.659339904785156,0.0,-0.018120288848876953,0.06715583801269531,-0.13574208319187164,-12.161170959472656,0.0,-0.13565921783447266,-0.0061054229736328125,-0.08605531603097916,5.0695953369140625,0.0,0.3417854309082031,0.05494499206542969,0.3007364869117737,-4.24908447265625,0.0,-0.1734328269958496,0.05494499206542969,-0.10027626156806946,7.003662109375,0.0,0.07238340377807617,-0.04273414611816406,0.13275828957557678,6.417579650878906,0.0,0.007765293121337891,-0.0061054229736328125,-4.889951358871998e-14,-0.380950927734375,0.0,0.03315688144004075,0.03757117155061849,-2.4049813247654928e-14,-2.3029623608345364,0.0,0.05239798883930012,0.07888897893618083,4.476386844748728e-14,-3.4296512568608772,0.0,-0.04381370544433594,-0.0061054229736328125,1.9182452888344415e-06,0.7325973510742188,0.0,-0.05397653579711914,-0.018314361572265625,-2.2407120070511155e-07,0.9670333862304688,0.0,-0.01716136932373047,0.0061054229736328125,3.405082509289059e-07,0.380950927734375,0.0,-0.030775070190429688,-0.0061054229736328125,-2.0088266410311917e-06,0.4981689453125,0.0,-0.014285087585449219,0.0061054229736328125,-0.00041268885252065957,0.3223419189453125,0.0,-0.00934600830078125,-0.0073261260986328125,-0.00017520938126835972,0.14847564697265625,0.0,0.00820159912109375,-0.0073261260986328125,0.00022733259538654238,-0.1953601837158203,0.0,-0.03786945343017578,0.0061054229736328125,3.1236535846801416e-07,0.8498153686523438,0.0,0.060303688049316406,-0.0061054229736328125,2.2407120070511155e-07,-1.26007080078125,0.0,0.02003765106201172,-0.0061054229736328125,-3.120010660495609e-06,-0.3223419189453125,0.0,-0.03000783920288086,0.0061054229736328125,-7.266917236847803e-07,0.6739959716796875,0.0,0.008340835571289062,0.0061054229736328125,-8.997350960271433e-05,-0.08791351318359375,0.0,0.01201629638671875,0.0073261260986328125,-0.00017520938126835972,-0.19536209106445312,0.0,-0.01125335693359375,-0.0073261260986328125,0.00049328658496961,0.1797332763671875,0.0,0.0001437664031982422,0.0030689239501953125,-1.8316918554544557e-22,0.0008547008037567139,0.0,0.0,0.0,6.805807845195446e-23,0.0,0.0,-0.056685466319322586,-0.05513177067041397,-0.1377892643213272,-0.0012677698396146297,-0.05513177067041397,-0.1377892643213272,-0.0012677698396146297
5.9203,1788396535.6246,settle,0,-0.003522,0.019908535630293003,-0.09374166415175673,-0.01592847987216971,-0.0491570308804512,0.0033511482179164886,0.9934218525886536,0.10337001830339432,-0.06797361373901367,-0.018314361572265625,-0.0769292563199997,-1.7289352416992188,0.0,0.08542251586914062,0.07936477661132812,0.1589980572462082,6.8278350830078125,0.0,0.2919316291809082,0.0061054229736328125,0.280795693397522,-0.9670333862304688,0.0,0.2370924949645996,-0.0061054229736328125,0.23505181074142456,-0.20513153076171875,0.0,-0.24054384231567383,0.128204345703125,-0.119921013712883,11.575088500976562,0.0,-0.10076189041137695,-0.0061054229736328125,-0.13912931084632874,-3.6630020141601562,0.0,-0.2760167121887207,-0.04273414611816406,-0.2505912482738495,4.893775939941406,0.0,-0.016777515411376953,0.06715583801269531,-0.13574208319187164,-12.395606994628906,0.0,-0.13565921783447266,0.0061054229736328125,-0.08605531603097916,5.128204345703125,0.0,0.3427438735961914,0.06715583801269531,0.3007364869117737,-4.366302490234375,0.0,-0.17228269577026367,0.05494499206542969,-0.10027626156806946,6.769233703613281,0.0,0.07161664962768555,-0.04273414611816406,0.13275828957557678,6.476188659667969,0.0,0.007765293121337891,-0.0061054229736328125,-4.889951358871998e-14,-0.20513153076171875,0.0,0.03403283737155822,0.046454060820202675,-2.4049813247654928e-14,-2.537792769240906,0.0,0.0535667700241698,0.05861549175197212,4.476386844748728e-14,-3.354336926972043,0.0,-0.04381370544433594,-0.0061054229736328125,1.9182452888344415e-06,0.7912063598632812,0.0,-0.0541682243347168,-0.018314361572265625,-2.2407120070511155e-07,1.0256423950195312,0.0,-0.01716136932373047,0.0061054229736328125,3.405082509289059e-07,0.380950927734375,0.0,-0.030775070190429688,-0.0061054229736328125,-2.0088266410311917e-06,0.4981689453125,0.0,-0.014285087585449219,0.0061054229736328125,-0.00041268885252065957,0.3223419189453125,0.0,-0.00934600830078125,-0.0073261260986328125,-0.00017520938126835972,0.14847564697265625,0.0,0.00820159912109375,-0.0073261260986328125,0.00022733259538654238,-0.1797313690185547,0.0,-0.03786945343017578,0.0061054229736328125,3.1236535846801416e-07,0.7912063598632812,0.0,0.06011199951171875,-0.04273414611816406,2.2407120070511155e-07,-1.1428604125976562,0.0,0.019845962524414062,-0.0061054229736328125,-3.120010660495609e-06,-0.3223419189453125,0.0,-0.03000783920288086,0.0061054229736328125,-7.266917236847803e-07,0.6739959716796875,0.0,0.008340835571289062,0.0061054229736328125,-8.997350960271433e-05,-0.02930450439453125,0.0,0.01201629638671875,0.0073261260986328125,-0.00017520938126835972,-0.19536209106445312,0.0,-0.01087188720703125,-0.0073261260986328125,0.00049328658496961,0.1797332763671875,0.0,0.0001437664031982422,0.0030689239501953125,-1.8316918554544557e-22,0.0008547008037567139,0.0,0.0,0.0,6.805807845195446e-23,0.0,0.0,-0.057429250329732895,-0.03831436112523079,-0.1395101696252823,-0.01349007710814476,-0.03831436112523079,-0.1395101696252823,-0.01349007710814476
5.9401,1788396535.6446,settle,0,-0.003119,0.01379734658737455,-0.08556795671311278,-0.0025945854722326735,-0.04823971539735794,0.0034620831720530987,0.993455171585083,0.10347811877727509,-0.06816530227661133,-0.03052520751953125,-0.0769292563199997,-1.5531158447265625,0.0,0.08733987808227539,0.07936477661132812,0.1589980572462082,6.593406677246094,0.0,0.2919316291809082,0.0061054229736328125,0.280795693397522,-1.0842514038085938,0.0,0.2370924949645996,-0.0061054229736328125,0.23505181074142456,-0.3223419189453125,0.0,-0.23824310302734375,0.11599540710449219,-0.119921013712883,11.340660095214844,0.0,-0.10114526748657227,-0.0061054229736328125,-0.13912931084632874,-3.6043930053710938,0.0,-0.2769756317138672,-0.03052520751953125,-0.2505912482738495,4.893775939941406,0.0,-0.0152435302734375,0.07936477661132812,-0.13574208319187164,-12.571426391601562,0.0,-0.1358509063720703,0.0061054229736328125,-0.08605531603097916,5.24542236328125,0.0,0.3437027931213379,0.04273414611816406,0.3007364869117737,-4.366302490234375,0.0,-0.17094039916992188,0.06715583801269531,-0.10027626156806946,6.652015686035156,0.0,0.07084941864013672,-0.018314361572265625,0.13275828957557678,6.417579650878906,0.0,0.00795745849609375,-0.0061054229736328125,-4.889951358871998e-14,-0.4395599365234375,0.0,0.03469093420703706,0.03240987530009565,-2.4049813247654928e-14,-2.3788447702049518,0.0,0.054485144437407824,0.032270115435611195,4.476386844748728e-14,-3.3542724459451017,0.0,-0.04381370544433594,-0.0061054229736328125,1.9182452888344415e-06,0.7325973510742188,0.0,-0.0541682243347168,-0.018314361572265625,-2.2407120070511155e-07,1.0256423950195312,0.0,-0.01716136932373047,0.0061054229736328125,3.405082509289059e-07,0.4395599365234375,0.0,-0.030775070190429688,-0.0061054229736328125,-2.0088266410311917e-06,0.5567779541015625,0.0,-0.014285087585449219,0.0061054229736328125,-0.00041268885252065957,0.380950927734375,0.0,-0.00934600830078125,-0.0073261260986328125,-0.00017520938126835972,0.14847564697265625,0.0,0.00820159912109375,-0.0073261260986328125,0.00022733259538654238,-0.1797313690185547,0.0,-0.03786945343017578,0.0061054229736328125,3.1236535846801416e-07,0.9084243774414062,0.0,0.05953693389892578,-0.04273414611816406,2.2407120070511155e-07,-1.2014617919921875,0.0,0.019845962524414062,0.0061054229736328125,-3.120010660495609e-06,-0.3223419189453125,0.0,-0.03000783920288086,0.0061054229736328125,-7.266917236847803e-07,0.6739959716796875,0.0,0.008340835571289062,0.0061054229736328125,-8.997350960271433e-05,-0.08791351318359375,0.0,0.01201629638671875,0.0073261260986328125,-0.00017520938126835972,-0.19536209106445312,0.0,-0.01087188720703125,-0.0073261260986328125,0.00049328658496961,0.1797332763671875,0.0,0.0001437664031982422,0.0030689239501953125,-1.8316918554544557e-22,0.0006105005741119385,0.0,0.0,0.0,6.805807845195446e-23,0.0,0.0,-0.05793767794966698,-0.01777588203549385,-0.11785473674535751,-0.000500116846524179,-0.01777588203549385,-0.11785473674535751,-0.000500116846524179
5.9602,1788396535.6649,settle,0,-0.002750,0.01985887391774683,-0.08840667837567709,-0.016202494181203647,-0.04733560234308243,0.003557264804840088,0.9934879541397095,0.10357792675495148,-0.06854867935180664,-0.018314361572265625,-0.0769292563199997,-1.4358978271484375,0.0,0.0890655517578125,0.06715583801269531,0.1589980572462082,6.3003692626953125,0.0,0.29173946380615234,0.0061054229736328125,0.280795693397522,-0.9670333862304688,0.0,0.2370924949645996,-0.0061054229736328125,0.23505181074142456,-0.3223419189453125,0.0,-0.23575067520141602,0.128204345703125,-0.119921013712883,11.106224060058594,0.0,-0.10152864456176758,-0.0061054229736328125,-0.13912931084632874,-3.6043930053710938,0.0,-0.27755069732666016,-0.03052520751953125,-0.2505912482738495,5.128204345703125,0.0,-0.013709545135498047,0.06715583801269531,-0.13574208319187164,-12.74725341796875,0.0,-0.1358509063720703,0.0061054229736328125,-0.08605531603097916,4.893775939941406,0.0,0.34427785873413086,0.03052520751953125,0.3007364869117737,-4.366302490234375,0.0,-0.16959810256958008,0.06715583801269531,-0.10027626156806946,6.417579650878906,0.0,0.07065773010253906,-0.0061054229736328125,0.13275828957557678,6.417579650878906,0.0,0.00795745849609375,-0.0061054229736328125,-4.889951358871998e-14,-0.4395599365234375,0.0,0.03548594819005951,0.04576454248883247,-2.4049813247654928e-14,-2.620733508620407,0.0,0.05492162647795531,0.006925198993026102,4.476386844748728e-14,-3.141447142110816,0.0,-0.04381370544433594,-0.0061054229736328125,1.9182452888344415e-06,0.7912063598632812,0.0,-0.05435991287231445,-0.018314361572265625,-2.2407120070511155e-07,0.9670333862304688,0.0,-0.01716136932373047,0.0061054229736328125,3.405082509289059e-07,0.4395599365234375,0.0,-0.030775070190429688,-0.0061054229736328125,-2.0088266410311917e-06,0.4981689453125,0.0,-0.014285087585449219,0.0061054229736328125,-0.00041268885252065957,0.3223419189453125,0.0,-0.00934600830078125,-0.0073261260986328125,-0.00017520938126835972,0.13284683227539062,0.0,0.00820159912109375,-0.0073261260986328125,0.00022733259538654238,-0.1797313690185547,0.0,-0.03786945343017578,0.018314361572265625,3.1236535846801416e-07,0.7325973510742188,0.0,0.05876970291137695,-0.03052520751953125,2.2407120070511155e-07,-1.2014617919921875,0.0,0.019654273986816406,0.0061054229736328125,-3.120010660495609e-06,-0.3223419189453125,0.0,-0.03000783920288086,0.0061054229736328125,-7.266917236847803e-07,0.6739959716796875,0.0,0.008340835571289062,0.0061054229736328125,-8.997350960271433e-05,-0.02930450439453125,0.0,0.01201629638671875,0.0073261260986328125,-0.00017520938126835972,-0.19536209106445312,0.0,-0.01087188720703125,-0.0073261260986328125,0.00049328658496961,0.1797332763671875,0.0,0.0001437664031982422,0.0030689239501953125,-1.8316918554544557e-22,0.0006105005741119385,0.0,0.0,0.0,6.805807845195446e-23,0.0,0.0,-0.05798506364226341,0.013238509185612202,-0.13304737210273743,-0.015371265821158886,0.013238509185612202,-0.13304737210273743,-0.015371265821158886
5.9801,1788396535.6844,settle,0,-0.002277,0.019813144528997725,-0.0857389732669879,-0.017264968539874564,-0.04643646627664566,0.003708956763148308,0.9935104846954346,0.10376330465078354,-0.0687403678894043,-0.018314361572265625,-0.0769292563199997,-1.5531158447265625,0.0,0.09059953689575195,0.07936477661132812,0.1589980572462082,6.3003692626953125,0.0,0.29173946380615234,0.0061054229736328125,0.280795693397522,-0.8498153686523438,0.0,0.2370924949645996,-0.0061054229736328125,0.23505181074142456,-0.4395599365234375,0.0,-0.23306608200073242,0.128204345703125,-0.119921013712883,10.813186645507812,0.0,-0.10152864456176758,-0.018314361572265625,-0.13912931084632874,-3.5457839965820312,0.0,-0.278317928314209,-0.03052520751953125,-0.2505912482738495,5.362640380859375,0.0,-0.01236724853515625,0.06715583801269531,-0.13574208319187164,-12.74725341796875,0.0,-0.1358509063720703,0.0061054229736328125,-0.08605531603097916,5.0695953369140625,0.0,0.3450450897216797,0.03052520751953125,0.3007364869117737,-4.542121887207031,0.0,-0.16806411743164062,0.07936477661132812,-0.10027626156806946,6.358970642089844,0.0,0.0700826644897461,-0.0061054229736328125,0.13275828957557678,6.417579650878906,0.0,0.00795745849609375,-0.0061054229736328125,-4.889951358871998e-14,-0.4395599365234375,0.0,0.03670266823564473,0.05027196927780146,-2.4049813247654928e-14,-2.7019466469761215,0.0,0.05472388595153648,0.0019093903030982372,4.476386844748728e-14,-3.068784491856817,0.0,-0.04381370544433594,-0.0061054229736328125,1.9182452888344415e-06,0.7912063598632812,0.0,-0.054743289947509766,-0.03052520751953125,-2.2407120070511155e-07,1.0842514038085938,0.0,-0.01716136932373047,0.0061054229736328125,3.405082509289059e-07,0.4395599365234375,0.0,-0.030775070190429688,-0.0061054229736328125,-2.0088266410311917e-06,0.5567779541015625,0.0,-0.014285087585449219,0.0061054229736328125,-0.00041268885252065957,0.380950927734375,0.0,-0.00934600830078125,-0.0073261260986328125,-0.00017520938126835972,0.13284683227539062,0.0,0.00820159912109375,-0.0073261260986328125,0.00022733259538654238,-0.1797313690185547,0.0,-0.03786945343017578,0.0061054229736328125,3.1236535846801416e-07,0.7912063598632812,0.0,0.05838632583618164,-0.03052520751953125,2.2407120070511155e-07,-1.2014617919921875,0.0,0.019654273986816406,0.0061054229736328125,-3.120010660495609e-06,-0.26373291015625,0.0,-0.03000783920288086,0.0061054229736328125,-7.266917236847803e-07,0.6739959716796875,0.0,0.008340835571289062,0.0061054229736328125,-8.997350960271433e-05,-0.08791351318359375,0.0,0.01201629638671875,0.0073261260986328125,-0.00017520938126835972,-0.19536209106445312,0.0,-0.01087188720703125,-0.0073261260986328125,0.00049328658496961,0.1797332763671875,0.0,0.0001437664031982422,0.0030689239501953125,-1.8316918554544557e-22,0.0003663003444671631,0.0,0.0,0.0,6.805807845195446e-23,0.0,0.0,-0.057291965931653976,0.018160246312618256,-0.13479802012443542,-0.016465527936816216,0.018160246312618256,-0.13479802012443542,-0.016465527936816216
6.0011,1788396535.7055,settle,0,-0.001801,0.018011187317612067,-0.08790260856035234,-0.015392908814279072,-0.045539338141679764,0.003860773053020239,0.9935351610183716,0.1039186343550682,-0.06931591033935547,-0.03052520751953125,-0.0769292563199997,-1.26007080078125,0.0,0.09232521057128906,0.04273414611816406,0.1589980572462082,6.417579650878906,0.0,0.29173946380615234,0.0061054229736328125,0.280795693397522,-0.8498153686523438,0.0,0.2370924949645996,-0.0061054229736328125,0.23505181074142456,-0.26373291015625,0.0,-0.23038148880004883,0.128204345703125,-0.119921013712883,10.520149230957031,0.0,-0.10210418701171875,-0.0061054229736328125,-0.13912931084632874,-3.6043930053710938,0.0,-0.27927637100219727,-0.04273414611816406,-0.2505912482738495,5.597068786621094,0.0,-0.011024951934814453,0.05494499206542969,-0.13574208319187164,-12.74725341796875,0.0,-0.1358509063720703,0.0061054229736328125,-0.08605531603097916,5.128204345703125,0.0,0.3458118438720703,0.04273414611816406,0.3007364869117737,-4.542121887207031,0.0,-0.16653013229370117,0.06715583801269531,-0.10027626156806946,6.124542236328125,0.0,0.06989097595214844,-0.0061054229736328125,0.13275828957557678,6.417579650878906,0.0,0.00795745849609375,-0.0061054229736328125,-4.889951358871998e-14,-0.380950927734375,0.0,0.03784883637633788,0.04592559636803267,-2.4049813247654928e-14,-2.7020117871760143,0.0,0.054604598038130496,0.01729056784629945,4.476386844748728e-14,-3.066437756714643,0.0,-0.04381370544433594,-0.0061054229736328125,1.9182452888344415e-06,0.7325973510742188,0.0,-0.05512666702270508,-0.03052520751953125,-2.2407120070511155e-07,1.0842514038085938,0.0,-0.01716136932373047,0.0061054229736328125,3.405082509289059e-07,0.4395599365234375,0.0,-0.030775070190429688,-0.0061054229736328125,-2.0088266410311917e-06,0.5567779541015625,0.0,-0.014285087585449219,0.0061054229736328125,-0.00041268885252065957,0.380950927734375,0.0,-0.00934600830078125,-0.0073261260986328125,-0.00017520938126835972,0.13284683227539062,0.0,0.00820159912109375,-0.0073261260986328125,0.00022733259538654238,-0.1797313690185547,0.0,-0.037677764892578125,0.0061054229736328125,3.1236535846801416e-07,0.7325973510742188,0.0,0.057619571685791016,-0.03052520751953125,2.2407120070511155e-07,-1.1428604125976562,0.0,0.019654273986816406,-0.0061054229736328125,-3.120010660495609e-06,-0.3223419189453125,0.0,-0.03000783920288086,0.0061054229736328125,-7.266917236847803e-07,0.6739959716796875,0.0,0.008340835571289062,0.0061054229736328125,-8.997350960271433e-05,-0.14652252197265625,0.0,0.01201629638671875,0.0073261260986328125,-0.00017520938126835972,-0.19536209106445312,0.0,-0.01087188720703125,-0.0073261260986328125,0.00049328658496961,0.1797332763671875,0.0,0.0001437664031982422,0.0030689239501953125,-1.8316918554544557e-22,0.0013431012630462646,0.0,0.0,0.0,6.805807845195446e-23,0.0,0.0,-0.05667514353990555,0.001014165347442031,-0.13285322487354279,-0.014074869453907013,0.001014165347442031,-0.13285322487354279,-0.014074869453907013
6.0212,1788396535.7256,settle,0,-0.001180,0.01707739877534892,-0.07298222358604818,-0.014313918695660458,-0.04466017708182335,0.004089138004928827,0.9935527443885803,0.10412312299013138,-0.06950759887695312,-0.03052520751953125,-0.0769292563199997,-1.4358978271484375,0.0,0.09328365325927734,0.05494499206542969,0.1589980572462082,6.1831512451171875,0.0,0.29173946380615234,0.0061054229736328125,0.280795693397522,-1.1428604125976562,0.0,0.2370924949645996,-0.0061054229736328125,0.23505181074142456,-0.08791351318359375,0.0,-0.22808027267456055,0.11599540710449219,-0.119921013712883,10.344322204589844,0.0,-0.1022958755493164,0.0061054229736328125,-0.13912931084632874,-3.6043930053710938,0.0,-0.28023529052734375,-0.04273414611816406,-0.2505912482738495,5.655677795410156,0.0,-0.00968313217163086,0.05494499206542969,-0.13574208319187164,-12.74725341796875,0.0,-0.13604259490966797,0.0061054229736328125,-0.08605531603097916,5.010986328125,0.0,0.34657859802246094,0.03052520751953125,0.3007364869117737,-4.542121887207031,0.0,-0.16518831253051758,0.06715583801269531,-0.10027626156806946,6.00732421875,0.0,0.06989097595214844,-0.0061054229736328125,0.13275828957557678,6.417579650878906,0.0,0.00795745849609375,-0.018314361572265625,-4.889951358871998e-14,-0.26373291015625,0.0,0.039556195010307466,0.054654901726585645,-2.4049813247654928e-14,-3.0273723174395846,0.0,0.05352804678111268,-0.013552433668815974,4.476386844748728e-14,-2.7836634337133095,0.0,-0.04381370544433594,-0.0061054229736328125,1.9182452888344415e-06,0.7912063598632812,0.0,-0.05570220947265625,-0.03052520751953125,-2.2407120070511155e-07,1.0842514038085938,0.0,-0.01716136932373047,0.0061054229736328125,3.405082509289059e-07,0.4395599365234375,0.0,-0.030775070190429688,-0.0061054229736328125,-2.0088266410311917e-06,0.4981689453125,0.0,-0.014285087585449219,0.0061054229736328125,-0.00041268885252065957,0.3223419189453125,0.0,-0.00934600830078125,-0.0073261260986328125,-0.00017520938126835972,0.13284683227539062,0.0,0.00820159912109375,-0.0073261260986328125,0.00022733259538654238,-0.1797313690185547,0.0,-0.037677764892578125,0.0061054229736328125,3.1236535846801416e-07,0.6739959716796875,0.0,0.057044029235839844,-0.03052520751953125,2.2407120070511155e-07,-1.0842514038085938,0.0,0.01927042007446289,-0.0061054229736328125,-3.120010660495609e-06,-0.3223419189453125,0.0,-0.03000783920288086,0.0061054229736328125,-7.266917236847803e-07,0.6739959716796875,0.0,0.008340835571289062,0.0061054229736328125,-8.997350960271433e-05,-0.08791351318359375,0.0,0.01201629638671875,0.0073261260986328125,-0.00017520938126835972,-0.19536209106445312,0.0,-0.01087188720703125,-0.0073261260986328125,0.00049328658496961,0.1797332763671875,0.0,0.0001437664031982422,0.0030689239501953125,-1.8316918554544557e-22,0.0006105005741119385,0.0,0.0,0.0,6.805807845195446e-23,0.0,0.0,-0.054953787475824356,0.030893994495272636,-0.1265249401330948,-0.0010808344231918454,0.030893994495272636,-0.1265249401330948,-0.0010808344231918454
6.0401,1788396535.7444,settle,0,-0.000914,0.0024665326767324474,-0.0477640105324097,-0.017144199385925974,-0.044115204364061356,0.004170119296759367,0.9935644865036011,0.10424002259969711,-0.07027435302734375,-0.04273414611816406,-0.0769292563199997,-1.1428604125976562,0.0,0.09443426132202148,0.06715583801269531,0.1589980572462082,6.00732421875,0.0,0.29173946380615234,0.0061054229736328125,0.280795693397522,-1.0256423950195312,0.0,0.2367091178894043,-0.0061054229736328125,0.23505181074142456,-0.3223419189453125,0.0,-0.22616291046142578,0.09157562255859375,-0.119921013712883,10.227104187011719,0.0,-0.10248756408691406,0.0061054229736328125,-0.13912931084632874,-3.5457839965820312,0.0,-0.2813854217529297,-0.05494499206542969,-0.2505912482738495,6.00732421875,0.0,-0.008532524108886719,0.05494499206542969,-0.13574208319187164,-13.040290832519531,0.0,-0.13604259490966797,0.0061054229736328125,-0.08605531603097916,5.1868133544921875,0.0,0.34696245193481445,0.018314361572265625,0.3007364869117737,-4.659339904785156,0.0,-0.16365432739257812,0.07936477661132812,-0.10027626156806946,5.831504821777344,0.0,0.06969928741455078,0.0061054229736328125,0.13275828957557678,6.417579650878906,0.0,0.007765293121337891,-0.0061054229736328125,-4.889951358871998e-14,-0.26373291015625,0.0,0.040904046226542035,0.08155548606651092,-2.4049813247654928e-14,-3.1957780378545815,0.0,0.05235398088939399,-0.054207379064935425,4.476386844748728e-14,-2.5044879230151005,0.0,-0.04381370544433594,-0.0061054229736328125,1.9182452888344415e-06,0.7912063598632812,0.0,-0.056468963623046875,-0.05494499206542969,-2.2407120070511155e-07,1.1428604125976562,0.0,-0.01716136932373047,0.0061054229736328125,3.405082509289059e-07,0.380950927734375,0.0,-0.030775070190429688,-0.0061054229736328125,-2.0088266410311917e-06,0.5567779541015625,0.0,-0.014285087585449219,0.0061054229736328125,-0.00041268885252065957,0.380950927734375,0.0,-0.00934600830078125,-0.0073261260986328125,-0.00017520938126835972,0.13284683227539062,0.0,0.00820159912109375,-0.0073261260986328125,0.00022733259538654238,-0.1797313690185547,0.0,-0.037677764892578125,0.03052520751953125,3.1236535846801416e-07,0.6739959716796875,0.0,0.05627727508544922,-0.04273414611816406,2.2407120070511155e-07,-1.1428604125976562,0.0,0.01927042007446289,0.0061054229736328125,-3.120010660495609e-06,-0.3223419189453125,0.0,-0.03000783920288086,0.0061054229736328125,-7.266917236847803e-07,0.6739959716796875,0.0,0.008340835571289062,0.0061054229736328125,-8.997350960271433e-05,-0.08791351318359375,0.0,0.01201629638671875,0.0073261260986328125,-0.00017520938126835972,-0.19536209106445312,0.0,-0.01087188720703125,-0.0073261260986328125,0.00049328658496961,0.1797332763671875,0.0,0.0001437664031982422,0.0030689239501953125,-1.8316918554544557e-22,0.0010989010334014893,0.0,0.0,0.0,6.805807845195446e-23,0.0,0.0,-0.05348886176943779,0.05681921914219856,-0.127919539809227,-0.015815913677215576,0.05681921914219856,-0.127919539809227,-0.015815913677215576
6.0627,1788396535.7671,settle,0,-0.000592,0.011614779963729931,-0.055699098737382546,-0.012159975852247687,-0.043485354632139206,0.004272456280887127,0.9935744404792786,0.10440541058778763,-0.07084941864013672,-0.03052520751953125,-0.0769292563199997,-1.0842514038085938,0.0,0.09577655792236328,0.04273414611816406,0.1589980572462082,6.00732421875,0.0,0.29173946380615234,0.0061054229736328125,0.280795693397522,-1.0256423950195312,0.0,0.23651742935180664,-0.0061054229736328125,0.23505181074142456,-0.14652252197265625,0.0,-0.22424554824829102,0.10378456115722656,-0.119921013712883,9.99267578125,0.0,-0.10248756408691406,0.0061054229736328125,-0.13912931084632874,-3.5457839965820312,0.0,-0.28234434127807617,-0.03052520751953125,-0.2505912482738495,6.0659332275390625,0.0,-0.007381916046142578,0.04273414611816406,-0.13574208319187164,-13.098899841308594,0.0,-0.13604259490966797,0.0061054229736328125,-0.08605531603097916,5.0695953369140625,0.0,0.3471541404724121,0.018314361572265625,0.3007364869117737,-4.893775939941406,0.0,-0.16212034225463867,0.06715583801269531,-0.10027626156806946,5.655677795410156,0.0,0.06950759887695312,-0.0061054229736328125,0.13275828957557678,6.476188659667969,0.0,0.007765293121337891,-0.0061054229736328125,-4.889951358871998e-14,-0.6739959716796875,0.0,0.04296448920222102,0.09963379462935039,-2.4049813247654928e-14,-3.520534382277652,0.0,0.050712410541555744,-0.07456869821405583,4.476386844748728e-14,-2.2232203267716057,0.0,-0.04381370544433594,-0.0061054229736328125,1.9182452888344415e-06,0.7912063598632812,0.0,-0.057619571685791016,-0.05494499206542969,-2.2407120070511155e-07,1.2014617919921875,0.0,-0.01716136932373047,0.0061054229736328125,3.405082509289059e-07,0.4395599365234375,0.0,-0.030775070190429688,-0.0061054229736328125,-2.0088266410311917e-06,0.5567779541015625,0.0,-0.014285087585449219,0.0061054229736328125,-0.00041268885252065957,0.3223419189453125,0.0,-0.00934600830078125,-0.0073261260986328125,-0.00017520938126835972,0.13284683227539062,0.0,0.00820159912109375,-0.0073261260986328125,0.00022733259538654238,-0.1953601837158203,0.0,-0.037102699279785156,0.018314361572265625,3.1236535846801416e-07,0.7325973510742188,0.0,0.05551004409790039,-0.03052520751953125,2.2407120070511155e-07,-1.0842514038085938,0.0,0.019078731536865234,-0.0061054229736328125,-3.120010660495609e-06,-0.26373291015625,0.0,-0.03000783920288086,0.0061054229736328125,-7.266917236847803e-07,0.615386962890625,0.0,0.008340835571289062,0.0061054229736328125,-8.997350960271433e-05,-0.08791351318359375,0.0,0.01201629638671875,0.0073261260986328125,-0.00017520938126835972,-0.19536209106445312,0.0,-0.01087188720703125,-0.0073261260986328125,0.00049328658496961,0.1797332763671875,0.0,0.0001437664031982422,0.0030689239501953125,-1.8316918554544557e-22,0.0006105005741119385,0.0,0.0,0.0,6.805807845195446e-23,0.0,0.0,-0.05150336027145386,0.08665933459997177,-0.15397660434246063,-0.01255022268742323,0.08665933459997177,-0.15397660434246063,-0.01255022268742323
6.0802,1788396535.7846,settle,0,-0.000223,0.009321975115712845,-0.06451672939928323,-0.009742361335565657,-0.04285532608628273,0.004396187141537666,0.9935901761054993,0.10451141744852066,-0.07123327255249023,-0.018314361572265625,-0.0769292563199997,-1.0842514038085938,0.0,0.0965433120727539,0.03052520751953125,0.1589980572462082,5.9487152099609375,0.0,0.29173946380615234,0.0061054229736328125,0.280795693397522,-0.8498153686523438,0.0,0.23651742935180664,-0.0061054229736328125,0.23505181074142456,-0.08791351318359375,0.0,-0.2225198745727539,0.09157562255859375,-0.119921013712883,9.934066772460938,0.0,-0.10248756408691406,0.0061054229736328125,-0.13912931084632874,-3.5457839965820312,0.0,-0.2831110954284668,-0.018314361572265625,-0.2505912482738495,6.0659332275390625,0.0,-0.006615161895751953,0.04273414611816406,-0.13574208319187164,-13.333335876464844,0.0,-0.13604259490966797,0.0061054229736328125,-0.08605531603097916,5.128204345703125,0.0,0.34734582901000977,0.018314361572265625,0.3007364869117737,-4.717948913574219,0.0,-0.1611614227294922,0.05494499206542969,-0.10027626156806946,5.655677795410156,0.0,0.06950759887695312,-0.0061054229736328125,0.13275828957557678,6.476188659667969,0.0,0.007765293121337891,-0.0061054229736328125,-4.889951358871998e-14,-0.3223419189453125,0.0,0.04459934713509511,0.09530557734813357,-2.4049813247654928e-14,-3.59784295038767,0.0,0.049379070331424024,-0.059277116150914966,4.476386844748728e-14,-2.289704660778438,0.0,-0.04381370544433594,-0.0061054229736328125,1.9182452888344415e-06,0.7912063598632812,0.0,-0.05838632583618164,-0.05494499206542969,-2.2407120070511155e-07,1.1428604125976562,0.0,-0.01716136932373047,0.0061054229736328125,3.405082509289059e-07,0.380950927734375,0.0,-0.030775070190429688,-0.0061054229736328125,-2.0088266410311917e-06,0.4981689453125,0.0,-0.014285087585449219,0.0061054229736328125,-0.00041268885252065957,0.380950927734375,0.0,-0.00896453857421875,-0.0073261260986328125,-0.00017520938126835972,0.13284683227539062,0.0,0.00820159912109375,-0.0073261260986328125,0.00022733259538654238,-0.1953601837158203,0.0,-0.03671884536743164,0.04273414611816406,3.1236535846801416e-07,0.6739959716796875,0.0,0.05512666702270508,-0.03052520751953125,2.2407120070511155e-07,-1.1428604125976562,0.0,0.018887042999267578,-0.0061054229736328125,-3.120010660495609e-06,-0.3223419189453125,0.0,-0.03000783920288086,0.0061054229736328125,-7.266917236847803e-07,0.6739959716796875,0.0,0.008340835571289062,0.0061054229736328125,-8.997350960271433e-05,-0.02930450439453125,0.0,0.01201629638671875,0.0073261260986328125,-0.00017520938126835972,-0.19536209106445312,0.0,-0.01087188720703125,-0.0073261260986328125,0.00049328658496961,0.1797332763671875,0.0,0.0001437664031982422,0.0030689239501953125,-1.8316918554544557e-22,0.0008547008037567139,0.0,0.0,0.0,6.805807845195446e-23,0.0,0.0,-0.049781933426856995,0.06918972730636597,-0.15873031318187714,-0.009855163283646107,0.06918972730636597,-0.15873031318187714,-0.009855163283646107
6.1003,1788396535.8045,settle,0,0.000097,0.005915595465311645,-0.06587978934064544,-0.001214767771763181,-0.042133353650569916,0.004482095595449209,0.9936166405677795,0.10454972088336945,-0.07142496109008789,-0.0061054229736328125,-0.0769292563199997,-1.0842514038085938,0.0,0.09750223159790039,0.03052520751953125,0.1589980572462082,5.890106201171875,0.0,0.29173946380615234,0.0061054229736328125,0.280795693397522,-1.0842514038085938,0.0,0.23632574081420898,-0.0061054229736328125,0.23505181074142456,-0.380950927734375,0.0,-0.22098588943481445,0.07936477661132812,-0.119921013712883,9.875457763671875,0.0,-0.10248756408691406,0.0061054229736328125,-0.13912931084632874,-3.6043930053710938,0.0,-0.28330278396606445,0.0061054229736328125,-0.2505912482738495,6.00732421875,0.0,-0.005656242370605469,0.03052520751953125,-0.13574208319187164,-13.274726867675781,0.0,-0.13604259490966797,0.0061054229736328125,-0.08605531603097916,5.1868133544921875,0.0,0.3477292060852051,0.018314361572265625,0.3007364869117737,-4.600730895996094,0.0,-0.16001129150390625,0.04273414611816406,-0.10027626156806946,5.597068786621094,0.0,0.06931591033935547,0.0061054229736328125,0.13275828957557678,6.417579650878906,0.0,0.007765293121337891,-0.0061054229736328125,-4.889951358871998e-14,-0.380950927734375,0.0,0.04652031509433563,0.08645727808273139,-2.4049813247654928e-14,-3.67984946774821,0.0,0.047887997658266526,-0.03889552076707663,4.476386844748728e-14,-2.2185594790620615,0.0,-0.04381370544433594,-0.0061054229736328125,1.9182452888344415e-06,0.7912063598632812,0.0,-0.05953693389892578,-0.05494499206542969,-2.2407120070511155e-07,1.2014617919921875,0.0,-0.01716136932373047,0.0061054229736328125,3.405082509289059e-07,0.4395599365234375,0.0,-0.030775070190429688,-0.0061054229736328125,-2.0088266410311917e-06,0.4981689453125,0.0,-0.014285087585449219,0.0061054229736328125,-0.00041268885252065957,0.3223419189453125,0.0,-0.00896453857421875,-0.0073261260986328125,-0.00017520938126835972,0.13284683227539062,0.0,0.00820159912109375,-0.0073261260986328125,0.00022733259538654238,-0.1797313690185547,0.0,-0.03614377975463867,0.04273414611816406,3.1236535846801416e-07,0.6739959716796875,0.0,0.054743289947509766,-0.018314361572265625,2.2407120070511155e-07,-1.0842514038085938,0.0,0.018695354461669922,0.0061054229736328125,-3.120010660495609e-06,-0.26373291015625,0.0,-0.03000783920288086,0.018314361572265625,-7.266917236847803e-07,0.6739959716796875,0.0,0.008340835571289062,0.0061054229736328125,-8.997350960271433e-05,-0.02930450439453125,0.0,0.01201629638671875,0.0073261260986328125,-0.00017520938126835972,-0.19536209106445312,0.0,-0.01087188720703125,-0.0073261260986328125,0.00049328658496961,0.1797332763671875,0.0,0.0001437664031982422,0.0030689239501953125,-1.8316918554544557e-22,0.0010989010334014893,0.0,0.0,0.0,6.805807845195446e-23,0.0,0.0,-0.047949764877557755,0.04574010148644447,-0.1518527865409851,-0.00034074854920618236,0.04574010148644447,-0.1518527865409851,-0.00034074854920618236
6.1201,1788396535.8245,settle,0,0.000396,0.006158816974241539,-0.06323489587116846,0.00010593032074051348,-0.041437555104494095,0.004558566492050886,0.9936451315879822,0.10455426573753357,-0.07161664962768555,-0.0061054229736328125,-0.0769292563199997,-1.0842514038085938,0.0,0.09826898574829102,0.03052520751953125,0.1589980572462082,5.655677795410156,0.0,0.29173946380615234,0.0061054229736328125,0.280795693397522,-1.0256423950195312,0.0,0.23632574081420898,-0.0061054229736328125,0.23505181074142456,-0.26373291015625,0.0,-0.21964359283447266,0.07936477661132812,-0.119921013712883,9.699630737304688,0.0,-0.10248756408691406,0.0061054229736328125,-0.13912931084632874,-3.5457839965820312,0.0,-0.2834949493408203,0.0061054229736328125,-0.2505912482738495,6.3003692626953125,0.0,-0.0050811767578125,0.03052520751953125,-0.13574208319187164,-13.274726867675781,0.0,-0.13604259490966797,0.0061054229736328125,-0.08605531603097916,5.3040313720703125,0.0,0.34792089462280273,0.018314361572265625,0.3007364869117737,-4.542121887207031,0.0,-0.15924406051635742,0.03052520751953125,-0.10027626156806946,5.538459777832031,0.0,0.06931591033935547,-0.0061054229736328125,0.13275828957557678,6.476188659667969,0.0,0.007765293121337891,0.0061054229736328125,-4.889951358871998e-14,-0.4395599365234375,0.0,0.048017008006029725,0.07281535504832656,-2.4049813247654928e-14,-3.600388267634636,0.0,0.04687106657046197,-0.03421992749999668,4.476386844748728e-14,-2.286777252844798,0.0,-0.04362201690673828,-0.0061054229736328125,1.9182452888344415e-06,0.7912063598632812,0.0,-0.06049537658691406,-0.05494499206542969,-2.2407120070511155e-07,1.2014617919921875,0.0,-0.01716136932373047,0.0061054229736328125,3.405082509289059e-07,0.380950927734375,0.0,-0.030775070190429688,-0.0061054229736328125,-2.0088266410311917e-06,0.5567779541015625,0.0,-0.014285087585449219,0.0061054229736328125,-0.00041268885252065957,0.3223419189453125,0.0,-0.00896453857421875,-0.0073261260986328125,-0.00017520938126835972,0.13284683227539062,0.0,0.00820159912109375,-0.0073261260986328125,0.00022733259538654238,-0.1797313690185547,0.0,-0.03537702560424805,0.04273414611816406,3.1236535846801416e-07,0.7325973510742188,0.0,0.05455160140991211,-0.018314361572265625,2.2407120070511155e-07,-1.1428604125976562,0.0,0.018695354461669922,0.0061054229736328125,-3.120010660495609e-06,-0.3223419189453125,0.0,-0.03000783920288086,0.018314361572265625,-7.266917236847803e-07,0.615386962890625,0.0,0.008340835571289062,0.0061054229736328125,-8.997350960271433e-05,-0.08791351318359375,0.0,0.01201629638671875,0.0073261260986328125,-0.00017520938126835972,-0.19536209106445312,0.0,-0.01087188720703125,-0.0073261260986328125,0.00049328658496961,0.1797332763671875,0.0,0.0001437664031982422,0.0030689239501953125,-1.8316918554544557e-22,0.0006105005741119385,0.0,0.0,0.0,6.805807845195446e-23,0.0,0.0,-0.04661646857857704,0.04124981909990311,-0.13566954433918,-0.010897239670157433,0.04124981909990311,-0.13566954433918,-0.010897239670157433
6.1411,1788396535.8454,settle,0,0.000664,0.0031747259873820127,-0.05500401369287187,0.004659014113876782,-0.040726613253355026,0.0046163336373865604,0.9936788082122803,0.10451014339923859,-0.07161664962768555,-0.0061054229736328125,-0.0769292563199997,-1.2014617919921875,0.0,0.0992279052734375,0.03052520751953125,0.1589980572462082,5.655677795410156,0.0,0.29173946380615234,0.0061054229736328125,0.280795693397522,-1.0842514038085938,0.0,0.23632574081420898,-0.0061054229736328125,0.23505181074142456,-0.380950927734375,0.0,-0.2181096076965332,0.06715583801269531,-0.119921013712883,9.582420349121094,0.0,-0.10248756408691406,0.0061054229736328125,-0.13912931084632874,-3.4871826171875,0.0,-0.2834949493408203,0.0061054229736328125,-0.2505912482738495,6.0659332275390625,0.0,-0.004314422607421875,0.03052520751953125,-0.13574208319187164,-13.5091552734375,0.0,-0.13604259490966797,0.0061054229736328125,-0.08605531603097916,5.128204345703125,0.0,0.34830474853515625,0.018314361572265625,0.3007364869117737,-4.9523773193359375,0.0,-0.1584773063659668,0.03052520751953125,-0.10027626156806946,5.538459777832031,0.0,0.06912374496459961,-0.0061054229736328125,0.13275828957557678,6.417579650878906,0.0,0.007765293121337891,0.0061054229736328125,-4.889951358871998e-14,-0.20513153076171875,0.0,0.049157932717941326,0.05024697073691246,-2.4049813247654928e-14,-3.596864943707564,0.0,0.04608707952629982,-0.008878234497780885,4.476386844748728e-14,-2.422756570869902,0.0,-0.04362201690673828,-0.0061054229736328125,1.9182452888344415e-06,0.7325973510742188,0.0,-0.06145429611206055,-0.05494499206542969,-2.2407120070511155e-07,1.2014617919921875,0.0,-0.01716136932373047,0.0061054229736328125,3.405082509289059e-07,0.380950927734375,0.0,-0.030775070190429688,-0.0061054229736328125,-2.0088266410311917e-06,0.4981689453125,0.0,-0.014285087585449219,0.0061054229736328125,-0.00041268885252065957,0.3223419189453125,0.0,-0.00896453857421875,-0.0073261260986328125,-0.00017520938126835972,0.13284683227539062,0.0,0.00820159912109375,-0.0073261260986328125,0.00022733259538654238,-0.1953601837158203,0.0,-0.034801483154296875,0.018314361572265625,3.1236535846801416e-07,0.7912063598632812,0.0,0.05435991287231445,-0.018314361572265625,2.2407120070511155e-07,-1.1428604125976562,0.0,0.018503665924072266,0.0061054229736328125,-3.120010660495609e-06,-0.3223419189453125,0.0,-0.029816150665283203,0.018314361572265625,-7.266917236847803e-07,0.6739959716796875,0.0,0.008340835571289062,0.0061054229736328125,-8.997350960271433e-05,-0.14652252197265625,0.0,0.01201629638671875,0.0073261260986328125,-0.00017520938126835972,-0.19536209106445312,0.0,-0.01087188720703125,-0.0073261260986328125,0.00049328658496961,0.1797332763671875,0.0,0.0001437664031982422,0.0030689239501953125,-1.8316918554544557e-22,0.0008547008037567139,0.0,0.0,0.0,6.805807845195446e-23,0.0,0.0,-0.04554886743426323,0.012960716150701046,-0.10530975461006165,-0.0045802537351846695,0.012960716150701046,-0.10530975461006165,-0.0045802537351846695
6.1602,1788396535.8650,settle,0,0.000815,0.008916309102666524,-0.04933248757879028,-0.007610742752079666,-0.040225639939308167,0.004639526829123497,0.9936987161636353,0.10451489686965942,-0.07161664962768555,-0.0061054229736328125,-0.0769292563199997,-1.1428604125976562,0.0,0.09980297088623047,0.03052520751953125,0.1589980572462082,5.655677795410156,0.0,0.29173946380615234,0.0061054229736328125,0.280795693397522,-0.9670333862304688,0.0,0.23632574081420898,-0.0061054229736328125,0.23505181074142456,-0.14652252197265625,0.0,-0.21715116500854492,0.05494499206542969,-0.119921013712883,9.523811340332031,0.0,-0.10267925262451172,0.0061054229736328125,-0.13912931084632874,-3.6043930053710938,0.0,-0.28368663787841797,0.0061054229736328125,-0.2505912482738495,6.417579650878906,0.0,-0.003547191619873047,0.03052520751953125,-0.13574208319187164,-13.391944885253906,0.0,-0.13604259490966797,0.0061054229736328125,-0.08605531603097916,5.0695953369140625,0.0,0.34830474853515625,0.018314361572265625,0.3007364869117737,-4.717948913574219,0.0,-0.15790176391601562,0.03052520751953125,-0.10027626156806946,5.421241760253906,0.0,0.06893205642700195,-0.0061054229736328125,0.13275828957557678,6.476188659667969,0.0,0.007765293121337891,-0.0061054229736328125,-4.889951358871998e-14,-0.5567779541015625,0.0,0.05001698387458336,0.045858556460298926,-2.4049813247654928e-14,-3.3561988399147937,0.0,0.04578546773341765,0.006646680075463629,4.476386844748728e-14,-2.629744848256064,0.0,-0.04362201690673828,-0.0061054229736328125,1.9182452888344415e-06,0.7325973510742188,0.0,-0.06222105026245117,-0.03052520751953125,-2.2407120070511155e-07,1.1428604125976562,0.0,-0.01716136932373047,0.0061054229736328125,3.405082509289059e-07,0.4395599365234375,0.0,-0.030775070190429688,-0.0061054229736328125,-2.0088266410311917e-06,0.4981689453125,0.0,-0.014285087585449219,0.0061054229736328125,-0.00041268885252065957,0.3223419189453125,0.0,-0.00896453857421875,-0.0073261260986328125,-0.00017520938126835972,0.13284683227539062,0.0,0.00820159912109375,-0.0073261260986328125,0.00022733259538654238,-0.1797313690185547,0.0,-0.034801483154296875,-0.0061054229736328125,3.1236535846801416e-07,0.7325973510742188,0.0,0.0541682243347168,-0.0061054229736328125,2.2407120070511155e-07,-1.1428604125976562,0.0,0.018503665924072266,0.0061054229736328125,-3.120010660495609e-06,-0.3223419189453125,0.0,-0.029624462127685547,0.0061054229736328125,-7.266917236847803e-07,0.615386962890625,0.0,0.008340835571289062,0.0061054229736328125,-8.997350960271433e-05,-0.02930450439453125,0.0,0.01201629638671875,0.0073261260986328125,-0.00017520938126835972,-0.19536209106445312,0.0,-0.01087188720703125,-0.0073261260986328125,0.00049328658496961,0.1797332763671875,0.0,0.0001437664031982422,0.0030689239501953125,-1.8316918554544557e-22,0.0010989010334014893,0.0,0.0,0.0,6.805807845195446e-23,0.0,0.0,-0.045084111392498016,0.0025098135229200125,-0.09477437287569046,-0.003856406779959798,0.0025098135229200125,-0.09477437287569046,-0.003856406779959798
6.1801,1788396535.8844,settle,0,0.000917,0.006254463988672815,-0.052007940821775914,-0.010786946741851808,-0.03967839479446411,0.004635486751794815,0.9937139749526978,0.10457809269428253,-0.07161664962768555,-0.0061054229736328125,-0.0769292563199997,-1.0842514038085938,0.0,0.10076189041137695,0.03052520751953125,0.1589980572462082,5.597068786621094,0.0,0.29173946380615234,0.0061054229736328125,0.280795693397522,-0.8498153686523438,0.0,0.23632574081420898,-0.0061054229736328125,0.23505181074142456,-0.20513153076171875,0.0,-0.2163839340209961,0.04273414611816406,-0.119921013712883,9.582420349121094,0.0,-0.10267925262451172,0.0061054229736328125,-0.13912931084632874,-3.5457839965820312,0.0,-0.28368663787841797,-0.0061054229736328125,-0.2505912482738495,6.0659332275390625,0.0,-0.002780437469482422,0.03052520751953125,-0.13574208319187164,-13.567764282226562,0.0,-0.13623476028442383,0.0061054229736328125,-0.08605531603097916,5.010986328125,0.0,0.3488798141479492,0.03052520751953125,0.3007364869117737,-4.659339904785156,0.0,-0.157135009765625,0.018314361572265625,-0.10027626156806946,5.362640380859375,0.0,0.0687403678894043,-0.0061054229736328125,0.13275828957557678,6.593406677246094,0.0,0.007765293121337891,-0.0061054229736328125,-4.889951358871998e-14,-0.3223419189453125,0.0,0.05073254407508098,0.027420542129283975,-2.4049813247654928e-14,-3.284655063622012,0.0,0.04547924398130648,-0.0043864966241224,4.476386844748728e-14,-2.4243734680810536,0.0,-0.04362201690673828,-0.0061054229736328125,1.9182452888344415e-06,0.7912063598632812,0.0,-0.06241321563720703,-0.0061054229736328125,-2.2407120070511155e-07,1.1428604125976562,0.0,-0.01716136932373047,0.0061054229736328125,3.405082509289059e-07,0.4395599365234375,0.0,-0.030775070190429688,-0.0061054229736328125,-2.0088266410311917e-06,0.5567779541015625,0.0,-0.014285087585449219,0.0061054229736328125,-0.00041268885252065957,0.380950927734375,0.0,-0.00896453857421875,-0.0073261260986328125,-0.00017520938126835972,0.13284683227539062,0.0,0.00820159912109375,-0.0073261260986328125,0.00022733259538654238,-0.1797313690185547,0.0,-0.03460979461669922,-0.0061054229736328125,3.1236535846801416e-07,0.7325973510742188,0.0,0.05397605895996094,-0.0061054229736328125,2.2407120070511155e-07,-1.1428604125976562,0.0,0.018503665924072266,0.0061054229736328125,-3.120010660495609e-06,-0.26373291015625,0.0,-0.02943277359008789,0.0061054229736328125,-7.266917236847803e-07,0.6739959716796875,0.0,0.008340835571289062,0.0061054229736328125,-8.997350960271433e-05,-0.14652252197265625,0.0,0.01201629638671875,0.0073261260986328125,-0.00017520938126835972,-0.19536209106445312,0.0,-0.01087188720703125,-0.0073261260986328125,0.00049328658496961,0.1797332763671875,0.0,0.0001437664031982422,0.0030689239501953125,-1.8316918554544557e-22,0.0006105005741119385,0.0,0.0,0.0,6.805807845195446e-23,0.0,0.0,-0.04466477409005165,0.010573170147836208,-0.07880456745624542,-0.007557541597634554,0.010573170147836208,-0.07880456745624542,-0.007557541597634554
6.2002,1788396535.9044,settle,0,0.001038,-0.0020240834416125216,-0.04541160289083989,-0.007272776166478302,-0.039171215146780014,0.004645978566259146,0.9937266707420349,0.10464928299188614,-0.07161664962768555,-0.0061054229736328125,-0.0769292563199997,-1.1428604125976562,0.0,0.10152864456176758,0.03052520751953125,0.1589980572462082,5.479850769042969,0.0,0.29173946380615234,0.0061054229736328125,0.280795693397522,-1.0256423950195312,0.0,0.23632574081420898,-0.0061054229736328125,0.23505181074142456,-0.14652252197265625,0.0,-0.21580886840820312,0.018314361572265625,-0.119921013712883,9.582420349121094,0.0,-0.10267925262451172,0.0061054229736328125,-0.13912931084632874,-3.5457839965820312,0.0,-0.28368663787841797,0.0061054229736328125,-0.2505912482738495,6.0659332275390625,0.0,-0.0020132064819335938,0.03052520751953125,-0.13574208319187164,-13.391944885253906,0.0,-0.13623476028442383,0.0061054229736328125,-0.08605531603097916,5.1868133544921875,0.0,0.3494548797607422,0.03052520751953125,0.3007364869117737,-4.835166931152344,0.0,-0.1567516326904297,0.0061054229736328125,-0.10027626156806946,5.362640380859375,0.0,0.06835699081420898,-0.03052520751953125,0.13275828957557678,6.652015686035156,0.0,0.007765293121337891,-0.0061054229736328125,-4.889951358871998e-14,-0.26373291015625,0.0,0.05108941291140161,0.01814069251275446,-2.4049813247654928e-14,-3.208862821812229,0.0,0.04524366307061354,-0.015136316892166131,4.476386844748728e-14,-2.3564876283169816,0.0,-0.04362201690673828,-0.0061054229736328125,1.9182452888344415e-06,0.8498153686523438,0.0,-0.06260490417480469,-0.0061054229736328125,-2.2407120070511155e-07,1.2014617919921875,0.0,-0.01716136932373047,0.0061054229736328125,3.405082509289059e-07,0.380950927734375,0.0,-0.030775070190429688,-0.0061054229736328125,-2.0088266410311917e-06,0.4981689453125,0.0,-0.014285087585449219,0.0061054229736328125,-0.00041268885252065957,0.380950927734375,0.0,-0.00896453857421875,-0.0073261260986328125,-0.00017520938126835972,0.13284683227539062,0.0,0.00820159912109375,-0.0073261260986328125,0.00022733259538654238,-0.1797313690185547,0.0,-0.034801483154296875,0.0061054229736328125,3.1236535846801416e-07,0.7912063598632812,0.0,0.05397605895996094,-0.0061054229736328125,2.2407120070511155e-07,-1.1428604125976562,0.0,0.01831197738647461,0.0061054229736328125,-3.120010660495609e-06,-0.26373291015625,0.0,-0.02943277359008789,0.0061054229736328125,-7.266917236847803e-07,0.6739959716796875,0.0,0.008340835571289062,0.0061054229736328125,-8.997350960271433e-05,-0.02930450439453125,0.0,0.01201629638671875,0.0073261260986328125,-0.00017520938126835972,-0.19536209106445312,0.0,-0.01087188720703125,-0.0073261260986328125,0.00049328658496961,0.1797332763671875,0.0,0.0001437664031982422,0.0030689239501953125,-1.8316918554544557e-22,0.0006105005741119385,0.0,0.0,0.0,6.805807845195446e-23,0.0,0.0,-0.04429963603615761,0.0131094204261899,-0.06307699531316757,-0.0038712425157427788,0.0131094204261899,-0.06307699531316757,-0.0038712425157427788
6.2201,1788396535.9245,settle,0,0.001219,0.0005882351984841216,-0.03982139057497898,-0.010486687812512984,-0.038638174533843994,0.004682809114456177,0.9937406182289124,0.1047125831246376,-0.07161664962768555,-0.0061054229736328125,-0.0769292563199997,-1.1428604125976562,0.0,0.10210418701171875,0.03052520751953125,0.1589980572462082,5.3040313720703125,0.0,0.29173946380615234,0.0061054229736328125,0.280795693397522,-0.9084243774414062,0.0,0.2367091178894043,-0.0061054229736328125,0.23505181074142456,-0.380950927734375,0.0,-0.21561717987060547,0.018314361572265625,-0.119921013712883,9.582420349121094,0.0,-0.10267925262451172,0.0061054229736328125,-0.13912931084632874,-3.5457839965820312,0.0,-0.28368663787841797,0.0061054229736328125,-0.2505912482738495,6.1831512451171875,0.0,-0.001438140869140625,0.018314361572265625,-0.13574208319187164,-13.626373291015625,0.0,-0.13623476028442383,0.0061054229736328125,-0.08605531603097916,5.010986328125,0.0,0.3498382568359375,0.03052520751953125,0.3007364869117737,-4.717948913574219,0.0,-0.15636777877807617,0.0061054229736328125,-0.10027626156806946,5.421241760253906,0.0,0.06797361373901367,-0.018314361572265625,0.13275828957557678,6.710624694824219,0.0,0.007765293121337891,-0.0061054229736328125,-4.889951358871998e-14,-0.20513153076171875,0.0,0.051373282910287255,0.01814271515766708,-2.4049813247654928e-14,-3.285342773594371,0.0,0.04492382261471225,-0.015143371877753924,4.476386844748728e-14,-2.4238165299493177,0.0,-0.04362201690673828,-0.0061054229736328125,1.9182452888344415e-06,0.7912063598632812,0.0,-0.06260490417480469,-0.0061054229736328125,-2.2407120070511155e-07,1.1428604125976562,0.0,-0.01716136932373047,0.0061054229736328125,3.405082509289059e-07,0.4395599365234375,0.0,-0.030775070190429688,-0.0061054229736328125,-2.0088266410311917e-06,0.4981689453125,0.0,-0.014285087585449219,0.0061054229736328125,-0.00041268885252065957,0.380950927734375,0.0,-0.00896453857421875,-0.0073261260986328125,-0.00017520938126835972,0.13284683227539062,0.0,0.00820159912109375,-0.0073261260986328125,0.00022733259538654238,-0.1953601837158203,0.0,-0.034801483154296875,0.018314361572265625,3.1236535846801416e-07,0.7325973510742188,0.0,0.05397605895996094,-0.0061054229736328125,2.2407120070511155e-07,-1.2014617919921875,0.0,0.01831197738647461,0.0061054229736328125,-3.120010660495609e-06,-0.26373291015625,0.0,-0.02943277359008789,0.0061054229736328125,-7.266917236847803e-07,0.615386962890625,0.0,0.008340835571289062,0.0061054229736328125,-8.997350960271433e-05,-0.14652252197265625,0.0,0.01201629638671875,0.0073261260986328125,-0.00017520938126835972,-0.19536209106445312,0.0,-0.01087188720703125,-0.0073261260986328125,0.00049328658496961,0.1797332763671875,0.0,0.0001437664031982422,0.0030689239501953125,-1.8316918554544557e-22,0.0008547008037567139,0.0,0.0,0.0,6.805807845195446e-23,0.0,0.0,-0.043792352080345154,0.015526745468378067,-0.05733414739370346,-0.006950660143047571,0.015526745468378067,-0.05733414739370346,-0.006950660143047571
6.2413,1788396535.9457,settle,0,0.001418,-0.0005161894414256632,-0.029451576003023044,0.0006995070882621087,-0.038146648555994034,0.004733814392238855,0.9937509894371033,0.10479196906089783,-0.07161664962768555,0.0061054229736328125,-0.0769292563199997,-1.2014617919921875,0.0,0.10248756408691406,0.0061054229736328125,0.1589980572462082,5.479850769042969,0.0,0.29173946380615234,0.0061054229736328125,0.280795693397522,-0.9670333862304688,0.0,0.23690080642700195,-0.0061054229736328125,0.23505181074142456,-0.20513153076171875,0.0,-0.21523380279541016,0.018314361572265625,-0.119921013712883,9.465202331542969,0.0,-0.10267925262451172,0.0061054229736328125,-0.13912931084632874,-3.5457839965820312,0.0,-0.2838783264160156,0.0061054229736328125,-0.2505912482738495,6.00732421875,0.0,-0.0008630752563476562,0.0061054229736328125,-0.13574208319187164,-13.74359130859375,0.0,-0.13642644882202148,0.0061054229736328125,-0.08605531603097916,4.9523773193359375,0.0,0.350222110748291,0.018314361572265625,0.3007364869117737,-4.776557922363281,0.0,-0.15598440170288086,0.018314361572265625,-0.10027626156806946,5.3040313720703125,0.0,0.0673980712890625,-0.0061054229736328125,0.13275828957557678,6.652015686035156,0.0,0.007765293121337891,-0.0061054229736328125,-4.889951358871998e-14,-0.4395599365234375,0.0,0.05187218767240936,0.01350480758454513,-2.4049813247654928e-14,-3.2138265779691695,0.0,0.044527961688376534,-0.020526269036624526,4.476386844748728e-14,-2.2191176301550315,0.0,-0.04362201690673828,-0.0061054229736328125,1.9182452888344415e-06,0.8498153686523438,0.0,-0.06260490417480469,-0.0061054229736328125,-2.2407120070511155e-07,1.2014617919921875,0.0,-0.01716136932373047,0.0061054229736328125,3.405082509289059e-07,0.4395599365234375,0.0,-0.030775070190429688,-0.0061054229736328125,-2.0088266410311917e-06,0.4981689453125,0.0,-0.014285087585449219,0.0061054229736328125,-0.00041268885252065957,0.3223419189453125,0.0,-0.00896453857421875,-0.0073261260986328125,-0.00017520938126835972,0.13284683227539062,0.0,0.00820159912109375,-0.0073261260986328125,0.00022733259538654238,-0.1797313690185547,0.0,-0.034801483154296875,0.0061054229736328125,3.1236535846801416e-07,0.6739959716796875,0.0,0.05397605895996094,-0.018314361572265625,2.2407120070511155e-07,-1.0842514038085938,0.0,0.01831197738647461,0.0061054229736328125,-3.120010660495609e-06,-0.26373291015625,0.0,-0.02943277359008789,0.0061054229736328125,-7.266917236847803e-07,0.6739959716796875,0.0,0.008340835571289062,0.0061054229736328125,-8.997350960271433e-05,-0.02930450439453125,0.0,0.01201629638671875,0.0073261260986328125,-0.00017520938126835972,-0.19536209106445312,0.0,-0.01087188720703125,-0.0073261260986328125,0.00049328658496961,0.1797332763671875,0.0,0.0001437664031982422,0.0030689239501953125,-1.8316918554544557e-22,0.0006105005741119385,0.0,0.0,0.0,6.805807845195446e-23,0.0,0.0,-0.04318947717547417,0.02028440311551094,-0.0428021065890789,0.004456573631614447,0.02028440311551094,-0.0428021065890789,0.004456573631614447
6.2618,1788396535.9663,settle,0,0.001625,0.0029224130602659966,-0.02754937574373112,-0.0017078044539898397,-0.03781542181968689,0.0048039923422038555,0.9937605857849121,0.10481780022382736,-0.07161664962768555,-0.0061054229736328125,-0.0769292563199997,-1.0256423950195312,0.0,0.10267925262451172,-0.0061054229736328125,0.1589980572462082,5.538459777832031,0.0,0.29173946380615234,0.0061054229736328125,0.280795693397522,-0.8498153686523438,0.0,0.2370924949645996,0.0061054229736328125,0.23505181074142456,-0.26373291015625,0.0,-0.2150421142578125,0.018314361572265625,-0.119921013712883,9.523811340332031,0.0,-0.10267925262451172,0.0061054229736328125,-0.13912931084632874,-3.5457839965820312,0.0,-0.2838783264160156,0.0061054229736328125,-0.2505912482738495,6.534797668457031,0.0,-0.0006709098815917969,-0.0061054229736328125,-0.13574208319187164,-13.626373291015625,0.0,-0.13642644882202148,0.0061054229736328125,-0.08605531603097916,5.24542236328125,0.0,0.35041379928588867,0.018314361572265625,0.3007364869117737,-4.776557922363281,0.0,-0.15560102462768555,0.018314361572265625,-0.10027626156806946,5.1868133544921875,0.0,0.06720638275146484,0.0061054229736328125,0.13275828957557678,6.652015686035156,0.0,0.007765293121337891,-0.0061054229736328125,-4.889951358871998e-14,-0.5567779541015625,0.0,0.05215447589054861,0.004346200430321582,-2.4049813247654928e-14,-3.2144528888683714,0.0,0.044043216092178455,-0.02080625713846172,4.476386844748728e-14,-2.2191138204338356,0.0,-0.04362201690673828,-0.0061054229736328125,1.9182452888344415e-06,0.7912063598632812,0.0,-0.06260490417480469,-0.0061054229736328125,-2.2407120070511155e-07,1.0842514038085938,0.0,-0.01716136932373047,0.0061054229736328125,3.405082509289059e-07,0.4395599365234375,0.0,-0.030775070190429688,-0.0061054229736328125,-2.0088266410311917e-06,0.5567779541015625,0.0,-0.014285087585449219,0.0061054229736328125,-0.00041268885252065957,0.380950927734375,0.0,-0.00896453857421875,-0.0073261260986328125,-0.00017520938126835972,0.13284683227539062,0.0,0.00820159912109375,-0.0073261260986328125,0.00022733259538654238,-0.1797313690185547,0.0,-0.034801483154296875,0.0061054229736328125,3.1236535846801416e-07,0.7912063598632812,0.0,0.05397605895996094,-0.0061054229736328125,2.2407120070511155e-07,-1.1428604125976562,0.0,0.01831197738647461,0.0061054229736328125,-3.120010660495609e-06,-0.3223419189453125,0.0,-0.02943277359008789,0.0061054229736328125,-7.266917236847803e-07,0.6739959716796875,0.0,0.008340835571289062,0.0061054229736328125,-8.997350960271433e-05,-0.08791351318359375,0.0,0.01201629638671875,0.0073261260986328125,-0.00017520938126835972,-0.19536209106445312,0.0,-0.01087188720703125,-0.0073261260986328125,0.00049328658496961,0.1797332763671875,0.0,0.0001437664031982422,0.0030689239501953125,-1.8316918554544557e-22,0.0006105005741119385,0.0,0.0,0.0,6.805807845195446e-23,0.0,0.0,-0.04249294102191925,0.023790404200553894,-0.03160988166928291,0.001953277736902237,0.023790404200553894,-0.03160988166928291,0.001953277736902237
6.2802,1788396535.9845,settle,0,0.001782,0.0050272559516750335,-0.027781524328191164,-0.002521552960675104,-0.037520576268434525,0.004853795748203993,0.9937657117843628,0.10487259924411774,-0.07161664962768555,-0.0061054229736328125,-0.0769292563199997,-1.0842514038085938,0.0,0.10287094116210938,-0.0061054229736328125,0.1589980572462082,5.479850769042969,0.0,0.29173946380615234,0.0061054229736328125,0.280795693397522,-1.377288818359375,0.0,0.23728466033935547,0.0061054229736328125,0.23505181074142456,-0.5567779541015625,0.0,-0.21465826034545898,0.018314361572265625,-0.119921013712883,9.465202331542969,0.0,-0.10267925262451172,0.0061054229736328125,-0.13912931084632874,-3.4871826171875,0.0,-0.2838783264160156,0.0061054229736328125,-0.2505912482738495,6.124542236328125,0.0,-0.0006709098815917969,-0.0061054229736328125,-0.13574208319187164,-13.684982299804688,0.0,-0.13642644882202148,0.0061054229736328125,-0.08605531603097916,5.0695953369140625,0.0,0.35041379928588867,0.0061054229736328125,0.3007364869117737,-4.893775939941406,0.0,-0.15521764755249023,0.018314361572265625,-0.10027626156806946,5.3040313720703125,0.0,0.06720638275146484,0.0061054229736328125,0.13275828957557678,6.652015686035156,0.0,0.007765293121337891,-0.0061054229736328125,-4.889951358871998e-14,-0.380950927734375,0.0,0.05236564834681336,0.00434844504144107,-2.4049813247654928e-14,-3.0587420749340373,0.0,0.04363858316529562,-0.020810234018048466,4.476386844748728e-14,-2.2208784723860804,0.0,-0.04362201690673828,-0.0061054229736328125,1.9182452888344415e-06,0.7325973510742188,0.0,-0.06279659271240234,-0.0061054229736328125,-2.2407120070511155e-07,1.2014617919921875,0.0,-0.01716136932373047,0.0061054229736328125,3.405082509289059e-07,0.4395599365234375,0.0,-0.030775070190429688,-0.0061054229736328125,-2.0088266410311917e-06,0.5567779541015625,0.0,-0.014093399047851562,0.0061054229736328125,-0.00041268885252065957,0.3223419189453125,0.0,-0.00896453857421875,-0.0073261260986328125,-0.00017520938126835972,0.13284683227539062,0.0,0.00820159912109375,-0.0073261260986328125,0.00022733259538654238,-0.1797313690185547,0.0,-0.034801483154296875,0.0061054229736328125,3.1236535846801416e-07,0.8498153686523438,0.0,0.05378437042236328,-0.0061054229736328125,2.2407120070511155e-07,-1.1428604125976562,0.0,0.01831197738647461,0.0061054229736328125,-3.120010660495609e-06,-0.3223419189453125,0.0,-0.02943277359008789,0.0061054229736328125,-7.266917236847803e-07,0.615386962890625,0.0,0.008340835571289062,0.0061054229736328125,-8.997350960271433e-05,-0.08791351318359375,0.0,0.01201629638671875,0.0073261260986328125,-0.00017520938126835972,-0.19536209106445312,0.0,-0.01087188720703125,-0.0073261260986328125,0.00049328658496961,0.1797332763671875,0.0,0.0001437664031982422,0.0030689239501953125,-1.8316918554544557e-22,0.0010989010334014893,0.0,0.0,0.0,6.805807845195446e-23,0.0,0.0,-0.04192760959267616,0.02585444413125515,-0.03179371356964111,0.001027044840157032,0.02585444413125515,-0.03179371356964111,0.001027044840157032
6.3001,1788396536.0043,settle,0,0.001996,0.003813831333764363,-0.033151401675740044,0.006791778064690967,-0.03720226138830185,0.004925858695060015,0.9937817454338074,0.10483133792877197,-0.07161664962768555,-0.0061054229736328125,-0.0769292563199997,-1.2014617919921875,0.0,0.10287094116210938,-0.0061054229736328125,0.1589980572462082,5.421241760253906,0.0,0.29173946380615234,0.0061054229736328125,0.280795693397522,-1.26007080078125,0.0,0.23747634887695312,0.0061054229736328125,0.23505181074142456,-0.615386962890625,0.0,-0.21446657180786133,0.0061054229736328125,-0.119921013712883,9.465202331542969,0.0,-0.10267925262451172,0.0061054229736328125,-0.13912931084632874,-3.4871826171875,0.0,-0.2838783264160156,0.018314361572265625,-0.2505912482738495,6.0659332275390625,0.0,-0.0006709098815917969,-0.018314361572265625,-0.13574208319187164,-13.684982299804688,0.0,-0.13642644882202148,0.0061054229736328125,-0.08605531603097916,5.128204345703125,0.0,0.35060548782348633,0.0061054229736328125,0.3007364869117737,-4.776557922363281,0.0,-0.15483379364013672,0.018314361572265625,-0.10027626156806946,5.24542236328125,0.0,0.06720638275146484,0.0061054229736328125,0.13275828957557678,6.652015686035156,0.0,0.007765293121337891,-0.0061054229736328125,-4.889951358871998e-14,-0.4395599365234375,0.0,0.05228898491021264,-0.013859666721976622,-2.4049813247654928e-14,-2.9792712017486864,0.0,0.043225260056681404,-0.010871647146027985,4.476386844748728e-14,-2.2905558788977465,0.0,-0.04362201690673828,-0.0061054229736328125,1.9182452888344415e-06,0.7325973510742188,0.0,-0.06279659271240234,-0.0061054229736328125,-2.2407120070511155e-07,1.0842514038085938,0.0,-0.01716136932373047,0.0061054229736328125,3.405082509289059e-07,0.4395599365234375,0.0,-0.030775070190429688,-0.0061054229736328125,-2.0088266410311917e-06,0.4981689453125,0.0,-0.014093399047851562,0.0061054229736328125,-0.00041268885252065957,0.380950927734375,0.0,-0.00896453857421875,-0.0073261260986328125,-0.00017520938126835972,0.13284683227539062,0.0,0.00820159912109375,-0.0073261260986328125,0.00022733259538654238,-0.1953601837158203,0.0,-0.034801483154296875,0.0061054229736328125,3.1236535846801416e-07,0.7325973510742188,0.0,0.05378437042236328,-0.0061054229736328125,2.2407120070511155e-07,-1.0842514038085938,0.0,0.01831197738647461,0.0061054229736328125,-3.120010660495609e-06,-0.3223419189453125,0.0,-0.02943277359008789,0.0061054229736328125,-7.266917236847803e-07,0.6739959716796875,0.0,0.008340835571289062,0.0061054229736328125,-8.997350960271433e-05,-0.08791351318359375,0.0,0.01201629638671875,0.0073261260986328125,-0.00017520938126835972,-0.19536209106445312,0.0,-0.01087188720703125,-0.0073261260986328125,0.00049328658496961,0.1797332763671875,0.0,0.0001437664031982422,0.0030689239501953125,-1.8316918554544557e-22,0.0006105005741119385,0.0,0.0,0.0,6.805807845195446e-23,0.0,0.0,-0.04129939153790474,0.015096569433808327,-0.01943761296570301,0.010683470405638218,0.015096569433808327,-0.01943761296570301,0.010683470405638218
6.3213,1788396536.0256,settle,0,0.002150,0.007329573798359397,-0.041902717545903155,0.006232700448991172,-0.036818042397499084,0.004960551392287016,0.9938019514083862,0.10477355122566223,-0.07161664962768555,-0.0061054229736328125,-0.0769292563199997,-1.2014617919921875,0.0,0.10306262969970703,-0.018314361572265625,0.1589980572462082,5.479850769042969,0.0,0.29173946380615234,0.0061054229736328125,0.280795693397522,-0.9084243774414062,0.0,0.2380514144897461,0.018314361572265625,0.23505181074142456,-0.4981689453125,0.0,-0.21446657180786133,0.018314361572265625,-0.119921013712883,9.465202331542969,0.0,-0.10267925262451172,0.0061054229736328125,-0.13912931084632874,-3.4871826171875,0.0,-0.2838783264160156,0.03052520751953125,-0.2505912482738495,5.890106201171875,0.0,-0.0006709098815917969,-0.018314361572265625,-0.13574208319187164,-13.5091552734375,0.0,-0.13642644882202148,0.0061054229736328125,-0.08605531603097916,5.0695953369140625,0.0,0.35060548782348633,0.0061054229736328125,0.3007364869117737,-4.659339904785156,0.0,-0.15425872802734375,0.018314361572265625,-0.10027626156806946,5.128204345703125,0.0,0.06720638275146484,0.0061054229736328125,0.13275828957557678,6.593406677246094,0.0,0.007765293121337891,0.0061054229736328125,-4.889951358871998e-14,-0.380950927734375,0.0,0.05206870819344015,-0.00921934422537646,-2.4049813247654928e-14,-3.1362455028682295,0.0,0.04280804244263837,-0.005498774834785731,4.476386844748728e-14,-2.2895256349681654,0.0,-0.04362201690673828,-0.0061054229736328125,1.9182452888344415e-06,0.7912063598632812,0.0,-0.06279659271240234,-0.0061054229736328125,-2.2407120070511155e-07,1.2014617919921875,0.0,-0.01716136932373047,0.0061054229736328125,3.405082509289059e-07,0.380950927734375,0.0,-0.030775070190429688,-0.0061054229736328125,-2.0088266410311917e-06,0.5567779541015625,0.0,-0.014093399047851562,0.0061054229736328125,-0.00041268885252065957,0.380950927734375,0.0,-0.00896453857421875,-0.0073261260986328125,-0.00017520938126835972,0.13284683227539062,0.0,0.00820159912109375,-0.0073261260986328125,0.00022733259538654238,-0.1797313690185547,0.0,-0.034801483154296875,-0.0061054229736328125,3.1236535846801416e-07,0.8498153686523438,0.0,0.05378437042236328,-0.0061054229736328125,2.2407120070511155e-07,-1.1428604125976562,0.0,0.01831197738647461,0.0061054229736328125,-3.120010660495609e-06,-0.3223419189453125,0.0,-0.02943277359008789,0.0061054229736328125,-7.266917236847803e-07,0.6739959716796875,0.0,0.008340835571289062,0.0061054229736328125,-8.997350960271433e-05,-0.14652252197265625,0.0,0.01201629638671875,0.0073261260986328125,-0.00017520938126835972,-0.19536209106445312,0.0,-0.01087188720703125,-0.0073261260986328125,0.00049328658496961,0.1797332763671875,0.0,0.0001437664031982422,0.0030689239501953125,-1.8316918554544557e-22,0.0006105005741119385,0.0,0.0,0.0,6.805807845195446e-23,0.0,0.0,-0.040727000683546066,0.013296891935169697,-0.03280945122241974,-0.0023453207686543465,0.013296891935169697,-0.03280945122241974,-0.0023453207686543465
6.3401,1788396536.0444,settle,0,0.002260,0.005531790259744594,-0.051767336700854864,0.0014604078418802998,-0.03642478957772255,0.0049728951416909695,0.9938198924064636,0.10473980009555817,-0.07142496109008789,0.0061054229736328125,-0.0769292563199997,-1.0256423950195312,0.0,0.10306262969970703,-0.018314361572265625,0.1589980572462082,5.597068786621094,0.0,0.29173946380615234,0.0061054229736328125,0.280795693397522,-0.8498153686523438,0.0,0.23862648010253906,0.018314361572265625,0.23505181074142456,-0.615386962890625,0.0,-0.21427488327026367,0.018314361572265625,-0.119921013712883,9.465202331542969,0.0,-0.10267925262451172,0.0061054229736328125,-0.13912931084632874,-3.5457839965820312,0.0,-0.28330278396606445,0.03052520751953125,-0.2505912482738495,5.9487152099609375,0.0,-0.0006709098815917969,-0.018314361572265625,-0.13574208319187164,-13.5091552734375,0.0,-0.13642644882202148,0.0061054229736328125,-0.08605531603097916,5.010986328125,0.0,0.35060548782348633,0.0061054229736328125,0.3007364869117737,-5.010986328125,0.0,-0.15368366241455078,0.018314361572265625,-0.10027626156806946,5.128204345703125,0.0,0.06720638275146484,0.0061054229736328125,0.13275828957557678,6.593406677246094,0.0,0.007765293121337891,0.0061054229736328125,-4.889951358871998e-14,-0.5567779541015625,0.0,0.05199589138262607,-0.004581368448319308,-2.4049813247654928e-14,-3.1364008947073,0.0,0.04272378583218479,-0.00013185223851735822,4.476386844748728e-14,-2.2897095819175686,0.0,-0.04362201690673828,-0.0061054229736328125,1.9182452888344415e-06,0.7325973510742188,0.0,-0.06279659271240234,-0.0061054229736328125,-2.2407120070511155e-07,1.1428604125976562,0.0,-0.01716136932373047,0.0061054229736328125,3.405082509289059e-07,0.380950927734375,0.0,-0.030775070190429688,-0.0061054229736328125,-2.0088266410311917e-06,0.5567779541015625,0.0,-0.014093399047851562,0.0061054229736328125,-0.00041268885252065957,0.380950927734375,0.0,-0.00896453857421875,-0.0073261260986328125,-0.00017520938126835972,0.13284683227539062,0.0,0.00820159912109375,-0.0073261260986328125,0.00022733259538654238,-0.1797313690185547,0.0,-0.034801483154296875,-0.0061054229736328125,3.1236535846801416e-07,0.6739959716796875,0.0,0.05378437042236328,-0.0061054229736328125,2.2407120070511155e-07,-1.1428604125976562,0.0,0.01831197738647461,0.0061054229736328125,-3.120010660495609e-06,-0.26373291015625,0.0,-0.02943277359008789,0.0061054229736328125,-7.266917236847803e-07,0.615386962890625,0.0,0.008340835571289062,0.0061054229736328125,-8.997350960271433e-05,-0.14652252197265625,0.0,0.01201629638671875,0.0073261260986328125,-0.00017520938126835972,-0.19536209106445312,0.0,-0.01087188720703125,-0.0073261260986328125,0.00049328658496961,0.1797332763671875,0.0,0.0001437664031982422,0.0030689239501953125,-1.8316918554544557e-22,0.0008547008037567139,0.0,0.0,0.0,6.805807845195446e-23,0.0,0.0,-0.04052969813346863,0.005983265116810799,-0.047156065702438354,-0.007150708697736263,0.005983265116810799,-0.047156065702438354,-0.007150708697736263
6.3601,1788396536.0645,settle,0,0.002417,0.014469609589700012,-0.06635476412106106,0.005649390147966258,-0.035860076546669006,0.004990779794752598,0.9938434362411499,0.10471117496490479,-0.07123327255249023,0.0061054229736328125,-0.0769292563199997,-1.1428604125976562,0.0,0.10287094116210938,-0.018314361572265625,0.1589980572462082,5.597068786621094,0.0,0.29173946380615234,0.0061054229736328125,0.280795693397522,-0.9670333862304688,0.0,0.23920202255249023,0.018314361572265625,0.23505181074142456,-0.615386962890625,0.0,-0.21389150619506836,0.03052520751953125,-0.119921013712883,9.347984313964844,0.0,-0.10267925262451172,0.0061054229736328125,-0.13912931084632874,-3.5457839965820312,0.0,-0.2831110954284668,0.03052520751953125,-0.2505912482738495,5.831504821777344,0.0,-0.0006709098815917969,-0.018314361572265625,-0.13574208319187164,-13.626373291015625,0.0,-0.13642644882202148,0.0061054229736328125,-0.08605531603097916,5.0695953369140625,0.0,0.350797176361084,0.018314361572265625,0.3007364869117737,-4.9523773193359375,0.0,-0.15330028533935547,0.018314361572265625,-0.10027626156806946,5.0695953369140625,0.0,0.06720638275146484,0.0061054229736328125,0.13275828957557678,6.652015686035156,0.0,0.007765293121337891,0.0061054229736328125,-4.889951358871998e-14,-0.5567779541015625,0.0,0.05192307728941762,-0.009104925242412618,-2.4049813247654928e-14,-2.9802932584002573,0.0,0.04263953721066403,0.004970869209066073,4.476386844748728e-14,-2.2915945900499937,0.0,-0.04362201690673828,-0.0061054229736328125,1.9182452888344415e-06,0.7325973510742188,0.0,-0.06279659271240234,-0.0061054229736328125,-2.2407120070511155e-07,1.0842514038085938,0.0,-0.01716136932373047,0.0061054229736328125,3.405082509289059e-07,0.380950927734375,0.0,-0.030775070190429688,-0.0061054229736328125,-2.0088266410311917e-06,0.5567779541015625,0.0,-0.014093399047851562,0.0061054229736328125,-0.00041268885252065957,0.380950927734375,0.0,-0.00896453857421875,-0.0073261260986328125,-0.00017520938126835972,0.13284683227539062,0.0,0.00820159912109375,-0.0073261260986328125,0.00022733259538654238,-0.1797313690185547,0.0,-0.034801483154296875,-0.0061054229736328125,3.1236535846801416e-07,0.7912063598632812,0.0,0.05378437042236328,-0.0061054229736328125,2.2407120070511155e-07,-1.2014617919921875,0.0,0.01831197738647461,0.0061054229736328125,-3.120010660495609e-06,-0.26373291015625,0.0,-0.02943277359008789,0.0061054229736328125,-7.266917236847803e-07,0.615386962890625,0.0,0.008340835571289062,0.0061054229736328125,-8.997350960271433e-05,-0.08791351318359375,0.0,0.01201629638671875,0.0073261260986328125,-0.00017520938126835972,-0.19536209106445312,0.0,-0.01087188720703125,-0.0073261260986328125,0.00049328658496961,0.1797332763671875,0.0,0.0001437664031982422,0.0030689239501953125,-1.8316918554544557e-22,0.0008547008037567139,0.0,0.0,0.0,6.805807845195446e-23,0.0,0.0,-0.040283966809511185,0.010077745653688908,-0.05735381320118904,-0.0037864239420741796,0.010077745653688908,-0.05735381320118904,-0.0037864239420741796
6.3808,1788396536.0851,settle,0,0.002630,0.01876111891641617,-0.07058535363784166,0.0061623482634291455,-0.035252273082733154,0.005032363813370466,0.9938692450523376,0.10467015206813812,-0.07104158401489258,0.0061054229736328125,-0.0769292563199997,-1.2014617919921875,0.0,0.10287094116210938,-0.018314361572265625,0.1589980572462082,5.479850769042969,0.0,0.29173946380615234,0.0061054229736328125,0.280795693397522,-0.9670333862304688,0.0,0.23958539962768555,0.0061054229736328125,0.23505181074142456,-0.7325973510742188,0.0,-0.2133164405822754,0.04273414611816406,-0.119921013712883,9.230766296386719,0.0,-0.10267925262451172,0.0061054229736328125,-0.13912931084632874,-3.5457839965820312,0.0,-0.28253602981567383,0.018314361572265625,-0.2505912482738495,5.772895812988281,0.0,-0.0010547637939453125,-0.018314361572265625,-0.13574208319187164,-13.684982299804688,0.0,-0.13642644882202148,0.0061054229736328125,-0.08605531603097916,5.1868133544921875,0.0,0.35098886489868164,0.018314361572265625,0.3007364869117737,-4.9523773193359375,0.0,-0.15253305435180664,0.03052520751953125,-0.10027626156806946,4.9523773193359375,0.0,0.06720638275146484,0.0061054229736328125,0.13275828957557678,6.652015686035156,0.0,0.008149147033691406,0.0061054229736328125,-4.889951358871998e-14,-0.4981689453125,0.0,0.05163702115520382,-0.013856939461403187,-2.4049813247654928e-14,-3.056305496748479,0.0,0.04279538773132134,-0.010863488872384319,4.476386844748728e-14,-2.3594476348400675,0.0,-0.04362201690673828,-0.0061054229736328125,1.9182452888344415e-06,0.7912063598632812,0.0,-0.06260490417480469,-0.0061054229736328125,-2.2407120070511155e-07,1.0842514038085938,0.0,-0.01716136932373047,0.0061054229736328125,3.405082509289059e-07,0.380950927734375,0.0,-0.030775070190429688,-0.0061054229736328125,-2.0088266410311917e-06,0.5567779541015625,0.0,-0.014093399047851562,0.0061054229736328125,-0.00041268885252065957,0.3223419189453125,0.0,-0.00896453857421875,-0.0073261260986328125,-0.00017520938126835972,0.13284683227539062,0.0,0.00820159912109375,-0.0073261260986328125,0.00022733259538654238,-0.1953601837158203,0.0,-0.03518486022949219,0.0061054229736328125,3.1236535846801416e-07,0.7325973510742188,0.0,0.05378437042236328,-0.0061054229736328125,2.2407120070511155e-07,-1.0842514038085938,0.0,0.01831197738647461,0.0061054229736328125,-3.120010660495609e-06,-0.26373291015625,0.0,-0.02943277359008789,0.0061054229736328125,-7.266917236847803e-07,0.615386962890625,0.0,0.008340835571289062,0.0061054229736328125,-8.997350960271433e-05,-0.08791351318359375,0.0,0.01201629638671875,0.0073261260986328125,-0.00017520938126835972,-0.19536209106445312,0.0,-0.01087188720703125,-0.0073261260986328125,0.00049328658496961,0.1797332763671875,0.0,0.0001437664031982422,0.0030689239501953125,-1.8316918554544557e-22,0.0006105005741119385,0.0,0.0,0.0,6.805807845195446e-23,0.0,0.0,-0.040229540318250656,0.030209947377443314,-0.05668312683701515,-0.004501750227063894,0.030209947377443314,-0.05668312683701515,-0.004501750227063894
6.4004,1788396536.1047,settle,0,0.002825,0.014482894186231384,-0.07166815332517584,6.1003488849696656e-05,-0.03466331213712692,0.005067852325737476,0.9938905239105225,0.10466307401657104,-0.07065773010253906,0.0061054229736328125,-0.0769292563199997,-1.26007080078125,0.0,0.10287094116210938,-0.0061054229736328125,0.1589980572462082,5.479850769042969,0.0,0.29173946380615234,0.0061054229736328125,0.280795693397522,-0.9670333862304688,0.0,0.23996877670288086,0.0061054229736328125,0.23505181074142456,-0.5567779541015625,0.0,-0.21254920959472656,0.04273414611816406,-0.119921013712883,9.113555908203125,0.0,-0.10267925262451172,0.0061054229736328125,-0.13912931084632874,-3.6043930053710938,0.0,-0.28234434127807617,0.018314361572265625,-0.2505912482738495,5.890106201171875,0.0,-0.001438140869140625,-0.018314361572265625,-0.13574208319187164,-13.450546264648438,0.0,-0.13642644882202148,0.0061054229736328125,-0.08605531603097916,5.128204345703125,0.0,0.3511805534362793,0.018314361572265625,0.3007364869117737,-4.9523773193359375,0.0,-0.15157461166381836,0.04273414611816406,-0.10027626156806946,4.776557922363281,0.0,0.06720638275146484,0.0061054229736328125,0.13275828957557678,6.652015686035156,0.0,0.008340835571289062,0.0061054229736328125,-4.889951358871998e-14,-0.615386962890625,0.0,0.051130953609898284,-0.018491822727943898,-2.4049813247654928e-14,-2.9846473428736964,0.0,0.04253445434871707,-0.01622059473007234,4.476386844748728e-14,-2.1560893846915667,0.0,-0.04362201690673828,-0.0061054229736328125,1.9182452888344415e-06,0.7912063598632812,0.0,-0.06260490417480469,-0.0061054229736328125,-2.2407120070511155e-07,1.1428604125976562,0.0,-0.01716136932373047,0.0061054229736328125,3.405082509289059e-07,0.4395599365234375,0.0,-0.030775070190429688,-0.0061054229736328125,-2.0088266410311917e-06,0.5567779541015625,0.0,-0.014093399047851562,0.0061054229736328125,-0.00041268885252065957,0.380950927734375,0.0,-0.00896453857421875,-0.0073261260986328125,-0.00017520938126835972,0.13284683227539062,0.0,0.00820159912109375,-0.0073261260986328125,0.00022733259538654238,-0.1797313690185547,0.0,-0.03518486022949219,0.0061054229736328125,3.1236535846801416e-07,0.7912063598632812,0.0,0.05378437042236328,-0.0061054229736328125,2.2407120070511155e-07,-1.0842514038085938,0.0,0.018120288848876953,0.0061054229736328125,-3.120010660495609e-06,-0.26373291015625,0.0,-0.02943277359008789,0.0061054229736328125,-7.266917236847803e-07,0.6739959716796875,0.0,0.008149147033691406,0.0061054229736328125,-8.997350960271433e-05,-0.08791351318359375,0.0,0.01201629638671875,0.0073261260986328125,-0.00017520938126835972,-0.19536209106445312,0.0,-0.01087188720703125,-0.0073261260986328125,0.00049328658496961,0.1797332763671875,0.0,0.0001437664031982422,0.0030689239501953125,-1.8316918554544557e-22,0.0003663003444671631,0.0,0.0,0.0,6.805807845195446e-23,0.0,0.0,-0.03977584093809128,0.03095267526805401,-0.05285777524113655,-0.01065723318606615,0.03095267526805401,-0.05285777524113655,-0.01065723318606615
6.4215,1788396536.1258,settle,0,0.003045,0.011701308772319587,-0.09035502206204384,-0.00471928841933719,-0.03389819711446762,0.005099199246615171,0.9939124584197998,0.10470414906740189,-0.07065773010253906,0.0061054229736328125,-0.0769292563199997,-1.377288818359375,0.0,0.10287094116210938,-0.0061054229736328125,0.1589980572462082,5.655677795410156,0.0,0.29173946380615234,0.0061054229736328125,0.280795693397522,-1.0256423950195312,0.0,0.24035215377807617,0.018314361572265625,0.23505181074142456,-0.7325973510742188,0.0,-0.21159076690673828,0.05494499206542969,-0.119921013712883,9.054946899414062,0.0,-0.10267925262451172,0.0061054229736328125,-0.13912931084632874,-3.5457839965820312,0.0,-0.2821526527404785,0.018314361572265625,-0.2505912482738495,5.890106201171875,0.0,-0.0016298294067382812,-0.0061054229736328125,-0.13574208319187164,-13.391944885253906,0.0,-0.13642644882202148,0.0061054229736328125,-0.08605531603097916,5.010986328125,0.0,0.3515639305114746,0.018314361572265625,0.3007364869117737,-4.893775939941406,0.0,-0.15061569213867188,0.05494499206542969,-0.10027626156806946,4.600730895996094,0.0,0.06720638275146484,0.0061054229736328125,0.13275828957557678,6.652015686035156,0.0,0.008340835571289062,-0.0061054229736328125,-4.889951358871998e-14,-0.380950927734375,0.0,0.050411553719172324,-0.01848947710379923,-2.4049813247654928e-14,-2.6723119554727623,0.0,0.04251378921215845,-0.016213500574494912,4.476386844748728e-14,-2.1605509147490505,0.0,-0.04362201690673828,-0.0061054229736328125,1.9182452888344415e-06,0.7912063598632812,0.0,-0.06260490417480469,-0.0061054229736328125,-2.2407120070511155e-07,1.1428604125976562,0.0,-0.01716136932373047,0.0061054229736328125,3.405082509289059e-07,0.380950927734375,0.0,-0.030775070190429688,-0.0061054229736328125,-2.0088266410311917e-06,0.5567779541015625,0.0,-0.014093399047851562,0.0061054229736328125,-0.00041268885252065957,0.3223419189453125,0.0,-0.00896453857421875,-0.0073261260986328125,-0.00017520938126835972,0.13284683227539062,0.0,0.00820159912109375,-0.0073261260986328125,0.00022733259538654238,-0.1953601837158203,0.0,-0.03537702560424805,0.0061054229736328125,3.1236535846801416e-07,0.8498153686523438,0.0,0.05378437042236328,-0.0061054229736328125,2.2407120070511155e-07,-1.1428604125976562,0.0,0.018120288848876953,0.0061054229736328125,-3.120010660495609e-06,-0.3223419189453125,0.0,-0.02943277359008789,0.0061054229736328125,-7.266917236847803e-07,0.6739959716796875,0.0,0.008149147033691406,0.0061054229736328125,-8.997350960271433e-05,-0.08791351318359375,0.0,0.01201629638671875,0.0073261260986328125,-0.00017520938126835972,-0.19536209106445312,0.0,-0.01087188720703125,-0.0073261260986328125,0.00049328658496961,0.1797332763671875,0.0,0.0001437664031982422,0.0030689239501953125,-1.8316918554544557e-22,0.0008547008037567139,0.0,0.0,0.0,6.805807845195446e-23,0.0,0.0,-0.03953251615166664,0.02804435044527054,-0.07135190069675446,-0.0038455429021269083,0.02804435044527054,-0.07135190069675446,-0.0038455429021269083
6.4401,1788396536.1444,settle,0,0.003254,0.022920520888902184,-0.0966429784223163,-0.006642286302266953,-0.03316069766879082,0.005127970594912767,0.9939319491386414,0.1047540083527565,-0.0704660415649414,0.0061054229736328125,-0.0769292563199997,-1.377288818359375,0.0,0.10267925262451172,-0.0061054229736328125,0.1589980572462082,5.538459777832031,0.0,0.29173946380615234,0.0061054229736328125,0.280795693397522,-0.8498153686523438,0.0,0.241119384765625,0.03052520751953125,0.23505181074142456,-0.8498153686523438,0.0,-0.2106318473815918,0.06715583801269531,-0.119921013712883,8.820510864257812,0.0,-0.10267925262451172,0.0061054229736328125,-0.13912931084632874,-3.4871826171875,0.0,-0.28196096420288086,0.018314361572265625,-0.2505912482738495,5.714286804199219,0.0,-0.0016298294067382812,-0.018314361572265625,-0.13574208319187164,-13.567764282226562,0.0,-0.13642644882202148,0.0061054229736328125,-0.08605531603097916,4.9523773193359375,0.0,0.35175609588623047,0.018314361572265625,0.3007364869117737,-5.0695953369140625,0.0,-0.14946508407592773,0.05494499206542969,-0.10027626156806946,4.542121887207031,0.0,0.06720638275146484,0.0061054229736328125,0.13275828957557678,6.652015686035156,0.0,0.008532524108886719,-0.0061054229736328125,-4.889951358871998e-14,-0.380950927734375,0.0,0.04962320552656935,-0.018487927885038957,-2.4049813247654928e-14,-2.824565719063988,0.0,0.042737403811307896,-0.01620887928447277,4.476386844748728e-14,-2.2968021495694466,0.0,-0.04362201690673828,-0.0061054229736328125,1.9182452888344415e-06,0.7912063598632812,0.0,-0.06260490417480469,-0.0061054229736328125,-2.2407120070511155e-07,1.2014617919921875,0.0,-0.01716136932373047,0.0061054229736328125,3.405082509289059e-07,0.4395599365234375,0.0,-0.030775070190429688,-0.0061054229736328125,-2.0088266410311917e-06,0.4981689453125,0.0,-0.014093399047851562,0.0061054229736328125,-0.00041268885252065957,0.380950927734375,0.0,-0.00896453857421875,-0.0073261260986328125,-0.00017520938126835972,0.13284683227539062,0.0,0.00820159912109375,-0.0073261260986328125,0.00022733259538654238,-0.1797313690185547,0.0,-0.03537702560424805,0.0061054229736328125,3.1236535846801416e-07,0.7912063598632812,0.0,0.05378437042236328,-0.0061054229736328125,2.2407120070511155e-07,-1.1428604125976562,0.0,0.018120288848876953,0.0061054229736328125,-3.120010660495609e-06,-0.3223419189453125,0.0,-0.02943277359008789,0.0061054229736328125,-7.266917236847803e-07,0.6739959716796875,0.0,0.008149147033691406,0.0061054229736328125,-8.997350960271433e-05,-0.08791351318359375,0.0,0.01201629638671875,0.0073261260986328125,-0.00017520938126835972,-0.19536209106445312,0.0,-0.01087188720703125,-0.0073261260986328125,0.00049328658496961,0.1797332763671875,0.0,0.0001437664031982422,0.0030689239501953125,-1.8316918554544557e-22,0.0006105005741119385,0.0,0.0,0.0,6.805807845195446e-23,0.0,0.0,-0.03954850509762764,0.0392095223069191,-0.07745128870010376,-0.006587488576769829,0.0392095223069191,-0.07745128870010376,-0.006587488576769829
6.4604,1788396536.1651,settle,0,0.003590,0.023356415860915504,-0.11424200411053577,-0.004270126795920937,-0.03216949477791786,0.005194766912609339,0.9939567446708679,0.10482378304004669,-0.0700826644897461,0.018314361572265625,-0.0769292563199997,-1.4358978271484375,0.0,0.10267925262451172,-0.0061054229736328125,0.1589980572462082,5.421241760253906,0.0,0.29173946380615234,0.0061054229736328125,0.280795693397522,-1.0256423950195312,0.0,0.24169445037841797,0.03052520751953125,0.23505181074142456,-0.9084243774414062,0.0,-0.20948123931884766,0.06715583801269531,-0.119921013712883,8.703300476074219,0.0,-0.10267925262451172,0.0061054229736328125,-0.13912931084632874,-3.5457839965820312,0.0,-0.28157711029052734,0.018314361572265625,-0.2505912482738495,5.655677795410156,0.0,-0.0018215179443359375,-0.018314361572265625,-0.13574208319187164,-13.274726867675781,0.0,-0.13642644882202148,0.0061054229736328125,-0.08605531603097916,5.128204345703125,0.0,0.3521394729614258,0.04273414611816406,0.3007364869117737,-5.24542236328125,0.0,-0.1483149528503418,0.05494499206542969,-0.10027626156806946,4.24908447265625,0.0,0.06720638275146484,0.0061054229736328125,0.13275828957557678,6.652015686035156,0.0,0.008532524108886719,-0.0061054229736328125,-4.889951358871998e-14,-0.4395599365234375,0.0,0.04911891145044343,-0.013736091509107876,-2.4049813247654928e-14,-2.6685300536835577,0.0,0.042640608231967324,-0.00039697829148275203,4.476386844748728e-14,-2.2993658339680807,0.0,-0.04362201690673828,-0.0061054229736328125,1.9182452888344415e-06,0.7325973510742188,0.0,-0.06260490417480469,-0.0061054229736328125,-2.2407120070511155e-07,1.1428604125976562,0.0,-0.01716136932373047,0.0061054229736328125,3.405082509289059e-07,0.4395599365234375,0.0,-0.030775070190429688,-0.0061054229736328125,-2.0088266410311917e-06,0.5567779541015625,0.0,-0.014093399047851562,0.0061054229736328125,-0.00041268885252065957,0.3223419189453125,0.0,-0.00896453857421875,-0.0073261260986328125,-0.00017520938126835972,0.13284683227539062,0.0,0.00820159912109375,-0.0073261260986328125,0.00022733259538654238,-0.1797313690185547,0.0,-0.03537702560424805,0.0061054229736328125,3.1236535846801416e-07,0.6739959716796875,0.0,0.05378437042236328,-0.0061054229736328125,2.2407120070511155e-07,-1.0842514038085938,0.0,0.018120288848876953,0.0061054229736328125,-3.120010660495609e-06,-0.26373291015625,0.0,-0.02943277359008789,0.0061054229736328125,-7.266917236847803e-07,0.6739959716796875,0.0,0.008149147033691406,0.0061054229736328125,-8.997350960271433e-05,-0.08791351318359375,0.0,0.01201629638671875,0.0073261260986328125,-0.00017520938126835972,-0.19536209106445312,0.0,-0.01087188720703125,-0.0073261260986328125,0.00049328658496961,0.1797332763671875,0.0,0.0001437664031982422,0.0030689239501953125,-1.8316918554544557e-22,0.0008547008037567139,0.0,0.0,0.0,6.805807845195446e-23,0.0,0.0,-0.03910781443119049,0.0241304412484169,-0.10001779347658157,-0.004185947589576244,0.0241304412484169,-0.10001779347658157,-0.004185947589576244
6.4802,1788396536.1845,settle,0,0.004131,0.03222357715790245,-0.12375705424409017,-0.004851789526095689,-0.030998162925243378,0.005344728473573923,0.9939869046211243,0.10488397628068924,-0.06989097595214844,0.0061054229736328125,-0.0769292563199997,-1.4358978271484375,0.0,0.10267925262451172,-0.0061054229736328125,0.1589980572462082,5.421241760253906,0.0,0.29173946380615234,0.0061054229736328125,0.280795693397522,-1.0256423950195312,0.0,0.2424616813659668,0.03052520751953125,0.23505181074142456,-1.0256423950195312,0.0,-0.20813941955566406,0.07936477661132812,-0.119921013712883,8.527473449707031,0.0,-0.10267925262451172,0.0061054229736328125,-0.13912931084632874,-3.5457839965820312,0.0,-0.2813854217529297,0.0061054229736328125,-0.2505912482738495,5.538459777832031,0.0,-0.0020132064819335938,-0.018314361572265625,-0.13574208319187164,-13.274726867675781,0.0,-0.13642644882202148,0.0061054229736328125,-0.08605531603097916,5.3040313720703125,0.0,0.3529062271118164,0.05494499206542969,0.3007364869117737,-5.538459777832031,0.0,-0.14678096771240234,0.05494499206542969,-0.10027626156806946,4.1904754638671875,0.0,0.06720638275146484,0.0061054229736328125,0.13275828957557678,6.593406677246094,0.0,0.008532524108886719,-0.0061054229736328125,-4.889951358871998e-14,-0.5567779541015625,0.0,0.04897514350395003,-0.0045790639589261455,-2.4049813247654928e-14,-2.82491552191722,0.0,0.042636452842069614,-0.00013236397018609323,4.476386844748728e-14,-2.2978912325115766,0.0,-0.04362201690673828,-0.0061054229736328125,1.9182452888344415e-06,0.7912063598632812,0.0,-0.06260490417480469,-0.0061054229736328125,-2.2407120070511155e-07,1.1428604125976562,0.0,-0.01716136932373047,0.0061054229736328125,3.405082509289059e-07,0.4395599365234375,0.0,-0.030775070190429688,-0.0061054229736328125,-2.0088266410311917e-06,0.5567779541015625,0.0,-0.014093399047851562,0.0061054229736328125,-0.00041268885252065957,0.380950927734375,0.0,-0.00896453857421875,-0.0073261260986328125,-0.00017520938126835972,0.13284683227539062,0.0,0.00820159912109375,-0.0073261260986328125,0.00022733259538654238,-0.1953601837158203,0.0,-0.03537702560424805,0.0061054229736328125,3.1236535846801416e-07,0.7912063598632812,0.0,0.05378437042236328,-0.0061054229736328125,2.2407120070511155e-07,-1.1428604125976562,0.0,0.018120288848876953,0.0061054229736328125,-3.120010660495609e-06,-0.26373291015625,0.0,-0.02943277359008789,0.0061054229736328125,-7.266917236847803e-07,0.615386962890625,0.0,0.008149147033691406,0.0061054229736328125,-8.997350960271433e-05,-0.02930450439453125,0.0,0.01201629638671875,0.0073261260986328125,-0.00017520938126835972,-0.19536209106445312,0.0,-0.01087188720703125,-0.0073261260986328125,0.00049328658496961,0.1797332763671875,0.0,0.0001437664031982422,0.0030689239501953125,-1.8316918554544557e-22,0.0006105005741119385,0.0,0.0,0.0,6.805807845195446e-23,0.0,0.0,-0.0385499931871891,0.03283459320664406,-0.11858287453651428,-0.00558878667652607,0.03283459320664406,-0.11858287453651428,-0.00558878667652607
