t_s,phase,frame,adapt_on,drift,drift_frac,err_masked_deg,err_leg_deg,err_all_deg,act_dev_max,dev_clamped,loop_ms
0.0000,ramp,0,0,0.000000,0.000000,nan,nan,nan,0.0000,0,0.00
0.0207,ramp,0,0,0.000000,0.000000,nan,nan,nan,0.0000,0,8.51
0.0411,ramp,0,0,0.000000,0.000000,nan,nan,nan,0.0000,0,11.63
0.0601,ramp,0,0,0.000000,0.000000,nan,nan,nan,0.0000,0,16.43
0.0805,ramp,0,0,0.000000,0.000000,nan,nan,nan,0.0000,0,10.23
0.1006,ramp,0,0,0.000000,0.000000,nan,nan,nan,0.0000,0,9.61
0.1206,ramp,0,0,0.000000,0.000000,nan,nan,nan,0.0000,0,9.26
0.1406,ramp,0,0,0.000000,0.000000,nan,nan,nan,0.0000,0,8.57
0.1606,ramp,0,0,0.000000,0.000000,nan,nan,nan,0.0000,0,9.50
0.1803,ramp,0,0,0.000000,0.000000,nan,nan,nan,0.0000,0,12.17
0.2006,ramp,0,0,0.000000,0.000000,nan,nan,nan,0.0000,0,9.65
0.2205,ramp,0,0,0.000000,0.000000,nan,nan,nan,0.0000,0,8.04
0.2408,ramp,0,0,0.000000,0.000000,nan,nan,nan,0.0000,0,9.45
0.2607,ramp,0,0,0.000000,0.000000,nan,nan,nan,0.0000,0,10.39
0.2806,ramp,0,0,0.000000,0.000000,nan,nan,nan,0.0000,0,11.43
0.3010,ramp,0,0,0.000000,0.000000,nan,nan,nan,0.0000,0,9.90
0.3204,ramp,0,0,0.000000,0.000000,nan,nan,nan,0.0000,0,7.74
0.3410,ramp,0,0,0.000000,0.000000,nan,nan,nan,0.0000,0,9.35
0.3604,ramp,0,0,0.000000,0.000000,nan,nan,nan,0.0000,0,10.84
0.3807,ramp,0,0,0.000000,0.000000,nan,nan,nan,0.0000,0,11.46
0.4004,ramp,0,0,0.000000,0.000000,nan,nan,nan,0.0000,0,8.04
0.4204,ramp,0,0,0.000000,0.000000,nan,nan,nan,0.0000,0,9.34
0.4403,ramp,0,0,0.000000,0.000000,nan,nan,nan,0.0000,0,8.34
0.4608,ramp,0,0,0.000000,0.000000,nan,nan,nan,0.0000,0,11.32
0.4804,ramp,0,0,0.000000,0.000000,nan,nan,nan,0.0000,0,9.84
0.5004,ramp,0,0,0.000000,0.000000,nan,nan,nan,0.0000,0,8.39
0.5207,ramp,0,0,0.000000,0.000000,nan,nan,nan,0.0000,0,8.20
0.5405,ramp,0,0,0.000000,0.000000,nan,nan,nan,0.0000,0,9.10
0.5604,ramp,0,0,0.000000,0.000000,nan,nan,nan,0.0000,0,10.47
0.5805,ramp,0,0,0.000000,0.000000,nan,nan,nan,0.0000,0,13.65
0.6005,ramp,0,0,0.000000,0.000000,nan,nan,nan,0.0000,0,9.59
0.6204,ramp,0,0,0.000000,0.000000,nan,nan,nan,0.0000,0,9.15
0.6406,ramp,0,0,0.000000,0.000000,nan,nan,nan,0.0000,0,9.31
0.6605,ramp,0,0,0.000000,0.000000,nan,nan,nan,0.0000,0,9.33
0.6805,ramp,0,0,0.000000,0.000000,nan,nan,nan,0.0000,0,11.00
0.7006,ramp,0,0,0.000000,0.000000,nan,nan,nan,0.0000,0,9.95
0.7206,ramp,0,0,0.000000,0.000000,nan,nan,nan,0.0000,0,2.27
0.7408,ramp,0,0,0.000000,0.000000,nan,nan,nan,0.0000,0,9.17
0.7607,ramp,0,0,0.000000,0.000000,nan,nan,nan,0.0000,0,10.18
0.7804,ramp,0,0,0.000000,0.000000,nan,nan,nan,0.0000,0,8.31
0.8006,ramp,0,0,0.000000,0.000000,nan,nan,nan,0.0000,0,9.48
0.8205,ramp,0,0,0.000000,0.000000,nan,nan,nan,0.0000,0,9.15
0.8404,ramp,0,0,0.000000,0.000000,nan,nan,nan,0.0000,0,9.35
0.8609,ramp,0,0,0.000000,0.000000,nan,nan,nan,0.0000,0,9.43
0.8806,ramp,0,0,0.000000,0.000000,nan,nan,nan,0.0000,0,11.15
0.9004,ramp,0,0,0.000000,0.000000,nan,nan,nan,0.0000,0,9.26
0.9205,ramp,0,0,0.000000,0.000000,nan,nan,nan,0.0000,0,9.11
0.9406,ramp,0,0,0.000000,0.000000,nan,nan,nan,0.0000,0,8.51
0.9605,ramp,0,0,0.000000,0.000000,nan,nan,nan,0.0000,0,9.60
0.9805,ramp,0,0,0.000000,0.000000,nan,nan,nan,0.0000,0,11.31
1.0005,ramp,0,0,0.000000,0.000000,nan,nan,nan,0.0000,0,9.21
1.0205,ramp,0,0,0.000000,0.000000,nan,nan,nan,0.0000,0,9.98
1.0404,ramp,0,0,0.000000,0.000000,nan,nan,nan,0.0000,0,9.18
1.0604,ramp,0,0,0.000000,0.000000,nan,nan,nan,0.0000,0,9.52
1.0804,ramp,0,0,0.000000,0.000000,nan,nan,nan,0.0000,0,11.70
1.1005,ramp,0,0,0.000000,0.000000,nan,nan,nan,0.0000,0,9.37
1.1206,ramp,0,0,0.000000,0.000000,nan,nan,nan,0.0000,0,9.18
1.1404,ramp,0,0,0.000000,0.000000,nan,nan,nan,0.0000,0,9.21
1.1605,ramp,0,0,0.000000,0.000000,nan,nan,nan,0.0000,0,9.40
1.1808,ramp,0,0,0.000000,0.000000,nan,nan,nan,0.0000,0,10.32
1.2005,ramp,0,0,0.000000,0.000000,nan,nan,nan,0.0000,0,9.00
1.2205,ramp,0,0,0.000000,0.000000,nan,nan,nan,0.0000,0,9.29
1.2407,ramp,0,0,0.000000,0.000000,nan,nan,nan,0.0000,0,9.30
1.2605,ramp,0,0,0.000000,0.000000,nan,nan,nan,0.0000,0,10.13
1.2805,ramp,0,0,0.000000,0.000000,nan,nan,nan,0.0000,0,10.36
1.3006,ramp,0,0,0.000000,0.000000,nan,nan,nan,0.0000,0,9.21
1.3206,ramp,0,0,0.000000,0.000000,nan,nan,nan,0.0000,0,9.17
1.3403,ramp,0,0,0.000000,0.000000,nan,nan,nan,0.0000,0,6.05
1.3606,ramp,0,0,0.000000,0.000000,nan,nan,nan,0.0000,0,9.49
1.3803,ramp,0,0,0.000000,0.000000,nan,nan,nan,0.0000,0,10.72
1.4004,ramp,0,0,0.000000,0.000000,nan,nan,nan,0.0000,0,8.20
1.4204,ramp,0,0,0.000000,0.000000,nan,nan,nan,0.0000,0,9.32
1.4405,ramp,0,0,0.000000,0.000000,nan,nan,nan,0.0000,0,9.36
1.4610,ramp,0,0,0.000000,0.000000,nan,nan,nan,0.0000,0,9.15
1.4806,ramp,0,0,0.000000,0.000000,nan,nan,nan,0.0000,0,9.60
1.5005,ramp,0,0,0.000000,0.000000,nan,nan,nan,0.0000,0,9.13
1.5205,ramp,0,0,0.000000,0.000000,nan,nan,nan,0.0000,0,8.88
1.5408,ramp,0,0,0.000000,0.000000,nan,nan,nan,0.0000,0,9.05
1.5603,ramp,0,0,0.000000,0.000000,nan,nan,nan,0.0000,0,9.10
1.5804,ramp,0,0,0.000000,0.000000,nan,nan,nan,0.0000,0,10.66
1.6006,ramp,0,0,0.000000,0.000000,nan,nan,nan,0.0000,0,8.26
1.6205,ramp,0,0,0.000000,0.000000,nan,nan,nan,0.0000,0,9.92
1.6406,ramp,0,0,0.000000,0.000000,nan,nan,nan,0.0000,0,9.08
1.6606,ramp,0,0,0.000000,0.000000,nan,nan,nan,0.0000,0,9.21
1.6804,ramp,0,0,0.000000,0.000000,nan,nan,nan,0.0000,0,13.05
1.7006,ramp,0,0,0.000000,0.000000,nan,nan,nan,0.0000,0,9.20
1.7206,ramp,0,0,0.000000,0.000000,nan,nan,nan,0.0000,0,8.98
1.7404,ramp,0,0,0.000000,0.000000,nan,nan,nan,0.0000,0,9.23
1.7608,ramp,0,0,0.000000,0.000000,nan,nan,nan,0.0000,0,2.17
1.7806,ramp,0,0,0.000000,0.000000,nan,nan,nan,0.0000,0,10.99
1.8004,ramp,0,0,0.000000,0.000000,nan,nan,nan,0.0000,0,10.12
1.8203,ramp,0,0,0.000000,0.000000,nan,nan,nan,0.0000,0,9.04
1.8405,ramp,0,0,0.000000,0.000000,nan,nan,nan,0.0000,0,9.37
1.8606,ramp,0,0,0.000000,0.000000,nan,nan,nan,0.0000,0,10.45
1.8805,ramp,0,0,0.000000,0.000000,nan,nan,nan,0.0000,0,13.50
1.9005,ramp,0,0,0.000000,0.000000,nan,nan,nan,0.0000,0,9.24
1.9202,ramp,0,0,0.000000,0.000000,nan,nan,nan,0.0000,0,8.96
1.9409,ramp,0,0,0.000000,0.000000,nan,nan,nan,0.0000,0,9.28
1.9606,ramp,0,0,0.000000,0.000000,nan,nan,nan,0.0000,0,10.91
1.9804,ramp,0,0,0.000000,0.000000,nan,nan,nan,0.0000,0,10.51
2.0002,ramp,0,0,0.000000,0.000000,nan,nan,nan,0.0000,0,8.99
2.0205,ramp,0,0,0.000000,0.000000,nan,nan,nan,0.0000,0,9.43
2.0404,ramp,0,0,0.000000,0.000000,nan,nan,nan,0.0000,0,10.06
2.0621,ramp,0,0,0.000000,0.000000,nan,nan,nan,0.0000,0,9.22
2.0805,ramp,0,0,0.000000,0.000000,nan,nan,nan,0.0000,0,10.52
2.1005,ramp,0,0,0.000000,0.000000,nan,nan,nan,0.0000,0,9.27
2.1204,ramp,0,0,0.000000,0.000000,nan,nan,nan,0.0000,0,9.02
2.1404,ramp,0,0,0.000000,0.000000,nan,nan,nan,0.0000,0,9.15
2.1605,ramp,0,0,0.000000,0.000000,nan,nan,nan,0.0000,0,9.58
2.1802,ramp,0,0,0.000000,0.000000,nan,nan,nan,0.0000,0,11.88
2.2006,ramp,0,0,0.000000,0.000000,nan,nan,nan,0.0000,0,9.40
2.2204,ramp,0,0,0.000000,0.000000,nan,nan,nan,0.0000,0,9.07
2.2403,ramp,0,0,0.000000,0.000000,nan,nan,nan,0.0000,0,9.05
2.2610,ramp,0,0,0.000000,0.000000,nan,nan,nan,0.0000,0,10.24
2.2802,ramp,0,0,0.000000,0.000000,nan,nan,nan,0.0000,0,10.50
2.3003,ramp,0,0,0.000000,0.000000,nan,nan,nan,0.0000,0,9.22
2.3206,ramp,0,0,0.000000,0.000000,nan,nan,nan,0.0000,0,9.14
2.3410,ramp,0,0,0.000000,0.000000,nan,nan,nan,0.0000,0,9.36
2.3608,ramp,0,0,0.000000,0.000000,nan,nan,nan,0.0000,0,9.69
2.3806,ramp,0,0,0.000000,0.000000,nan,nan,nan,0.0000,0,10.97
2.4005,ramp,0,0,0.000000,0.000000,nan,nan,nan,0.0000,0,9.23
2.4205,ramp,0,0,0.000000,0.000000,nan,nan,nan,0.0000,0,9.04
2.4408,ramp,0,0,0.000000,0.000000,nan,nan,nan,0.0000,0,8.34
2.4609,ramp,0,0,0.000000,0.000000,nan,nan,nan,0.0000,0,9.92
2.4803,ramp,0,0,0.000000,0.000000,nan,nan,nan,0.0000,0,10.47
2.5005,ramp,0,0,0.000000,0.000000,nan,nan,nan,0.0000,0,9.46
2.5205,ramp,0,0,0.000000,0.000000,nan,nan,nan,0.0000,0,9.09
2.5402,ramp,0,0,0.000000,0.000000,nan,nan,nan,0.0000,0,10.25
2.5608,ramp,0,0,0.000000,0.000000,nan,nan,nan,0.0000,0,10.35
2.5803,ramp,0,0,0.000000,0.000000,nan,nan,nan,0.0000,0,9.48
2.6004,ramp,0,0,0.000000,0.000000,nan,nan,nan,0.0000,0,9.00
2.6205,ramp,0,0,0.000000,0.000000,nan,nan,nan,0.0000,0,8.14
2.6409,ramp,0,0,0.000000,0.000000,nan,nan,nan,0.0000,0,9.05
2.6601,ramp,0,0,0.000000,0.000000,nan,nan,nan,0.0000,0,8.48
2.6804,ramp,0,0,0.000000,0.000000,nan,nan,nan,0.0000,0,8.50
2.7004,ramp,0,0,0.000000,0.000000,nan,nan,nan,0.0000,0,9.28
2.7206,ramp,0,0,0.000000,0.000000,nan,nan,nan,0.0000,0,8.89
2.7415,ramp,0,0,0.000000,0.000000,nan,nan,nan,0.0000,0,9.17
2.7608,ramp,0,0,0.000000,0.000000,nan,nan,nan,0.0000,0,9.14
2.7803,ramp,0,0,0.000000,0.000000,nan,nan,nan,0.0000,0,11.62
2.8005,ramp,0,0,0.000000,0.000000,nan,nan,nan,0.0000,0,9.32
2.8204,ramp,0,0,0.000000,0.000000,nan,nan,nan,0.0000,0,9.23
2.8408,ramp,0,0,0.000000,0.000000,nan,nan,nan,0.0000,0,9.41
2.8611,ramp,0,0,0.000000,0.000000,nan,nan,nan,0.0000,0,8.85
2.8805,ramp,0,0,0.000000,0.000000,nan,nan,nan,0.0000,0,11.42
2.9003,ramp,0,0,0.000000,0.000000,nan,nan,nan,0.0000,0,9.21
2.9206,ramp,0,0,0.000000,0.000000,nan,nan,nan,0.0000,0,9.10
2.9418,ramp,0,0,0.000000,0.000000,nan,nan,nan,0.0000,0,9.09
2.9602,ramp,0,0,0.000000,0.000000,nan,nan,nan,0.0000,0,6.59
2.9805,ramp,0,0,0.000000,0.000000,nan,nan,nan,0.0000,0,16.18
3.0003,ramp,0,0,0.000000,0.000000,nan,nan,nan,0.0000,0,9.25
3.0203,ramp,0,0,0.000000,0.000000,nan,nan,nan,0.0000,0,9.00
3.0411,ramp,0,0,0.000000,0.000000,nan,nan,nan,0.0000,0,9.36
3.0602,ramp,0,0,0.000000,0.000000,nan,nan,nan,0.0000,0,10.26
3.0802,ramp,0,0,0.000000,0.000000,nan,nan,nan,0.0000,0,9.70
3.1004,ramp,0,0,0.000000,0.000000,nan,nan,nan,0.0000,0,9.29
3.1203,ramp,0,0,0.000000,0.000000,nan,nan,nan,0.0000,0,9.11
3.1407,ramp,0,0,0.000000,0.000000,nan,nan,nan,0.0000,0,9.07
3.1606,ramp,0,0,0.000000,0.000000,nan,nan,nan,0.0000,0,8.92
3.1805,ramp,0,0,0.000000,0.000000,nan,nan,nan,0.0000,0,11.02
3.2003,ramp,0,0,0.000000,0.000000,nan,nan,nan,0.0000,0,9.18
3.2205,ramp,0,0,0.000000,0.000000,nan,nan,nan,0.0000,0,9.17
3.2406,ramp,0,0,0.000000,0.000000,nan,nan,nan,0.0000,0,9.38
3.2601,ramp,0,0,0.000000,0.000000,nan,nan,nan,0.0000,0,9.91
3.2804,ramp,0,0,0.000000,0.000000,nan,nan,nan,0.0000,0,12.29
3.3003,ramp,0,0,0.000000,0.000000,nan,nan,nan,0.0000,0,8.63
3.3203,ramp,0,0,0.000000,0.000000,nan,nan,nan,0.0000,0,11.39
3.3409,ramp,0,0,0.000000,0.000000,nan,nan,nan,0.0000,0,9.19
3.3604,ramp,0,0,0.000000,0.000000,nan,nan,nan,0.0000,0,9.74
3.3803,ramp,0,0,0.000000,0.000000,nan,nan,nan,0.0000,0,11.44
3.4005,ramp,0,0,0.000000,0.000000,nan,nan,nan,0.0000,0,9.31
3.4202,ramp,0,0,0.000000,0.000000,nan,nan,nan,0.0000,0,9.09
3.4404,ramp,0,0,0.000000,0.000000,nan,nan,nan,0.0000,0,9.26
3.4604,ramp,0,0,0.000000,0.000000,nan,nan,nan,0.0000,0,9.06
3.4804,ramp,0,0,0.000000,0.000000,nan,nan,nan,0.0000,0,10.08
3.5002,ramp,0,0,0.000000,0.000000,nan,nan,nan,0.0000,0,10.41
3.5204,ramp,0,0,0.000000,0.000000,nan,nan,nan,0.0000,0,9.28
3.5409,ramp,0,0,0.000000,0.000000,nan,nan,nan,0.0000,0,9.26
3.5609,ramp,0,0,0.000000,0.000000,nan,nan,nan,0.0000,0,7.48
3.5804,ramp,0,0,0.000000,0.000000,nan,nan,nan,0.0000,0,10.96
3.6004,ramp,0,0,0.000000,0.000000,nan,nan,nan,0.0000,0,9.21
3.6202,ramp,0,0,0.000000,0.000000,nan,nan,nan,0.0000,0,9.14
3.6412,ramp,0,0,0.000000,0.000000,nan,nan,nan,0.0000,0,9.97
3.6606,ramp,0,0,0.000000,0.000000,nan,nan,nan,0.0000,0,9.59
3.6802,ramp,0,0,0.000000,0.000000,nan,nan,nan,0.0000,0,11.07
3.7004,ramp,0,0,0.000000,0.000000,nan,nan,nan,0.0000,0,10.80
3.7202,ramp,0,0,0.000000,0.000000,nan,nan,nan,0.0000,0,7.84
3.7415,ramp,0,0,0.000000,0.000000,nan,nan,nan,0.0000,0,9.36
3.7608,ramp,0,0,0.000000,0.000000,nan,nan,nan,0.0000,0,10.30
3.7802,ramp,0,0,0.000000,0.000000,nan,nan,nan,0.0000,0,10.70
3.8004,ramp,0,0,0.000000,0.000000,nan,nan,nan,0.0000,0,9.34
3.8203,ramp,0,0,0.000000,0.000000,nan,nan,nan,0.0000,0,9.04
3.8405,ramp,0,0,0.000000,0.000000,nan,nan,nan,0.0000,0,9.39
3.8619,ramp,0,0,0.000000,0.000000,nan,nan,nan,0.0000,0,10.24
3.8806,ramp,0,0,0.000000,0.000000,nan,nan,nan,0.0000,0,10.58
3.9004,ramp,0,0,0.000000,0.000000,nan,nan,nan,0.0000,0,9.15
3.9203,ramp,0,0,0.000000,0.000000,nan,nan,nan,0.0000,0,8.13
3.9412,ramp,0,0,0.000000,0.000000,nan,nan,nan,0.0000,0,9.23
3.9616,ramp,0,0,0.000000,0.000000,nan,nan,nan,0.0000,0,9.41
3.9802,ramp,0,0,0.000000,0.000000,nan,nan,nan,0.0000,0,9.88
4.0006,ramp,0,0,0.000000,0.000000,nan,nan,nan,0.0000,0,9.55
4.0204,ramp,0,0,0.000000,0.000000,nan,nan,nan,0.0000,0,8.94
4.0401,ramp,0,0,0.000000,0.000000,nan,nan,nan,0.0000,0,8.25
4.0605,ramp,0,0,0.000000,0.000000,nan,nan,nan,0.0000,0,9.58
4.0802,ramp,0,0,0.000000,0.000000,nan,nan,nan,0.0000,0,11.07
4.1005,ramp,0,0,0.000000,0.000000,nan,nan,nan,0.0000,0,9.35
4.1204,ramp,0,0,0.000000,0.000000,nan,nan,nan,0.0000,0,8.88
4.1402,ramp,0,0,0.000000,0.000000,nan,nan,nan,0.0000,0,9.14
4.1605,ramp,0,0,0.000000,0.000000,nan,nan,nan,0.0000,0,9.19
4.1802,ramp,0,0,0.000000,0.000000,nan,nan,nan,0.0000,0,10.01
4.2002,ramp,0,0,0.000000,0.000000,nan,nan,nan,0.0000,0,9.37
4.2202,ramp,0,0,0.000000,0.000000,nan,nan,nan,0.0000,0,8.13
4.2409,ramp,0,0,0.000000,0.000000,nan,nan,nan,0.0000,0,9.18
4.2602,ramp,0,0,0.000000,0.000000,nan,nan,nan,0.0000,0,8.70
4.2803,ramp,0,0,0.000000,0.000000,nan,nan,nan,0.0000,0,9.71
4.3005,ramp,0,0,0.000000,0.000000,nan,nan,nan,0.0000,0,9.11
4.3202,ramp,0,0,0.000000,0.000000,nan,nan,nan,0.0000,0,8.99
4.3411,ramp,0,0,0.000000,0.000000,nan,nan,nan,0.0000,0,9.21
4.3603,ramp,0,0,0.000000,0.000000,nan,nan,nan,0.0000,0,9.57
4.3803,ramp,0,0,0.000000,0.000000,nan,nan,nan,0.0000,0,9.67
4.4002,ramp,0,0,0.000000,0.000000,nan,nan,nan,0.0000,0,9.21
4.4204,ramp,0,0,0.000000,0.000000,nan,nan,nan,0.0000,0,9.23
4.4414,ramp,0,0,0.000000,0.000000,nan,nan,nan,0.0000,0,8.10
4.4604,ramp,0,0,0.000000,0.000000,nan,nan,nan,0.0000,0,9.34
4.4803,ramp,0,0,0.000000,0.000000,nan,nan,nan,0.0000,0,11.17
4.5002,ramp,0,0,0.000000,0.000000,nan,nan,nan,0.0000,0,9.42
4.5205,ramp,0,0,0.000000,0.000000,nan,nan,nan,0.0000,0,9.03
4.5410,ramp,0,0,0.000000,0.000000,nan,nan,nan,0.0000,0,9.00
4.5603,ramp,0,0,0.000000,0.000000,nan,nan,nan,0.0000,0,8.43
4.5802,ramp,0,0,0.000000,0.000000,nan,nan,nan,0.0000,0,10.51
4.6002,ramp,0,0,0.000000,0.000000,nan,nan,nan,0.0000,0,9.22
4.6201,ramp,0,0,0.000000,0.000000,nan,nan,nan,0.0000,0,9.17
4.6410,ramp,0,0,0.000000,0.000000,nan,nan,nan,0.0000,0,9.33
4.6603,ramp,0,0,0.000000,0.000000,nan,nan,nan,0.0000,0,9.66
4.6802,ramp,0,0,0.000000,0.000000,nan,nan,nan,0.0000,0,10.75
4.7003,ramp,0,0,0.000000,0.000000,nan,nan,nan,0.0000,0,9.26
4.7203,ramp,0,0,0.000000,0.000000,nan,nan,nan,0.0000,0,9.06
4.7411,ramp,0,0,0.000000,0.000000,nan,nan,nan,0.0000,0,9.32
4.7603,ramp,0,0,0.000000,0.000000,nan,nan,nan,0.0000,0,9.99
4.7805,ramp,0,0,0.000000,0.000000,nan,nan,nan,0.0000,0,11.68
4.8003,ramp,0,0,0.000000,0.000000,nan,nan,nan,0.0000,0,7.79
4.8202,ramp,0,0,0.000000,0.000000,nan,nan,nan,0.0000,0,8.05
4.8416,ramp,0,0,0.000000,0.000000,nan,nan,nan,0.0000,0,9.35
4.8605,ramp,0,0,0.000000,0.000000,nan,nan,nan,0.0000,0,8.16
4.8803,ramp,0,0,0.000000,0.000000,nan,nan,nan,0.0000,0,11.08
4.9004,ramp,0,0,0.000000,0.000000,nan,nan,nan,0.0000,0,9.16
4.9203,ramp,0,0,0.000000,0.000000,nan,nan,nan,0.0000,0,9.25
4.9413,ramp,0,0,0.000000,0.000000,nan,nan,nan,0.0000,0,8.03
4.9607,ramp,0,0,0.000000,0.000000,nan,nan,nan,0.0000,0,9.17
4.9803,ramp,0,0,0.000000,0.000000,nan,nan,nan,0.0000,0,11.74
5.0003,settle,0,0,0.000000,0.000000,nan,nan,nan,0.0000,0,9.14
5.0204,settle,0,0,0.000000,0.000000,nan,nan,nan,0.0000,0,9.32
5.0405,settle,0,0,0.000000,0.000000,nan,nan,nan,0.0000,0,8.99
5.0604,settle,0,0,0.000000,0.000000,nan,nan,nan,0.0000,0,8.03
5.0804,settle,0,0,0.000000,0.000000,nan,nan,nan,0.0000,0,14.06
5.1002,settle,0,0,0.000000,0.000000,nan,nan,nan,0.0000,0,10.06
5.1202,settle,0,0,0.000000,0.000000,nan,nan,nan,0.0000,0,9.27
5.1408,settle,0,0,0.000000,0.000000,nan,nan,nan,0.0000,0,9.18
5.1613,settle,0,0,0.000000,0.000000,nan,nan,nan,0.0000,0,7.59
5.1811,settle,0,0,0.000000,0.000000,nan,nan,nan,0.0000,0,10.23
5.2004,settle,0,0,0.000000,0.000000,nan,nan,nan,0.0000,0,8.46
5.2203,settle,0,0,0.000000,0.000000,nan,nan,nan,0.0000,0,8.93
5.2401,settle,0,0,0.000000,0.000000,nan,nan,nan,0.0000,0,9.07
5.2614,settle,0,0,0.000000,0.000000,nan,nan,nan,0.0000,0,9.64
5.2802,settle,0,0,0.000000,0.000000,nan,nan,nan,0.0000,0,10.29
5.3003,settle,0,0,0.000000,0.000000,nan,nan,nan,0.0000,0,9.34
5.3202,settle,0,0,0.000000,0.000000,nan,nan,nan,0.0000,0,9.05
5.3404,settle,0,0,0.000000,0.000000,nan,nan,nan,0.0000,0,9.28
5.3603,settle,0,0,0.000000,0.000000,nan,nan,nan,0.0000,0,9.18
5.3803,settle,0,0,0.000000,0.000000,nan,nan,nan,0.0000,0,10.27
5.4003,settle,0,0,0.000000,0.000000,nan,nan,nan,0.0000,0,9.23
5.4202,settle,0,0,0.000000,0.000000,nan,nan,nan,0.0000,0,9.04
5.4411,settle,0,0,0.000000,0.000000,nan,nan,nan,0.0000,0,10.11
5.4615,settle,0,0,0.000000,0.000000,nan,nan,nan,0.0000,0,9.46
5.4801,settle,0,0,0.000000,0.000000,nan,nan,nan,0.0000,0,10.62
5.5003,settle,0,0,0.000000,0.000000,nan,nan,nan,0.0000,0,9.55
5.5201,settle,0,0,0.000000,0.000000,nan,nan,nan,0.0000,0,9.11
5.5413,settle,0,0,0.000000,0.000000,nan,nan,nan,0.0000,0,9.31
5.5606,settle,0,0,0.000000,0.000000,nan,nan,nan,0.0000,0,9.12
5.5813,settle,0,0,0.000000,0.000000,nan,nan,nan,0.0000,0,9.17
5.6003,settle,0,0,0.000000,0.000000,nan,nan,nan,0.0000,0,9.73
5.6203,settle,0,0,0.000000,0.000000,nan,nan,nan,0.0000,0,9.14
5.6408,settle,0,0,0.000000,0.000000,nan,nan,nan,0.0000,0,5.44
5.6602,settle,0,0,0.000000,0.000000,nan,nan,nan,0.0000,0,10.88
5.6801,settle,0,0,0.000000,0.000000,nan,nan,nan,0.0000,0,9.61
5.7001,settle,0,0,0.000000,0.000000,nan,nan,nan,0.0000,0,9.82
5.7202,settle,0,0,0.000000,0.000000,nan,nan,nan,0.0000,0,9.25
5.7416,settle,0,0,0.000000,0.000000,nan,nan,nan,0.0000,0,9.24
5.7612,settle,0,0,0.000000,0.000000,nan,nan,nan,0.0000,0,10.20
5.7803,settle,0,0,0.000000,0.000000,nan,nan,nan,0.0000,0,9.34
5.8004,settle,0,0,0.000000,0.000000,nan,nan,nan,0.0000,0,9.49
5.8202,settle,0,0,0.000000,0.000000,nan,nan,nan,0.0000,0,7.79
5.8413,settle,0,0,0.000000,0.000000,nan,nan,nan,0.0000,0,9.10
5.8605,settle,0,0,0.000000,0.000000,nan,nan,nan,0.0000,0,10.63
5.8802,settle,0,0,0.000000,0.000000,nan,nan,nan,0.0000,0,8.14
5.9001,settle,0,0,0.000000,0.000000,nan,nan,nan,0.0000,0,8.23
5.9204,settle,0,0,0.000000,0.000000,nan,nan,nan,0.0000,0,9.27
5.9409,settle,0,0,0.000000,0.000000,nan,nan,nan,0.0000,0,9.18
5.9604,settle,0,0,0.000000,0.000000,nan,nan,nan,0.0000,0,9.50
5.9804,settle,0,0,0.000000,0.000000,nan,nan,nan,0.0000,0,9.64
6.0003,settle,0,0,0.000000,0.000000,nan,nan,nan,0.0000,0,9.54
6.0212,settle,0,0,0.000000,0.000000,nan,nan,nan,0.0000,0,8.81
6.0408,settle,0,0,0.000000,0.000000,nan,nan,nan,0.0000,0,9.30
6.0612,settle,0,0,0.000000,0.000000,nan,nan,nan,0.0000,0,7.35
6.0802,settle,0,0,0.000000,0.000000,nan,nan,nan,0.0000,0,9.29
6.1004,settle,0,0,0.000000,0.000000,nan,nan,nan,0.0000,0,9.37
6.1202,settle,0,0,0.000000,0.000000,nan,nan,nan,0.0000,0,9.09
6.1406,settle,0,0,0.000000,0.000000,nan,nan,nan,0.0000,0,8.97
6.1604,settle,0,0,0.000000,0.000000,nan,nan,nan,0.0000,0,8.84
6.1801,settle,0,0,0.000000,0.000000,nan,nan,nan,0.0000,0,9.37
6.2002,settle,0,0,0.000000,0.000000,nan,nan,nan,0.0000,0,9.61
6.2204,settle,0,0,0.000000,0.000000,nan,nan,nan,0.0000,0,9.20
6.2403,settle,0,0,0.000000,0.000000,nan,nan,nan,0.0000,0,9.11
6.2608,settle,0,0,0.000000,0.000000,nan,nan,nan,0.0000,0,10.09
6.2803,settle,0,0,0.000000,0.000000,nan,nan,nan,0.0000,0,8.89
6.3001,settle,0,0,0.000000,0.000000,nan,nan,nan,0.0000,0,9.64
6.3201,settle,0,0,0.000000,0.000000,nan,nan,nan,0.0000,0,9.00
6.3413,settle,0,0,0.000000,0.000000,nan,nan,nan,0.0000,0,9.15
6.3604,settle,0,0,0.000000,0.000000,nan,nan,nan,0.0000,0,8.41
6.3802,settle,0,0,0.000000,0.000000,nan,nan,nan,0.0000,0,8.17
6.4002,settle,0,0,0.000000,0.000000,nan,nan,nan,0.0000,0,9.36
6.4201,settle,0,0,0.000000,0.000000,nan,nan,nan,0.0000,0,9.13
6.4404,settle,0,0,0.000000,0.000000,nan,nan,nan,0.0000,0,9.17
6.4608,settle,0,0,0.000000,0.000000,nan,nan,nan,0.0000,0,9.94
6.4801,settle,0,0,0.000000,0.000000,nan,nan,nan,0.0000,0,9.63
6.5001,settle,0,0,0.000000,0.000000,nan,nan,nan,0.0000,0,9.33
6.5202,settle,0,0,0.000000,0.000000,nan,nan,nan,0.0000,0,9.02
6.5413,settle,0,0,0.000000,0.000000,nan,nan,nan,0.0000,0,9.16
6.5612,settle,0,0,0.000000,0.000000,nan,nan,nan,0.0000,0,7.91
6.5801,settle,0,0,0.000000,0.000000,nan,nan,nan,0.0000,0,9.19
6.6014,settle,0,0,0.000000,0.000000,nan,nan,nan,0.0000,0,9.43
6.6201,settle,0,0,0.000000,0.000000,nan,nan,nan,0.0000,0,8.73
6.6411,settle,0,0,0.000000,0.000000,nan,nan,nan,0.0000,0,9.30
6.6602,settle,0,0,0.000000,0.000000,nan,nan,nan,0.0000,0,9.24
6.6801,settle,0,0,0.000000,0.000000,nan,nan,nan,0.0000,0,8.94
6.7003,settle,0,0,0.000000,0.000000,nan,nan,nan,0.0000,0,9.68
6.7202,settle,0,0,0.000000,0.000000,nan,nan,nan,0.0000,0,9.00
6.7413,settle,0,0,0.000000,0.000000,nan,nan,nan,0.0000,0,8.13
6.7604,settle,0,0,0.000000,0.000000,nan,nan,nan,0.0000,0,9.20
6.7813,settle,0,0,0.000000,0.000000,nan,nan,nan,0.0000,0,9.83
6.8001,settle,0,0,0.000000,0.000000,nan,nan,nan,0.0000,0,9.51
6.8202,settle,0,0,0.000000,0.000000,nan,nan,nan,0.0000,0,8.11
6.8415,settle,0,0,0.000000,0.000000,nan,nan,nan,0.0000,0,9.35
6.8613,settle,0,0,0.000000,0.000000,nan,nan,nan,0.0000,0,9.08
6.8803,settle,0,0,0.000000,0.000000,nan,nan,nan,0.0000,0,12.43
6.9014,settle,0,0,0.000000,0.000000,nan,nan,nan,0.0000,0,8.84
6.9201,settle,0,0,0.000000,0.000000,nan,nan,nan,0.0000,0,8.87
6.9410,settle,0,0,0.000000,0.000000,nan,nan,nan,0.0000,0,9.37
6.9602,settle,0,0,0.000000,0.000000,nan,nan,nan,0.0000,0,9.51
6.9811,settle,0,0,0.000000,0.000000,nan,nan,nan,0.0000,0,9.05
7.0004,wait_init,0,0,0.000000,0.000000,nan,nan,nan,0.0000,0,8.26
7.0213,wait_init,0,0,0.000000,0.000000,nan,nan,nan,0.0000,0,9.66
7.0412,wait_init,0,0,0.000000,0.000000,nan,nan,nan,0.0000,0,7.96
7.0601,wait_init,0,0,0.000000,0.000000,nan,nan,nan,0.0000,0,9.19
7.0802,wait_init,0,0,0.000000,0.000000,nan,nan,nan,0.0000,0,8.22
7.1006,wait_init,0,0,0.000000,0.000000,nan,nan,nan,0.0000,0,9.78
7.1201,wait_init,0,0,0.000000,0.000000,nan,nan,nan,0.0000,0,10.98
7.1404,wait_init,0,0,0.000000,0.000000,nan,nan,nan,0.0000,0,9.21
7.1602,wait_init,0,0,0.000000,0.000000,nan,nan,nan,0.0000,0,9.23
7.1801,wait_init,0,0,0.000000,0.000000,nan,nan,nan,0.0000,0,10.11
7.2003,wait_init,0,0,0.000000,0.000000,nan,nan,nan,0.0000,0,9.54
7.2211,wait_init,0,0,0.000000,0.000000,nan,nan,nan,0.0000,0,8.98
7.2414,wait_init,0,0,0.000000,0.000000,nan,nan,nan,0.0000,0,7.21
7.2601,wait_init,0,0,0.000000,0.000000,nan,nan,nan,0.0000,0,8.94
7.2801,wait_init,0,0,0.000000,0.000000,nan,nan,nan,0.0000,0,10.55
7.3003,wait_init,0,0,0.000000,0.000000,nan,nan,nan,0.0000,0,9.57
7.3201,wait_init,0,0,0.000000,0.000000,nan,nan,nan,0.0000,0,9.17
7.3410,wait_init,0,0,0.000000,0.000000,nan,nan,nan,0.0000,0,7.71
7.3612,wait_init,0,0,0.000000,0.000000,nan,nan,nan,0.0000,0,9.19
7.3813,wait_init,0,0,0.000000,0.000000,nan,nan,nan,0.0000,0,9.09
7.4013,wait_init,0,0,0.000000,0.000000,nan,nan,nan,0.0000,0,9.33
7.4201,wait_init,0,0,0.000000,0.000000,nan,nan,nan,0.0000,0,8.91
7.4413,wait_init,0,0,0.000000,0.000000,nan,nan,nan,0.0000,0,9.21
7.4613,wait_init,0,0,0.000000,0.000000,nan,nan,nan,0.0000,0,9.31
7.4801,wait_init,0,0,0.000000,0.000000,nan,nan,nan,0.0000,0,8.12
7.5013,wait_init,0,0,0.000000,0.000000,nan,nan,nan,0.0000,0,9.25
7.5211,wait_init,0,0,0.000000,0.000000,nan,nan,nan,0.0000,0,7.65
7.5408,wait_init,0,0,0.000000,0.000000,nan,nan,nan,0.0000,0,9.04
7.5603,wait_init,0,0,0.000000,0.000000,nan,nan,nan,0.0000,0,7.24
7.5811,wait_init,0,0,0.000000,0.000000,nan,nan,nan,0.0000,0,10.33
7.6003,wait_init,0,0,0.000000,0.000000,nan,nan,nan,0.0000,0,9.15
7.6212,wait_init,0,0,0.000000,0.000000,nan,nan,nan,0.0000,0,8.97
7.6404,wait_init,0,0,0.000000,0.000000,nan,nan,nan,0.0000,0,8.99
7.6604,wait_init,0,0,0.000000,0.000000,nan,nan,nan,0.0000,0,8.85
7.6801,wait_init,0,0,0.000000,0.000000,nan,nan,nan,0.0000,0,8.04
7.7004,wait_init,0,0,0.000000,0.000000,nan,nan,nan,0.0000,0,9.34
7.7201,wait_init,0,0,0.000000,0.000000,nan,nan,nan,0.0000,0,8.85
7.7405,wait_init,0,0,0.000000,0.000000,nan,nan,nan,0.0000,0,8.40
7.7603,wait_init,0,0,0.000000,0.000000,nan,nan,nan,0.0000,0,8.92
7.7803,wait_init,0,0,0.000000,0.000000,nan,nan,nan,0.0000,0,10.26
7.8015,wait_init,0,0,0.000000,0.000000,nan,nan,nan,0.0000,0,8.13
7.8202,wait_init,0,0,0.000000,0.000000,nan,nan,nan,0.0000,0,7.73
7.8402,wait_init,0,0,0.000000,0.000000,nan,nan,nan,0.0000,0,10.09
7.8604,wait_init,0,0,0.000000,0.000000,nan,nan,nan,0.0000,0,9.24
7.8802,wait_init,0,0,0.000000,0.000000,nan,nan,nan,0.0000,0,10.00
7.9002,wait_init,0,0,0.000000,0.000000,nan,nan,nan,0.0000,0,9.47
7.9201,wait_init,0,0,0.000000,0.000000,nan,nan,nan,0.0000,0,7.88
7.9405,wait_init,0,0,0.000000,0.000000,nan,nan,nan,0.0000,0,6.18
7.9602,wait_init,0,0,0.000000,0.000000,nan,nan,nan,0.0000,0,8.72
7.9804,wait_init,0,0,0.000000,0.000000,nan,nan,nan,0.0000,0,9.97
8.0001,wait_init,0,0,0.000000,0.000000,nan,nan,nan,0.0000,0,13.03
8.0211,wait_init,0,0,0.000000,0.000000,nan,nan,nan,0.0000,0,9.26
8.0403,wait_init,0,0,0.000000,0.000000,nan,nan,nan,0.0000,0,8.07
8.0601,wait_init,0,0,0.000000,0.000000,nan,nan,nan,0.0000,0,7.35
8.0803,wait_init,0,0,0.000000,0.000000,nan,nan,nan,0.0000,0,9.87
8.1002,wait_init,0,0,0.000000,0.000000,nan,nan,nan,0.0000,0,9.34
8.1212,wait_init,0,0,0.000000,0.000000,nan,nan,nan,0.0000,0,7.86
8.1405,wait_init,0,0,0.000000,0.000000,nan,nan,nan,0.0000,0,9.95
8.1614,wait_init,0,0,0.000000,0.000000,nan,nan,nan,0.0000,0,8.78
8.1802,wait_init,0,0,0.000000,0.000000,nan,nan,nan,0.0000,0,9.12
8.2002,wait_init,0,0,0.000000,0.000000,nan,nan,nan,0.0000,0,8.27
8.2201,wait_init,0,0,0.000000,0.000000,nan,nan,nan,0.0000,0,9.10
8.2405,wait_init,0,0,0.000000,0.000000,nan,nan,nan,0.0000,0,9.30
8.2604,wait_init,0,0,0.000000,0.000000,nan,nan,nan,0.0000,0,9.91
8.2801,wait_init,0,0,0.000000,0.000000,nan,nan,nan,0.0000,0,9.09
8.3002,wait_init,0,0,0.000000,0.000000,nan,nan,nan,0.0000,0,8.86
8.3201,wait_init,0,0,0.000000,0.000000,nan,nan,nan,0.0000,0,9.11
8.3412,wait_init,0,0,0.000000,0.000000,nan,nan,nan,0.0000,0,9.50
8.3606,wait_init,0,0,0.000000,0.000000,nan,nan,nan,0.0000,0,9.00
8.3801,wait_init,0,0,0.000000,0.000000,nan,nan,nan,0.0000,0,9.33
8.4002,wait_init,0,0,0.000000,0.000000,nan,nan,nan,0.0000,0,9.56
8.4209,wait_init,0,0,0.000000,0.000000,nan,nan,nan,0.0000,0,7.91
8.4404,wait_init,0,0,0.000000,0.000000,nan,nan,nan,0.0000,0,8.96
8.4607,wait_init,0,0,0.000000,0.000000,nan,nan,nan,0.0000,0,9.01
8.4801,wait_init,0,0,0.000000,0.000000,nan,nan,nan,0.0000,0,8.58
8.5002,wait_init,0,0,0.000000,0.000000,nan,nan,nan,0.0000,0,9.57
8.5212,wait_init,0,0,0.000000,0.000000,nan,nan,nan,0.0000,0,7.87
8.5402,wait_init,0,0,0.000000,0.000000,nan,nan,nan,0.0000,0,8.91
8.5607,wait_init,0,0,0.000000,0.000000,nan,nan,nan,0.0000,0,9.09
8.5812,wait_init,0,0,0.000000,0.000000,nan,nan,nan,0.0000,0,5.78
8.6002,wait_init,0,0,0.000000,0.000000,nan,nan,nan,0.0000,0,9.20
8.6202,wait_init,0,0,0.000000,0.000000,nan,nan,nan,0.0000,0,8.01
8.6413,wait_init,0,0,0.000000,0.000000,nan,nan,nan,0.0000,0,9.16
8.6605,wait_init,0,0,0.000000,0.000000,nan,nan,nan,0.0000,0,10.45
8.6801,wait_init,0,0,0.000000,0.000000,nan,nan,nan,0.0000,0,9.92
8.7014,wait_init,0,0,0.000000,0.000000,nan,nan,nan,0.0000,0,9.23
8.7211,wait_init,0,0,0.000000,0.000000,nan,nan,nan,0.0000,0,8.68
8.7403,wait_init,0,0,0.000000,0.000000,nan,nan,nan,0.0000,0,10.28
8.7608,wait_init,0,0,0.000000,0.000000,nan,nan,nan,0.0000,0,9.14
8.7810,wait_init,0,0,0.000000,0.000000,nan,nan,nan,0.0000,0,11.11
8.8003,wait_init,0,0,0.000000,0.000000,nan,nan,nan,0.0000,0,9.26
8.8212,wait_init,0,0,0.000000,0.000000,nan,nan,nan,0.0000,0,7.81
8.8406,wait_init,0,0,0.000000,0.000000,nan,nan,nan,0.0000,0,10.13
8.8602,wait_init,0,0,0.000000,0.000000,nan,nan,nan,0.0000,0,8.82
8.8813,wait_init,0,0,0.000000,0.000000,nan,nan,nan,0.0000,0,10.93
8.9001,wait_init,0,0,0.000000,0.000000,nan,nan,nan,0.0000,0,9.31
8.9202,wait_init,0,0,0.000000,0.000000,nan,nan,nan,0.0000,0,9.24
8.9401,wait_init,0,0,0.000000,0.000000,nan,nan,nan,0.0000,0,9.16
8.9611,wait_init,0,0,0.000000,0.000000,nan,nan,nan,0.0000,0,9.09
8.9802,wait_init,0,0,0.000000,0.000000,nan,nan,nan,0.0000,0,10.55
9.0013,wait_init,0,0,0.000000,0.000000,nan,nan,nan,0.0000,0,9.28
9.0211,wait_init,0,0,0.000000,0.000000,nan,nan,nan,0.0000,0,8.84
9.0409,wait_init,0,0,0.000000,0.000000,nan,nan,nan,0.0000,0,9.29
9.0605,wait_init,0,0,0.000000,0.000000,nan,nan,nan,0.0000,0,9.93
9.0803,wait_init,0,0,0.000000,0.000000,nan,nan,nan,0.0000,0,10.90
9.1002,wait_init,0,0,0.000000,0.000000,nan,nan,nan,0.0000,0,9.36
9.1211,wait_init,0,0,0.000000,0.000000,nan,nan,nan,0.0000,0,7.79
9.1408,wait_init,0,0,0.000000,0.000000,nan,nan,nan,0.0000,0,9.27
9.1607,wait_init,0,0,0.000000,0.000000,nan,nan,nan,0.0000,0,11.13
9.1801,wait_init,0,0,0.000000,0.000000,nan,nan,nan,0.0000,0,10.54
9.2006,wait_init,0,0,0.000000,0.000000,nan,nan,nan,0.0000,0,8.20
9.2211,wait_init,0,0,0.000000,0.000000,nan,nan,nan,0.0000,0,8.70
9.2403,wait_init,0,0,0.000000,0.000000,nan,nan,nan,0.0000,0,8.86
9.2603,wait_init,0,0,0.000000,0.000000,nan,nan,nan,0.0000,0,10.76
9.2812,wait_init,0,0,0.000000,0.000000,nan,nan,nan,0.0000,0,2.83
9.3001,wait_init,0,0,0.000000,0.000000,nan,nan,nan,0.0000,0,9.30
9.3212,wait_init,0,0,0.000000,0.000000,nan,nan,nan,0.0000,0,8.99
9.3405,wait_init,0,0,0.000000,0.000000,nan,nan,nan,0.0000,0,8.06
9.3601,wait_init,0,0,0.000000,0.000000,nan,nan,nan,0.0000,0,8.91
9.3810,wait_init,0,0,0.000000,0.000000,nan,nan,nan,0.0000,0,10.13
9.4001,wait_init,0,0,0.000000,0.000000,nan,nan,nan,0.0000,0,10.26
9.4201,wait_init,0,0,0.000000,0.000000,nan,nan,nan,0.0000,0,7.75
9.4405,wait_init,0,0,0.000000,0.000000,nan,nan,nan,0.0000,0,7.85
9.4605,wait_init,0,0,0.000000,0.000000,nan,nan,nan,0.0000,0,8.85
9.4802,wait_init,0,0,0.000000,0.000000,nan,nan,nan,0.0000,0,8.97
9.5002,wait_init,0,0,0.000000,0.000000,nan,nan,nan,0.0000,0,9.01
9.5202,wait_init,0,0,0.000000,0.000000,nan,nan,nan,0.0000,0,9.98
9.5404,wait_init,0,0,0.000000,0.000000,nan,nan,nan,0.0000,0,9.12
9.5603,wait_init,0,0,0.000000,0.000000,nan,nan,nan,0.0000,0,6.89
9.5812,wait_init,0,0,0.000000,0.000000,nan,nan,nan,0.0000,0,11.18
9.6013,wait_init,0,0,0.000000,0.000000,nan,nan,nan,0.0000,0,9.34
9.6201,wait_init,0,0,0.000000,0.000000,nan,nan,nan,0.0000,0,7.94
9.6405,wait_init,0,0,0.000000,0.000000,nan,nan,nan,0.0000,0,9.30
9.6607,wait_init,0,0,0.000000,0.000000,nan,nan,nan,0.0000,0,9.06
9.6810,wait_init,0,0,0.000000,0.000000,nan,nan,nan,0.0000,0,9.62
9.7012,wait_init,0,0,0.000000,0.000000,nan,nan,nan,0.0000,0,8.25
9.7213,wait_init,0,0,0.000000,0.000000,nan,nan,nan,0.0000,0,8.21
9.7411,wait_init,0,0,0.000000,0.000000,nan,nan,nan,0.0000,0,8.02
9.7601,wait_init,0,0,0.000000,0.000000,nan,nan,nan,0.0000,0,8.26
9.7813,wait_init,0,0,0.000000,0.000000,nan,nan,nan,0.0000,0,10.00
9.8011,wait_init,0,0,0.000000,0.000000,nan,nan,nan,0.0000,0,9.06
9.8212,wait_init,0,0,0.000000,0.000000,nan,nan,nan,0.0000,0,8.29
9.8414,wait_init,0,0,0.000000,0.000000,nan,nan,nan,0.0000,0,9.18
9.8603,wait_init,0,0,0.000000,0.000000,nan,nan,nan,0.0000,0,7.94
9.8812,wait_init,0,0,0.000000,0.000000,nan,nan,nan,0.0000,0,5.72
9.9012,wait_init,0,0,0.000000,0.000000,nan,nan,nan,0.0000,0,9.26
9.9211,wait_init,0,0,0.000000,0.000000,nan,nan,nan,0.0000,0,7.86
9.9411,wait_init,0,0,0.000000,0.000000,nan,nan,nan,0.0000,0,8.82
9.9602,wait_init,0,0,0.000000,0.000000,nan,nan,nan,0.0000,0,8.95
9.9809,wait_init,0,0,0.000000,0.000000,nan,nan,nan,0.0000,0,8.65
10.0002,wait_init,0,0,0.000000,0.000000,nan,nan,nan,0.0000,0,9.31
10.0211,wait_init,0,0,0.000000,0.000000,nan,nan,nan,0.0000,0,9.10
10.0403,wait_init,0,0,0.000000,0.000000,nan,nan,nan,0.0000,0,9.05
10.0602,wait_init,0,0,0.000000,0.000000,nan,nan,nan,0.0000,0,9.28
10.0803,wait_init,0,0,0.000000,0.000000,nan,nan,nan,0.0000,0,11.05
10.1011,wait_init,0,0,0.000000,0.000000,nan,nan,nan,0.0000,0,9.08
10.1201,wait_init,0,0,0.000000,0.000000,nan,nan,nan,0.0000,0,8.94
10.1413,wait_init,0,0,0.000000,0.000000,nan,nan,nan,0.0000,0,9.02
10.1604,wait_init,0,0,0.000000,0.000000,nan,nan,nan,0.0000,0,13.24
10.1802,wait_init,0,0,0.000000,0.000000,nan,nan,nan,0.0000,0,10.87
10.2014,wait_init,0,0,0.000000,0.000000,nan,nan,nan,0.0000,0,9.45
10.2209,wait_init,0,0,0.000000,0.000000,nan,nan,nan,0.0000,0,8.71
10.2406,wait_init,0,0,0.000000,0.000000,nan,nan,nan,0.0000,0,11.07
10.2607,wait_init,0,0,0.000000,0.000000,nan,nan,nan,0.0000,0,8.71
10.2812,wait_init,0,0,0.000000,0.000000,nan,nan,nan,0.0000,0,4.01
10.3011,wait_init,0,0,0.000000,0.000000,nan,nan,nan,0.0000,0,9.09
10.3211,wait_init,0,0,0.000000,0.000000,nan,nan,nan,0.0000,0,8.21
10.3413,wait_init,0,0,0.000000,0.000000,nan,nan,nan,0.0000,0,9.03
10.3614,wait_init,0,0,0.000000,0.000000,nan,nan,nan,0.0000,0,8.49
10.3812,wait_init,0,0,0.000000,0.000000,nan,nan,nan,0.0000,0,8.06
10.4012,wait_init,0,0,0.000000,0.000000,nan,nan,nan,0.0000,0,8.35
10.4201,wait_init,0,0,0.000000,0.000000,nan,nan,nan,0.0000,0,8.65
10.4404,wait_init,0,0,0.000000,0.000000,nan,nan,nan,0.0000,0,11.14
10.4601,wait_init,0,0,0.000000,0.000000,nan,nan,nan,0.0000,0,8.76
10.4811,wait_init,0,0,0.000000,0.000000,nan,nan,nan,0.0000,0,10.21
10.5011,wait_init,0,0,0.000000,0.000000,nan,nan,nan,0.0000,0,9.07
10.5210,wait_init,0,0,0.000000,0.000000,nan,nan,nan,0.0000,0,8.90
10.5402,wait_init,0,0,0.000000,0.000000,nan,nan,nan,0.0000,0,8.12
10.5602,wait_init,0,0,0.000000,0.000000,nan,nan,nan,0.0000,0,8.90
10.5811,wait_init,0,0,0.000000,0.000000,nan,nan,nan,0.0000,0,10.08
10.6012,wait_init,0,0,0.000000,0.000000,nan,nan,nan,0.0000,0,9.35
10.6212,wait_init,0,0,0.000000,0.000000,nan,nan,nan,0.0000,0,8.76
10.6411,wait_init,0,0,0.000000,0.000000,nan,nan,nan,0.0000,0,7.97
10.6608,wait_init,0,0,0.000000,0.000000,nan,nan,nan,0.0000,0,8.45
10.6801,wait_init,0,0,0.000000,0.000000,nan,nan,nan,0.0000,0,10.31
10.7010,wait_init,0,0,0.000000,0.000000,nan,nan,nan,0.0000,0,9.44
10.7212,wait_init,0,0,0.000000,0.000000,nan,nan,nan,0.0000,0,8.24
10.7412,wait_init,0,0,0.000000,0.000000,nan,nan,nan,0.0000,0,8.72
10.7611,wait_init,0,0,0.000000,0.000000,nan,nan,nan,0.0000,0,9.44
10.7812,wait_init,0,0,0.000000,0.000000,nan,nan,nan,0.0000,0,11.99
10.8012,wait_init,0,0,0.000000,0.000000,nan,nan,nan,0.0000,0,8.95
10.8209,wait_init,0,0,0.000000,0.000000,nan,nan,nan,0.0000,0,8.74
10.8401,wait_init,0,0,0.000000,0.000000,nan,nan,nan,0.0000,0,8.81
10.8612,wait_init,0,0,0.000000,0.000000,nan,nan,nan,0.0000,0,10.01
10.8802,wait_init,0,0,0.000000,0.000000,nan,nan,nan,0.0000,0,2.83
10.9011,wait_init,0,0,0.000000,0.000000,nan,nan,nan,0.0000,0,8.98
10.9211,wait_init,0,0,0.000000,0.000000,nan,nan,nan,0.0000,0,8.85
10.9409,wait_init,0,0,0.000000,0.000000,nan,nan,nan,0.0000,0,8.96
10.9603,wait_init,0,0,0.000000,0.000000,nan,nan,nan,0.0000,0,9.82
10.9812,wait_init,0,0,0.000000,0.000000,nan,nan,nan,0.0000,0,9.71
11.0001,wait_init,0,0,0.000000,0.000000,nan,nan,nan,0.0000,0,7.98
11.0211,wait_init,0,0,0.000000,0.000000,nan,nan,nan,0.0000,0,7.91
11.0401,wait_init,0,0,0.000000,0.000000,nan,nan,nan,0.0000,0,9.17
11.0606,wait_init,0,0,0.000000,0.000000,nan,nan,nan,0.0000,0,9.03
11.0809,wait_init,0,0,0.000000,0.000000,nan,nan,nan,0.0000,0,5.60
11.1012,wait_init,0,0,0.000000,0.000000,nan,nan,nan,0.0000,0,9.28
11.1209,wait_init,0,0,0.000000,0.000000,nan,nan,nan,0.0000,0,7.68
11.1404,wait_init,0,0,0.000000,0.000000,nan,nan,nan,0.0000,0,9.14
11.1601,wait_init,0,0,0.000000,0.000000,nan,nan,nan,0.0000,0,9.05
11.1811,wait_init,0,0,0.000000,0.000000,nan,nan,nan,0.0000,0,12.03
11.2010,wait_init,0,0,0.000000,0.000000,nan,nan,nan,0.0000,0,13.14
11.2211,wait_init,0,0,0.000000,0.000000,nan,nan,nan,0.0000,0,9.19
11.2403,wait_init,0,0,0.000000,0.000000,nan,nan,nan,0.0000,0,9.15
11.2604,wait_init,0,0,0.000000,0.000000,nan,nan,nan,0.0000,0,7.81
11.2811,wait_init,0,0,0.000000,0.000000,nan,nan,nan,0.0000,0,11.99
11.3001,wait_init,0,0,0.000000,0.000000,nan,nan,nan,0.0000,0,9.38
11.3202,wait_init,0,0,0.000000,0.000000,nan,nan,nan,0.0000,0,8.00
11.3401,wait_init,0,0,0.000000,0.000000,nan,nan,nan,0.0000,0,8.91
11.3611,wait_init,0,0,0.000000,0.000000,nan,nan,nan,0.0000,0,8.88
11.3802,wait_init,0,0,0.000000,0.000000,nan,nan,nan,0.0000,0,11.38
11.4011,wait_init,0,0,0.000000,0.000000,nan,nan,nan,0.0000,0,7.88
11.4209,wait_init,0,0,0.000000,0.000000,nan,nan,nan,0.0000,0,7.98
11.4411,wait_init,0,0,0.000000,0.000000,nan,nan,nan,0.0000,0,9.35
11.4611,wait_init,0,0,0.000000,0.000000,nan,nan,nan,0.0000,0,7.85
11.4801,wait_init,0,0,0.000000,0.000000,nan,nan,nan,0.0000,0,10.24
11.5010,wait_init,0,0,0.000000,0.000000,nan,nan,nan,0.0000,0,9.09
11.5210,wait_init,0,0,0.000000,0.000000,nan,nan,nan,0.0000,0,8.85
11.5406,wait_init,0,0,0.000000,0.000000,nan,nan,nan,0.0000,0,9.15
11.5603,wait_init,0,0,0.000000,0.000000,nan,nan,nan,0.0000,0,8.57
11.5809,wait_init,0,0,0.000000,0.000000,nan,nan,nan,0.0000,0,8.77
11.6010,wait_init,0,0,0.000000,0.000000,nan,nan,nan,0.0000,0,6.92
11.6211,wait_init,0,0,0.000000,0.000000,nan,nan,nan,0.0000,0,8.89
11.6412,wait_init,0,0,0.000000,0.000000,nan,nan,nan,0.0000,0,8.74
11.6611,wait_init,0,0,0.000000,0.000000,nan,nan,nan,0.0000,0,8.93
11.6811,wait_init,0,0,0.000000,0.000000,nan,nan,nan,0.0000,0,11.16
11.7012,wait_init,0,0,0.000000,0.000000,nan,nan,nan,0.0000,0,9.35
11.7208,wait_init,0,0,0.000000,0.000000,nan,nan,nan,0.0000,0,7.75
11.7412,wait_init,0,0,0.000000,0.000000,nan,nan,nan,0.0000,0,8.88
11.7601,wait_init,0,0,0.000000,0.000000,nan,nan,nan,0.0000,0,9.20
11.7809,wait_init,0,0,0.000000,0.000000,nan,nan,nan,0.0000,0,9.58
11.8011,wait_init,0,0,0.000000,0.000000,nan,nan,nan,0.0000,0,9.07
11.8211,wait_init,0,0,0.000000,0.000000,nan,nan,nan,0.0000,0,8.08
11.8411,wait_init,0,0,0.000000,0.000000,nan,nan,nan,0.0000,0,8.90
11.8606,wait_init,0,0,0.000000,0.000000,nan,nan,nan,0.0000,0,9.33
11.8810,wait_init,0,0,0.000000,0.000000,nan,nan,nan,0.0000,0,11.90
11.9002,wait_init,0,0,0.000000,0.000000,nan,nan,nan,0.0000,0,9.29
11.9210,wait_init,0,0,0.000000,0.000000,nan,nan,nan,0.0000,0,8.89
11.9412,wait_init,0,0,0.000000,0.000000,nan,nan,nan,0.0000,0,8.72
11.9609,wait_init,0,0,0.000000,0.000000,nan,nan,nan,0.0000,0,9.00
11.9809,wait_init,0,0,0.000000,0.000000,nan,nan,nan,0.0000,0,13.30
12.0013,wait_init,0,0,0.000000,0.000000,nan,nan,nan,0.0000,0,9.28
12.0210,wait_init,0,0,0.000000,0.000000,nan,nan,nan,0.0000,0,8.70
12.0401,wait_init,0,0,0.000000,0.000000,nan,nan,nan,0.0000,0,8.71
12.0605,wait_init,0,0,0.000000,0.000000,nan,nan,nan,0.0000,0,9.23
12.0809,wait_init,0,0,0.000000,0.000000,nan,nan,nan,0.0000,0,12.81
12.1010,wait_init,0,0,0.000000,0.000000,nan,nan,nan,0.0000,0,9.13
12.1213,wait_init,0,0,0.000000,0.000000,nan,nan,nan,0.0000,0,8.80
12.1410,wait_init,0,0,0.000000,0.000000,nan,nan,nan,0.0000,0,8.68
12.1609,wait_init,0,0,0.000000,0.000000,nan,nan,nan,0.0000,0,9.88
12.1810,wait_init,0,0,0.000000,0.000000,nan,nan,nan,0.0000,0,12.34
12.2003,wait_init,0,0,0.000000,0.000000,nan,nan,nan,0.0000,0,8.16
12.2210,wait_init,0,0,0.000000,0.000000,nan,nan,nan,0.0000,0,7.70
12.2405,wait_init,0,0,0.000000,0.000000,nan,nan,nan,0.0000,0,8.22
12.2640,wait_init,0,0,0.000000,0.000000,nan,nan,nan,0.0000,0,8.67
12.2809,wait_init,0,0,0.000000,0.000000,nan,nan,nan,0.0000,0,9.09
12.3002,wait_init,0,0,0.000000,0.000000,nan,nan,nan,0.0000,0,9.36
12.3209,wait_init,0,0,0.000000,0.000000,nan,nan,nan,0.0000,0,8.01
12.3410,wait_init,0,0,0.000000,0.000000,nan,nan,nan,0.0000,0,9.09
12.3606,wait_init,0,0,0.000000,0.000000,nan,nan,nan,0.0000,0,10.62
12.3810,wait_init,0,0,0.000000,0.000000,nan,nan,nan,0.0000,0,10.62
12.4009,wait_init,0,0,0.000000,0.000000,nan,nan,nan,0.0000,0,9.02
12.4210,wait_init,0,0,0.000000,0.000000,nan,nan,nan,0.0000,0,8.87
12.4402,wait_init,0,0,0.000000,0.000000,nan,nan,nan,0.0000,0,9.08
12.4605,wait_init,0,0,0.000000,0.000000,nan,nan,nan,0.0000,0,9.09
12.4810,wait_init,0,0,0.000000,0.000000,nan,nan,nan,0.0000,0,9.81
12.5008,wait_init,0,0,0.000000,0.000000,nan,nan,nan,0.0000,0,8.88
12.5209,wait_init,0,0,0.000000,0.000000,nan,nan,nan,0.0000,0,8.93
12.5405,wait_init,0,0,0.000000,0.000000,nan,nan,nan,0.0000,0,8.86
12.5602,wait_init,0,0,0.000000,0.000000,nan,nan,nan,0.0000,0,8.74
12.5808,wait_init,0,0,0.000000,0.000000,nan,nan,nan,0.0000,0,9.78
12.6010,wait_init,0,0,0.000000,0.000000,nan,nan,nan,0.0000,0,8.36
12.6209,wait_init,0,0,0.000000,0.000000,nan,nan,nan,0.0000,0,9.05
12.6410,wait_init,0,0,0.000000,0.000000,nan,nan,nan,0.0000,0,9.00
12.6604,wait_init,0,0,0.000000,0.000000,nan,nan,nan,0.0000,0,9.03
12.6809,wait_init,0,0,0.000000,0.000000,nan,nan,nan,0.0000,0,10.99
12.7009,wait_init,0,0,0.000000,0.000000,nan,nan,nan,0.0000,0,9.22
12.7210,wait_init,0,0,0.000000,0.000000,nan,nan,nan,0.0000,0,8.98
12.7407,wait_init,0,0,0.000000,0.000000,nan,nan,nan,0.0000,0,6.76
12.7605,wait_init,0,0,0.000000,0.000000,nan,nan,nan,0.0000,0,9.57
12.7808,wait_init,0,0,0.000000,0.000000,nan,nan,nan,0.0000,0,10.71
12.8009,wait_init,0,0,0.000000,0.000000,nan,nan,nan,0.0000,0,9.42
12.8209,wait_init,0,0,0.000000,0.000000,nan,nan,nan,0.0000,0,8.68
12.8409,wait_init,0,0,0.000000,0.000000,nan,nan,nan,0.0000,0,8.92
12.8604,wait_init,0,0,0.000000,0.000000,nan,nan,nan,0.0000,0,9.76
12.8809,wait_init,0,0,0.000000,0.000000,nan,nan,nan,0.0000,0,10.44
12.9011,wait_init,0,0,0.000000,0.000000,nan,nan,nan,0.0000,0,9.08
12.9209,wait_init,0,0,0.000000,0.000000,nan,nan,nan,0.0000,0,8.70
12.9402,wait_init,0,0,0.000000,0.000000,nan,nan,nan,0.0000,0,8.82
12.9605,wait_init,0,0,0.000000,0.000000,nan,nan,nan,0.0000,0,9.00
12.9807,wait_init,0,0,0.000000,0.000000,nan,nan,nan,0.0000,0,10.59
13.0009,wait_init,0,0,0.000000,0.000000,nan,nan,nan,0.0000,0,9.53
13.0205,wait_init,0,0,0.000000,0.000000,nan,nan,nan,0.0000,0,8.19
13.0409,wait_init,0,0,0.000000,0.000000,nan,nan,nan,0.0000,0,10.29
13.0601,wait_init,0,0,0.000000,0.000000,nan,nan,nan,0.0000,0,9.49
13.0808,wait_init,0,0,0.000000,0.000000,nan,nan,nan,0.0000,0,9.68
13.1009,wait_init,0,0,0.000000,0.000000,nan,nan,nan,0.0000,0,6.76
13.1208,wait_init,0,0,0.000000,0.000000,nan,nan,nan,0.0000,0,8.94
13.1411,wait_init,0,0,0.000000,0.000000,nan,nan,nan,0.0000,0,8.88
13.1601,wait_init,0,0,0.000000,0.000000,nan,nan,nan,0.0000,0,9.06
13.1807,wait_init,0,0,0.000000,0.000000,nan,nan,nan,0.0000,0,9.64
13.2010,wait_init,0,0,0.000000,0.000000,nan,nan,nan,0.0000,0,10.49
13.2207,wait_init,0,0,0.000000,0.000000,nan,nan,nan,0.0000,0,8.85
13.2408,wait_init,0,0,0.000000,0.000000,nan,nan,nan,0.0000,0,8.27
13.2611,wait_init,0,0,0.000000,0.000000,nan,nan,nan,0.0000,0,9.94
13.2808,wait_init,0,0,0.000000,0.000000,nan,nan,nan,0.0000,0,9.94
13.3009,wait_init,0,0,0.000000,0.000000,nan,nan,nan,0.0000,0,9.18
13.3208,wait_init,0,0,0.000000,0.000000,nan,nan,nan,0.0000,0,6.90
13.3407,wait_init,0,0,0.000000,0.000000,nan,nan,nan,0.0000,0,9.07
13.3611,wait_init,0,0,0.000000,0.000000,nan,nan,nan,0.0000,0,9.94
13.3809,policy,0,0,0.000000,0.000000,nan,nan,nan,0.0000,0,2.45
13.4007,policy,0,1,0.000000,0.000000,1.2375,2.8631,1.9509,0.0000,0,16.51
13.4207,policy,1,1,0.000074,0.000006,1.2061,2.8696,1.9485,0.0013,0,13.01
13.4439,policy,3,1,0.000148,0.000013,1.1980,2.9565,1.9746,0.0027,0,23.13
13.4715,policy,4,1,0.000221,0.000019,1.2714,3.1708,2.0992,0.0039,0,27.61
13.4936,policy,5,1,0.000298,0.000025,1.3419,3.3832,2.2729,0.0051,0,22.08
13.5177,policy,6,1,0.000381,0.000033,1.4123,3.6111,2.4879,0.0062,0,24.05
13.5449,policy,8,1,0.000471,0.000040,1.4574,3.8730,2.7474,0.0073,0,27.14
13.5741,policy,9,1,0.000567,0.000048,1.4811,4.0779,3.0784,0.0083,0,29.25
13.6031,policy,11,1,0.000666,0.000057,1.4581,4.2728,3.4646,0.0092,0,28.91
13.6238,policy,12,1,0.000767,0.000065,1.4441,4.3848,3.7147,0.0101,0,20.67
13.6447,policy,13,1,0.000869,0.000074,1.4016,4.5071,3.9959,0.0108,0,19.76
13.6758,policy,14,1,0.000969,0.000083,1.3271,4.6691,4.3857,0.0115,0,30.99
13.6972,policy,15,1,0.001065,0.000091,1.2582,4.7905,4.6353,0.0121,0,14.87
13.7209,policy,16,1,0.001156,0.000099,1.1435,4.9230,4.9011,0.0132,0,23.62
13.7462,policy,18,1,0.001235,0.000105,0.9222,5.0619,5.1405,0.0142,0,25.25
13.7769,policy,19,1,0.001305,0.000111,0.7703,5.2688,5.4655,0.0152,0,30.75
13.7978,policy,20,1,0.001366,0.000117,0.6126,5.4275,5.6957,0.0160,0,13.60
13.8220,policy,22,1,0.001400,0.000119,0.6009,5.5891,6.0462,0.0165,0,24.19
13.8459,policy,23,1,0.001424,0.000121,0.5820,5.8308,6.3937,0.0168,0,23.87
13.8770,policy,24,1,0.001442,0.000123,0.4400,6.2241,6.9098,0.0170,0,31.03
13.8999,policy,25,1,0.001456,0.000124,0.3834,6.5568,7.3794,0.0172,0,22.90
13.9229,policy,27,1,0.001443,0.000123,0.5366,6.8743,8.1156,0.0170,0,22.94
13.9461,policy,28,1,0.001426,0.000122,0.5441,7.3000,8.6852,0.0168,0,23.20
13.9730,policy,29,1,0.001416,0.000121,0.3698,7.7851,9.3071,0.0167,0,26.87
13.9960,policy,30,1,0.001409,0.000120,0.2562,8.2171,9.8733,0.0167,0,23.00
14.0176,policy,31,1,0.001402,0.000120,0.2499,8.6114,10.4411,0.0165,0,21.60
14.0403,policy,32,1,0.001399,0.000119,0.1976,9.0397,11.0188,0.0165,0,22.64
14.0609,policy,34,1,0.001373,0.000117,0.6406,9.3497,11.8436,0.0162,0,20.63
14.0848,policy,35,1,0.001354,0.000116,0.5611,9.8988,12.4623,0.0160,0,23.83
14.1055,policy,36,1,0.001345,0.000115,0.3953,10.3216,12.9810,0.0159,0,16.81
14.1292,policy,37,0,0.000000,0.000000,0.3913,10.9214,13.6038,0.0000,0,22.42
14.1502,policy,38,0,0.000000,0.000000,0.3435,11.5047,14.1645,0.0000,0,12.65
14.1700,policy,39,0,0.000000,0.000000,0.4041,12.0915,14.7376,0.0000,0,11.51
14.1897,policy,40,0,0.000000,0.000000,0.3684,12.6654,15.2885,0.0000,0,9.54
14.2095,policy,41,0,0.000000,0.000000,0.3340,13.2117,15.7841,0.0000,0,16.02
14.2296,policy,42,0,0.000000,0.000000,0.4069,13.8116,16.3924,0.0000,0,11.43
14.2493,policy,43,0,0.000000,0.000000,0.4565,14.4010,16.9601,0.0000,0,13.24
14.2700,policy,44,0,0.000000,0.000000,0.7205,15.0125,17.5456,0.0000,0,11.55
14.2896,policy,45,0,0.000000,0.000000,0.8813,15.6873,18.1528,0.0000,0,12.88
14.3095,policy,46,0,0.000000,0.000000,0.9366,16.6823,18.8116,0.0000,0,12.42
14.3296,policy,47,0,0.000000,0.000000,0.9660,17.7190,19.4534,0.0000,0,11.44
14.3498,policy,48,0,0.000000,0.000000,0.9764,18.8613,20.1030,0.0000,0,11.18
14.3700,policy,49,0,0.000000,0.000000,0.9575,20.0862,20.7895,0.0000,0,13.27
14.3897,policy,50,0,0.000000,0.000000,0.9225,21.1610,21.4072,0.0000,0,10.74
14.4097,policy,51,0,0.000000,0.000000,0.9798,22.2296,21.9333,0.0000,0,12.02
14.4294,policy,52,0,0.000000,0.000000,1.1798,23.0401,22.3243,0.0000,0,10.98
14.4500,policy,53,0,0.000000,0.000000,1.5245,23.8358,22.6266,0.0000,0,11.39
14.4697,policy,54,0,0.000000,0.000000,1.8463,24.3331,22.7568,0.0000,0,14.19
14.4896,policy,55,0,0.000000,0.000000,2.1407,24.6885,22.7793,0.0000,0,13.11
14.5096,policy,56,0,0.000000,0.000000,2.3901,25.0043,22.7465,0.0000,0,12.15
14.5297,policy,57,0,0.000000,0.000000,2.5849,25.2302,22.7229,0.0000,0,11.76
14.5514,policy,58,0,0.000000,0.000000,2.6152,25.4761,22.6904,0.0000,0,11.90
14.5698,policy,59,0,0.000000,0.000000,2.6064,25.5541,22.5474,0.0000,0,12.57
14.5896,policy,60,0,0.000000,0.000000,2.4065,25.6413,22.3785,0.0000,0,11.04
14.6095,policy,61,0,0.000000,0.000000,2.1114,25.6101,22.1295,0.0000,0,11.21
14.6297,policy,62,0,0.000000,0.000000,2.0003,25.5995,22.0243,0.0000,0,11.99
14.6513,policy,63,0,0.000000,0.000000,1.7418,25.5366,21.9196,0.0000,0,12.93
14.6697,policy,64,0,0.000000,0.000000,1.7914,25.4328,21.8171,0.0000,0,14.10
14.6900,policy,65,0,0.000000,0.000000,1.9946,25.4436,21.8411,0.0000,0,11.79
14.7098,policy,66,0,0.000000,0.000000,2.1917,25.4953,21.9629,0.0000,0,19.73
14.7308,policy,67,0,0.000000,0.000000,2.3525,25.5678,22.0851,0.0000,0,10.98
14.7511,policy,68,0,0.000000,0.000000,2.4169,25.5908,22.1731,0.0000,0,12.00
14.7709,policy,69,0,0.000000,0.000000,2.2492,25.5343,22.1896,0.0000,0,11.86
14.7922,policy,70,0,0.000000,0.000000,1.9265,25.4292,22.1677,0.0000,0,14.76
14.8108,policy,71,0,0.000000,0.000000,1.6551,25.3166,22.1414,0.0000,0,10.72
14.8306,policy,72,0,0.000000,0.000000,1.3401,25.1887,22.1116,0.0000,0,10.84
14.8515,policy,73,0,0.000000,0.000000,1.0557,25.0961,22.1040,0.0000,0,16.18
14.8711,policy,74,0,0.000000,0.000000,0.8316,25.0685,22.1023,0.0000,0,14.30
14.8909,policy,75,0,0.000000,0.000000,0.7921,25.0715,22.1335,0.0000,0,10.53
14.9108,policy,76,0,0.000000,0.000000,0.9425,25.2039,22.2405,0.0000,0,11.99
14.9307,policy,77,0,0.000000,0.000000,1.2555,25.3770,22.3657,0.0000,0,9.99
14.9513,policy,78,0,0.000000,0.000000,1.5164,25.6225,22.5176,0.0000,0,12.02
14.9712,policy,79,0,0.000000,0.000000,1.7117,25.9165,22.6783,0.0000,0,12.74
14.9912,policy,80,0,0.000000,0.000000,1.8373,26.2339,22.8374,0.0000,0,11.64
15.0106,policy,81,0,0.000000,0.000000,1.8110,26.5777,23.0186,0.0000,0,12.56
15.0308,policy,82,0,0.000000,0.000000,1.7553,26.9184,23.1890,0.0000,0,11.25
15.0525,policy,83,0,0.000000,0.000000,1.6775,27.2597,23.3692,0.0000,0,11.97
15.0699,policy,84,0,0.000000,0.000000,1.5897,27.6197,23.5969,0.0000,0,13.08
15.0910,policy,85,0,0.000000,0.000000,1.4954,27.9993,23.8387,0.0000,0,10.91
15.1105,policy,86,0,0.000000,0.000000,1.4952,28.2868,24.0535,0.0000,0,10.70
15.1306,policy,87,0,0.000000,0.000000,1.5052,28.4055,24.2010,0.0000,0,10.43
15.1499,policy,88,0,0.000000,0.000000,1.5810,28.1736,24.2146,0.0000,0,12.12
15.1699,policy,89,0,0.000000,0.000000,1.5887,27.7625,24.1362,0.0000,0,11.46
15.1909,policy,90,0,0.000000,0.000000,1.6059,27.2488,24.0432,0.0000,0,11.51
15.2108,policy,91,0,0.000000,0.000000,1.6893,26.7774,23.9878,0.0000,0,14.72
15.2307,policy,92,0,0.000000,0.000000,1.7656,26.3554,23.9424,0.0000,0,9.80
15.2499,policy,93,0,0.000000,0.000000,1.8300,26.0141,23.9259,0.0000,0,11.95
15.2708,policy,94,0,0.000000,0.000000,1.8046,25.7379,23.9225,0.0000,0,12.14
15.2908,policy,95,0,0.000000,0.000000,1.7575,25.4972,23.9222,0.0000,0,9.89
15.3107,policy,96,0,0.000000,0.000000,1.7028,25.2876,23.9320,0.0000,0,13.94
15.3308,policy,97,0,0.000000,0.000000,1.6242,25.0751,23.9331,0.0000,0,12.05
15.3512,policy,98,0,0.000000,0.000000,1.5272,24.8615,23.9304,0.0000,0,12.03
15.3703,policy,99,0,0.000000,0.000000,1.4326,24.6573,23.9186,0.0000,0,11.25
15.3909,policy,100,0,0.000000,0.000000,1.3106,24.4532,23.8935,0.0000,0,11.40
15.4107,policy,101,0,0.000000,0.000000,1.1724,24.3296,23.8377,0.0000,0,5.13
15.4307,policy,102,0,0.000000,0.000000,1.0447,24.2255,23.7724,0.0000,0,14.44
15.4506,policy,103,0,0.000000,0.000000,1.2609,24.1852,23.7385,0.0000,0,10.07
15.4707,policy,104,0,0.000000,0.000000,1.5177,24.2014,23.7045,0.0000,0,18.67
15.4908,policy,105,0,0.000000,0.000000,1.7493,24.2555,23.6402,0.0000,0,12.00
15.5108,policy,106,0,0.000000,0.000000,1.9833,24.3924,23.6178,0.0000,0,12.19
15.5306,policy,107,0,0.000000,0.000000,2.1717,24.5918,23.5894,0.0000,0,9.95
15.5500,policy,108,0,0.000000,0.000000,2.3113,24.8001,23.5565,0.0000,0,11.89
15.5703,policy,109,0,0.000000,0.000000,2.3751,24.9978,23.5082,0.0000,0,12.86
15.5907,policy,110,0,0.000000,0.000000,2.4237,25.1714,23.4466,0.0000,0,10.56
15.6106,policy,111,0,0.000000,0.000000,2.3258,25.3069,23.3939,0.0000,0,11.99
15.6307,policy,112,0,0.000000,0.000000,2.2073,25.3912,23.3091,0.0000,0,11.12
15.6500,policy,113,0,0.000000,0.000000,2.0581,25.4317,23.1979,0.0000,0,12.11
15.6701,policy,114,0,0.000000,0.000000,1.9031,25.3893,23.1599,0.0000,0,12.97
15.6908,policy,115,0,0.000000,0.000000,1.7272,25.3141,23.1770,0.0000,0,9.57
15.7107,policy,116,0,0.000000,0.000000,1.5753,25.2372,23.1436,0.0000,0,12.86
15.7307,policy,117,0,0.000000,0.000000,1.4972,25.1664,23.0826,0.0000,0,10.26
15.7502,policy,118,0,0.000000,0.000000,1.5290,25.1199,23.0008,0.0000,0,12.20
15.7705,policy,119,0,0.000000,0.000000,1.5532,24.9899,22.8682,0.0000,0,12.76
15.7909,policy,120,0,0.000000,0.000000,1.5738,24.7669,22.6788,0.0000,0,11.14
15.8108,policy,121,0,0.000000,0.000000,1.5815,24.4516,22.4079,0.0000,0,12.62
15.8306,policy,122,0,0.000000,0.000000,1.5764,24.0826,22.1400,0.0000,0,12.24
15.8507,policy,123,0,0.000000,0.000000,1.5495,23.6268,21.8759,0.0000,0,13.23
15.8712,policy,124,0,0.000000,0.000000,1.4888,22.9798,21.6197,0.0000,0,12.75
15.8907,policy,125,0,0.000000,0.000000,1.3825,22.3788,21.3696,0.0000,0,9.57
15.9109,policy,126,0,0.000000,0.000000,1.1333,21.6127,21.1136,0.0000,0,14.04
15.9308,policy,127,0,0.000000,0.000000,1.2579,20.8254,20.9858,0.0000,0,12.14
15.9504,policy,128,0,0.000000,0.000000,1.4461,20.1528,20.9397,0.0000,0,11.24
15.9702,policy,129,0,0.000000,0.000000,1.6647,19.3467,20.8436,0.0000,0,14.73
15.9911,policy,130,0,0.000000,0.000000,1.9024,18.5500,20.7959,0.0000,0,10.52
16.0106,policy,131,0,0.000000,0.000000,2.0786,17.8950,20.7518,0.0000,0,12.33
16.0305,policy,132,0,0.000000,0.000000,2.2150,17.1698,20.7357,0.0000,0,12.15
16.0504,policy,133,0,0.000000,0.000000,2.3028,16.4739,20.7695,0.0000,0,12.34
16.0701,policy,134,0,0.000000,0.000000,2.3647,15.8320,20.7780,0.0000,0,13.92
16.0909,policy,135,0,0.000000,0.000000,2.4011,15.1202,20.7523,0.0000,0,10.81
16.1110,policy,136,0,0.000000,0.000000,2.4991,14.4625,20.7507,0.0000,0,14.68
16.1307,policy,137,0,0.000000,0.000000,2.5785,13.8765,20.7503,0.0000,0,11.09
16.1509,policy,138,0,0.000000,0.000000,2.6786,13.3130,20.7761,0.0000,0,11.84
16.1709,policy,139,0,0.000000,0.000000,2.7809,12.7619,20.8046,0.0000,0,11.33
16.1899,policy,140,0,0.000000,0.000000,2.8740,12.3516,20.8896,0.0000,0,11.91
16.2106,policy,141,0,0.000000,0.000000,2.8770,11.8376,20.9356,0.0000,0,14.76
16.2308,policy,142,0,0.000000,0.000000,2.8840,11.3673,20.9765,0.0000,0,14.86
16.2502,policy,143,0,0.000000,0.000000,2.8575,10.9941,21.0324,0.0000,0,10.60
16.2708,policy,144,0,0.000000,0.000000,2.7337,10.6514,21.1235,0.0000,0,11.70
16.2900,policy,145,0,0.000000,0.000000,2.7233,10.4104,21.1999,0.0000,0,10.83
16.3105,policy,146,0,0.000000,0.000000,2.7629,10.2055,21.3201,0.0000,0,10.62
16.3306,policy,147,0,0.000000,0.000000,2.8388,10.0479,21.4244,0.0000,0,12.37
16.3511,policy,148,0,0.000000,0.000000,2.8974,9.9328,21.5220,0.0000,0,12.20
16.3699,policy,149,0,0.000000,0.000000,2.9736,9.8597,21.5900,0.0000,0,10.60
16.3908,policy,150,0,0.000000,0.000000,3.0397,9.8000,21.6707,0.0000,0,11.60
16.4106,policy,151,0,0.000000,0.000000,3.1303,9.7204,21.7307,0.0000,0,11.90
16.4306,policy,152,0,0.000000,0.000000,3.1826,9.6428,21.7791,0.0000,0,11.03
16.4506,policy,153,0,0.000000,0.000000,3.2350,9.5730,21.8180,0.0000,0,12.19
16.4712,policy,154,0,0.000000,0.000000,3.2882,9.5805,21.8916,0.0000,0,12.30
16.4919,policy,155,0,0.000000,0.000000,3.3169,9.5765,21.9473,0.0000,0,11.76
16.5106,policy,156,0,0.000000,0.000000,3.3673,9.5716,21.9876,0.0000,0,13.65
16.5307,policy,157,0,0.000000,0.000000,3.3916,9.5604,22.0287,0.0000,0,12.27
16.5503,policy,158,0,0.000000,0.000000,3.4076,9.5413,22.0611,0.0000,0,11.93
16.5700,policy,159,0,0.000000,0.000000,3.4034,9.5069,22.0935,0.0000,0,11.59
16.5907,policy,160,0,0.000000,0.000000,3.4070,9.4645,22.1117,0.0000,0,10.51
16.6107,policy,161,0,0.000000,0.000000,3.3622,9.4001,22.1396,0.0000,0,12.34
16.6305,policy,162,0,0.000000,0.000000,3.3230,9.3300,22.1712,0.0000,0,11.09
16.6500,policy,163,0,0.000000,0.000000,3.2819,9.2425,22.1729,0.0000,0,13.07
16.6708,policy,164,0,0.000000,0.000000,3.2332,9.1603,22.1647,0.0000,0,11.86
16.6908,policy,165,0,0.000000,0.000000,3.1910,9.0854,22.1472,0.0000,0,10.68
16.7107,policy,166,0,0.000000,0.000000,3.1594,9.0163,22.1151,0.0000,0,13.83
16.7306,policy,167,0,0.000000,0.000000,3.1395,8.9405,22.0635,0.0000,0,10.13
16.7502,policy,168,0,0.000000,0.000000,3.1304,8.8604,22.0006,0.0000,0,11.02
16.7710,policy,169,0,0.000000,0.000000,3.1260,8.7755,21.9292,0.0000,0,16.15
16.7906,policy,170,0,0.000000,0.000000,3.1229,8.7077,21.8642,0.0000,0,10.53
16.8105,policy,171,0,0.000000,0.000000,3.1236,8.6380,21.7941,0.0000,0,12.18
16.8307,policy,172,0,0.000000,0.000000,3.1262,8.5814,21.7234,0.0000,0,11.32
16.8508,policy,173,0,0.000000,0.000000,3.1259,8.5290,21.6469,0.0000,0,12.17
16.8709,policy,174,0,0.000000,0.000000,3.1286,8.4852,21.5627,0.0000,0,12.01
16.8910,policy,175,0,0.000000,0.000000,3.1243,8.4435,21.4799,0.0000,0,9.87
16.9107,policy,176,0,0.000000,0.000000,3.1230,8.4013,21.3980,0.0000,0,11.88
16.9306,policy,177,0,0.000000,0.000000,3.1212,8.3684,21.3101,0.0000,0,12.31
16.9500,policy,178,0,0.000000,0.000000,3.1144,8.3412,21.2347,0.0000,0,12.99
16.9701,policy,179,0,0.000000,0.000000,3.1111,8.3042,21.1555,0.0000,0,14.20
16.9907,policy,180,0,0.000000,0.000000,3.0965,8.2654,21.0800,0.0000,0,14.66
17.0108,policy,181,0,0.000000,0.000000,3.0817,8.2259,21.0011,0.0000,0,11.09
17.0307,policy,182,0,0.000000,0.000000,3.0670,8.1856,20.9227,0.0000,0,9.01
17.0510,policy,183,0,0.000000,0.000000,3.0560,8.1509,20.8429,0.0000,0,11.99
17.0709,policy,184,0,0.000000,0.000000,3.0524,8.1208,20.7701,0.0000,0,11.67
17.0908,policy,185,0,0.000000,0.000000,3.0487,8.0945,20.6981,0.0000,0,10.65
17.1107,policy,186,0,0.000000,0.000000,3.0487,8.0787,20.6256,0.0000,0,12.79
17.1307,policy,187,0,0.000000,0.000000,3.0450,8.0620,20.5518,0.0000,0,11.07
17.1501,policy,188,0,0.000000,0.000000,3.0450,8.0473,20.4832,0.0000,0,11.90
17.1699,policy,189,0,0.000000,0.000000,3.0453,8.0371,20.4096,0.0000,0,12.53
17.1907,policy,190,0,0.000000,0.000000,3.0453,8.0243,20.3391,0.0000,0,11.72
17.2106,policy,191,0,0.000000,0.000000,3.0453,8.0152,20.2733,0.0000,0,12.13
17.2304,policy,192,0,0.000000,0.000000,3.0453,8.0051,20.2098,0.0000,0,12.27
17.2509,policy,193,0,0.000000,0.000000,3.0423,7.9961,20.1519,0.0000,0,15.95
17.2700,policy,194,0,0.000000,0.000000,3.0426,7.9861,20.1085,0.0000,0,11.90
17.2906,policy,195,0,0.000000,0.000000,3.0429,7.9724,20.0577,0.0000,0,13.66
17.3108,policy,196,0,0.000000,0.000000,3.0429,7.9671,20.0168,0.0000,0,11.04
17.3305,policy,197,0,0.000000,0.000000,3.0429,7.9534,19.9799,0.0000,0,11.92
17.3508,policy,198,0,0.000000,0.000000,3.0429,7.9472,19.9449,0.0000,0,13.12
17.3699,policy,199,0,0.000000,0.000000,3.0431,7.9363,19.9153,0.0000,0,12.70
17.3906,policy,200,0,0.000000,0.000000,3.0509,7.9264,19.8840,0.0000,0,10.61
17.4105,policy,201,0,0.000000,0.000000,3.0548,7.9237,19.8700,0.0000,0,10.92
17.4307,policy,202,0,0.000000,0.000000,3.0585,7.9248,19.8567,0.0000,0,11.28
17.4510,policy,203,0,0.000000,0.000000,3.0621,7.9277,19.8412,0.0000,0,12.04
17.4709,policy,204,0,0.000000,0.000000,3.0661,7.9305,19.8264,0.0000,0,13.69
17.4909,policy,205,0,0.000000,0.000000,3.0661,7.9389,19.8146,0.0000,0,11.69
17.5107,policy,206,0,0.000000,0.000000,3.0698,7.9472,19.8039,0.0000,0,10.59
17.5305,policy,207,0,0.000000,0.000000,3.0774,7.9592,19.7942,0.0000,0,10.90
17.5510,policy,208,0,0.000000,0.000000,3.0825,7.9676,19.7808,0.0000,0,11.12
17.5708,policy,209,0,0.000000,0.000000,3.0879,7.9787,19.7696,0.0000,0,11.91
17.5908,policy,210,0,0.000000,0.000000,3.0973,7.9906,19.7559,0.0000,0,11.87
17.6106,policy,211,0,0.000000,0.000000,3.1036,7.9999,19.7409,0.0000,0,11.93
17.6306,policy,212,0,0.000000,0.000000,3.1102,8.0063,19.7207,0.0000,0,10.89
17.6505,policy,213,0,0.000000,0.000000,3.1161,8.0108,19.7004,0.0000,0,11.96
17.6710,policy,214,0,0.000000,0.000000,3.1182,8.0136,19.6753,0.0000,0,12.65
17.6909,policy,215,0,0.000000,0.000000,3.1202,8.0182,19.6610,0.0000,0,11.71
17.7105,policy,216,0,0.000000,0.000000,3.1219,8.0209,19.6440,0.0000,0,6.63
17.7307,policy,217,0,0.000000,0.000000,3.1270,8.0255,19.6319,0.0000,0,11.19
17.7500,policy,218,0,0.000000,0.000000,3.1282,8.0255,19.6195,0.0000,0,12.26
17.7708,policy,219,0,0.000000,0.000000,3.1299,8.0282,19.6035,0.0000,0,12.66
17.7909,policy,220,0,0.000000,0.000000,3.1314,8.0319,19.5899,0.0000,0,10.84
17.8106,policy,221,0,0.000000,0.000000,3.1331,8.0347,19.5756,0.0000,0,10.69
17.8306,policy,222,0,0.000000,0.000000,3.1348,8.0374,19.5595,0.0000,0,10.95
17.8508,policy,223,0,0.000000,0.000000,3.1365,8.0392,19.5414,0.0000,0,13.01
17.8705,policy,224,0,0.000000,0.000000,3.1380,8.0411,19.5250,0.0000,0,13.96
17.8907,policy,225,0,0.000000,0.000000,3.1391,8.0438,19.5083,0.0000,0,13.18
17.9107,policy,226,0,0.000000,0.000000,3.1373,8.0484,19.4925,0.0000,0,12.07
17.9306,policy,227,0,0.000000,0.000000,3.1387,8.0502,19.4771,0.0000,0,10.83
17.9506,policy,228,0,0.000000,0.000000,3.1401,8.0539,19.4628,0.0000,0,12.88
17.9708,policy,229,0,0.000000,0.000000,3.1415,8.0557,19.4486,0.0000,0,17.18
17.9908,policy,230,0,0.000000,0.000000,3.1503,8.0594,19.4346,0.0000,0,12.98
18.0107,policy,231,0,0.000000,0.000000,3.1485,8.0603,19.4203,0.0000,0,13.79
18.0306,policy,232,0,0.000000,0.000000,3.1466,8.0658,19.4040,0.0000,0,12.03
18.0508,policy,233,0,0.000000,0.000000,3.1481,8.0676,19.3874,0.0000,0,12.02
18.0708,policy,234,0,0.000000,0.000000,3.1495,8.0685,19.3721,0.0000,0,12.13
18.0907,policy,235,0,0.000000,0.000000,3.1517,8.0694,19.3550,0.0000,0,13.95
18.1106,policy,236,0,0.000000,0.000000,3.1576,8.0713,19.3402,0.0000,0,12.91
18.1305,policy,237,0,0.000000,0.000000,3.1599,8.0713,19.3226,0.0000,0,12.07
18.1508,policy,238,0,0.000000,0.000000,3.1627,8.0667,19.3041,0.0000,0,11.26
18.1709,policy,239,0,0.000000,0.000000,3.1652,8.0649,19.2865,0.0000,0,13.15
18.1906,policy,240,0,0.000000,0.000000,3.1671,8.0649,19.2713,0.0000,0,10.84
18.2107,policy,241,0,0.000000,0.000000,3.1691,8.0649,19.2568,0.0000,0,11.05
18.2305,policy,242,0,0.000000,0.000000,3.1702,8.0676,19.2431,0.0000,0,10.83
18.2509,policy,243,0,0.000000,0.000000,3.1710,8.0694,19.2291,0.0000,0,14.98
18.2712,policy,244,0,0.000000,0.000000,3.1758,8.0667,19.2131,0.0000,0,5.09
18.2907,policy,245,0,0.000000,0.000000,3.1769,8.0649,19.1986,0.0000,0,11.57
18.3108,policy,246,0,0.000000,0.000000,3.1777,8.0603,19.1822,0.0000,0,12.77
18.3306,policy,247,0,0.000000,0.000000,3.1783,8.0575,19.1644,0.0000,0,12.08
18.3506,policy,248,0,0.000000,0.000000,3.1753,8.0575,19.1470,0.0000,0,11.97
18.3709,policy,249,0,0.000000,0.000000,3.1753,8.0539,19.1286,0.0000,0,14.97
18.3907,policy,250,0,0.000000,0.000000,3.1756,8.0511,19.1106,0.0000,0,12.00
18.4107,policy,251,0,0.000000,0.000000,3.1756,8.0484,19.0943,0.0000,0,10.72
18.4306,policy,252,0,0.000000,0.000000,3.1691,8.0484,19.0797,0.0000,0,11.80
18.4508,policy,253,0,0.000000,0.000000,3.1658,8.0465,19.0667,0.0000,0,11.95
18.4700,policy,254,0,0.000000,0.000000,3.1661,8.0502,19.0582,0.0000,0,15.87
18.4906,policy,255,0,0.000000,0.000000,3.1629,8.0520,19.0477,0.0000,0,10.78
18.5108,policy,256,0,0.000000,0.000000,3.1599,8.0583,19.0396,0.0000,0,12.10
18.5305,policy,257,0,0.000000,0.000000,3.1602,8.0629,19.0343,0.0000,0,10.51
18.5507,policy,258,0,0.000000,0.000000,3.1572,8.0693,19.0282,0.0000,0,13.09
18.5706,policy,259,0,0.000000,0.000000,3.1578,8.0721,19.0209,0.0000,0,15.71
18.5904,policy,260,0,0.000000,0.000000,3.1548,8.0767,19.0157,0.0000,0,12.07
18.6108,policy,261,0,0.000000,0.000000,3.1551,8.0822,19.0094,0.0000,0,12.23
18.6306,policy,262,0,0.000000,0.000000,3.1554,8.0849,19.0013,0.0000,0,11.96
18.6509,policy,263,0,0.000000,0.000000,3.1527,8.0831,18.9918,0.0000,0,11.99
18.6711,policy,264,0,0.000000,0.000000,3.1527,8.0904,18.9842,0.0000,0,13.72
18.6902,policy,265,0,0.000000,0.000000,3.1497,8.0931,18.9773,0.0000,0,13.71
18.7106,policy,266,0,0.000000,0.000000,3.1467,8.0931,18.9678,0.0000,0,13.34
18.7304,policy,267,0,0.000000,0.000000,3.1473,8.0950,18.9581,0.0000,0,13.25
18.7508,policy,268,0,0.000000,0.000000,3.1476,8.0992,18.9471,0.0000,0,14.43
18.7705,policy,269,0,0.000000,0.000000,3.1443,8.1020,18.9388,0.0000,0,18.07
18.7905,policy,270,0,0.000000,0.000000,3.1446,8.1075,18.9318,0.0000,0,11.79
18.8107,policy,271,0,0.000000,0.000000,3.1446,8.1065,18.9230,0.0000,0,14.18
18.8305,policy,272,0,0.000000,0.000000,3.1448,8.1075,18.9163,0.0000,0,12.13
18.8507,policy,273,0,0.000000,0.000000,3.1419,8.1093,18.9095,0.0000,0,13.03
18.8706,policy,274,0,0.000000,0.000000,3.1424,8.1111,18.9035,0.0000,0,14.14
18.8907,policy,275,0,0.000000,0.000000,3.1427,8.1129,18.8969,0.0000,0,12.71
18.9105,policy,276,0,0.000000,0.000000,3.1427,8.1148,18.8910,0.0000,0,13.05
18.9304,policy,277,0,0.000000,0.000000,3.1397,8.1194,18.8872,0.0000,0,12.09
18.9518,policy,278,0,0.000000,0.000000,3.1397,8.1230,18.8837,0.0000,0,12.25
18.9706,policy,279,0,0.000000,0.000000,3.1403,8.1294,18.8822,0.0000,0,15.30
18.9910,policy,280,0,0.000000,0.000000,3.1410,8.1322,18.8788,0.0000,0,12.13
19.0107,policy,281,0,0.000000,0.000000,3.1412,8.1386,18.8774,0.0000,0,13.41
19.0306,policy,282,0,0.000000,0.000000,3.1452,8.1441,18.8736,0.0000,0,11.17
19.0503,policy,283,0,0.000000,0.000000,3.1460,8.1514,18.8714,0.0000,0,12.80
19.0711,policy,284,0,0.000000,0.000000,3.1465,8.1578,18.8675,0.0000,0,13.38
19.0906,policy,285,0,0.000000,0.000000,3.1479,8.1624,18.8622,0.0000,0,13.33
19.1108,policy,286,0,0.000000,0.000000,3.1490,8.1651,18.8551,0.0000,0,12.62
19.1304,policy,287,0,0.000000,0.000000,3.1503,8.1697,18.8488,0.0000,0,11.91
19.1499,policy,288,0,0.000000,0.000000,3.1520,8.1743,18.8414,0.0000,0,11.91
19.1701,policy,289,0,0.000000,0.000000,3.1501,8.1798,18.8345,0.0000,0,14.74
19.1905,policy,290,0,0.000000,0.000000,3.1548,8.1825,18.8269,0.0000,0,12.62
19.2106,policy,291,0,0.000000,0.000000,3.1562,8.1880,18.8199,0.0000,0,10.93
19.2305,policy,292,0,0.000000,0.000000,3.1575,8.1926,18.8119,0.0000,0,12.19
19.2508,policy,293,0,0.000000,0.000000,3.1589,8.1972,18.8064,0.0000,0,12.26
19.2708,policy,294,0,0.000000,0.000000,3.1605,8.2008,18.7977,0.0000,0,20.00
19.2915,policy,295,0,0.000000,0.000000,3.1621,8.2045,18.7883,0.0000,0,10.63
19.3118,policy,296,0,0.000000,0.000000,3.1637,8.2082,18.7800,0.0000,0,12.24
19.3313,policy,297,0,0.000000,0.000000,3.1650,8.2100,18.7743,0.0000,0,11.10
19.3511,policy,298,0,0.000000,0.000000,3.1666,8.2100,18.7656,0.0000,0,11.44
19.3717,policy,299,0,0.000000,0.000000,3.1679,8.2118,18.7583,0.0000,0,13.04
19.3915,policy,300,0,0.000000,0.000000,3.1693,8.2164,18.7512,0.0000,0,9.81
19.4114,policy,301,0,0.000000,0.000000,3.1703,8.2191,18.7431,0.0000,0,10.13
19.4313,policy,302,0,0.000000,0.000000,3.1719,8.2201,18.7357,0.0000,0,12.28
19.4512,policy,303,0,0.000000,0.000000,3.1730,8.2228,18.7273,0.0000,0,12.10
19.4711,policy,304,0,0.000000,0.000000,3.1740,8.2256,18.7195,0.0000,0,16.55
19.4915,policy,305,0,0.000000,0.000000,3.1751,8.2274,18.7121,0.0000,0,13.46
19.5113,policy,306,0,0.000000,0.000000,3.1761,8.2311,18.7046,0.0000,0,12.00
19.5315,policy,307,0,0.000000,0.000000,3.1767,8.2329,18.6976,0.0000,0,12.43
19.5515,policy,308,0,0.000000,0.000000,3.1775,8.2356,18.6904,0.0000,0,13.10
19.5709,policy,309,0,0.000000,0.000000,3.1783,8.2393,18.6838,0.0000,0,13.69
19.5912,policy,310,0,0.000000,0.000000,3.1755,8.2420,18.6772,0.0000,0,12.66
19.6113,policy,311,0,0.000000,0.000000,3.1761,8.2448,18.6719,0.0000,0,14.31
19.6314,policy,312,0,0.000000,0.000000,3.1763,8.2521,18.6680,0.0000,0,11.31
19.6514,policy,313,0,0.000000,0.000000,3.1766,8.2576,18.6640,0.0000,0,13.45
19.6718,policy,314,0,0.000000,0.000000,3.1768,8.2621,18.6601,0.0000,0,15.20
19.6912,policy,315,0,0.000000,0.000000,3.1771,8.2694,18.6582,0.0000,0,12.82
19.7112,policy,316,0,0.000000,0.000000,3.1771,8.2758,18.6561,0.0000,0,12.08
19.7314,policy,317,0,0.000000,0.000000,3.1771,8.2831,18.6529,0.0000,0,12.47
19.7514,policy,318,0,0.000000,0.000000,3.1774,8.2886,18.6506,0.0000,0,12.06
19.7716,policy,319,0,0.000000,0.000000,3.1774,8.2949,18.6487,0.0000,0,14.04
19.7914,policy,320,0,0.000000,0.000000,3.1774,8.3004,18.6476,0.0000,0,15.78
19.8112,policy,321,0,0.000000,0.000000,3.1774,8.3067,18.6455,0.0000,0,14.00
19.8312,policy,322,0,0.000000,0.000000,3.1776,8.3122,18.6435,0.0000,0,14.55
19.8515,policy,323,0,0.000000,0.000000,3.1776,8.3176,18.6409,0.0000,0,7.15
19.8715,policy,324,0,0.000000,0.000000,3.1776,8.3230,18.6387,0.0000,0,2.97
19.8916,policy,325,0,0.000000,0.000000,3.1776,8.3294,18.6382,0.0000,0,15.27
19.9116,policy,326,0,0.000000,0.000000,3.1776,8.3320,18.6353,0.0000,0,14.04
19.9324,policy,327,0,0.000000,0.000000,3.1776,8.3365,18.6346,0.0000,0,14.97
19.9515,policy,328,0,0.000000,0.000000,3.1776,8.3392,18.6317,0.0000,0,14.23
19.9762,policy,329,0,0.000000,0.000000,3.1776,8.3437,18.6303,0.0000,0,24.69
19.9968,policy,330,0,0.000000,0.000000,3.1779,8.3463,18.6257,0.0000,0,14.62
20.0167,policy,331,0,0.000000,0.000000,3.1779,8.3489,18.6226,0.0000,0,11.88
20.0364,policy,332,0,0.000000,0.000000,3.1779,8.3543,18.6226,0.0000,0,12.66
20.0564,policy,333,0,0.000000,0.000000,3.1779,8.3578,18.6199,0.0000,0,16.38
20.0766,policy,334,0,0.000000,0.000000,3.1779,8.3641,18.6176,0.0000,0,12.45
20.0965,policy,335,0,0.000000,0.000000,3.1779,8.3658,18.6156,0.0000,0,8.97
20.1164,policy,336,0,0.000000,0.000000,3.1781,8.3711,18.6161,0.0000,0,11.93
20.1367,policy,337,0,0.000000,0.000000,3.1781,8.3728,18.6169,0.0000,0,12.21
20.1564,policy,338,0,0.000000,0.000000,3.1784,8.3772,18.6194,0.0000,0,14.06
20.1766,policy,339,0,0.000000,0.000000,3.1787,8.3807,18.6245,0.0000,0,14.90
20.1965,policy,340,0,0.000000,0.000000,3.1787,8.3869,18.6312,0.0000,0,12.38
20.2164,policy,341,0,0.000000,0.000000,3.1792,8.3922,18.6356,0.0000,0,8.99
20.2366,policy,342,0,0.000000,0.000000,3.1794,8.3985,18.6396,0.0000,0,10.93
20.2568,policy,343,0,0.000000,0.000000,3.1798,8.4038,18.6400,0.0000,0,13.07
20.2767,policy,344,0,0.000000,0.000000,3.1805,8.4082,18.6408,0.0000,0,14.77
20.2966,policy,345,0,0.000000,0.000000,3.1813,8.4162,18.6421,0.0000,0,12.00
20.3164,policy,346,0,0.000000,0.000000,3.1818,8.4234,18.6435,0.0000,0,10.91
20.3363,policy,347,0,0.000000,0.000000,3.1829,8.4315,18.6431,0.0000,0,10.07
20.3566,policy,348,0,0.000000,0.000000,3.1840,8.4377,18.6433,0.0000,0,14.41
20.3771,policy,349,0,0.000000,0.000000,3.1853,8.4440,18.6419,0.0000,0,15.76
20.3965,policy,350,0,0.000000,0.000000,3.1868,8.4529,18.6424,0.0000,0,11.77
20.4163,policy,351,0,0.000000,0.000000,3.1855,8.4607,18.6416,0.0000,0,10.93
20.4374,policy,352,0,0.000000,0.000000,3.1876,8.4655,18.6389,0.0000,0,11.20
20.4577,policy,353,0,0.000000,0.000000,3.1898,8.4719,18.6379,0.0000,0,13.26
20.4764,policy,354,0,0.000000,0.000000,3.1905,8.4752,18.6353,0.0000,0,14.94
20.4965,policy,355,0,0.000000,0.000000,3.1908,8.4793,18.6323,0.0000,0,11.10
20.5163,policy,356,0,0.000000,0.000000,3.1865,8.4815,18.6308,0.0000,0,9.74
20.5367,policy,357,0,0.000000,0.000000,3.1797,8.4842,18.6273,0.0000,0,10.12
20.5565,policy,358,0,0.000000,0.000000,3.1677,8.4880,18.6230,0.0000,0,15.74
20.5764,policy,359,0,0.000000,0.000000,3.1524,8.4957,18.6187,0.0000,0,11.86
20.5964,policy,360,0,0.000000,0.000000,3.1344,8.5032,18.6162,0.0000,0,11.14
20.6165,policy,361,0,0.000000,0.000000,3.1252,8.5213,18.6128,0.0000,0,10.01
20.6367,policy,362,0,0.000000,0.000000,3.1208,8.5210,18.5952,0.0000,0,11.02
20.6566,policy,363,0,0.000000,0.000000,3.1457,8.4776,18.5500,0.0000,0,11.46
20.6765,policy,364,0,0.000000,0.000000,3.1798,8.4416,18.4992,0.0000,0,11.89
20.6964,policy,365,0,0.000000,0.000000,3.2244,8.4426,18.4559,0.0000,0,9.96
20.7164,policy,366,0,0.000000,0.000000,3.3051,8.4978,18.4206,0.0000,0,12.03
20.7365,policy,367,0,0.000000,0.000000,3.3651,8.5742,18.3760,0.0000,0,9.85
20.7563,policy,368,0,0.000000,0.000000,3.4193,8.6610,18.3594,0.0000,0,18.30
20.7764,policy,369,0,0.000000,0.000000,3.4591,8.7785,18.4268,0.0000,0,12.19
20.7964,policy,370,0,0.000000,0.000000,3.4851,9.0940,18.5681,0.0000,0,10.08
20.8164,policy,371,0,0.000000,0.000000,3.5018,9.5125,18.7486,0.0000,0,10.75
20.8371,policy,372,0,0.000000,0.000000,3.5203,9.9813,18.9553,0.0000,0,10.96
20.8565,policy,373,0,0.000000,0.000000,3.5405,10.4440,19.1441,0.0000,0,12.08
20.8764,policy,374,0,0.000000,0.000000,3.5604,10.9523,19.3152,0.0000,0,11.15
20.8963,policy,375,0,0.000000,0.000000,3.6256,11.4730,19.4861,0.0000,0,12.19
20.9163,policy,376,0,0.000000,0.000000,3.7686,12.0126,19.6541,0.0000,0,11.00
20.9365,policy,377,0,0.000000,0.000000,3.9393,12.6157,19.8254,0.0000,0,12.09
20.9565,policy,378,0,0.000000,0.000000,4.1342,13.2120,19.9706,0.0000,0,12.62
20.9767,policy,379,0,0.000000,0.000000,4.2333,14.1843,20.1988,0.0000,0,20.13
20.9973,policy,380,0,0.000000,0.000000,4.0851,15.5001,20.4995,0.0000,0,10.65
21.0173,policy,381,0,0.000000,0.000000,3.8756,16.6731,20.7066,0.0000,0,10.93
21.0376,policy,382,0,0.000000,0.000000,3.4703,17.8873,20.9728,0.0000,0,11.02
21.0572,policy,383,0,0.000000,0.000000,3.0436,18.9889,21.1911,0.0000,0,11.10
21.0771,policy,384,0,0.000000,0.000000,2.4018,20.0537,21.3580,0.0000,0,13.52
21.0974,policy,385,0,0.000000,0.000000,1.6662,21.0268,21.4743,0.0000,0,11.24
21.1174,policy,386,0,0.000000,0.000000,1.4900,21.8319,21.7022,0.0000,0,11.12
21.1373,policy,387,0,0.000000,0.000000,1.5934,22.3886,21.8344,0.0000,0,10.82
21.1572,policy,388,0,0.000000,0.000000,1.5606,22.5159,21.7418,0.0000,0,12.63
21.1772,policy,389,0,0.000000,0.000000,1.3973,22.3487,21.4762,0.0000,0,14.19
21.1973,policy,390,0,0.000000,0.000000,1.1304,22.0469,21.1602,0.0000,0,12.77
21.2175,policy,391,0,0.000000,0.000000,2.0712,23.0674,21.5723,0.0000,0,11.34
21.2376,policy,392,0,0.000000,0.000000,2.6063,23.9592,21.9803,0.0000,0,9.94
21.2572,policy,393,0,0.000000,0.000000,3.0564,24.8232,22.3996,0.0000,0,11.88
21.2771,policy,394,0,0.000000,0.000000,3.3110,25.6220,22.7612,0.0000,0,6.49
21.2976,policy,395,0,0.000000,0.000000,3.3003,26.3532,22.9765,0.0000,0,10.38
21.3174,policy,396,0,0.000000,0.000000,3.2043,26.8214,23.0623,0.0000,0,11.87
21.3374,policy,397,0,0.000000,0.000000,3.0871,27.0630,23.0576,0.0000,0,11.75
21.3574,policy,398,0,0.000000,0.000000,3.1052,27.2064,23.1175,0.0000,0,10.48
21.3773,policy,399,0,0.000000,0.000000,3.2003,27.2871,23.2917,0.0000,0,13.20
21.3968,policy,400,0,0.000000,0.000000,3.2750,27.3415,23.7138,0.0000,0,11.36
21.4172,policy,401,0,0.000000,0.000000,3.3616,27.4814,24.2370,0.0000,0,11.76
21.4375,policy,402,0,0.000000,0.000000,3.4477,27.6864,24.8741,0.0000,0,12.32
21.4569,policy,403,0,0.000000,0.000000,3.6320,27.9456,25.6292,0.0000,0,12.12
21.4773,policy,404,0,0.000000,0.000000,3.8664,28.2729,26.4394,0.0000,0,13.97
21.4975,policy,405,0,0.000000,0.000000,4.0352,28.6539,27.1880,0.0000,0,11.22
21.5172,policy,406,0,0.000000,0.000000,4.0921,28.9788,27.8577,0.0000,0,11.89
21.5375,policy,407,0,0.000000,0.000000,4.1531,29.1691,28.4400,0.0000,0,11.20
21.5572,policy,408,0,0.000000,0.000000,4.1523,28.9180,28.7936,0.0000,0,12.68
21.5772,policy,409,0,0.000000,0.000000,4.1053,28.4250,29.0108,0.0000,0,6.10
21.5973,policy,410,0,0.000000,0.000000,4.0514,27.7910,29.1575,0.0000,0,11.20
21.6171,policy,411,0,0.000000,0.000000,3.9051,27.2229,29.2867,0.0000,0,12.11
21.6368,policy,412,0,0.000000,0.000000,3.7318,26.6288,29.3842,0.0000,0,12.00
21.6575,policy,413,0,0.000000,0.000000,3.5862,26.0772,29.4654,0.0000,0,10.95
21.6772,policy,414,0,0.000000,0.000000,3.4577,25.5783,29.4905,0.0000,0,13.77
21.6975,policy,415,0,0.000000,0.000000,3.3329,25.1222,29.5039,0.0000,0,12.18
21.7173,policy,416,0,0.000000,0.000000,3.0904,24.7093,29.4900,0.0000,0,12.08
21.7372,policy,417,0,0.000000,0.000000,2.8160,24.3122,29.4559,0.0000,0,10.90
21.7574,policy,418,0,0.000000,0.000000,2.4467,24.0351,29.4639,0.0000,0,12.60
21.7772,policy,419,0,0.000000,0.000000,2.5425,24.1548,29.5914,0.0000,0,15.03
21.7974,policy,420,0,0.000000,0.000000,2.6013,24.4085,29.7834,0.0000,0,11.02
21.8172,policy,421,0,0.000000,0.000000,2.3606,25.2009,29.7605,0.0000,0,11.75
21.8373,policy,422,0,0.000000,0.000000,2.0034,26.0114,29.6656,0.0000,0,12.28
21.8570,policy,423,0,0.000000,0.000000,1.3793,26.5897,29.3310,0.0000,0,12.60
21.8772,policy,424,0,0.000000,0.000000,1.1978,26.3937,28.7407,0.0000,0,14.51
21.8984,policy,425,0,0.000000,0.000000,1.4470,25.7803,28.0272,0.0000,0,11.46
21.9172,policy,426,0,0.000000,0.000000,1.4601,25.0437,27.2855,0.0000,0,10.99
21.9375,policy,427,0,0.000000,0.000000,1.4403,24.3811,26.5644,0.0000,0,11.97
21.9577,policy,428,0,0.000000,0.000000,1.5307,23.9874,25.9241,0.0000,0,11.81
21.9770,policy,429,0,0.000000,0.000000,1.6511,23.7548,25.3566,0.0000,0,12.85
21.9970,policy,430,0,0.000000,0.000000,1.7847,23.6023,24.8194,0.0000,0,11.67
22.0173,policy,431,0,0.000000,0.000000,2.0982,23.4739,24.4359,0.0000,0,12.14
22.0374,policy,432,0,0.000000,0.000000,2.4345,23.3314,24.1205,0.0000,0,9.84
22.0572,policy,433,0,0.000000,0.000000,2.7746,23.1607,23.8374,0.0000,0,10.08
22.0771,policy,434,0,0.000000,0.000000,3.0599,22.9696,23.5208,0.0000,0,14.38
22.0972,policy,435,0,0.000000,0.000000,3.3787,22.7440,23.1270,0.0000,0,11.25
22.1170,policy,436,0,0.000000,0.000000,3.5172,22.5530,22.8445,0.0000,0,11.91
22.1373,policy,437,0,0.000000,0.000000,3.5475,22.3802,22.6602,0.0000,0,11.33
22.1572,policy,438,0,0.000000,0.000000,3.5252,22.1928,22.4613,0.0000,0,11.77
22.1771,policy,439,0,0.000000,0.000000,3.4613,21.9719,22.2239,0.0000,0,13.49
22.1978,policy,440,0,0.000000,0.000000,3.3366,21.6904,21.9407,0.0000,0,11.41
22.2171,policy,441,0,0.000000,0.000000,3.2603,21.4168,21.6532,0.0000,0,11.62
22.2373,policy,442,0,0.000000,0.000000,3.1832,21.1169,21.3574,0.0000,0,12.00
22.2573,policy,443,0,0.000000,0.000000,3.1307,20.7815,21.0495,0.0000,0,12.47
22.2771,policy,444,0,0.000000,0.000000,3.1014,20.4611,20.7294,0.0000,0,16.94
22.2977,policy,445,0,0.000000,0.000000,3.0844,20.1027,20.3852,0.0000,0,10.42
22.3173,policy,446,0,0.000000,0.000000,3.1676,19.7129,20.0473,0.0000,0,11.99
22.3373,policy,447,0,0.000000,0.000000,3.2476,19.2697,19.6869,0.0000,0,12.01
22.3572,policy,448,0,0.000000,0.000000,3.2784,18.8187,19.3287,0.0000,0,13.17
22.3773,policy,449,0,0.000000,0.000000,3.1709,18.2618,18.8401,0.0000,0,12.46
22.3974,policy,450,0,0.000000,0.000000,2.9968,17.7132,18.4925,0.0000,0,12.35
22.4172,policy,451,0,0.000000,0.000000,2.9711,17.1979,18.3313,0.0000,0,11.89
22.4375,policy,452,0,0.000000,0.000000,2.9886,16.6220,18.2317,0.0000,0,11.32
22.4573,policy,453,0,0.000000,0.000000,3.0875,16.1237,18.1639,0.0000,0,14.03
22.4774,policy,454,0,0.000000,0.000000,3.2038,15.6371,18.0964,0.0000,0,14.39
22.4976,policy,455,0,0.000000,0.000000,3.2567,15.2314,18.0256,0.0000,0,9.75
22.5169,policy,456,0,0.000000,0.000000,3.3013,14.9307,17.9823,0.0000,0,12.88
22.5377,policy,457,0,0.000000,0.000000,3.3773,14.6330,17.9431,0.0000,0,11.33
22.5573,policy,458,0,0.000000,0.000000,3.4807,14.4192,17.9210,0.0000,0,8.38
22.5771,policy,459,0,0.000000,0.000000,3.5883,14.3629,18.0498,0.0000,0,14.49
22.5973,policy,460,0,0.000000,0.000000,3.7427,14.3254,18.2691,0.0000,0,12.27
22.6172,policy,461,0,0.000000,0.000000,3.9493,14.2905,18.4657,0.0000,0,12.00
22.6368,policy,462,0,0.000000,0.000000,4.1351,14.2383,18.6389,0.0000,0,12.08
22.6573,policy,463,0,0.000000,0.000000,4.2950,14.1250,18.8005,0.0000,0,11.75
22.6773,policy,464,0,0.000000,0.000000,4.4477,14.0432,19.0105,0.0000,0,15.24
22.6974,policy,465,0,0.000000,0.000000,4.5482,13.9387,19.1888,0.0000,0,11.02
22.7172,policy,466,0,0.000000,0.000000,4.6689,13.8222,19.3589,0.0000,0,12.13
22.7373,policy,467,0,0.000000,0.000000,4.8050,13.6931,19.5187,0.0000,0,11.26
22.7573,policy,468,0,0.000000,0.000000,5.0167,13.5839,19.6935,0.0000,0,11.56
22.7773,policy,469,0,0.000000,0.000000,5.2791,13.5250,19.9072,0.0000,0,15.09
22.7973,policy,470,0,0.000000,0.000000,5.6493,13.6583,20.2135,0.0000,0,11.08
22.8172,policy,471,0,0.000000,0.000000,5.8855,13.8392,20.3986,0.0000,0,12.34
22.8374,policy,472,0,0.000000,0.000000,6.1101,14.0200,20.5826,0.0000,0,13.37
22.8579,policy,473,0,0.000000,0.000000,6.2497,14.1437,20.7212,0.0000,0,11.55
22.8771,policy,474,0,0.000000,0.000000,6.1689,14.2311,20.8109,0.0000,0,7.71
22.8976,policy,475,0,0.000000,0.000000,5.7851,14.3562,20.8478,0.0000,0,11.12
22.9172,policy,476,0,0.000000,0.000000,5.1397,14.2904,20.8408,0.0000,0,12.00
22.9373,policy,477,0,0.000000,0.000000,4.3617,14.6454,20.9855,0.0000,0,11.99
22.9573,policy,478,0,0.000000,0.000000,3.5364,15.1840,21.1357,0.0000,0,13.27
22.9773,policy,479,0,0.000000,0.000000,3.2333,15.7569,21.4046,0.0000,0,16.18
22.9976,policy,480,0,0.000000,0.000000,3.0974,16.4348,21.7301,0.0000,0,11.17
23.0172,policy,481,0,0.000000,0.000000,2.8661,17.3045,22.0950,0.0000,0,11.92
23.0368,policy,482,0,0.000000,0.000000,2.4877,18.2361,22.3666,0.0000,0,13.08
23.0568,policy,483,0,0.000000,0.000000,2.0231,19.3543,22.6483,0.0000,0,12.68
23.0771,policy,484,0,0.000000,0.000000,2.4324,20.5847,23.0419,0.0000,0,14.75
23.0974,policy,485,0,0.000000,0.000000,2.7307,21.9159,23.4264,0.0000,0,11.28
23.1170,policy,486,0,0.000000,0.000000,2.7284,22.9422,23.7752,0.0000,0,11.84
23.1368,policy,487,0,0.000000,0.000000,2.7353,23.6727,23.9637,0.0000,0,11.23
23.1568,policy,488,0,0.000000,0.000000,2.4566,23.9538,23.8696,0.0000,0,12.29
23.1770,policy,489,0,0.000000,0.000000,2.2087,24.2312,23.7664,0.0000,0,13.72
23.1975,policy,490,0,0.000000,0.000000,2.6687,24.6789,23.7546,0.0000,0,12.16
23.2172,policy,491,0,0.000000,0.000000,3.0805,24.5782,23.4805,0.0000,0,11.65
23.2372,policy,492,0,0.000000,0.000000,3.4554,24.2102,23.0229,0.0000,0,11.93
23.2571,policy,493,0,0.000000,0.000000,3.7098,23.6883,22.5609,0.0000,0,13.20
23.2772,policy,494,0,0.000000,0.000000,3.8498,23.0887,22.1275,0.0000,0,14.30
23.2975,policy,495,0,0.000000,0.000000,3.9143,22.5055,21.6607,0.0000,0,13.39
23.3170,policy,496,0,0.000000,0.000000,3.9242,21.9873,21.2073,0.0000,0,11.81
23.3371,policy,497,0,0.000000,0.000000,3.9199,21.5167,20.7900,0.0000,0,12.27
23.3576,policy,498,0,0.000000,0.000000,3.9275,21.0828,20.4470,0.0000,0,12.23
23.3769,policy,499,0,0.000000,0.000000,3.9378,20.6598,20.1294,0.0000,0,12.80
23.3976,policy,500,0,0.000000,0.000000,3.9464,20.2524,19.8177,0.0000,0,11.51
23.4172,policy,501,0,0.000000,0.000000,3.9248,19.8084,19.5213,0.0000,0,10.67
23.4375,policy,502,0,0.000000,0.000000,3.8631,19.4110,19.2489,0.0000,0,11.92
23.4573,policy,503,0,0.000000,0.000000,3.7753,18.9688,18.9778,0.0000,0,12.94
23.4771,policy,504,0,0.000000,0.000000,3.7653,18.5331,18.7206,0.0000,0,13.19
23.4971,policy,505,0,0.000000,0.000000,3.7180,18.0872,18.4557,0.0000,0,11.09
23.5171,policy,506,0,0.000000,0.000000,3.6005,17.5983,18.1686,0.0000,0,12.10
23.5371,policy,507,0,0.000000,0.000000,3.4825,17.0810,17.8793,0.0000,0,11.13
23.5573,policy,508,0,0.000000,0.000000,3.3589,16.4951,17.5722,0.0000,0,13.66
23.5772,policy,509,0,0.000000,0.000000,3.2457,15.8716,17.2561,0.0000,0,14.42
23.5973,policy,510,0,0.000000,0.000000,3.1920,15.1704,16.9302,0.0000,0,12.26
23.6171,policy,511,0,0.000000,0.000000,3.1742,14.4837,16.6558,0.0000,0,11.75
23.6374,policy,512,0,0.000000,0.000000,3.1641,13.7449,16.4592,0.0000,0,13.15
23.6573,policy,513,0,0.000000,0.000000,3.1645,12.9713,16.2597,0.0000,0,12.16
23.6773,policy,514,0,0.000000,0.000000,3.1038,12.2911,16.0955,0.0000,0,19.12
23.6981,policy,515,0,0.000000,0.000000,3.0408,11.6282,15.9575,0.0000,0,11.21
23.7171,policy,516,0,0.000000,0.000000,3.0047,11.1082,15.8771,0.0000,0,11.17
23.7372,policy,517,0,0.000000,0.000000,2.9579,10.6377,15.8109,0.0000,0,10.03
23.7572,policy,518,0,0.000000,0.000000,2.9030,10.2394,15.7666,0.0000,0,13.89
23.7770,policy,519,0,0.000000,0.000000,2.8503,9.9373,15.7633,0.0000,0,13.15
23.7975,policy,520,0,0.000000,0.000000,2.7952,9.6663,15.7683,0.0000,0,12.07
23.8171,policy,521,0,0.000000,0.000000,2.7674,9.4557,15.7833,0.0000,0,10.93
23.8375,policy,522,0,0.000000,0.000000,2.7555,9.3819,15.8538,0.0000,0,12.36
23.8574,policy,523,0,0.000000,0.000000,2.7418,9.3617,15.9425,0.0000,0,13.13
23.8774,policy,524,0,0.000000,0.000000,2.6983,9.3343,16.0092,0.0000,0,12.94
23.8973,policy,525,0,0.000000,0.000000,2.6538,9.3279,16.0795,0.0000,0,9.76
23.9171,policy,526,0,0.000000,0.000000,2.6287,9.3324,16.1460,0.0000,0,11.99
23.9371,policy,527,0,0.000000,0.000000,2.6105,9.3379,16.2022,0.0000,0,14.21
23.9571,policy,528,0,0.000000,0.000000,2.5852,9.3434,16.2506,0.0000,0,12.30
23.9773,policy,529,0,0.000000,0.000000,2.5468,9.3489,16.2951,0.0000,0,16.63
23.9973,policy,530,0,0.000000,0.000000,2.5160,9.3535,16.3314,0.0000,0,9.85
24.0177,policy,531,0,0.000000,0.000000,2.4915,9.3608,16.3749,0.0000,0,11.09
24.0373,policy,532,0,0.000000,0.000000,2.4777,9.3663,16.4138,0.0000,0,12.60
24.0572,policy,533,0,0.000000,0.000000,2.4666,9.3727,16.4509,0.0000,0,14.04
24.0771,policy,534,0,0.000000,0.000000,2.4521,9.3782,16.4822,0.0000,0,16.17
24.0974,policy,535,0,0.000000,0.000000,2.4344,9.3846,16.5185,0.0000,0,13.43
24.1172,policy,536,0,0.000000,0.000000,2.4261,9.3929,16.5503,0.0000,0,11.73
24.1371,policy,537,0,0.000000,0.000000,2.4146,9.3993,16.5782,0.0000,0,10.92
24.1574,policy,538,0,0.000000,0.000000,2.4002,9.4029,16.6047,0.0000,0,8.99
24.1774,policy,539,0,0.000000,0.000000,2.3849,9.4139,16.6326,0.0000,0,9.20
24.1972,policy,540,0,0.000000,0.000000,2.3665,9.4194,16.6555,0.0000,0,10.24
24.2169,policy,541,0,0.000000,0.000000,2.3629,9.4313,16.6794,0.0000,0,12.07
24.2369,policy,542,0,0.000000,0.000000,2.3519,9.4405,16.7017,0.0000,0,14.40
24.2571,policy,543,0,0.000000,0.000000,2.3482,9.4505,16.7230,0.0000,0,10.73
24.2771,policy,544,0,0.000000,0.000000,2.3446,9.4615,16.7433,0.0000,0,11.38
24.2972,policy,545,0,0.000000,0.000000,2.3446,9.4716,16.7627,0.0000,0,11.42
24.3170,policy,546,0,0.000000,0.000000,2.3446,9.4817,16.7802,0.0000,0,15.20
24.3369,policy,547,0,0.000000,0.000000,2.3446,9.4936,16.7986,0.0000,0,12.03
24.3571,policy,548,0,0.000000,0.000000,2.3446,9.5055,16.8156,0.0000,0,11.43
24.3770,policy,549,0,0.000000,0.000000,2.3521,9.5101,16.8302,0.0000,0,13.36
24.3972,policy,550,0,0.000000,0.000000,2.3594,9.5183,16.8449,0.0000,0,12.25
24.4170,policy,551,0,0.000000,0.000000,2.3697,9.5220,16.8571,0.0000,0,12.21
24.4370,policy,552,0,0.000000,0.000000,2.3735,9.5284,16.8705,0.0000,0,11.16
24.4572,policy,553,0,0.000000,0.000000,2.3735,9.5311,16.8822,0.0000,0,11.63
24.4770,policy,554,0,0.000000,0.000000,2.3774,9.5366,16.8936,0.0000,0,14.08
24.4971,policy,555,0,0.000000,0.000000,2.3804,9.5393,16.9022,0.0000,0,10.55
24.5172,policy,556,0,0.000000,0.000000,2.3834,9.5430,16.9085,0.0000,0,12.13
24.5372,policy,557,0,0.000000,0.000000,2.3834,9.5448,16.9135,0.0000,0,12.00
24.5570,policy,558,0,0.000000,0.000000,2.3790,9.5485,16.9191,0.0000,0,13.10
24.5770,policy,559,0,0.000000,0.000000,2.3754,9.5494,16.9237,0.0000,0,14.26
24.5971,policy,560,0,0.000000,0.000000,2.3710,9.5512,16.9286,0.0000,0,11.27
24.6170,policy,561,0,0.000000,0.000000,2.3675,9.5522,16.9336,0.0000,0,12.02
24.6371,policy,562,0,0.000000,0.000000,2.3675,9.5512,16.9371,0.0000,0,12.01
24.6577,policy,563,0,0.000000,0.000000,2.3706,9.5549,16.9417,0.0000,0,12.28
24.6769,policy,564,0,0.000000,0.000000,2.3669,9.5567,16.9449,0.0000,0,11.52
24.6970,policy,565,0,0.000000,0.000000,2.3669,9.5459,16.9428,0.0000,0,10.42
24.7171,policy,566,0,0.000000,0.000000,2.3699,9.5366,16.9416,0.0000,0,11.46
24.7370,policy,567,0,0.000000,0.000000,2.3729,9.5299,16.9432,0.0000,0,10.99
24.7575,policy,568,0,0.000000,0.000000,2.3729,9.5232,16.9449,0.0000,0,11.48
24.7770,policy,569,0,0.000000,0.000000,2.3839,9.5170,16.9457,0.0000,0,15.68
24.7970,policy,570,0,0.000000,0.000000,2.3905,9.5115,16.9466,0.0000,0,12.38
24.8173,policy,571,0,0.000000,0.000000,2.3942,9.5095,16.9498,0.0000,0,11.99
24.8370,policy,572,0,0.000000,0.000000,2.3978,9.5088,16.9523,0.0000,0,10.85
24.8580,policy,573,0,0.000000,0.000000,2.4015,9.5090,16.9545,0.0000,0,13.26
24.8769,policy,574,0,0.000000,0.000000,2.4015,9.5081,16.9552,0.0000,0,13.29
24.8972,policy,575,0,0.000000,0.000000,2.4052,9.5075,16.9561,0.0000,0,11.28
24.9168,policy,576,0,0.000000,0.000000,2.4052,9.5087,16.9569,0.0000,0,11.82
24.9376,policy,577,0,0.000000,0.000000,2.4052,9.5073,16.9567,0.0000,0,10.63
24.9569,policy,578,0,0.000000,0.000000,2.4052,9.5109,16.9585,0.0000,0,12.70
24.9770,policy,579,0,0.000000,0.000000,2.4052,9.5112,16.9586,0.0000,0,14.20
24.9970,policy,580,0,0.000000,0.000000,2.4053,9.5145,16.9602,0.0000,0,12.06
25.0171,policy,581,0,0.000000,0.000000,2.4017,9.5144,16.9595,0.0000,0,11.60
25.0374,policy,582,0,0.000000,0.000000,2.3980,9.5181,16.9606,0.0000,0,13.36
25.0573,policy,583,0,0.000000,0.000000,2.3944,9.5202,16.9610,0.0000,0,11.21
25.0771,policy,583,0,0.000000,0.000000,2.3907,9.5230,16.9617,0.0000,0,12.90
25.0972,policy,583,0,0.000000,0.000000,2.3907,9.5239,16.9621,0.0000,0,10.24
25.1170,policy,583,0,0.000000,0.000000,2.3870,9.5248,16.9621,0.0000,0,10.02
25.1374,policy,583,0,0.000000,0.000000,2.3834,9.5248,16.9621,0.0000,0,11.38
25.1567,policy,583,0,0.000000,0.000000,2.3834,9.5248,16.9623,0.0000,0,19.28
25.1770,policy,583,0,0.000000,0.000000,2.3797,9.5239,16.9616,0.0000,0,13.65
25.1971,policy,583,0,0.000000,0.000000,2.3797,9.5257,16.9623,0.0000,0,10.38
25.2170,policy,583,0,0.000000,0.000000,2.3797,9.5248,16.9616,0.0000,0,12.40
25.2374,policy,583,0,0.000000,0.000000,2.3797,9.5267,16.9623,0.0000,0,14.28
25.2572,policy,583,0,0.000000,0.000000,2.3797,9.5276,16.9626,0.0000,0,12.15
25.2772,policy,583,0,0.000000,0.000000,2.3797,9.5294,16.9633,0.0000,0,15.31
25.2973,policy,583,0,0.000000,0.000000,2.3797,9.5285,16.9630,0.0000,0,12.54
25.3172,policy,583,0,0.000000,0.000000,2.3797,9.5294,16.9633,0.0000,0,15.88
25.3372,policy,583,0,0.000000,0.000000,2.3797,9.5294,16.9633,0.0000,0,10.90
25.3571,policy,583,0,0.000000,0.000000,2.3797,9.5303,16.9637,0.0000,0,13.29
25.3772,policy,583,0,0.000000,0.000000,2.3797,9.5303,16.9637,0.0000,0,15.22
25.3975,policy,583,0,0.000000,0.000000,2.3797,9.5303,16.9637,0.0000,0,13.89
25.4173,policy,583,0,0.000000,0.000000,2.3797,9.5303,16.9637,0.0000,0,12.01
25.4371,policy,583,0,0.000000,0.000000,2.3797,9.5331,16.9644,0.0000,0,12.22
25.4572,policy,583,0,0.000000,0.000000,2.3797,9.5321,16.9640,0.0000,0,14.20
25.4770,policy,583,0,0.000000,0.000000,2.3797,9.5331,16.9644,0.0000,0,15.63
25.4973,policy,583,0,0.000000,0.000000,2.3797,9.5340,16.9647,0.0000,0,11.68
25.5174,policy,583,0,0.000000,0.000000,2.3761,9.5322,16.9633,0.0000,0,12.26
25.5370,policy,583,0,0.000000,0.000000,2.3761,9.5322,16.9633,0.0000,0,13.00
25.5572,policy,583,0,0.000000,0.000000,2.3761,9.5331,16.9633,0.0000,0,14.34
25.5770,policy,583,0,0.000000,0.000000,2.3761,9.5340,16.9637,0.0000,0,15.44
25.5975,policy,583,0,0.000000,0.000000,2.3761,9.5349,16.9640,0.0000,0,13.73
25.6171,policy,583,0,0.000000,0.000000,2.3761,9.5340,16.9637,0.0000,0,11.74
25.6369,policy,583,0,0.000000,0.000000,2.3761,9.5340,16.9640,0.0000,0,12.25
25.6569,policy,583,0,0.000000,0.000000,2.3724,9.5331,16.9633,0.0000,0,13.73
25.6771,policy,583,0,0.000000,0.000000,2.3724,9.5340,16.9633,0.0000,0,16.65
25.6973,policy,583,0,0.000000,0.000000,2.3724,9.5349,16.9637,0.0000,0,11.80
25.7170,policy,583,0,0.000000,0.000000,2.3724,9.5349,16.9637,0.0000,0,11.83
25.7372,policy,583,0,0.000000,0.000000,2.3724,9.5367,16.9644,0.0000,0,15.08
25.7570,policy,583,0,0.000000,0.000000,2.3724,9.5367,16.9640,0.0000,0,11.40
25.7773,policy,583,0,0.000000,0.000000,2.3724,9.5367,16.9640,0.0000,0,13.37
25.7971,policy,583,0,0.000000,0.000000,2.3724,9.5367,16.9640,0.0000,0,12.17
25.8171,policy,583,0,0.000000,0.000000,2.3724,9.5367,16.9644,0.0000,0,12.27
25.8370,policy,583,0,0.000000,0.000000,2.3724,9.5367,16.9644,0.0000,0,9.98
25.8571,policy,583,0,0.000000,0.000000,2.3724,9.5367,16.9644,0.0000,0,14.39
25.8770,policy,583,0,0.000000,0.000000,2.3694,9.5376,16.9641,0.0000,0,15.59
25.8972,policy,583,0,0.000000,0.000000,2.3694,9.5386,16.9645,0.0000,0,11.05
25.9171,policy,583,0,0.000000,0.000000,2.3694,9.5395,16.9648,0.0000,0,12.01
25.9377,policy,583,0,0.000000,0.000000,2.3694,9.5395,16.9645,0.0000,0,11.05
25.9569,policy,583,0,0.000000,0.000000,2.3694,9.5395,16.9645,0.0000,0,11.70
25.9769,policy,583,0,0.000000,0.000000,2.3694,9.5395,16.9641,0.0000,0,14.58
25.9969,policy,583,0,0.000000,0.000000,2.3694,9.5404,16.9645,0.0000,0,11.41
26.0169,policy,583,0,0.000000,0.000000,2.3694,9.5404,16.9645,0.0000,0,12.22
26.0374,policy,583,0,0.000000,0.000000,2.3694,9.5404,16.9645,0.0000,0,11.20
26.0576,policy,583,0,0.000000,0.000000,2.3694,9.5404,16.9645,0.0000,0,11.82
26.0772,policy,583,0,0.000000,0.000000,2.3694,9.5413,16.9648,0.0000,0,12.84
26.0971,policy,583,0,0.000000,0.000000,2.3694,9.5422,16.9652,0.0000,0,12.58
26.1168,policy,583,0,0.000000,0.000000,2.3694,9.5422,16.9652,0.0000,0,11.90
26.1372,policy,583,0,0.000000,0.000000,2.3694,9.5431,16.9652,0.0000,0,11.26
26.1570,policy,583,0,0.000000,0.000000,2.3694,9.5431,16.9655,0.0000,0,11.05
26.1769,policy,583,0,0.000000,0.000000,2.3694,9.5431,16.9655,0.0000,0,15.95
26.1972,policy,583,0,0.000000,0.000000,2.3694,9.5431,16.9655,0.0000,0,11.51
26.2170,policy,583,0,0.000000,0.000000,2.3694,9.5441,16.9662,0.0000,0,12.10
26.2371,policy,583,0,0.000000,0.000000,2.3694,9.5441,16.9662,0.0000,0,12.17
26.2576,policy,583,0,0.000000,0.000000,2.3694,9.5441,16.9662,0.0000,0,13.17
26.2770,policy,583,0,0.000000,0.000000,2.3657,9.5459,16.9666,0.0000,0,13.16
26.2970,policy,583,0,0.000000,0.000000,2.3657,9.5468,16.9669,0.0000,0,11.31
26.3169,policy,583,0,0.000000,0.000000,2.3657,9.5459,16.9669,0.0000,0,11.86
26.3371,policy,583,0,0.000000,0.000000,2.3657,9.5459,16.9669,0.0000,0,15.86
26.3569,policy,583,0,0.000000,0.000000,2.3657,9.5459,16.9669,0.0000,0,13.04
26.3771,policy,583,0,0.000000,0.000000,2.3657,9.5486,16.9676,0.0000,0,12.57
26.3969,policy,583,0,0.000000,0.000000,2.3657,9.5486,16.9680,0.0000,0,11.43
26.4169,policy,583,0,0.000000,0.000000,2.3657,9.5486,16.9680,0.0000,0,11.23
26.4369,policy,583,0,0.000000,0.000000,2.3657,9.5486,16.9680,0.0000,0,17.35
26.4575,policy,583,0,0.000000,0.000000,2.3657,9.5477,16.9669,0.0000,0,10.48
26.4769,policy,583,0,0.000000,0.000000,2.3657,9.5486,16.9669,0.0000,0,4.11
26.4969,policy,583,0,0.000000,0.000000,2.3657,9.5495,16.9673,0.0000,0,12.55
26.5170,policy,583,0,0.000000,0.000000,2.3657,9.5495,16.9673,0.0000,0,12.14
26.5369,policy,583,0,0.000000,0.000000,2.3657,9.5505,16.9676,0.0000,0,10.15
26.5571,policy,583,0,0.000000,0.000000,2.3657,9.5514,16.9676,0.0000,0,11.26
26.5770,policy,583,0,0.000000,0.000000,2.3657,9.5532,16.9684,0.0000,0,14.43
26.5972,policy,583,0,0.000000,0.000000,2.3657,9.5532,16.9684,0.0000,0,10.98
26.6171,policy,583,0,0.000000,0.000000,2.3657,9.5550,16.9691,0.0000,0,12.94
26.6371,policy,583,0,0.000000,0.000000,2.3657,9.5560,16.9694,0.0000,0,12.99
26.6568,policy,583,0,0.000000,0.000000,2.3657,9.5569,16.9698,0.0000,0,10.96
26.6768,policy,583,0,0.000000,0.000000,2.3657,9.5587,16.9708,0.0000,0,13.60
26.6972,policy,583,0,0.000000,0.000000,2.3656,9.5605,16.9715,0.0000,0,11.76
26.7169,policy,583,0,0.000000,0.000000,2.3656,9.5624,16.9719,0.0000,0,10.95
26.7369,policy,583,0,0.000000,0.000000,2.3656,9.5633,16.9726,0.0000,0,10.96
26.7577,policy,583,0,0.000000,0.000000,2.3656,9.5660,16.9737,0.0000,0,10.26
26.7771,policy,583,0,0.000000,0.000000,2.3656,9.5679,16.9744,0.0000,0,15.61
26.7972,policy,583,0,0.000000,0.000000,2.3656,9.5697,16.9751,0.0000,0,13.02
26.8170,policy,583,0,0.000000,0.000000,2.3656,9.5706,16.9754,0.0000,0,11.95
26.8373,policy,583,0,0.000000,0.000000,2.3656,9.5715,16.9758,0.0000,0,11.97
26.8571,policy,583,0,0.000000,0.000000,2.3656,9.5743,16.9772,0.0000,0,12.73
26.8772,policy,583,0,0.000000,0.000000,2.3656,9.5761,16.9776,0.0000,0,14.90
26.8972,policy,583,0,0.000000,0.000000,2.3656,9.5761,16.9779,0.0000,0,10.29
26.9168,policy,583,0,0.000000,0.000000,2.3656,9.5779,16.9786,0.0000,0,10.81
26.9373,policy,583,0,0.000000,0.000000,2.3656,9.5798,16.9797,0.0000,0,11.42
26.9571,policy,583,0,0.000000,0.000000,2.3656,9.5798,16.9797,0.0000,0,10.86
26.9768,policy,583,0,0.000000,0.000000,2.3656,9.5825,16.9815,0.0000,0,14.94
26.9970,policy,583,0,0.000000,0.000000,2.3656,9.5825,16.9818,0.0000,0,10.11
27.0168,policy,583,0,0.000000,0.000000,2.3656,9.5816,16.9818,0.0000,0,12.37
27.0371,policy,583,0,0.000000,0.000000,2.3656,9.5816,16.9822,0.0000,0,12.18
27.0578,policy,583,0,0.000000,0.000000,2.3656,9.5834,16.9832,0.0000,0,12.81
27.0778,policy,583,0,0.000000,0.000000,2.3656,9.5843,16.9839,0.0000,0,13.62
27.0969,policy,583,0,0.000000,0.000000,2.3656,9.5853,16.9846,0.0000,0,12.45
27.1170,policy,583,0,0.000000,0.000000,2.3656,9.5862,16.9850,0.0000,0,13.01
27.1377,policy,583,0,0.000000,0.000000,2.3656,9.5880,16.9861,0.0000,0,12.98
27.1583,policy,583,0,0.000000,0.000000,2.3656,9.5889,16.9864,0.0000,0,10.30
27.1769,policy,583,0,0.000000,0.000000,2.3656,9.5889,16.9868,0.0000,0,13.28
27.1970,policy,583,0,0.000000,0.000000,2.3656,9.5889,16.9868,0.0000,0,12.56
27.2170,policy,583,0,0.000000,0.000000,2.3656,9.5898,16.9871,0.0000,0,11.26
27.2372,policy,583,0,0.000000,0.000000,2.3656,9.5898,16.9871,0.0000,0,12.03
27.2572,policy,583,0,0.000000,0.000000,2.3656,9.5907,16.9871,0.0000,0,12.19
27.2768,policy,583,0,0.000000,0.000000,2.3656,9.5907,16.9875,0.0000,0,14.22
27.2968,policy,583,0,0.000000,0.000000,2.3656,9.5898,16.9871,0.0000,0,11.55
27.3168,policy,583,0,0.000000,0.000000,2.3656,9.5907,16.9875,0.0000,0,13.15
27.3373,policy,583,0,0.000000,0.000000,2.3656,9.5907,16.9878,0.0000,0,12.38
27.3576,policy,583,0,0.000000,0.000000,2.3656,9.5907,16.9878,0.0000,0,14.33
27.3780,policy,583,0,0.000000,0.000000,2.3656,9.5907,16.9878,0.0000,0,14.75
27.3970,policy,583,0,0.000000,0.000000,2.3656,9.5907,16.9882,0.0000,0,11.51
27.4171,policy,583,0,0.000000,0.000000,2.3656,9.5907,16.9885,0.0000,0,11.91
27.4381,policy,583,0,0.000000,0.000000,2.3656,9.5907,16.9885,0.0000,0,10.00
27.4569,policy,583,0,0.000000,0.000000,2.3656,9.5917,16.9892,0.0000,0,13.17
27.4770,policy,583,0,0.000000,0.000000,2.3656,9.5917,16.9892,0.0000,0,13.79
27.4970,policy,583,0,0.000000,0.000000,2.3656,9.5926,16.9896,0.0000,0,11.36
27.5169,policy,583,0,0.000000,0.000000,2.3656,9.5926,16.9896,0.0000,0,13.16
27.5370,policy,583,0,0.000000,0.000000,2.3656,9.5935,16.9900,0.0000,0,12.28
27.5575,policy,583,0,0.000000,0.000000,2.3656,9.5935,16.9900,0.0000,0,12.01
27.5770,policy,583,0,0.000000,0.000000,2.3656,9.5935,16.9903,0.0000,0,11.61
27.5970,policy,583,0,0.000000,0.000000,2.3656,9.5935,16.9907,0.0000,0,12.25
27.6170,policy,583,0,0.000000,0.000000,2.3656,9.5944,16.9914,0.0000,0,12.21
27.6370,policy,583,0,0.000000,0.000000,2.3656,9.5953,16.9921,0.0000,0,9.08
27.6575,policy,583,0,0.000000,0.000000,2.3656,9.5944,16.9928,0.0000,0,11.14
27.6769,policy,583,0,0.000000,0.000000,2.3656,9.5962,16.9942,0.0000,0,13.52
27.6971,policy,583,0,0.000000,0.000000,2.3656,9.5971,16.9956,0.0000,0,11.28
27.7169,policy,583,0,0.000000,0.000000,2.3656,9.5971,16.9963,0.0000,0,11.66
27.7371,policy,583,0,0.000000,0.000000,2.3656,9.5971,16.9978,0.0000,0,10.10
27.7577,policy,583,0,0.000000,0.000000,2.3656,9.5971,16.9988,0.0000,0,13.05
27.7769,policy,583,0,0.000000,0.000000,2.3656,9.5981,17.0002,0.0000,0,12.41
27.7973,policy,583,0,0.000000,0.000000,2.3656,9.5981,17.0009,0.0000,0,12.51
27.8168,policy,583,0,0.000000,0.000000,2.3656,9.5981,17.0017,0.0000,0,13.77
27.8371,policy,583,0,0.000000,0.000000,2.3656,9.5981,17.0024,0.0000,0,11.46
27.8575,policy,583,0,0.000000,0.000000,2.3656,9.5981,17.0034,0.0000,0,12.06
27.8771,policy,583,0,0.000000,0.000000,2.3656,9.5981,17.0045,0.0000,0,18.78
27.8970,policy,583,0,0.000000,0.000000,2.3656,9.5971,17.0045,0.0000,0,10.11
27.9182,policy,583,0,0.000000,0.000000,2.3656,9.5981,17.0055,0.0000,0,17.11
27.9372,policy,583,0,0.000000,0.000000,2.3656,9.5981,17.0059,0.0000,0,12.37
27.9573,policy,583,0,0.000000,0.000000,2.3656,9.5981,17.0063,0.0000,0,8.31
27.9781,policy,583,0,0.000000,0.000000,2.3656,9.5981,17.0066,0.0000,0,15.90
27.9972,policy,583,0,0.000000,0.000000,2.3656,9.5990,17.0070,0.0000,0,11.52
28.0170,policy,583,0,0.000000,0.000000,2.3656,9.5990,17.0070,0.0000,0,12.83
28.0368,policy,583,0,0.000000,0.000000,2.3656,9.5990,17.0070,0.0000,0,11.00
28.0571,policy,583,0,0.000000,0.000000,2.3656,9.5990,17.0073,0.0000,0,12.32
28.0769,done,583,0,0.000000,0.000000,2.3656,9.5990,17.0073,0.0000,0,11.44
28.0970,done,583,0,0.000000,0.000000,nan,nan,nan,0.0000,0,12.69
28.1168,done,583,0,0.000000,0.000000,nan,nan,nan,0.0000,0,8.86
28.1369,done,583,0,0.000000,0.000000,nan,nan,nan,0.0000,0,10.02
28.1572,done,583,0,0.000000,0.000000,nan,nan,nan,0.0000,0,11.18
28.1770,done,583,0,0.000000,0.000000,nan,nan,nan,0.0000,0,10.00
28.1968,done,583,0,0.000000,0.000000,nan,nan,nan,0.0000,0,9.25
28.2168,done,583,0,0.000000,0.000000,nan,nan,nan,0.0000,0,9.17
28.2369,done,583,0,0.000000,0.000000,nan,nan,nan,0.0000,0,9.07
28.2574,done,583,0,0.000000,0.000000,nan,nan,nan,0.0000,0,9.82
28.2770,done,583,0,0.000000,0.000000,nan,nan,nan,0.0000,0,10.05
28.2968,done,583,0,0.000000,0.000000,nan,nan,nan,0.0000,0,9.00
28.3169,done,583,0,0.000000,0.000000,nan,nan,nan,0.0000,0,9.32
28.3369,done,583,0,0.000000,0.000000,nan,nan,nan,0.0000,0,10.09
28.3572,done,583,0,0.000000,0.000000,nan,nan,nan,0.0000,0,9.23
28.3770,done,583,0,0.000000,0.000000,nan,nan,nan,0.0000,0,2.55
28.3980,done,583,0,0.000000,0.000000,nan,nan,nan,0.0000,0,8.96
28.4169,done,583,0,0.000000,0.000000,nan,nan,nan,0.0000,0,9.30
28.4369,done,583,0,0.000000,0.000000,nan,nan,nan,0.0000,0,9.13
28.4570,done,583,0,0.000000,0.000000,nan,nan,nan,0.0000,0,10.89
28.4778,done,583,0,0.000000,0.000000,nan,nan,nan,0.0000,0,11.15
28.4969,done,583,0,0.000000,0.000000,nan,nan,nan,0.0000,0,8.98
28.5180,done,583,0,0.000000,0.000000,nan,nan,nan,0.0000,0,9.22
28.5369,done,583,0,0.000000,0.000000,nan,nan,nan,0.0000,0,7.96
28.5570,done,583,0,0.000000,0.000000,nan,nan,nan,0.0000,0,9.47
28.5779,done,583,0,0.000000,0.000000,nan,nan,nan,0.0000,0,9.76
28.5978,done,583,0,0.000000,0.000000,nan,nan,nan,0.0000,0,8.18
28.6168,done,583,0,0.000000,0.000000,nan,nan,nan,0.0000,0,9.10
28.6380,done,583,0,0.000000,0.000000,nan,nan,nan,0.0000,0,9.19
28.6579,done,583,0,0.000000,0.000000,nan,nan,nan,0.0000,0,9.52
28.6779,done,583,0,0.000000,0.000000,nan,nan,nan,0.0000,0,10.16
28.6969,done,583,0,0.000000,0.000000,nan,nan,nan,0.0000,0,8.27
28.7179,done,583,0,0.000000,0.000000,nan,nan,nan,0.0000,0,9.03
28.7369,done,583,0,0.000000,0.000000,nan,nan,nan,0.0000,0,8.87
28.7570,done,583,0,0.000000,0.000000,nan,nan,nan,0.0000,0,12.02
28.7777,done,583,0,0.000000,0.000000,nan,nan,nan,0.0000,0,9.08
28.7968,done,583,0,0.000000,0.000000,nan,nan,nan,0.0000,0,8.25
28.8179,done,583,0,0.000000,0.000000,nan,nan,nan,0.0000,0,9.28
28.8370,done,583,0,0.000000,0.000000,nan,nan,nan,0.0000,0,7.69
28.8569,done,583,0,0.000000,0.000000,nan,nan,nan,0.0000,0,9.96
28.8780,done,583,0,0.000000,0.000000,nan,nan,nan,0.0000,0,2.46
28.8978,done,583,0,0.000000,0.000000,nan,nan,nan,0.0000,0,8.98
28.9179,done,583,0,0.000000,0.000000,nan,nan,nan,0.0000,0,8.85
28.9369,done,583,0,0.000000,0.000000,nan,nan,nan,0.0000,0,8.74
28.9572,done,583,0,0.000000,0.000000,nan,nan,nan,0.0000,0,11.16
28.9769,done,583,0,0.000000,0.000000,nan,nan,nan,0.0000,0,10.15
28.9980,done,583,0,0.000000,0.000000,nan,nan,nan,0.0000,0,9.11
29.0177,done,583,0,0.000000,0.000000,nan,nan,nan,0.0000,0,8.82
29.0368,done,583,0,0.000000,0.000000,nan,nan,nan,0.0000,0,9.21
29.0573,done,583,0,0.000000,0.000000,nan,nan,nan,0.0000,0,10.14
29.0778,done,583,0,0.000000,0.000000,nan,nan,nan,0.0000,0,2.74
29.0978,done,583,0,0.000000,0.000000,nan,nan,nan,0.0000,0,8.87
29.1181,done,583,0,0.000000,0.000000,nan,nan,nan,0.0000,0,8.92
29.1378,done,583,0,0.000000,0.000000,nan,nan,nan,0.0000,0,5.28
29.1570,done,583,0,0.000000,0.000000,nan,nan,nan,0.0000,0,10.42
29.1777,done,583,0,0.000000,0.000000,nan,nan,nan,0.0000,0,9.82
29.1976,done,583,0,0.000000,0.000000,nan,nan,nan,0.0000,0,9.17
29.2169,done,583,0,0.000000,0.000000,nan,nan,nan,0.0000,0,9.42
29.2380,done,583,0,0.000000,0.000000,nan,nan,nan,0.0000,0,11.95
29.2571,done,583,0,0.000000,0.000000,nan,nan,nan,0.0000,0,13.52
29.2768,done,583,0,0.000000,0.000000,nan,nan,nan,0.0000,0,9.50
29.2968,done,583,0,0.000000,0.000000,nan,nan,nan,0.0000,0,9.16
29.3171,done,583,0,0.000000,0.000000,nan,nan,nan,0.0000,0,8.94
29.3369,done,583,0,0.000000,0.000000,nan,nan,nan,0.0000,0,7.86
29.3574,done,583,0,0.000000,0.000000,nan,nan,nan,0.0000,0,9.13
29.3769,done,583,0,0.000000,0.000000,nan,nan,nan,0.0000,0,11.57
29.3968,done,583,0,0.000000,0.000000,nan,nan,nan,0.0000,0,8.88
29.4168,done,583,0,0.000000,0.000000,nan,nan,nan,0.0000,0,8.29
29.4368,done,583,0,0.000000,0.000000,nan,nan,nan,0.0000,0,8.80
29.4568,done,583,0,0.000000,0.000000,nan,nan,nan,0.0000,0,11.04
29.4778,done,583,0,0.000000,0.000000,nan,nan,nan,0.0000,0,11.03
29.4978,done,583,0,0.000000,0.000000,nan,nan,nan,0.0000,0,9.00
29.5179,done,583,0,0.000000,0.000000,nan,nan,nan,0.0000,0,7.88
29.5368,done,583,0,0.000000,0.000000,nan,nan,nan,0.0000,0,7.98
29.5578,done,583,0,0.000000,0.000000,nan,nan,nan,0.0000,0,12.07
29.5776,done,583,0,0.000000,0.000000,nan,nan,nan,0.0000,0,10.07
29.5977,done,583,0,0.000000,0.000000,nan,nan,nan,0.0000,0,8.47
29.6178,done,583,0,0.000000,0.000000,nan,nan,nan,0.0000,0,9.19
29.6379,done,583,0,0.000000,0.000000,nan,nan,nan,0.0000,0,8.03
29.6570,done,583,0,0.000000,0.000000,nan,nan,nan,0.0000,0,8.40
29.6777,done,583,0,0.000000,0.000000,nan,nan,nan,0.0000,0,9.96
29.6979,done,583,0,0.000000,0.000000,nan,nan,nan,0.0000,0,9.37
29.7183,done,583,0,0.000000,0.000000,nan,nan,nan,0.0000,0,9.27
29.7379,done,583,0,0.000000,0.000000,nan,nan,nan,0.0000,0,9.74
29.7575,done,583,0,0.000000,0.000000,nan,nan,nan,0.0000,0,12.18
29.7779,done,583,0,0.000000,0.000000,nan,nan,nan,0.0000,0,9.06
29.7970,done,583,0,0.000000,0.000000,nan,nan,nan,0.0000,0,9.06
29.8180,done,583,0,0.000000,0.000000,nan,nan,nan,0.0000,0,8.79
29.8378,done,583,0,0.000000,0.000000,nan,nan,nan,0.0000,0,11.83
29.8580,done,583,0,0.000000,0.000000,nan,nan,nan,0.0000,0,11.18
29.8779,done,583,0,0.000000,0.000000,nan,nan,nan,0.0000,0,10.27
29.8968,done,583,0,0.000000,0.000000,nan,nan,nan,0.0000,0,8.21
29.9177,done,583,0,0.000000,0.000000,nan,nan,nan,0.0000,0,8.92
29.9379,done,583,0,0.000000,0.000000,nan,nan,nan,0.0000,0,8.10
29.9569,done,583,0,0.000000,0.000000,nan,nan,nan,0.0000,0,10.58
29.9778,done,583,0,0.000000,0.000000,nan,nan,nan,0.0000,0,9.90
29.9969,done,583,0,0.000000,0.000000,nan,nan,nan,0.0000,0,9.13
30.0180,done,583,0,0.000000,0.000000,nan,nan,nan,0.0000,0,9.08
30.0370,done,583,0,0.000000,0.000000,nan,nan,nan,0.0000,0,7.72
30.0572,done,583,0,0.000000,0.000000,nan,nan,nan,0.0000,0,9.10
30.0779,done,583,0,0.000000,0.000000,nan,nan,nan,0.0000,0,9.92
30.0977,done,583,0,0.000000,0.000000,nan,nan,nan,0.0000,0,7.65
30.1179,done,583,0,0.000000,0.000000,nan,nan,nan,0.0000,0,9.14
30.1380,done,583,0,0.000000,0.000000,nan,nan,nan,0.0000,0,8.98
30.1580,done,583,0,0.000000,0.000000,nan,nan,nan,0.0000,0,15.48
30.1778,done,583,0,0.000000,0.000000,nan,nan,nan,0.0000,0,16.60
30.1978,done,583,0,0.000000,0.000000,nan,nan,nan,0.0000,0,9.05
30.2169,done,583,0,0.000000,0.000000,nan,nan,nan,0.0000,0,7.96
30.2370,done,583,0,0.000000,0.000000,nan,nan,nan,0.0000,0,9.84
30.2568,done,583,0,0.000000,0.000000,nan,nan,nan,0.0000,0,11.12
30.2777,done,583,0,0.000000,0.000000,nan,nan,nan,0.0000,0,10.03
30.2979,done,583,0,0.000000,0.000000,nan,nan,nan,0.0000,0,8.97
30.3183,done,583,0,0.000000,0.000000,nan,nan,nan,0.0000,0,8.87
30.3378,done,583,0,0.000000,0.000000,nan,nan,nan,0.0000,0,8.46
30.3569,done,583,0,0.000000,0.000000,nan,nan,nan,0.0000,0,10.38
30.3777,done,583,0,0.000000,0.000000,nan,nan,nan,0.0000,0,9.30
30.3976,done,583,0,0.000000,0.000000,nan,nan,nan,0.0000,0,10.08
30.4179,done,583,0,0.000000,0.000000,nan,nan,nan,0.0000,0,8.28
30.4368,done,583,0,0.000000,0.000000,nan,nan,nan,0.0000,0,11.94
30.4569,done,583,0,0.000000,0.000000,nan,nan,nan,0.0000,0,10.96
30.4768,done,583,0,0.000000,0.000000,nan,nan,nan,0.0000,0,11.23
30.4974,done,583,0,0.000000,0.000000,nan,nan,nan,0.0000,0,9.23
30.5179,done,583,0,0.000000,0.000000,nan,nan,nan,0.0000,0,9.51
30.5379,done,583,0,0.000000,0.000000,nan,nan,nan,0.0000,0,9.90
30.5569,done,583,0,0.000000,0.000000,nan,nan,nan,0.0000,0,10.33
30.5777,done,583,0,0.000000,0.000000,nan,nan,nan,0.0000,0,10.09
30.5976,done,583,0,0.000000,0.000000,nan,nan,nan,0.0000,0,9.01
30.6175,done,583,0,0.000000,0.000000,nan,nan,nan,0.0000,0,9.54
30.6375,done,583,0,0.000000,0.000000,nan,nan,nan,0.0000,0,9.09
30.6571,done,583,0,0.000000,0.000000,nan,nan,nan,0.0000,0,11.01
30.6777,done,583,0,0.000000,0.000000,nan,nan,nan,0.0000,0,10.33
30.6976,done,583,0,0.000000,0.000000,nan,nan,nan,0.0000,0,9.16
30.7178,done,583,0,0.000000,0.000000,nan,nan,nan,0.0000,0,9.15
30.7377,done,583,0,0.000000,0.000000,nan,nan,nan,0.0000,0,9.87
30.7579,done,583,0,0.000000,0.000000,nan,nan,nan,0.0000,0,10.63
30.7776,done,583,0,0.000000,0.000000,nan,nan,nan,0.0000,0,8.65
30.7977,done,583,0,0.000000,0.000000,nan,nan,nan,0.0000,0,9.18
30.8179,done,583,0,0.000000,0.000000,nan,nan,nan,0.0000,0,8.98
30.8378,done,583,0,0.000000,0.000000,nan,nan,nan,0.0000,0,8.68
30.8580,done,583,0,0.000000,0.000000,nan,nan,nan,0.0000,0,10.22
30.8776,done,583,0,0.000000,0.000000,nan,nan,nan,0.0000,0,9.74
30.8979,done,583,0,0.000000,0.000000,nan,nan,nan,0.0000,0,8.12
30.9178,done,583,0,0.000000,0.000000,nan,nan,nan,0.0000,0,10.01
30.9376,done,583,0,0.000000,0.000000,nan,nan,nan,0.0000,0,7.90
30.9604,done,583,0,0.000000,0.000000,nan,nan,nan,0.0000,0,8.20
30.9777,done,583,0,0.000000,0.000000,nan,nan,nan,0.0000,0,9.59
30.9978,done,583,0,0.000000,0.000000,nan,nan,nan,0.0000,0,9.20
31.0179,done,583,0,0.000000,0.000000,nan,nan,nan,0.0000,0,9.00
31.0368,done,583,0,0.000000,0.000000,nan,nan,nan,0.0000,0,9.01
31.0578,done,583,0,0.000000,0.000000,nan,nan,nan,0.0000,0,10.19
