t_s,wall_time,phase,frame,roll,base_ang_vel_x,base_ang_vel_y,base_ang_vel_z,base_quat_x,base_quat_y,base_quat_z,base_quat_w,left_hip_pitch_joint__pos_meas,left_hip_pitch_joint__vel_meas,left_hip_pitch_joint__tgt,left_hip_pitch_joint__eff_meas,left_hip_pitch_joint__eff_cmd,left_hip_roll_joint__pos_meas,left_hip_roll_joint__vel_meas,left_hip_roll_joint__tgt,left_hip_roll_joint__eff_meas,left_hip_roll_joint__eff_cmd,left_hip_yaw_joint__pos_meas,left_hip_yaw_joint__vel_meas,left_hip_yaw_joint__tgt,left_hip_yaw_joint__eff_meas,left_hip_yaw_joint__eff_cmd,left_knee_joint__pos_meas,left_knee_joint__vel_meas,left_knee_joint__tgt,left_knee_joint__eff_meas,left_knee_joint__eff_cmd,left_ankle_pitch_joint__pos_meas,left_ankle_pitch_joint__vel_meas,left_ankle_pitch_joint__tgt,left_ankle_pitch_joint__eff_meas,left_ankle_pitch_joint__eff_cmd,left_ankle_roll_joint__pos_meas,left_ankle_roll_joint__vel_meas,left_ankle_roll_joint__tgt,left_ankle_roll_joint__eff_meas,left_ankle_roll_joint__eff_cmd,right_hip_pitch_joint__pos_meas,right_hip_pitch_joint__vel_meas,right_hip_pitch_joint__tgt,right_hip_pitch_joint__eff_meas,right_hip_pitch_joint__eff_cmd,right_hip_roll_joint__pos_meas,right_hip_roll_joint__vel_meas,right_hip_roll_joint__tgt,right_hip_roll_joint__eff_meas,right_hip_roll_joint__eff_cmd,right_hip_yaw_joint__pos_meas,right_hip_yaw_joint__vel_meas,right_hip_yaw_joint__tgt,right_hip_yaw_joint__eff_meas,right_hip_yaw_joint__eff_cmd,right_knee_joint__pos_meas,right_knee_joint__vel_meas,right_knee_joint__tgt,right_knee_joint__eff_meas,right_knee_joint__eff_cmd,right_ankle_pitch_joint__pos_meas,right_ankle_pitch_joint__vel_meas,right_ankle_pitch_joint__tgt,right_ankle_pitch_joint__eff_meas,right_ankle_pitch_joint__eff_cmd,right_ankle_roll_joint__pos_meas,right_ankle_roll_joint__vel_meas,right_ankle_roll_joint__tgt,right_ankle_roll_joint__eff_meas,right_ankle_roll_joint__eff_cmd,waist_yaw_joint__pos_meas,waist_yaw_joint__vel_meas,waist_yaw_joint__tgt,waist_yaw_joint__eff_meas,waist_yaw_joint__eff_cmd,waist_pitch_joint__pos_meas,waist_pitch_joint__vel_meas,waist_pitch_joint__tgt,waist_pitch_joint__eff_meas,waist_pitch_joint__eff_cmd,waist_roll_joint__pos_meas,waist_roll_joint__vel_meas,waist_roll_joint__tgt,waist_roll_joint__eff_meas,waist_roll_joint__eff_cmd,left_shoulder_pitch_joint__pos_meas,left_shoulder_pitch_joint__vel_meas,left_shoulder_pitch_joint__tgt,left_shoulder_pitch_joint__eff_meas,left_shoulder_pitch_joint__eff_cmd,left_shoulder_roll_joint__pos_meas,left_shoulder_roll_joint__vel_meas,left_shoulder_roll_joint__tgt,left_shoulder_roll_joint__eff_meas,left_shoulder_roll_joint__eff_cmd,left_shoulder_yaw_joint__pos_meas,left_shoulder_yaw_joint__vel_meas,left_shoulder_yaw_joint__tgt,left_shoulder_yaw_joint__eff_meas,left_shoulder_yaw_joint__eff_cmd,left_elbow_joint__pos_meas,left_elbow_joint__vel_meas,left_elbow_joint__tgt,left_elbow_joint__eff_meas,left_elbow_joint__eff_cmd,left_wrist_yaw_joint__pos_meas,left_wrist_yaw_joint__vel_meas,left_wrist_yaw_joint__tgt,left_wrist_yaw_joint__eff_meas,left_wrist_yaw_joint__eff_cmd,left_wrist_pitch_joint__pos_meas,left_wrist_pitch_joint__vel_meas,left_wrist_pitch_joint__tgt,left_wrist_pitch_joint__eff_meas,left_wrist_pitch_joint__eff_cmd,left_wrist_roll_joint__pos_meas,left_wrist_roll_joint__vel_meas,left_wrist_roll_joint__tgt,left_wrist_roll_joint__eff_meas,left_wrist_roll_joint__eff_cmd,right_shoulder_pitch_joint__pos_meas,right_shoulder_pitch_joint__vel_meas,right_shoulder_pitch_joint__tgt,right_shoulder_pitch_joint__eff_meas,right_shoulder_pitch_joint__eff_cmd,right_shoulder_roll_joint__pos_meas,right_shoulder_roll_joint__vel_meas,right_shoulder_roll_joint__tgt,right_shoulder_roll_joint__eff_meas,right_shoulder_roll_joint__eff_cmd,right_shoulder_yaw_joint__pos_meas,right_shoulder_yaw_joint__vel_meas,right_shoulder_yaw_joint__tgt,right_shoulder_yaw_joint__eff_meas,right_shoulder_yaw_joint__eff_cmd,right_elbow_joint__pos_meas,right_elbow_joint__vel_meas,right_elbow_joint__tgt,right_elbow_joint__eff_meas,right_elbow_joint__eff_cmd,right_wrist_yaw_joint__pos_meas,right_wrist_yaw_joint__vel_meas,right_wrist_yaw_joint__tgt,right_wrist_yaw_joint__eff_meas,right_wrist_yaw_joint__eff_cmd,right_wrist_pitch_joint__pos_meas,right_wrist_pitch_joint__vel_meas,right_wrist_pitch_joint__tgt,right_wrist_pitch_joint__eff_meas,right_wrist_pitch_joint__eff_cmd,right_wrist_roll_joint__pos_meas,right_wrist_roll_joint__vel_meas,right_wrist_roll_joint__tgt,right_wrist_roll_joint__eff_meas,right_wrist_roll_joint__eff_cmd,head_yaw_joint__pos_meas,head_yaw_joint__vel_meas,head_yaw_joint__tgt,head_yaw_joint__eff_meas,head_yaw_joint__eff_cmd,head_pitch_joint__pos_meas,head_pitch_joint__vel_meas,head_pitch_joint__tgt,head_pitch_joint__eff_meas,head_pitch_joint__eff_cmd,pelvis_roll,pelvis_ang_vel_x,pelvis_ang_vel_y,pelvis_ang_vel_z,obs_ang_vel_x,obs_ang_vel_y,obs_ang_vel_z,obs_grav_x,obs_grav_y,obs_grav_z,ref_grav_x,ref_grav_y,ref_grav_z,tilt_vs_ref
0.0000,1787014372.8233,ramp,0,-0.011578,0.0366013916292886,0.025182135543246317,-0.011188427638856961,0.013592857867479324,0.19239629805088043,0.0414111465215683,-0.9803489446640015,0.429412841796875,-0.0061054229736328125,-2.5426246391856573,-0.14652252197265625,414.93621946198766,0.1937580108642578,-0.09157562255859375,-0.19797617298741235,0.02930450439453125,0.0,-0.18244552612304688,0.0061054229736328125,-0.1690224008990505,0.02930450439453125,0.0,-0.06701469421386719,-0.0061054229736328125,-0.0719995089530782,0.08791351318359375,-7.19995089530782,-0.004506111145019531,0.0061054229736328125,0.22232745747681934,0.02930450439453125,0.0,-0.12031984329223633,0.06715583801269531,-0.2593335143819835,0.02930450439453125,0.0,0.48003292083740234,0.0061054229736328125,-2.5215326016008635,0.20513153076171875,420.312321153756,-0.04745674133300781,-0.11599540710449219,-0.24111847486033086,-0.08791351318359375,0.0,-0.28426170349121094,0.0061054229736328125,-0.18647120920480223,0.08791351318359375,0.0,-0.05551004409790039,0.0061054229736328125,-0.017927861157984656,0.14652252197265625,-1.7927861157984655,-0.022338390350341797,-0.0061054229736328125,-0.20372793139100695,-0.02930450439453125,0.0,0.07775211334228516,0.09157562255859375,0.06950739729641309,0.02930450439453125,0.0,-0.13067388534545898,-0.0061054229736328125,0.12338747186787404,-0.08791351318359375,0.0,0.3491,0.004674751576355463,0.34799769498639815,3.738410262113523e-05,2.039861699183889,-0.026379251348251927,-0.011750281362836736,0.2526078587610867,0.06091636641104585,0.0,0.0399785041809082,-0.0061054229736328125,-1.1206495881143306,-0.02930450439453125,0.0,-0.1270308494567871,-0.0061054229736328125,0.13048158408876467,-0.08791351318359375,0.0,1.6105608940124512,0.0061054229736328125,1.5875467179553244,0.02930450439453125,0.0,-0.042279720306396484,-0.0061054229736328125,-1.269827438353544,-0.08791351318359375,0.5387435149956836,1.1898727416992188,0.0061054229736328125,1.1334975753499494,0.02930450439453125,0.0,0.3786144256591797,-0.0073261260986328125,0.4083669257422108,-0.007814407348632812,0.0,-0.18596935272216797,-0.0073261260986328125,-0.1787248767768181,-0.007814407348632812,0.0,0.0572357177734375,0.0061054229736328125,-0.10210409343324484,0.08791351318359375,0.0,0.13431692123413086,-0.0061054229736328125,-0.7323668842296136,-0.08791351318359375,0.0,-1.6623320579528809,0.0061054229736328125,-1.3875592606241294,0.02930450439453125,0.0,0.026556968688964844,0.0061054229736328125,-0.5760957448419449,0.02930450439453125,0.0,-0.9118428230285645,0.0061054229736328125,-1.5353927172340782,0.02930450439453125,0.0,0.15239906311035156,0.0073261260986328125,0.14973000928081773,0.007814407348632812,0.0,0.6994352340698242,-0.0073261260986328125,0.70401541553818,-0.007814407348632812,0.0,0.0006232261657714844,0.0030689239501953125,0.0006232241715256574,0.0003663003444671631,0.0,0.0,0.0,0.0,0.0,0.0,-0.09962082654237747,0.04366200789809227,0.014639061875641346,-0.021567413583397865,0.04366200789809227,0.014639061875641346,-0.021567413583397865,-0.668178915977478,0.0739954262971878,-0.7403118014335632,0.3007323145866394,0.043674811720848083,-0.9527080059051514,1.0384112673364192
0.0204,1787014372.8454,ramp,0,-0.010656,0.23152775167567993,5.53887705624097,0.03240728741944209,0.012669764459133148,0.1795373558998108,0.041600942611694336,-0.9827895164489746,0.3515639305114746,-8.296703338623047,-2.5361223688377734,-97.72893524169922,358.3000171897494,0.1862802505493164,-0.34798622131347656,-0.19764528492546787,-37.655677795410156,0.0,-0.18263721466064453,0.15262603759765625,-0.16851673994293026,0.7912063598632812,0.0,-0.04822349548339844,2.924297332763672,-0.07158790188476671,-17.02564239501953,-7.158790188476672,-0.0002875328063964844,0.05494499206542969,0.22174825926253275,23.003662109375,0.0,-0.12779808044433594,0.11599540710449219,-0.2584989100772676,-12.454208374023438,0.0,0.4006509780883789,-8.479854583740234,-2.515140717978049,-86.53480529785156,362.4432323732559,-0.05551004409790039,-0.4334545135498047,-0.2403951072247706,-15.267402648925781,0.0,-0.2777423858642578,0.8119659423828125,-0.1858909585997616,5.538459777832031,0.0,-0.025789737701416016,4.413919448852539,-0.017719321868671683,-23.062271118164062,-1.7719321868671685,-0.03614377975463867,-1.7155075073242188,-0.20313609841193778,-8.703300476074219,0.0,0.07871103286743164,0.11599540710449219,0.06934714233409875,-0.9084243774414062,0.0,-0.11859416961669922,1.2637367248535156,0.12311582283237528,3.1941375732421875,0.0,0.2937444204392689,-5.259149858193622,0.34791120882450777,49.18723079390186,2.0346725294704697,-0.012567625206317365,1.8464673107725411,0.2519463018183893,7.503264013779132,0.0,0.035952091217041016,0.8241748809814453,-1.1178159563879986,-24.586082458496094,0.0,-0.13450908660888672,-0.9218559265136719,0.12999447717000479,6.358970642089844,0.0,1.6015491485595703,-0.8485965728759766,1.5836704748296684,1.26007080078125,0.0,-0.11437606811523438,-5.256410598754883,-1.2672314852003936,-12.571426391601562,0.0,1.1712732315063477,-2.1550674438476562,1.131870230220557,3.1941375732421875,0.0,0.3812847137451172,0.3003654479980469,0.405908600567939,0.3516502380371094,0.0,-0.18101024627685547,0.622711181640625,-0.18146669313998842,-0.35164833068847656,0.0,0.06816530227661133,1.7643470764160156,-0.10202969927392809,-6.886444091796875,0.0,0.1279897689819336,0.8241748809814453,-0.7303486509921312,-18.901100158691406,0.0,-1.6251335144042969,2.1062278747558594,-1.3859210722824562,0.3223419189453125,0.0,-0.003547191619873047,-1.8131866455078125,-0.5750887089363249,-7.296699523925781,0.0,-0.9816374778747559,-4.902318954467773,-1.5319460039395607,-1.0256423950195312,0.0,0.15354347229003906,0.15384674072265625,0.15071123352705781,-0.08596038818359375,0.0,0.6979093551635742,-0.15384674072265625,0.7060384716928186,0.13284683227539062,0.0,4.792213439941406e-05,-0.06444263458251953,0.000621638761595786,0.05189254879951477,0.0,0.0,0.0,0.0,0.0,0.0,-0.08851046860218048,-0.2680249512195587,10.906314849853516,-0.8317602872848511,-0.2680249512195587,10.906314849853516,-0.8317602872848511,-0.6055123805999756,0.0703478679060936,-0.7927206754684448,0.3007323145866394,0.043674811720848083,-0.9527080059051514,0.9567166320702352
0.0403,1787014372.8637,ramp,0,-0.000378,1.0826143313223162,6.291448030777667,0.3730101986017138,0.004789075814187527,0.11427319794893265,0.03999025374650955,-0.9926326274871826,0.15349197387695312,-9.603174209594727,-2.5297474261397106,-71.64834594726562,314.9672209550258,0.1588606834411621,-2.0207576751708984,-0.19732087632331624,-25.406593322753906,0.0,-0.1788020133972168,0.47008514404296875,-0.16802098085457384,-1.1428604125976562,0.0,0.006615161895751953,2.0329666137695312,-0.07118435491821265,-18.25640869140625,-7.118435491821266,0.03844499588012695,3.6080589294433594,0.22118040292476931,0.4981689453125,0.0,-0.15790176391601562,-1.5689868927001953,-0.25768064901867427,-2.139190673828125,0.0,0.1974010467529297,-9.578754425048828,-2.508874000408949,-78.03663635253906,319.23573636389403,-0.08657312393188477,-1.837606430053711,-0.23968590459559505,-6.00732421875,0.0,-0.25856781005859375,1.2393169403076172,-0.1853220704791909,1.5531158447265625,0.0,0.06567239761352539,3.1074485778808594,-0.017514866201875624,-23.589736938476562,-1.7514866201875634,-0.0718083381652832,-2.0207576751708984,-0.20255585472372864,-3.369964599609375,0.0,0.07679367065429688,-0.22588539123535156,0.06919002548918529,0.08791351318359375,0.0,-0.09596824645996094,1.2026863098144531,0.12284949323630551,2.5494537353515625,0.0,0.21256890549258264,-5.736935776994787,0.34782641623719157,49.45998272611434,2.02958497423149,-0.009228940795901676,-0.49308926763419453,0.251297699503265,8.1221571800446,0.0,0.007190227508544922,-3.510377883911133,-1.1150378129217464,-15.091575622558594,0.0,-0.12741422653198242,0.14041519165039062,0.1295169087933016,5.0695953369140625,0.0,1.6044249534606934,-0.1770458221435547,1.5798701364112797,-0.08791351318359375,0.0,-0.18608856201171875,-7.588521957397461,-1.26468636607849,-6.24176025390625,0.0,1.161494255065918,-0.4456653594970703,1.1302747518115084,0.380950927734375,0.0,0.3828105926513672,0.05128288269042969,0.40349841438977024,0.4766807556152344,0.0,-0.17299938201904297,0.22710609436035156,-0.1841548191742294,-1.0080585479736328,0.0,0.08408021926879883,-0.03052520751953125,-0.10195676190323431,-3.5457839965820312,0.0,0.12492179870605469,-0.9462757110595703,-0.7283699388574594,-14.974357604980469,0.0,-1.5902361869812012,1.7643470764160156,-1.3843149629932294,0.6739959716796875,0.0,-0.039403438568115234,-2.423686981201172,-0.5741013928375244,-5.772895812988281,0.0,-1.0729084014892578,-4.401708602905273,-1.528566784286482,-0.3223419189453125,0.0,0.15354347229003906,0.021978378295898438,0.15167324341115399,0.1328449249267578,0.0,0.6956205368041992,0.13919448852539062,0.7080219123021406,0.33602142333984375,0.0,0.0005273818969726562,-0.009205818176269531,0.0006200843972099437,0.006959706544876099,0.0,0.0,0.0,0.0,0.0,0.0,-0.03581773862242699,2.7521626949310303,11.822242736816406,-1.2272717952728271,2.7521626949310303,11.822242736816406,-1.2272717952728271,-0.42643338441848755,0.03239089995622635,-0.9039387702941895,0.3007323145866394,0.043674811720848083,-0.9527080059051514,0.7460698965203483
0.0611,1787014372.8843,ramp,0,0.027206,1.0234302366272128,5.825029986944459,0.7271781995959807,-0.011756327003240585,0.053247686475515366,0.033674608916044235,-0.9979441165924072,-0.05205869674682617,-9.725275039672852,-2.5231176131144104,-66.78388214111328,276.1642297478009,0.1093907356262207,-2.5702075958251953,-0.19698349785923713,-18.549453735351562,0.0,-0.17592620849609375,0.018314361572265625,-0.16750540130867525,0.7912063598632812,0.0,0.04017019271850586,1.2026863098144531,-0.07076467413645537,-16.4981689453125,-7.076467413645538,0.10996532440185547,2.7289371490478516,0.22058984368009601,-2.139190673828125,0.0,-0.18858098983764648,-1.2637367248535156,-0.2568296738677906,-0.5567779541015625,0.0,-0.004122257232666016,-9.517704010009766,-2.5023567393552724,-70.88644409179688,282.09368673202033,-0.12741422653198242,-1.7155075073242188,-0.23894834803215886,-2.9011001586914062,0.0,-0.22903919219970703,1.0805854797363281,-0.18473043820101456,-0.9670333862304688,0.0,0.12166213989257812,2.240537643432617,-0.017302236393731154,-24.293045043945312,-1.730223639373115,-0.09577655792236328,-1.1172161102294922,-0.20195241288210913,-5.421241760253906,0.0,0.07430076599121094,-0.07936477661132812,0.06902662710989978,0.14652252197265625,0.0,-0.06912374496459961,1.2148971557617188,0.12257251577804802,1.3186798095703125,0.0,0.12854212620462632,-3.30755726659045,0.34773823364066275,44.25644624288413,2.024294018439768,-0.010420442663930848,-0.03031172428632605,0.2506231660555592,13.488250979676195,0.0,-0.0904078483581543,-5.146520614624023,-1.1121485992282165,-9.934066772460938,0.0,-0.12818145751953125,0.04273414611816406,0.12902024722404537,4.893775939941406,0.0,1.6078763008117676,0.09157562255859375,1.5759178603924784,-0.6739959716796875,0.0,-0.35482358932495117,-7.625152587890625,-1.2620394930469145,-2.9011001586914062,0.0,1.1588101387023926,-0.2625160217285156,1.1286154861460913,-0.02930450439453125,0.0,0.3839550018310547,-0.13919448852539062,0.40099186892352173,0.22661972045898438,0.0,-0.17414379119873047,-0.03663063049316406,-0.186950416537148,-0.03907203674316406,0.0,0.08369684219360352,0.05494499206542969,-0.10188090849510818,-3.7802200317382812,0.0,0.09155797958374023,-2.4847373962402344,-0.7263121177749647,-11.399269104003906,0.0,-1.556105613708496,1.4835166931152344,-1.3826446414248474,0.5567779541015625,0.0,-0.09059953689575195,-2.374847412109375,-0.5730746038227923,-4.893775939941406,0.0,-1.1543998718261719,-3.4981689453125,-1.5250524633690343,-0.26373291015625,0.0,0.15316200256347656,-0.021978378295898438,0.15267371446824868,0.1328449249267578,0.0,0.6956205368041992,-0.021978378295898438,0.7100846509037895,0.24224853515625,0.0,0.0006232261657714844,0.015343666076660156,0.0006184678893071428,0.0001221001148223877,0.0,0.0,0.0,0.0,0.0,0.0,0.02190420590341091,1.7590562105178833,9.03994083404541,-0.6890324950218201,1.7590562105178833,9.03994083404541,-0.6890324950218201,-0.23402707278728485,-0.02129422500729561,-0.9719967842102051,0.3007323145866394,0.043674811720848083,-0.9527080059051514,0.5457857698373675
0.0802,1787014372.9045,ramp,0,0.044965,0.47144828907917646,5.666915449865364,1.0109695722028411,-0.02259821817278862,-0.004793412052094936,0.023417280986905098,-0.9994588494300842,-0.23613405227661133,-9.798534393310547,-2.517016802168189,-56.17582321166992,241.56622301393128,0.062029361724853516,-2.411478042602539,-0.19667303929595367,-13.567764282226562,0.0,-0.1761178970336914,0.06715583801269531,-0.16703096057780364,0.6739959716796875,0.0,0.05225038528442383,0.40903472900390625,-0.07037848027284375,-14.857139587402344,-7.037848027284376,0.15080738067626953,1.7277164459228516,0.22004640598576805,-1.4358978271484375,0.0,-0.2066054344177246,-0.8119659423828125,-0.2560465992176216,-0.8498153686523438,0.0,-0.18474626541137695,-9.554332733154297,-2.4963594997010143,-72.05860900878906,248.31871850636327,-0.15483379364013672,-1.4224662780761719,-0.2382696421412843,-1.7875442504882812,0.0,-0.21274089813232422,0.75091552734375,-0.1841860130920316,-0.6739959716796875,0.0,0.15195798873901367,1.0805854797363281,-0.017106572616175098,-21.890106201171875,-1.7106572616175093,-0.11360883712768555,-1.0561656951904297,-0.2013971205113121,-3.8388290405273438,0.0,0.06893205642700195,0.0061054229736328125,0.0688762665164508,0.26373291015625,0.0,-0.047840118408203125,0.8974361419677734,0.12231763873962398,2.25640869140625,0.0,0.07027435559408088,-2.5773726210473664,0.34765708725718003,42.462209366096786,2.019425235430795,-0.0017460716649460263,0.6065392685376806,0.2500024545776259,11.37144316548897,0.0,-0.19816827774047852,-6.172161102294922,-1.109489919947188,-5.831504821777344,0.0,-0.12760639190673828,0.10378456115722656,0.12856321497792883,4.893775939941406,0.0,1.608835220336914,0.07936477661132812,1.5722809420199733,-0.7325973510742188,0.0,-0.49230527877807617,-6.965812683105469,-1.25960381772656,-1.5531158447265625,0.0,1.1557421684265137,-0.11599540710449219,1.1270886156151072,-0.20513153076171875,0.0,0.3843364715576172,-0.0659332275390625,0.3986853242352578,0.10158920288085938,0.0,-0.17452526092529297,-0.05128288269042969,-0.18952294926587415,-0.2578754425048828,0.0,0.08235454559326172,-0.39682579040527344,-0.10181110753679488,-2.6666641235351562,0.0,0.03441810607910156,-3.6080589294433594,-0.7244184931225744,-7.9413909912109375,0.0,-1.5309867858886719,1.25152587890625,-1.3811075971569013,0.5567779541015625,0.0,-0.13757658004760742,-2.826618194580078,-0.5721297437435365,-2.9011001586914062,0.0,-1.217867374420166,-2.8998775482177734,-1.521818555046148,-0.14652252197265625,0.0,0.15316200256347656,0.0073261260986328125,0.1535943565366159,0.023443222045898438,0.0,0.6960020065307617,0.05128288269042969,0.7119828006995843,0.21099090576171875,0.0,0.0006232261657714844,0.0030689239501953125,0.0006169803648369314,-0.0003663301467895508,0.0,0.0,0.0,0.0,0.0,0.0,0.04388938099145889,0.32994937896728516,8.239692687988281,0.11065179854631424,0.32994937896728516,8.239692687988281,0.11065179854631424,-0.06168699637055397,-0.04379173368215561,-0.9971345067024231,0.3007323145866394,0.043674811720848083,-0.9527080059051514,0.37770331582217337
0.1001,1787014372.9235,ramp,0,0.052848,0.04633745084380593,5.3558992472248965,1.0406141504028945,-0.026991980150341988,-0.06076255440711975,0.011775257997214794,-0.9977177381515503,-0.42346811294555664,-9.908425331115723,-2.510635663927544,-57.52381134033203,206.14803252117906,0.015052318572998047,-2.460317611694336,-0.1963483154145275,-8.879119873046875,0.0,-0.17535066604614258,0.05494499206542969,-0.16653471968173722,0.7325973510742188,0.0,0.0541682243347168,-0.04273414611816406,-0.06997454111571887,-12.571426391601562,-6.997454111571887,0.17803525924682617,1.1172161102294922,0.21947799777196614,-1.1428604125976562,0.0,-0.22041082382202148,-0.6532363891601562,-0.2552275429250202,-0.380950927734375,0.0,-0.3678627014160156,-9.664226531982422,-2.490086691768848,-71.003662109375,213.67918560359766,-0.17784357070922852,-1.0805854797363281,-0.23755975026746812,-0.9084243774414062,0.0,-0.2031540870666504,0.45787620544433594,-0.18361657209267548,-0.380950927734375,0.0,0.1588606834411621,-0.05494499206542969,-0.016901918247390645,-17.201461791992188,-1.6901918247390668,-0.13201618194580078,-1.0073261260986328,-0.20081631290831198,-2.0805892944335938,0.0,0.06854867935180664,0.07936477661132812,0.06871899697618784,-0.08791351318359375,0.0,-0.0325007438659668,0.628814697265625,0.12205105030885847,2.9597091674804688,0.0,0.024676059240892372,-1.9879117494717446,0.3475722122634627,39.240381808896515,2.0143327358077627,0.0167667232707733,0.931033002010822,0.24935322191279444,7.079817398728924,0.0,-0.32970523834228516,-6.709402084350586,-1.106709076518448,-2.25640869140625,0.0,-0.12127876281738281,0.628814697265625,0.12808518247231432,3.6043930053710938,0.0,1.608835220336914,-0.128204345703125,1.5684769102101899,-0.4395599365234375,0.0,-0.617131233215332,-5.793651580810547,-1.2570562251088702,-1.26007080078125,0.0,1.153824806213379,-0.128204345703125,1.1254915866267212,-0.20513153076171875,0.0,0.3850994110107422,0.03663063049316406,0.3962727956970386,0.0547027587890625,0.0,-0.17643260955810547,-0.13919448852539062,-0.19221368777839185,-0.08595848083496094,0.0,0.07200002670288086,-0.6776561737060547,-0.1017380992812936,-1.9633712768554688,0.0,-0.04592275619506836,-4.487178802490234,-0.7224378579595916,-4.483512878417969,0.0,-1.50931978225708,0.9829063415527344,-1.3794999269566253,0.6739959716796875,0.0,-0.19260740280151367,-2.7167282104492188,-0.5711414681131414,-2.0805892944335938,0.0,-1.269639015197754,-2.3992671966552734,-1.518436051269549,-0.20513153076171875,0.0,0.15316200256347656,0.0073261260986328125,0.15455730135824558,0.05470085144042969,0.0,0.6960020065307617,-0.0073261260986328125,0.7139681689326258,0.2891349792480469,0.0,0.0007190704345703125,0.009205818176269531,0.000615424489828767,-0.00305253267288208,0.0,0.0,0.0,0.0,0.0,0.0,0.03914123401045799,-0.6180403232574463,7.349575996398926,0.5229343771934509,-0.6180403232574463,7.349575996398926,0.5229343771934509,0.09615776687860489,-0.038949910551309586,-0.9946037530899048,0.3007323145866394,0.043674811720848083,-0.9527080059051514,0.2250471882541521
0.1201,1787014372.9439,ramp,0,0.054628,-0.22179972355632485,4.846782741634448,0.7528297006365968,0.02692340686917305,0.1130070760846138,-0.0012178582837805152,0.9932286143302917,-0.6219244003295898,-9.94505500793457,-2.504259187600242,-48.02930450439453,169.0949866690445,-0.03403472900390625,-2.3015880584716797,-0.1960238287689265,-4.835166931152344,0.0,-0.17362499237060547,0.10378456115722656,-0.16603884132789568,0.4981689453125,0.0,0.053592681884765625,-0.06715583801269531,-0.06957089706728398,-12.336997985839844,-6.957089706728398,0.19586706161499023,0.7631263732910156,0.21891000482417744,-1.2014617919921875,0.0,-0.23038148880004883,-0.5311355590820312,-0.25440908501617354,0.14652252197265625,0.0,-0.5644011497497559,-9.89621353149414,-2.483818466606385,-52.42491149902344,176.01404937672254,-0.1964426040649414,-0.8119659423828125,-0.2368503770243843,-0.4395599365234375,0.0,-0.19663429260253906,0.3235645294189453,-0.183047547113862,-0.02930450439453125,0.0,0.15157461166381836,-0.5799751281738281,-0.01669741339439738,-13.74359130859375,-1.6697413394397387,-0.14716434478759766,-0.6410255432128906,-0.2002359296300346,-2.3150177001953125,0.0,0.06835699081420898,0.03052520751953125,0.06856184233344642,0.02930450439453125,0.0,-0.025406360626220703,0.23809432983398438,0.12178465664149032,4.659339904785156,0.0,-0.009574030395354672,-1.4618656469065436,0.34748739927747035,35.95462877202278,2.00924395664822,0.03773623908462408,1.0901787440156234,0.2487044635624676,4.658569954925078,0.0,-0.46373510360717773,-6.623931884765625,-1.1039302647101807,0.20513153076171875,0.0,-0.09884452819824219,1.4835166931152344,0.127607499206292,1.4358978271484375,0.0,1.6053838729858398,-0.20146560668945312,1.5646756575388592,-0.26373291015625,0.0,-0.7252750396728516,-5.134309768676758,-1.2545104937039568,-0.4981689453125,0.0,1.1511402130126953,-0.06715583801269531,1.1238957243911107,-0.26373291015625,0.0,0.3850994110107422,-0.0073261260986328125,0.39386202969687456,0.14847564697265625,0.0,-0.17719554901123047,-0.08058547973632812,-0.19490246049902363,-0.3047618865966797,0.0,0.050141334533691406,-1.288156509399414,-0.10166514436395044,-0.380950927734375,0.0,-0.14064455032348633,-4.975580215454102,-0.7204586698032628,-1.7289352416992188,0.0,-1.4920625686645508,0.7264957427978516,-1.3778934312833504,0.8498153686523438,0.0,-0.24706315994262695,-2.7167282104492188,-0.5701539144942706,-0.9670333862304688,0.0,-1.3131647109985352,-1.910867691040039,-1.5150560186726825,-0.14652252197265625,0.0,0.15316200256347656,0.0073261260986328125,0.1555195426744591,0.07032966613769531,0.0,0.6960020065307617,0.0073261260986328125,0.7159520867011407,0.2578773498535156,0.0,0.0007190704345703125,0.0030689239501953125,0.0006138697515072231,-0.0018315315246582031,0.0,0.0,0.0,0.0,0.0,0.0,0.02303384430706501,-1.1609916687011719,6.308324813842773,0.6844517588615417,-1.1609916687011719,6.308324813842773,0.6844517588615417,0.23337344825267792,-0.02239583246409893,-0.9721291661262512,0.3007323145866394,0.043674811720848083,-0.9527080059051514,0.09636863717427235
0.1401,1787014372.9634,ramp,0,0.050420,-0.3949222885767223,4.370762137858742,0.2784357390099541,0.023336993530392647,0.15996277332305908,0.005519489757716656,0.9868316650390625,-0.8207635879516602,-9.993894577026367,-2.4978713937282424,-64.73260498046875,131.90993215465295,-0.07564306259155273,-2.008546829223633,-0.19569876619519103,-2.25640869140625,0.0,-0.16959810256958008,0.09157562255859375,-0.16554208284447375,0.14652252197265625,0.0,0.053017616271972656,-0.018314361572265625,-0.0691665365950241,-12.395606994628906,-6.91665365950241,0.20737218856811523,0.47008514404296875,0.21834100375132953,-1.0842514038085938,0.0,-0.23651742935180664,-0.09157562255859375,-0.2535891744344883,-0.9084243774414062,0.0,-0.7632403373718262,-10.079364776611328,-2.477539116033145,-57.99267578125,138.17695627598073,-0.2066054344177246,-0.33577537536621094,-0.23613974472175506,-1.7289352416992188,0.0,-0.1929912567138672,0.15262603759765625,-0.1824775121782477,0.20513153076171875,0.0,0.13565921783447266,-0.8119659423828125,-0.016492545567765405,-10.989013671875,-1.6492545567765422,-0.15732669830322266,-0.4212455749511719,-0.19965451623522315,-2.3150177001953125,0.0,0.06816530227661133,-0.05494499206542969,0.06840440875848564,0.3223419189453125,0.0,-0.024255752563476562,-0.0061054229736328125,0.1215177901546396,5.772895812988281,0.0,-0.037983677387770864,-1.215549983283935,0.34740243575774904,35.14668815793142,2.00414614546494,0.05908993992420751,1.0325364725269222,0.24805455373736832,3.432572655458852,0.0,-0.5937380790710449,-6.208791732788086,-1.1011465208163487,2.1977996826171875,0.0,-0.058194637298583984,2.118436813354492,0.12712896810497049,-0.7325973510742188,0.0,1.5973305702209473,-0.47008514404296875,1.560867658061799,0.380950927734375,0.0,-0.8199968338012695,-4.291818618774414,-1.2519602439055786,-0.14652252197265625,0.0,1.1494145393371582,-0.128204345703125,1.122297029675419,-0.14652252197265625,0.0,0.3850994110107422,-0.0073261260986328125,0.3914469848520066,0.117218017578125,0.0,-0.17872142791748047,-0.03663063049316406,-0.19759600549573497,-0.21098899841308594,0.0,0.01409292221069336,-2.008546829223633,-0.10159205995964685,1.9047622680664062,0.0,-0.2407360076904297,-4.914529800415039,-0.7184759688054719,0.08791351318359375,0.0,-1.4749975204467773,0.9218559265136719,-1.3762840842568111,0.20513153076171875,0.0,-0.2976841926574707,-2.411478042602539,-0.5691646080762598,-0.4981689453125,0.0,-1.3459529876708984,-1.4713058471679688,-1.511669986889426,-0.3223419189453125,0.0,0.15316200256347656,0.0073261260986328125,0.15648349186325736,0.08595848083496094,0.0,0.6960020065307617,-0.0073261260986328125,0.7179395257056596,0.3516502380371094,0.0,0.0006232261657714844,-0.009205818176269531,0.0006123122536960262,-0.0006105303764343262,0.0,0.0,0.0,0.0,0.0,0.0,0.00031448761001229286,-1.3114573955535889,5.595694065093994,0.48757925629615784,-1.3114573955535889,5.595694065093994,0.48757925629615784,0.35135799646377563,-0.0002944362349808216,-0.9362411499023438,0.3007323145866394,0.043674811720848083,-0.9527080059051514,0.06906016980513736
0.1601,1787014372.9832,ramp,0,0.041040,-0.4458019812026861,3.8393773444974877,-0.20434716340568132,0.017780248075723648,0.20099322497844696,0.007192563731223345,0.979404866695404,-1.0316834449768066,-10.079364776611328,-2.4914814831283905,-61.509159088134766,92.36682298422846,-0.11303377151489258,-1.5567760467529297,-0.1953735959052366,-0.4981689453125,0.0,-0.1686391830444336,0.04273414611816406,-0.16504515974983566,0.26373291015625,0.0,0.052634239196777344,0.05494499206542969,-0.06876204212954354,-12.395606994628906,-6.876204212954354,0.21465826034545898,0.3601951599121094,0.21777181412818666,-1.26007080078125,0.0,-0.24054384231567383,-0.23809432983398438,-0.25276899215844356,-0.26373291015625,0.0,-0.9789533615112305,-10.225883483886719,-2.4712576846669867,-51.25274658203125,97.48536074860255,-0.2079477310180664,0.09157562255859375,-0.23542887693638828,-3.4871826171875,0.0,-0.19184064865112305,0.14041519165039062,-0.18190728834974657,0.26373291015625,0.0,0.11706018447875977,-0.8119659423828125,-0.01628760985393428,-9.23077392578125,-1.6287609853934288,-0.16365432739257812,-0.2991447448730469,-0.19907291017703663,-2.1977996826171875,0.0,0.06797361373901367,-0.018314361572265625,0.06824692301464781,0.3223419189453125,0.0,-0.024255752563476562,-0.018314361572265625,0.12125083523604906,5.655677795410156,0.0,-0.0637821004006473,-1.2203988830893846,0.347317444083605,36.4547298926108,1.9990466450162998,0.07532971379402412,0.7725557120073879,0.24740442855118258,4.4153516743868355,0.0,-0.7133870124816895,-5.854700088500977,-1.0983618544712992,3.7802200317382812,0.0,-0.0025887489318847656,3.0341873168945312,0.12665027843245355,-3.4871826171875,0.0,1.584291934967041,-0.7387065887451172,1.557058396725212,1.0842514038085938,0.0,-0.9030227661132812,-3.827838897705078,-1.2494091490290895,0.615386962890625,0.0,1.1465387344360352,-0.128204345703125,1.120697805199109,-0.20513153076171875,0.0,0.3850994110107422,-0.0073261260986328125,0.3890311397319904,0.08596038818359375,0.0,-0.18024730682373047,-0.124542236328125,-0.20029044305439023,-0.22661781311035156,0.0,-0.031158447265625,-2.4725265502929688,-0.1015189513373116,3.4871826171875,0.0,-0.33910083770751953,-4.743589401245117,-0.7164926107986246,1.7875442504882812,0.0,-1.4562067985534668,0.7997550964355469,-1.3746742039397897,0.02930450439453125,0.0,-0.3463869094848633,-2.081806182861328,-0.5681749738310693,-0.02930450439453125,0.0,-1.372605800628662,-1.1172161102294922,-1.5082828330743816,-0.380950927734375,0.0,0.15316200256347656,0.0073261260986328125,0.15744776047659198,0.08595848083496094,0.0,0.6967649459838867,0.03663063049316406,0.7199276232892717,0.33602142333984375,0.0,0.0007190704345703125,0.0030689239501953125,0.0006107542397756588,-0.0013431310653686523,0.0,0.0,0.0,0.0,0.0,0.0,-0.023054566234350204,-1.098124623298645,5.092398166656494,0.02566252276301384,-1.098124623298645,5.092398166656494,0.02566252276301384,0.4518469274044037,0.020565051585435867,-0.8918583393096924,0.3007323145866394,0.043674811720848083,-0.9527080059051514,0.16472300711520713
0.1801,1787014373.0034,ramp,0,0.028084,-0.4467728365780745,3.3838002305136654,-0.49346287746663936,0.011653028428554535,0.23642772436141968,0.004864127840846777,0.9715670347213745,-1.2339739799499512,-10.201465606689453,-2.485092237420717,-63.5018310546875,54.1939583112906,-0.14006948471069336,-1.1294269561767578,-0.1950484594503694,-0.3223419189453125,0.0,-0.16825580596923828,0.03052520751953125,-0.16454828836175497,0.5567779541015625,0.0,0.052825927734375,0.018314361572265625,-0.06835758975310355,-12.630035400390625,-6.835758975310355,0.22021913528442383,0.23809432983398438,0.21720268373118204,-1.26007080078125,0.0,-0.24342012405395508,-0.22588539123535156,-0.251948895225186,0.14652252197265625,0.0,-1.183736801147461,-10.347984313964844,-2.4649769069053695,-57.58241271972656,58.883297466599316,-0.2018113136291504,0.3846149444580078,-0.23471808311925993,-5.421241760253906,0.0,-0.1916489601135254,0.04273414611816406,-0.1813371238549963,0.8498153686523438,0.0,0.10478830337524414,-0.39682579040527344,-0.01608269546436915,-10.344329833984375,-1.6082695464369152,-0.16806411743164062,-0.21367454528808594,-0.19849136463696115,-2.1977996826171875,0.0,0.06797361373901367,0.0061054229736328125,0.06808945365774337,0.14652252197265625,0.0,-0.025981426239013672,-0.15262603759765625,0.12098390809503612,6.417579650878906,0.0,-0.0944891147493814,-1.5583608254102812,0.347232461253137,40.836296910873074,1.9939476751882168,0.08716586586678728,0.450404674032134,0.24675437101275885,5.316094195880858,0.0,-0.8242149353027344,-5.231990814208984,-1.095577477880362,4.835166931152344,0.0,0.06279659271240234,3.2295475006103516,0.1261716385692437,-5.24542236328125,0.0,1.565117359161377,-1.0561656951904297,1.5532495317553707,2.0805892944335938,0.0,-0.972050666809082,-3.1807079315185547,-1.246858319602798,0.7325973510742188,0.0,1.1440458297729492,-0.15262603759765625,1.119098747127607,-0.02930450439453125,0.0,0.3850994110107422,-0.0073261260986328125,0.3866155459889692,0.039073944091796875,0.0,-0.18253612518310547,-0.124542236328125,-0.20298460024754883,-0.1953601837158203,0.0,-0.08254623413085938,-2.4481067657470703,-0.10144585032218001,4.4249114990234375,0.0,-0.429412841796875,-4.377288818359375,-0.7145094591670004,2.8424911499023438,0.0,-1.4387574195861816,0.8852252960205078,-1.3730644911363528,-0.380950927734375,0.0,-0.39029693603515625,-2.118436813354492,-0.5671854425607262,0.7325973510742188,0.0,-1.3933143615722656,-0.9340667724609375,-1.5048960317043427,-0.3223419189453125,0.0,0.15316200256347656,0.03663063049316406,0.1584119287544604,0.10158729553222656,0.0,0.6971464157104492,0.05128288269042969,0.7219155140044912,0.367279052734375,0.0,0.0006232261657714844,0.0030689239501953125,0.0006091963879719991,-0.0003663301467895508,0.0,0.0,0.0,0.0,0.0,0.0,-0.045690082013607025,-0.7451203465461731,4.99331521987915,-0.1281534731388092,-0.7451203465461731,4.99331521987915,-0.1281534731388092,0.5420905351638794,0.0383809357881546,-0.839443027973175,0.3007323145866394,0.043674811720848083,-0.9527080059051514,0.26746254876430386
0.2001,1787014373.0234,ramp,0,0.013267,-0.47358301242995665,2.9422300122831153,-0.4864572657716178,0.005555436946451664,0.26476338505744934,0.0013072630390524864,0.9642965197563171,-1.4285955429077148,-10.177044868469238,-2.4787005580351518,-67.07691955566406,18.133678380592443,-0.16307878494262695,-1.166055679321289,-0.1947231991503038,2.6080551147460938,0.0,-0.1676807403564453,0.04273414611816406,-0.1640512277142581,0.4981689453125,0.0,0.05378437042236328,0.05494499206542969,-0.06795298331985435,-12.5128173828125,-6.795298331985435,0.22405385971069336,0.1892547607421875,0.21663333655114417,-1.4358978271484375,0.0,-0.24572086334228516,0.018314361572265625,-0.2511284859151836,-0.380950927734375,0.0,-1.382192611694336,-10.311355590820312,-2.458693736781542,-60.630035400390625,22.213424561595502,-0.19567537307739258,0.33577537536621094,-0.23400701855918665,-5.714286804199219,0.0,-0.19107389450073242,0.018314361572265625,-0.18076674218332267,1.0256423950195312,0.0,0.10306262969970703,0.06715583801269531,-0.015877703022457543,-12.043960571289062,-1.5877703022457546,-0.17094039916992188,-0.11599540710449219,-0.1979095975848968,-2.25640869140625,0.0,0.06797361373901367,0.018314361572265625,0.06793192432041086,0.08791351318359375,0.0,-0.026940345764160156,-0.05494499206542969,0.12071687928088183,5.9487152099609375,0.0,-0.1313742119347796,-1.819780106406819,0.34714744605251996,45.63006845197515,1.9888467631511872,0.09564079284160246,0.4747710256096922,0.24610406586597378,5.038059707782349,0.0,-0.9183616638183594,-4.133089065551758,-1.0927920407141922,4.659339904785156,0.0,0.11840248107910156,2.4481067657470703,0.12569281639104601,-4.659339904785156,0.0,1.5430665016174316,-1.1172161102294922,1.5494392159803958,2.4908447265625,0.0,-1.0282320976257324,-2.509157180786133,-1.2443065185599078,0.5567779541015625,0.0,1.141744613647461,-0.06715583801269531,1.1174990799713311,-0.20513153076171875,0.0,0.3850994110107422,-0.0073261260986328125,0.3841990321409219,-0.007814407348632812,0.0,-0.18482494354248047,-0.15384674072265625,-0.20567978365117096,-0.1797313690185547,0.0,-0.11859416961669922,-1.3247871398925781,-0.10137272146270924,2.9597091674804688,0.0,-0.5110960006713867,-3.864469528198242,-0.7125255521485115,3.4285736083984375,0.0,-1.4239935874938965,0.6776561737060547,-1.3714541651897312,-0.26373291015625,0.0,-0.43094682693481445,-1.910867691040039,-0.5661955343757228,1.0842514038085938,0.0,-1.4096121788024902,-0.7753353118896484,-1.5015079402941338,-0.26373291015625,0.0,0.15354347229003906,0.0073261260986328125,0.15937646428616903,0.11721611022949219,0.0,0.6990537643432617,0.08058547973632812,0.7239041619117029,0.22661972045898438,0.0,0.0006232261657714844,0.0030689239501953125,0.0006076379427791248,0.002075701951980591,0.0,0.0,0.0,0.0,0.0,0.0,-0.0689672902226448,-0.784059464931488,4.817886829376221,-0.27080032229423523,-0.784059464931488,4.817886829376221,-0.27080032229423523,0.6201385259628296,0.05406142771244049,-0.7826273441314697,0.3007323145866394,0.043674811720848083,-0.9527080059051514,0.3640226546347861
0.2201,1787014373.0458,ramp,0,-0.003152,-0.5680324865428077,2.5653285358546323,-0.43066404093445776,0.00082200433826074,-0.29000791907310486,0.0018074910622090101,-0.9570221900939941,-1.631077766418457,-10.164834976196289,-2.4723117008468796,-63.03296661376953,0.0,-0.18532133102416992,-1.0561656951904297,-0.19439808246644344,4.1904754638671875,0.0,-0.16710567474365234,0.03052520751953125,-0.1635543865400998,0.20513153076171875,0.0,0.05493497848510742,0.03052520751953125,-0.06754855553749041,-12.688644409179688,-6.7548555537490405,0.22712182998657227,0.15262603759765625,0.21606424076201206,-1.6703262329101562,0.0,-0.24629640579223633,0.04273414611816406,-0.250308438850656,-0.4981689453125,0.0,-1.5881271362304688,-10.201465606689453,-2.45241334094357,-63.20878601074219,0.0,-0.19011497497558594,0.27472496032714844,-0.23329626796424766,-5.831504821777344,0.0,-0.19011497497558594,0.018314361572265625,-0.18019661235932669,1.1428604125976562,0.0,0.10555553436279297,0.10378456115722656,-0.015672801093395496,-12.395599365234375,-1.5672801093395492,-0.1717071533203125,-0.018314361572265625,-0.19732808740763802,-2.6080551147460938,0.0,0.06797361373901367,-0.03052520751953125,0.06777446453895601,0.20513153076171875,0.0,-0.027515411376953125,-0.0061054229736328125,0.12044996837126422,5.890106201171875,0.0,-0.17117393417389334,-1.7868780356558884,0.3470624683897165,48.155689419116136,1.983748103382986,0.10504076037698497,0.6023524152450515,0.2454540478564674,3.4133115594891095,0.0,-0.9923758506774902,-3.1440773010253906,-1.0900078334365628,3.9560470581054688,0.0,0.16077804565429688,1.7277164459228516,0.12521420563312988,-4.1904754638671875,0.0,1.522550106048584,-0.9584865570068359,1.545630582621296,2.4322357177734375,0.0,-1.0757842063903809,-2.2649574279785156,-1.2417558442453098,1.0256423950195312,0.0,1.1398272514343262,-0.06715583801269531,1.11590011913589,-0.20513153076171875,0.0,0.3850994110107422,-0.0073261260986328125,0.38178358528613715,-0.05470085144042969,0.0,-0.18787670135498047,-0.15384674072265625,-0.20837377701711327,-0.10158729553222656,0.0,-0.13259124755859375,-0.3113555908203125,-0.10129962489272873,1.1428604125976562,0.0,-0.579164981842041,-3.1929187774658203,-0.7105425211090385,3.4871826171875,0.0,-1.4153647422790527,0.45787620544433594,-1.3698445502702516,0.08791351318359375,0.0,-0.4664192199707031,-1.6788768768310547,-0.5652060632771299,1.377288818359375,0.0,-1.4239935874938965,-0.6532363891601562,-1.4981213448698512,-0.08791351318359375,0.0,0.15354347229003906,0.0073261260986328125,0.16034057393456866,0.14847373962402344,0.0,0.7009611129760742,0.13919448852539062,0.7258919317465955,0.22661972045898438,0.0,0.0006232261657714844,0.015343666076660156,0.0006060801857058414,0.0003663003444671631,0.0,0.0,0.0,0.0,0.0,0.0,-0.09806248545646667,-1.0051243305206299,4.4125447273254395,-0.3502501845359802,-1.0051243305206299,4.4125447273254395,-0.3502501845359802,0.6900420784950256,0.07086091488599777,-0.7202919721603394,0.3007323145866394,0.043674811720848083,-0.9527080059051514,0.4582211505302116
0.2412,1787014373.0648,ramp,0,-0.025828,-0.8508024037135681,2.751553004555622,-0.406466093216807,0.009654922410845757,-0.311276376247406,0.0039727939292788506,-0.9502620697021484,-1.8581032752990723,-10.45787525177002,-2.46555837379645,-58.63736343383789,0.0,-0.20583820343017578,-0.8363857269287109,-0.19405441861061482,5.128204345703125,0.0,-0.16653013229370117,0.05494499206542969,-0.16302920169994253,0.14652252197265625,0.0,0.0541682243347168,-0.018314361572265625,-0.06712105606425177,-12.102561950683594,-6.712105606425176,0.22846412658691406,0.05494499206542969,0.21546267934441043,-1.4358978271484375,0.0,-0.24648809432983398,0.0061054229736328125,-0.24944160995461107,-0.20513153076171875,0.0,-1.814194679260254,-10.36019515991211,-2.4457746627183257,-51.897430419921875,0.0,-0.1858968734741211,0.1892547607421875,-0.23254497065434362,-5.890106201171875,0.0,-0.18953990936279297,0.04273414611816406,-0.1795939579175094,0.9670333862304688,0.0,0.10689735412597656,0.04273414611816406,-0.015456209972410671,-12.454208374023438,-1.545620997241068,-0.17189884185791016,-0.0061054229736328125,-0.1967134033891268,-2.6666641235351562,0.0,0.06797361373901367,0.04273414611816406,0.06760802203286811,-0.02930450439453125,0.0,-0.02770709991455078,-0.018314361572265625,0.12016783079753912,5.772895812988281,0.0,-0.2140505676591079,-1.7192699551820445,0.34697264294332114,50.442788065948214,1.9783585765992768,0.12096868637229055,0.8046090703162861,0.24476694778872388,-0.8779680126104523,0.0,-1.0364766120910645,-1.4346771240234375,-1.0870647934267577,1.6703262329101562,0.0,0.1903066635131836,1.1050052642822266,0.12470829121325605,-3.4871826171875,0.0,1.509894847869873,-0.33577537536621094,1.5416046753375345,1.4358978271484375,0.0,-1.1210365295410156,-2.0329666137695312,-1.2390596597262329,1.6703262329101562,0.0,1.1384849548339844,-0.06715583801269531,1.1142099411988429,-0.26373291015625,0.0,0.3850994110107422,-0.021978378295898438,0.379230342647808,-0.08595848083496094,0.0,-0.19130992889404297,-0.1831493377685547,-0.21122145661547587,-0.08595848083496094,0.0,-0.12511348724365234,0.5921859741210938,-0.1012223583286476,-0.5567779541015625,0.0,-0.6359219551086426,-2.3015880584716797,-0.7084463626309154,2.8424911499023438,0.0,-1.413255214691162,0.22588539123535156,-1.3681431104577533,0.5567779541015625,0.0,-0.49729013442993164,-1.1782665252685547,-0.5641601450888174,1.1428604125976562,0.0,-1.435689926147461,-0.39682579040527344,-1.494541551831176,-0.3223419189453125,0.0,0.15354347229003906,0.0073261260986328125,0.1613596838592777,0.16410255432128906,0.0,0.7032499313354492,0.05128288269042969,0.7279930993577061,0.22661972045898438,0.0,0.0006232261657714844,0.0030689239501953125,0.0006044335621124523,0.0001221001148223877,0.0,0.0,0.0,0.0,0.0,0.0,-0.14757171273231506,-1.4771795272827148,4.542431831359863,-0.403152197599411,-1.4771795272827148,4.542431831359863,-0.403152197599411,0.7504239678382874,0.09718488156795502,-0.65377277135849,0.3007323145866394,0.043674811720848083,-0.9527080059051514,0.5495188873455564
0.2608,1787014373.0854,ramp,0,-0.053040,-0.7136089943678635,1.9937973880087603,-0.3782015650936325,0.019717849791049957,-0.33272507786750793,0.0061820573173463345,-0.9427974820137024,-2.052149772644043,-9.273504257202148,-2.4593212995735994,-29.157508850097656,0.0,-0.21926021575927734,-0.6410255432128906,-0.19373702587063524,5.597068786621094,0.0,-0.1655716896057129,0.018314361572265625,-0.16254416420593157,0.20513153076171875,0.0,0.05340099334716797,-0.14041519165039062,-0.06672623645535253,-11.223442077636719,-6.6726236455352534,0.22903919219970703,0.018314361572265625,0.21490710382094372,-1.3186798095703125,0.0,-0.24648809432983398,0.04273414611816406,-0.2486410451185277,-0.3223419189453125,0.0,-2.0038299560546875,-9.334552764892578,-2.439643473080496,-33.025634765625,0.0,-0.1832122802734375,0.09157562255859375,-0.2318511056822627,-5.538459777832031,0.0,-0.18838930130004883,0.04273414611816406,-0.17903737292521202,0.7912063598632812,0.0,0.10728120803833008,-0.03052520751953125,-0.015256175991010805,-12.043960571289062,-1.525617599101082,-0.17209100723266602,-0.03052520751953125,-0.1961457084117584,-2.4908447265625,0.0,0.06797361373901367,0.0061054229736328125,0.06745430309454992,0.08791351318359375,0.0,-0.027898788452148438,0.03052520751953125,0.11990726101093792,5.24542236328125,0.0,-0.24148012170825564,-0.5284409005594394,0.34688968413322874,42.100692605991895,1.973381047993719,0.13436554844271006,0.5073642476050138,0.24413237255061662,1.1077458850070236,0.0,-1.0579524040222168,-0.8363857269287109,-1.0843467318187674,0.9670333862304688,0.0,0.21389150619506836,1.2393169403076172,0.12424105102725576,-4.24908447265625,0.0,1.5070185661315918,-0.018314361572265625,1.5378865254011207,0.8498153686523438,0.0,-1.1611108779907227,-1.7765560150146484,-1.236569582933208,1.9047622680664062,0.0,1.1371426582336426,-0.018314361572265625,1.112648967598058,-0.3223419189453125,0.0,0.3843364715576172,-0.05128288269042969,0.3768722806547652,-0.10158729553222656,0.0,-0.19398021697998047,-0.13919448852539062,-0.21385144756441948,-0.16410255432128906,0.0,-0.10708904266357422,0.9096450805664062,-0.10115099834689044,-1.611724853515625,0.0,-0.6685185432434082,-1.4713058471679688,-0.7065104433553815,2.0219802856445312,0.0,-1.413255214691162,-0.018314361572265625,-1.366571735886816,1.0256423950195312,0.0,-0.5174236297607422,-0.9096450805664062,-0.5631941813019576,0.9670333862304688,0.0,-1.4494953155517578,-0.5433464050292969,-1.4912354132837702,0.26373291015625,0.0,0.15354347229003906,-0.0073261260986328125,0.16230088871936962,0.1953601837158203,0.0,0.7055387496948242,0.124542236328125,0.7299336448469569,0.16410446166992188,0.0,0.0006232261657714844,0.0030689239501953125,0.0006029128133774401,0.0001221001148223877,0.0,0.0,0.0,0.0,0.0,0.0,-0.20444169640541077,-1.0880697965621948,2.586290121078491,-0.4270842671394348,-1.0880697965621948,2.586290121078491,-0.4270842671394348,0.7956905961036682,0.12297019362449646,-0.5930893421173096,0.3007323145866394,0.043674811720848083,-0.9527080059051514,0.6271530609638678
0.2803,1787014373.1046,ramp,0,-0.072436,-0.6019768049018214,-0.3391012004166573,-0.18311755839427613,0.027194447815418243,-0.3374056816101074,0.007049539126455784,-0.9409400820732117,-2.199601173400879,-7.00244140625,-2.4530875073173095,-13.040290832519531,0.0,-0.23038148880004883,-0.5067157745361328,-0.19341980014363674,6.24176025390625,0.0,-0.16499614715576172,0.018314361572265625,-0.16205938194005792,0.26373291015625,0.0,0.04362154006958008,-0.7264957427978516,-0.0663316246016776,-7.120880126953125,-6.63316246016776,0.22903919219970703,-0.0061054229736328125,0.21435182064293012,-1.2014617919921875,0.0,-0.24667978286743164,0.03052520751953125,-0.247840901541985,-0.14652252197265625,0.0,-2.1597185134887695,-7.136753082275391,-2.4335155096924512,-15.794876098632812,0.0,-0.18302059173583984,-0.06715583801269531,-0.23115760582394423,-4.659339904785156,0.0,-0.18704700469970703,0.05494499206542969,-0.17848108080955324,0.5567779541015625,0.0,0.10114526748657227,-0.6410255432128906,-0.015056247268072614,-7.9413909912109375,-1.5056247268072607,-0.17285776138305664,-0.04273414611816406,-0.19557831215713506,-2.1977996826171875,0.0,0.06797361373901367,-0.03052520751953125,0.0673006650435833,0.20513153076171875,0.0,-0.025981426239013672,0.11599540710449219,0.11964682833691481,4.835166931152344,0.0,-0.22383716344028817,2.1175393145096573,0.34680676897630297,18.72137157362054,1.9684061385781817,0.1416750965477394,0.419816660436001,0.24349813122784172,3.045737110361932,0.0,-1.0688815116882324,-0.3235645294189453,-1.0816301004626854,0.20513153076171875,0.0,0.23651742935180664,0.8852252960205078,0.12377405670439762,-4.0146484375,0.0,1.5077857971191406,0.128204345703125,1.534170331965997,0.4395599365234375,0.0,-1.1921734809875488,-1.288156509399414,-1.2340808164258197,1.6703262329101562,0.0,1.1367592811584473,-0.0061054229736328125,1.111088815386113,-0.380950927734375,0.0,0.3831920623779297,-0.09523773193359375,0.37451545948078807,-0.05470085144042969,0.0,-0.19741344451904297,-0.1831493377685547,-0.21648005460449135,-0.05470085144042969,0.0,-0.0917501449584961,0.628814697265625,-0.10107967591496282,-1.377288818359375,0.0,-0.685391902923584,-0.7387065887451172,-0.7045755427661899,0.8498153686523438,0.0,-1.413447380065918,0.018314361572265625,-1.365001188177739,0.9670333862304688,0.0,-0.5298867225646973,-0.5067157745361328,-0.5622287258080466,0.380950927734375,0.0,-1.4556312561035156,-0.25030517578125,-1.4879310144360653,-0.02930450439453125,0.0,0.15354347229003906,0.0073261260986328125,0.163241598314732,0.1953601837158203,0.0,0.7078275680541992,0.10988998413085938,0.7318731692155381,0.1797332763671875,0.0,0.0006232261657714844,-0.009205818176269531,0.0006013928648648266,-0.0003663301467895508,0.0,0.0,0.0,0.0,0.0,0.0,-0.23682801425457,-1.0081751346588135,-2.4020063877105713,-0.5662531852722168,-1.0081751346588135,-2.4020063877105713,-0.5662531852722168,0.7903805375099182,0.1437322497367859,-0.5955162048339844,0.3007323145866394,0.043674811720848083,-0.9527080059051514,0.6243837030979352
0.3010,1787014373.1243,ramp,0,-0.087508,-0.7239573059946117,-2.267969555916309,-0.1482397521389192,0.034536320716142654,-0.3215973377227783,0.006245765369385481,-0.9462258219718933,-2.323085069656372,-4.597068786621094,-2.4464652598767094,-1.611724853515625,0.0,-0.23862648010253906,-0.28693580627441406,-0.19308280667764677,5.597068786621094,0.0,-0.1646127700805664,0.03052520751953125,-0.16154439074570248,0.380950927734375,0.0,0.01831197738647461,-1.288156509399414,-0.06591242273697112,-1.9047622680664062,-6.591242273697112,0.22808027267456055,-0.10378456115722656,0.21376193531258428,-0.7325973510742188,0.0,-0.24648809432983398,0.018314361572265625,-0.24699089747800185,-0.14652252197265625,0.0,-2.282435417175293,-4.719169616699219,-2.427005685785241,-4.131866455078125,0.0,-0.18532133102416992,-0.128204345703125,-0.2304208909202397,-4.1904754638671875,0.0,-0.18608856201171875,0.05494499206542969,-0.17789012367019225,0.7912063598632812,0.0,0.0789027214050293,-1.2271060943603516,-0.014843860101585933,-3.0183181762695312,-1.4843860101585928,-0.1747756004333496,-0.11599540710449219,-0.19497555893076712,-1.6703262329101562,0.0,0.06797361373901367,0.06715583801269531,0.06713745312570682,-0.08791351318359375,0.0,-0.016777515411376953,0.5555553436279297,0.11937016695037948,2.3150177001953125,0.0,-0.15362156945340008,3.572805112739847,0.34671868700899255,-0.7590831728340727,1.9631212205395592,0.14955197918284757,0.7237719206248499,0.24282436752129033,2.135026357813949,0.0,-1.0658140182495117,0.28693580627441406,-1.078744183783842,-0.9084243774414062,0.0,0.24783039093017578,0.25030517578125,0.1232779618985109,-2.9597091674804688,0.0,1.5143051147460938,0.28693580627441406,1.5302225660712163,-0.08791351318359375,0.0,-1.2115402221679688,-0.7875461578369141,-1.231436963862851,0.9670333862304688,0.0,1.1358003616333008,-0.07936477661132812,1.1094314431850942,-0.26373291015625,0.0,0.3820476531982422,-0.05128288269042969,0.3720117743489045,-0.11721611022949219,0.0,-0.20046520233154297,-0.13919448852539062,-0.2192724617826256,-0.05470085144042969,0.0,-0.08082056045532227,0.4212455749511719,-0.10100390906665095,-1.0842514038085938,0.0,-0.6888432502746582,-0.07936477661132812,-0.7025200699580189,-0.20513153076171875,0.0,-1.413255214691162,0.06715583801269531,-1.3633327726901554,0.9084243774414062,0.0,-0.5344886779785156,-0.16483497619628906,-0.5612031085095048,-0.08791351318359375,0.0,-1.457165241241455,-0.1892547607421875,-1.4844207038719206,-0.14652252197265625,0.0,0.15354347229003906,0.0073261260986328125,0.16424092768826887,0.21098899841308594,0.0,0.7097349166870117,0.08058547973632812,0.733933553931256,0.21099090576171875,0.0,0.0006232261657714844,0.0030689239501953125,0.0005997782016335738,0.0003663003444671631,0.0,0.0,0.0,0.0,0.0,0.0,-0.25475066900253296,-1.453545331954956,-5.769798755645752,-1.2558797597885132,-1.453545331954956,-5.769798755645752,-1.2558797597885132,0.7221091389656067,0.1743312031030655,-0.6694529056549072,0.3007323145866394,0.043674811720848083,-0.9527080059051514,0.5304716839883725
0.3202,1787014373.1437,ramp,0,-0.103582,-1.0366381174744335,-3.35469720612128,-0.349514792779626,0.043445244431495667,-0.2926318347454071,0.00471236277371645,-0.9552260637283325,-2.3970983028411865,-3.510377883911133,-2.440334431972376,7.9413909912109375,0.0,-0.24207782745361328,-0.14041519165039062,-0.1927708206089592,5.128204345703125,0.0,-0.16442108154296875,0.0061054229736328125,-0.16106761569113673,0.4981689453125,0.0,-0.00968313217163086,-1.2271060943603516,-0.06552432873825789,0.02930450439453125,-6.552432873825789,0.2265462875366211,0.018314361572265625,0.21321582381855148,-1.2014617919921875,0.0,-0.24648809432983398,0.03052520751953125,-0.24620396997627259,-0.08791351318359375,0.0,-2.354339599609375,-3.2661781311035156,-2.4209789387600646,2.7252731323242188,0.0,-0.18743085861206055,-0.128204345703125,-0.22973884568866493,-3.8974380493164062,0.0,-0.18551301956176758,0.018314361572265625,-0.17734301990326762,0.7912063598632812,0.0,0.04879951477050781,-1.4224662780761719,-0.014647233627190594,0.5567779541015625,-1.4647233627190586,-0.1770763397216797,-0.10378456115722656,-0.19441753443337562,-1.377288818359375,0.0,0.06835699081420898,0.09157562255859375,0.06698635273427442,-0.26373291015625,0.0,-0.0025887489318847656,0.7387065887451172,0.11911403587647498,1.26007080078125,0.0,-0.07267005437884035,4.641543125149617,0.34663714137242446,-14.07944220190625,1.9582284823454685,0.15933733352455792,0.537631885629427,0.24220060204437277,2.9453253780138224,0.0,-1.054884433746338,0.9462757110595703,-1.076072423378793,-2.3150177001953125,0.0,0.24342012405395508,-0.6654453277587891,0.12281868098120809,-1.0842514038085938,0.0,1.522550106048584,0.6166057586669922,1.5265677534831048,-0.9084243774414062,0.0,-1.215566635131836,-0.128204345703125,-1.228989304633355,-0.14652252197265625,0.0,1.1342668533325195,-0.10378456115722656,1.107897060208769,-0.20513153076171875,0.0,0.3812847137451172,-0.08058547973632812,0.3696938810947037,-0.16410255432128906,0.0,-0.20275402069091797,-0.124542236328125,-0.2218576517806625,-0.14847373962402344,0.0,-0.07583475112915039,0.2991447448730469,-0.10093376467654468,-0.9670333862304688,0.0,-0.6830911636352539,0.4945049285888672,-0.7006171283718026,-1.4358978271484375,0.0,-1.411529541015625,0.09157562255859375,-1.3617881659204674,0.8498153686523438,0.0,-0.5327630043029785,0.21367454528808594,-0.5602535995687008,-0.8498153686523438,0.0,-1.4606165885925293,-0.10378456115722656,-1.4811708842068338,-0.20513153076171875,0.0,0.15392494201660156,0.021978378295898438,0.16516609946172714,0.22661781311035156,0.0,0.7116422653198242,0.08058547973632812,0.7358410429253005,0.22661972045898438,0.0,0.00033545494079589844,-0.039893150329589844,0.0005982833583068848,0.013308912515640259,0.0,0.0,0.0,0.0,0.0,0.0,-0.27504485845565796,-1.5268551111221313,-7.8943634033203125,-1.7280495166778564,-1.5268551111221313,-7.8943634033203125,-1.7280495166778564,0.6158815622329712,0.21396921575069427,-0.7582262754440308,0.3007323145866394,0.043674811720848083,-0.9527080059051514,0.41048143830029615
0.3402,1787014373.1635,ramp,0,-0.126389,-1.1434355377185186,-4.111612062712004,-0.5409672797270367,0.055727310478687286,-0.2549438774585724,0.0042518125846982,-0.9653393030166626,-2.4588403701782227,-2.5579967498779297,-2.433924707841389,15.560440063476562,0.0,-0.24265336990356445,0.06715583801269531,-0.19244464204642195,4.131866455078125,0.0,-0.16499614715576172,0.0061054229736328125,-0.16056915176098088,0.4395599365234375,0.0,-0.04093742370605469,-1.5934066772460938,-0.06511858003556059,5.538459777832031,-6.511858003556059,0.2198352813720703,-0.20146560668945312,0.21264486927927337,0.3223419189453125,0.0,-0.24533748626708984,0.1892547607421875,-0.24538124451800183,-0.7912063598632812,0.0,-2.4145469665527344,-2.3504276275634766,-2.4146780302300237,10.695968627929688,0.0,-0.1906900405883789,-0.15262603759765625,-0.22902577367825017,-3.369964599609375,0.0,-0.18512964248657227,0.04273414611816406,-0.17677102795181646,0.7912063598632812,0.0,0.016010284423828125,-1.3125762939453125,-0.014441662458436698,4.24908447265625,-1.44416624584367,-0.1801443099975586,0.0061054229736328125,-0.19383412495876215,-1.4358978271484375,0.0,0.06989097595214844,-0.09157562255859375,0.06682837866612591,0.14652252197265625,0.0,0.014476776123046875,0.8485965728759766,0.11884625319675875,-0.08791351318359375,0.0,0.01812270776777537,4.18051575158428,0.34655188616013605,-18.48124198661041,1.9531131696081658,0.17605335900022753,0.9216831778947193,0.24154846098090407,-0.24094684271858036,0.0,-1.0366687774658203,1.0073261260986328,-1.07327912247267,-2.7838821411132812,0.0,0.21868515014648438,-1.75213623046875,0.12233850701050225,1.4358978271484375,0.0,1.5332880020141602,0.6898651123046875,1.5227466805699839,-1.3186798095703125,0.0,-1.203486442565918,0.75091552734375,-1.2264302994431027,-2.0805892944335938,0.0,1.1292815208435059,-0.1770458221435547,1.1062928769331988,0.02930450439453125,0.0,0.3801403045654297,-0.03663063049316406,0.3672705450369418,-0.16410255432128906,0.0,-0.20351696014404297,-0.0073261260986328125,-0.2245604441232583,-0.3829059600830078,0.0,-0.07353401184082031,-0.03052520751953125,-0.10086042936246746,-0.380950927734375,0.0,-0.6660256385803223,1.1050052642822266,-0.698627620462698,-3.0183181762695312,0.0,-1.4078865051269531,0.20146560668945312,-1.3601732937630615,0.5567779541015625,0.0,-0.5281610488891602,0.2991447448730469,-0.5592608967126709,-1.1428604125976562,0.0,-1.4617671966552734,-0.018314361572265625,-1.477773227666199,-0.20513153076171875,0.0,0.15430641174316406,0.03663063049316406,0.16613335803335533,0.21098899841308594,0.0,0.7124052047729492,0.021978378295898438,0.7378353051074242,0.3516502380371094,0.0,0.0006232261657714844,0.0030689239501953125,0.0005967205133709908,0.003540903329849243,0.0,0.0,0.0,0.0,0.0,0.0,-0.3069213330745697,-1.969515085220337,-8.163191795349121,-2.063702344894409,-1.969515085220337,-8.163191795349121,-2.063702344894409,0.47279253602027893,0.2662248909473419,-0.8399949669837952,0.3007323145866394,0.043674811720848083,-0.9527080059051514,0.30421878123076757
0.3609,1787014373.1841,ramp,0,-0.152295,-1.2560939097315955,-5.080529988407357,-0.748249995668042,0.06994595378637314,-0.20793882012367249,0.005355542525649071,-0.9756230711936951,-2.495271921157837,-1.3247871398925781,-2.4273198514367533,16.849822998046875,0.0,-0.24054431915283203,0.20146560668945312,-0.19210853357688368,3.5457839965820312,0.0,-0.1646127700805664,0.018314361572265625,-0.16005551301237186,0.4981689453125,0.0,-0.06778192520141602,-1.3003654479980469,-0.06470047905915088,6.476188659667969,-6.470047905915088,0.2181096076965332,-0.14041519165039062,0.21205653307814495,0.3223419189453125,0.0,-0.24495410919189453,-0.018314361572265625,-0.24453347269486742,0.14652252197265625,0.0,-2.446761131286621,-1.0317459106445312,-2.4081853021173627,10.989013671875,0.0,-0.19414138793945312,-0.1892547607421875,-0.22829099350070944,-2.6080551147460938,0.0,-0.18474626541137695,0.05494499206542969,-0.17618162275640756,0.7325973510742188,0.0,-0.009299278259277344,-1.0927963256835938,-0.014229833053175947,5.421241760253906,-1.4229833053175946,-0.1828289031982422,-0.09157562255859375,-0.19323295465467732,-0.7325973510742188,0.0,0.07161664962768555,-0.07936477661132812,0.06666559536774141,0.20513153076171875,0.0,0.03441810607910156,1.0561656951904297,0.1185703183653947,-2.0219802856445312,0.0,0.10299528371325731,3.630497788612538,0.3464640355095614,-20.70134667568518,1.9478421305736848,0.1960959869895474,0.9778615576168608,0.24087646668103185,-1.8067248115526438,0.0,-1.0144262313842773,0.8241748809814453,-1.0704007846529988,-2.7838821411132812,0.0,0.1713242530822754,-2.3626365661621094,0.12184371502555187,3.6630020141601562,0.0,1.5447921752929688,0.33577537536621094,1.5188092821130366,-1.0842514038085938,0.0,-1.1816277503967285,1.0561656951904297,-1.2237933900418663,-3.135528564453125,0.0,1.125638484954834,-0.1892547607421875,1.1046398572454037,0.08791351318359375,0.0,0.3789958953857422,-0.08058547973632812,0.36477343496564973,-0.14847373962402344,0.0,-0.20351696014404297,-0.0073261260986328125,-0.22734551801249023,-0.4454212188720703,0.0,-0.08542251586914062,-0.5921859741210938,-0.10078486148950282,0.9670333862304688,0.0,-0.6376476287841797,1.5323562622070312,-0.6965775456409136,-4.366302490234375,0.0,-1.3975324630737305,0.3113555908203125,-1.358509259790063,0.14652252197265625,0.0,-0.5202999114990234,0.4456653594970703,-0.5582379728422266,-1.611724853515625,0.0,-1.4623422622680664,-0.018314361572265625,-1.4742721357151938,-0.20513153076171875,0.0,0.15468788146972656,0.03663063049316406,0.16713006301491168,0.21098899841308594,0.0,0.7135496139526367,0.05128288269042969,0.7398902789373342,0.33602142333984375,0.0,0.0006232261657714844,0.0030689239501953125,0.0005951100904926664,0.0008547008037567139,0.0,0.0,0.0,0.0,0.0,0.0,-0.3455972969532013,-2.1065359115600586,-8.545417785644531,-2.541158676147461,-2.1065359115600586,-8.545417785644531,-2.541158676147461,0.3035603165626526,0.32277345657348633,-0.8964754939079285,0.3007323145866394,0.043674811720848083,-0.9527080059051514,0.285691781655478
0.3801,1787014373.2033,ramp,0,-0.177503,-1.200250084833724,-6.0068290808620635,-0.8260672964040484,0.08452654629945755,-0.15073256194591522,0.007200326304882765,-0.9849278926849365,-2.512145519256592,-0.372406005859375,-2.4211810282120427,16.908432006835938,0.0,-0.23594188690185547,0.25030517578125,-0.19179614064168293,2.7838821411132812,0.0,-0.16365432739257812,0.018314361572265625,-0.15957811618708137,0.3223419189453125,0.0,-0.0704660415649414,0.10378456115722656,-0.06431187894023585,0.08791351318359375,-6.431187894023585,0.21408319473266602,0.06715583801269531,0.21150970939051864,-0.26373291015625,0.0,-0.24495410919189453,0.14041519165039062,-0.2437455189471583,-0.26373291015625,0.0,-2.4553890228271484,-0.22588539123535156,-2.4021506955055125,9.75823974609375,0.0,-0.1977849006652832,-0.20146560668945312,-0.22760805880196588,-2.25640869140625,0.0,-0.18397903442382812,0.07936477661132812,-0.17563380550184887,0.7325973510742188,0.0,-0.025981426239013672,-0.628814697265625,-0.014032950154740986,4.659339904785156,-1.4032950154740984,-0.1845545768737793,-0.03052520751953125,-0.1926742024277353,-0.7912063598632812,0.0,0.0704660415649414,0.15262603759765625,0.066514297923634,-0.8498153686523438,0.0,0.05666065216064453,1.166055679321289,0.11831385326645696,-3.4285736083984375,0.0,0.1762027978279877,3.3613928883409607,0.346382383527896,-23.150868357616325,1.942943011673762,0.2122460551533842,0.7619411414660759,0.24025188774059744,-2.1691150730395705,0.0,-0.9988951683044434,0.8363857269287109,-1.0677255399582677,-3.135528564453125,0.0,0.11993646621704102,-2.741147994995117,0.1213838351519361,5.3040313720703125,0.0,1.5518875122070312,0.40903472900390625,1.5151497032196206,-1.377288818359375,0.0,-1.1584267616271973,1.1782665252685547,-1.221342538776968,-3.7216110229492188,0.0,1.123145580291748,-0.128204345703125,1.1031034732532827,-0.02930450439453125,0.0,0.3782329559326172,-0.05128288269042969,0.3624525189061351,-0.2578754425048828,0.0,-0.20351696014404297,-0.0073261260986328125,-0.2299340794022206,-0.5079364776611328,0.0,-0.09750223159790039,-0.6043949127197266,-0.10071462562286508,1.1428604125976562,0.0,-0.6058177947998047,1.837606430053711,-0.6946721223951434,-5.538459777832031,0.0,-1.3883285522460938,0.47008514404296875,-1.3569626386715508,-0.20513153076171875,0.0,-0.5107121467590332,0.45787620544433594,-0.5572872256301318,-1.7875442504882812,0.0,-1.4623422622680664,-0.0061054229736328125,-1.4710180779031887,-0.14652252197265625,0.0,0.15545082092285156,0.0659332275390625,0.1680564413211333,0.16410255432128906,0.0,0.7143125534057617,0.03663063049316406,0.7418002555212869,0.4141654968261719,0.0,0.0005273818969726562,0.0030689239501953125,0.0005936132977145334,0.006715506315231323,0.0,0.0,0.0,0.0,0.0,0.0,-0.38179659843444824,-1.7784532308578491,-9.17485237121582,-2.862907886505127,-1.7784532308578491,-9.17485237121582,-2.862907886505127,0.1154571995139122,0.3700965940952301,-0.9217907190322876,0.3007323145866394,0.043674811720848083,-0.9527080059051514,0.3788704007025169
0.4002,1787014373.2234,ramp,0,-0.198177,-1.0421078508792927,-5.975100712267078,-0.6167715302845658,0.09705585986375809,-0.08970512449741364,0.007770962547510862,-0.9911976456642151,-2.5146381855010986,0.0061054229736328125,-2.4147632065187117,16.439559936523438,0.0,-0.22884750366210938,0.3113555908203125,-0.191469550009735,2.0219802856445312,0.0,-0.1628870964050293,0.04273414611816406,-0.15907902253516717,0.20513153076171875,0.0,-0.0704660415649414,0.04273414611816406,-0.06390561764521027,0.26373291015625,-6.390561764521027,0.21178245544433594,-0.06715583801269531,0.2109380335503105,0.4981689453125,0.0,-0.24399518966674805,0.14041519165039062,-0.24292175411955527,-0.380950927734375,0.0,-2.456923484802246,-0.06715583801269531,-2.3958418268825556,10.227104187011719,0.0,-0.20200300216674805,-0.25030517578125,-0.22689408595011992,-1.4358978271484375,0.0,-0.18263721466064453,0.07936477661132812,-0.17506109093887928,0.380950927734375,0.0,-0.034801483154296875,-0.372406005859375,-0.013827119282867107,4.131866455078125,-1.3827119282867106,-0.18570518493652344,-0.06715583801269531,-0.19209005591756523,-0.5567779541015625,0.0,0.06969928741455078,-0.16483497619628906,0.06635612428295487,0.380950927734375,0.0,0.07641077041625977,0.873016357421875,0.1180457322902869,-2.6080551147460938,0.0,0.24096030607219054,2.686456567828663,0.3462970206105984,-22.012581367015837,1.937821236635905,0.22616268261182548,0.644697534358164,0.23959892281126333,-2.3725476388454716,0.0,-0.9810624122619629,0.8608055114746094,-1.0649287102063207,-3.4285736083984375,0.0,0.06643962860107422,-2.6800975799560547,0.12090305456562805,6.1831512451171875,0.0,1.5585980415344238,0.40903472900390625,1.511323803050989,-1.5531158447265625,0.0,-1.1356086730957031,0.9096450805664062,-1.2187803007324396,-3.6043930053710938,0.0,1.1204614639282227,-0.11599540710449219,1.1014972633734754,-0.02930450439453125,0.0,0.3774700164794922,-0.05128288269042969,0.3600261213882532,-0.2578754425048828,0.0,-0.20389842987060547,-0.021978378295898438,-0.23264028624894312,-0.5079364776611328,0.0,-0.10210418701171875,-0.05494499206542969,-0.1006411976624796,0.20513153076171875,0.0,-0.5659351348876953,1.996337890625,-0.6926801010917026,-6.593406677246094,0.0,-1.3835349082946777,0.2625160217285156,-1.3553457264063795,0.08791351318359375,0.0,-0.5007414817810059,0.5921859741210938,-0.5562932686681371,-2.139190673828125,0.0,-1.4623422622680664,-0.0061054229736328125,-1.4676161290193734,-0.08791351318359375,0.0,0.15621376037597656,0.03663063049316406,0.1690249218543352,0.2422466278076172,0.0,0.7150754928588867,0.03663063049316406,0.7437970371039371,0.39853668212890625,0.0,0.0006232261657714844,0.0030689239501953125,0.0005920484783981445,0.0025641024112701416,0.0,0.0,0.0,0.0,0.0,0.0,-0.4135986864566803,-1.456093668937683,-8.50706672668457,-2.3553295135498047,-1.456093668937683,-8.50706672668457,-2.3553295135498047,-0.07364697754383087,0.4008157253265381,-0.9131938219070435,0.3007323145866394,0.043674811720848083,-0.9527080059051514,0.5249189264019574
0.4202,1787014373.2439,ramp,0,-0.216680,-0.9669192898762763,-5.683078174521055,-0.41138971215063186,0.10777926445007324,-0.031200101599097252,0.0064206295646727085,-0.9936643838882446,-2.509460926055908,0.34798622131347656,-2.4083866078205824,15.091567993164062,0.0,-0.22136926651000977,0.39682579040527344,-0.19114505713691737,1.0256423950195312,0.0,-0.16231203079223633,0.018314361572265625,-0.15858313466493423,0.3223419189453125,0.0,-0.0704660415649414,0.03052520751953125,-0.06350196585045063,0.4395599365234375,-6.3501965850450635,0.2106318473815918,-0.06715583801269531,0.21037002970218063,0.4981689453125,0.0,-0.24342012405395508,0.04273414611816406,-0.24210328050369953,-0.08791351318359375,0.0,-2.456730842590332,0.11599540710449219,-2.3895734814267113,10.813186645507812,0.0,-0.20698881149291992,-0.25030517578125,-0.2261846990934686,-0.9670333862304688,0.0,-0.1818699836730957,0.03052520751953125,-0.17449205503991902,0.4981689453125,0.0,-0.04017019271850586,-0.2625160217285156,-0.013622610505225365,4.366302490234375,-1.3622610505225365,-0.18666362762451172,-0.05494499206542969,-0.19150966150116414,-0.4981689453125,0.0,0.06989097595214844,0.04273414611816406,0.06619896662426188,-0.20513153076171875,0.0,0.0921335220336914,0.6043949127197266,0.11777933351056329,-2.139190673828125,0.0,0.28995517952589356,1.9123698855867355,0.34621220599696184,-17.665145988499113,1.9327323598177113,0.23523413434716664,0.5153866842053509,0.23895015201062816,-2.489520946529564,0.0,-0.9605460166931152,1.0073261260986328,-1.0621498450699325,-4.0146484375,0.0,0.01927042007446289,-2.289377212524414,0.12042536213239588,6.3003692626953125,0.0,1.5664596557617188,0.3846149444580078,1.507522477429895,-1.7875442504882812,0.0,-1.1170101165771484,0.9096450805664062,-1.2162345204724465,-3.9560470581054688,0.0,1.1179685592651367,-0.128204345703125,1.099901370511705,0.02930450439453125,0.0,0.3763256072998047,-0.0659332275390625,0.3576153091231278,-0.2578754425048828,0.0,-0.20427989959716797,-0.03663063049316406,-0.23532911056975758,-0.5704517364501953,0.0,-0.10191202163696289,0.03052520751953125,-0.10056824134506011,0.02930450439453125,0.0,-0.5279693603515625,1.9719161987304688,-0.6907008749528142,-7.1794891357421875,0.0,-1.382192611694336,0.15262603759765625,-1.3537391999028785,0.3223419189453125,0.0,-0.4886617660522461,0.5311355590820312,-0.5553056960971449,-2.25640869140625,0.0,-1.4623422622680664,0.0061054229736328125,-1.46423603155637,-0.02930450439453125,0.0,0.15659618377685547,0.03663063049316406,0.1699871816369023,0.22661781311035156,0.0,0.7158384323120117,0.021978378295898438,0.7457809929457775,0.46105194091796875,0.0,0.0006232261657714844,0.0030689239501953125,0.000590493710239649,0.0025641024112701416,0.0,0.0,0.0,0.0,0.0,0.0,-0.4423350393772125,-1.229813814163208,-7.48795747756958,-1.8332173824310303,-1.229813814163208,-7.48795747756958,-1.8332173824310303,-0.2379046082496643,0.41576096415519714,-0.877806544303894,0.3007323145866394,0.043674811720848083,-0.9527080059051514,0.6714732091789586
0.4403,1787014373.2634,ramp,0,-0.234451,-0.8274982128577479,-5.181882442644721,-0.16096916280679358,0.1169307604432106,0.02352684736251831,0.0030520770233124495,-0.9928566217422485,-2.4968059062957764,0.372406005859375,-2.401969910788698,13.684982299804688,0.0,-0.2123575210571289,0.28693580627441406,-0.19081852373683256,0.5567779541015625,0.0,-0.16192865371704102,0.04273414611816406,-0.15808412847437614,0.08791351318359375,0.0,-0.07027435302734375,0.0061054229736328125,-0.06309577574880465,0.5567779541015625,-6.309577574880465,0.20948123931884766,-0.03052520751953125,0.20979845404265815,0.4981689453125,0.0,-0.24322843551635742,0.0061054229736328125,-0.2412796600329495,0.20513153076171875,0.0,-2.4528961181640625,-0.04273414611816406,-2.3832657183722255,11.9853515625,0.0,-0.2119741439819336,-0.25030517578125,-0.22547085135848924,-0.4395599365234375,0.0,-0.18129491806030273,0.018314361572265625,-0.17391944083966124,0.7912063598632812,0.0,-0.04534769058227539,-0.21367454528808594,-0.013416815703229591,4.717948913574219,-1.341681570322959,-0.18819761276245117,-0.05494499206542969,-0.19092561735704455,-0.26373291015625,0.0,0.06931591033935547,0.018314361572265625,0.06604082070199002,-0.26373291015625,0.0,0.10382986068725586,0.5311355590820312,0.11751125952001225,-2.139190673828125,0.0,0.3258603869353852,1.3354757866856457,0.3461268580386934,-13.967830245394227,1.9276114823216055,0.24411308546302374,0.4145663510538999,0.2382973015071097,-2.7359012549620676,0.0,-0.9423298835754395,0.7875461578369141,-1.0593535054354657,-4.131866455078125,0.0,-0.022913455963134766,-1.9719161987304688,0.11994466579825559,6.593406677246094,0.0,1.5727872848510742,0.2625160217285156,1.5036972477134238,-1.7289352416992188,0.0,-1.1005196571350098,0.8608055114746094,-1.2136727314354603,-4.0146484375,0.0,1.116051197052002,-0.09157562255859375,1.0982954421047109,-0.02930450439453125,0.0,0.3747997283935547,-0.09523773193359375,0.3551893368080442,-0.2578754425048828,0.0,-0.20466136932373047,-0.03663063049316406,-0.2380348431797914,-0.6173381805419922,0.0,-0.0978856086730957,0.25030517578125,-0.10049482625221756,-0.4395599365234375,0.0,-0.4903874397277832,1.7032966613769531,-0.6887092027319233,-7.355308532714844,0.0,-1.379316806793213,0.04273414611816406,-1.3521225709860107,0.4981689453125,0.0,-0.47773218154907227,0.5311355590820312,-0.5543119133165357,-2.4322357177734375,0.0,-1.4623422622680664,0.018314361572265625,-1.4608346788313356,0.02930450439453125,0.0,0.15735912322998047,0.03663063049316406,0.17095549245321745,0.2578754425048828,0.0,0.7169828414916992,0.03663063049316406,0.7477774246116846,0.4141654968261719,0.0,0.0006232261657714844,-0.0030689239501953125,0.0005889291651427758,0.003540903329849243,0.0,0.0,0.0,0.0,0.0,0.0,-0.4742852449417114,-0.963348388671875,-6.4594526290893555,-1.4680283069610596,-0.963348388671875,-6.4594526290893555,-1.4680283069610596,-0.374679833650589,0.4234338700771332,-0.8248143792152405,0.3007323145866394,0.043674811720848083,-0.9527080059051514,0.8070634749136207
0.4601,1787014373.2832,ramp,0,-0.252919,-0.7919121222657276,-4.2885924329532195,-0.10706134783049034,-0.1251792311668396,-0.0686580166220665,0.0009002027800306678,0.9897552728652954,-2.490861654281616,0.372406005859375,-2.395630445727323,13.919418334960938,0.0,-0.2031536102294922,0.4822959899902344,-0.19049592052354017,-1.0842514038085938,0.0,-0.16173648834228516,0.05494499206542969,-0.15759112836937914,0.26373291015625,0.0,-0.07027435302734375,-0.0061054229736328125,-0.0626944745895219,0.4981689453125,-6.2694474589521905,0.20833110809326172,-0.06715583801269531,0.2092337579216678,0.615386962890625,0.0,-0.24303674697875977,0.15262603759765625,-0.24046595273584503,-0.26373291015625,0.0,-2.454047203063965,-0.0061054229736328125,-2.3770338761486256,12.805862426757812,0.0,-0.2154254913330078,-0.14041519165039062,-0.22476559556215714,-0.380950927734375,0.0,-0.18110322952270508,0.018314361572265625,-0.17335371867790986,0.7325973510742188,0.0,-0.0514836311340332,-0.2991447448730469,-0.013213497866875127,5.421241760253906,-1.321349786687513,-0.19088220596313477,-0.018314361572265625,-0.19034860282331337,-0.08791351318359375,0.0,0.0687403678894043,-0.03052520751953125,0.06588457823895029,0.02930450439453125,0.0,0.1138005256652832,0.4334545135498047,0.11724641209328829,-1.9633712768554688,0.0,0.34717577656489934,0.7133773424303851,0.3460425373364983,-8.573085175189993,1.9225522401898978,0.2545606889937306,0.5401720539109157,0.23765230877380922,-4.19105724060555,0.0,-0.9221968650817871,0.8119659423828125,-1.0565908228085072,-4.3076934814453125,0.0,-0.059345245361328125,-1.6910858154296875,0.1194697551705181,6.710624694824219,0.0,1.577005386352539,0.15262603759765625,1.4999180588225025,-1.6703262329101562,0.0,-1.085947036743164,0.5799751281738281,-1.2111417763328756,-3.7216110229492188,0.0,1.1145172119140625,-0.07936477661132812,1.096708842803447,-0.08791351318359375,0.0,0.3728923797607422,-0.08058547973632812,0.3527925637244911,-0.1953601837158203,0.0,-0.20504283905029297,-0.021978378295898438,-0.24070800933700615,-0.6798534393310547,0.0,-0.08523082733154297,0.6776561737060547,-0.1004222947903548,-1.5531158447265625,0.0,-0.45702409744262695,1.410257339477539,-0.6867415024656788,-7.472526550292969,0.0,-1.3791251182556152,0.0061054229736328125,-1.350525399967219,0.615386962890625,0.0,-0.46948719024658203,0.3846149444580078,-0.5533300917991781,-2.373626708984375,0.0,-1.4623422622680664,0.018314361572265625,-1.4574742651084147,0.02930450439453125,0.0,0.15774059295654297,0.021978378295898438,0.17191214858924495,0.2578754425048828,0.0,0.7177457809448242,0.021978378295898438,0.7497498270378162,0.5079383850097656,0.0,0.0006232261657714844,0.0030689239501953125,0.0005873834510582104,0.0003663003444671631,0.0,0.0,0.0,0.0,0.0,0.0,-0.5107947587966919,-1.0953582525253296,-4.993488311767578,-1.0931726694107056,-1.0953582525253296,-4.993488311767578,-1.0931726694107056,-0.47414571046829224,0.4304244816303253,-0.7680628895759583,0.3007323145866394,0.043674811720848083,-0.9527080059051514,0.9173234516243185
0.4811,1787014373.3055,ramp,0,-0.270059,-0.5302795149298444,-3.8547411208261546,0.1777829970594952,-0.13171783089637756,-0.10701087862253189,0.005918494425714016,0.985476553440094,-2.4774394035339355,0.6776561737060547,-2.388910276060359,11.106231689453125,0.0,-0.1916489601135254,0.5311355590820312,-0.19015394398333627,-2.5494537353515625,0.0,-0.16058635711669922,0.04273414611816406,-0.1570685220738422,0.08791351318359375,0.0,-0.07027435302734375,0.0061054229736328125,-0.06226907404675997,0.615386962890625,-6.226907404675997,0.20679712295532227,-0.07936477661132812,0.20863515004125643,0.7325973510742188,0.0,-0.2415027618408203,-0.05494499206542969,-0.23960337978326177,0.380950927734375,0.0,-2.4542388916015625,0.0061054229736328125,-2.3704277924057706,14.036628723144531,0.0,-0.21715116500854492,-0.04273414611816406,-0.22401798696047273,-0.6739959716796875,0.0,-0.18071985244750977,0.04273414611816406,-0.17275402313979665,0.7912063598632812,0.0,-0.053592681884765625,0.0061054229736328125,-0.012997970161714832,4.0146484375,-1.2997970161714836,-0.19222402572631836,-0.018314361572265625,-0.18973693677114073,0.08791351318359375,0.0,0.0687403678894043,0.03052520751953125,0.06571895292977262,-0.26373291015625,0.0,0.12242889404296875,0.47008514404296875,0.11696565975437444,-2.4908447265625,0.0,0.3491,0.39325999651514143,0.3459531529137271,-5.726708755178326,1.9171891748236254,0.26539518058908207,0.4117667827010014,0.2369685822196324,-4.119482702106557,0.0,-0.9114589691162109,0.3113555908203125,-1.053662232492228,-3.5457839965820312,0.0,-0.08580589294433594,-1.0317459106445312,0.11896632468164525,6.00732421875,0.0,1.5779643058776855,-0.0061054229736328125,1.4959119178777036,-1.4358978271484375,0.0,-1.0778937339782715,0.28693580627441406,-1.2084588294999532,-3.3113555908203125,0.0,1.1125998497009277,-0.09157562255859375,1.0950269632765859,-0.02930450439453125,0.0,0.3709850311279297,-0.10988998413085938,0.35025185695842265,-0.22661781311035156,0.0,-0.20580577850341797,-0.0659332275390625,-0.2435417074409551,-0.6329669952392578,0.0,-0.07602643966674805,0.28693580627441406,-0.10034540758848656,-0.9670333862304688,0.0,-0.43056344985961914,1.0927963256835938,-0.6846556356748892,-7.296699523925781,0.0,-1.3789329528808594,0.06715583801269531,-1.3488323138582927,0.5567779541015625,0.0,-0.4616260528564453,0.33577537536621094,-0.5522893088442378,-2.4322357177734375,0.0,-1.4623422622680664,0.03052520751953125,-1.4539120480836987,0.08791351318359375,0.0,0.15774059295654297,0.021978378295898438,0.17292625490339072,0.3047618865966797,0.0,0.7188911437988281,0.05128288269042969,0.7518406783678275,0.4766807556152344,0.0,0.0007190704345703125,0.0030689239501953125,0.0005857449120325464,0.0008547008037567139,0.0,0.0,0.0,0.0,0.0,0.0,-0.5453681945800781,-0.6556088924407959,-4.271712303161621,-0.9367218613624573,-0.6556088924407959,-4.271712303161621,-0.9367218613624573,-0.5416894555091858,0.4360358715057373,-0.7186413407325745,0.3007323145866394,0.043674811720848083,-0.9527080059051514,0.9994136646455333
0.5001,1787014373.3234,ramp,0,-0.284549,-0.34151086186047463,-3.008930745996913,0.43269493429223854,-0.13605163991451263,-0.1372593492269516,0.013438249006867409,0.9810551404953003,-2.4642093181610107,0.7020759582519531,-2.382842725059063,9.875457763671875,0.0,-0.18110322952270508,0.5311355590820312,-0.18984517795483336,-3.6630020141601562,0.0,-0.15943574905395508,0.05494499206542969,-0.1565966678634706,0.08791351318359375,0.0,-0.07027435302734375,0.0061054229736328125,-0.06188498560597613,0.5567779541015625,-6.188498560597613,0.20583820343017578,-0.05494499206542969,0.20809467501991452,0.7912063598632812,0.0,-0.24131107330322266,0.14041519165039062,-0.2388245742409157,-0.14652252197265625,0.0,-2.454622268676758,-0.0061054229736328125,-2.364463248054213,15.326004028320312,0.0,-0.21734285354614258,0.018314361572265625,-0.2233429811876234,-0.9670333862304688,0.0,-0.18033599853515625,0.018314361572265625,-0.17221256608691313,0.7912063598632812,0.0,-0.05378437042236328,-0.0061054229736328125,-0.012803373089310382,4.24908447265625,-1.2803373089310384,-0.1929912567138672,-0.05494499206542969,-0.18918467170176853,0.4395599365234375,0.0,0.0687403678894043,0.03052520751953125,0.06556941206096371,-0.26373291015625,0.0,0.1310572624206543,0.3846149444580078,0.1167121722355299,-2.5494537353515625,0.0,0.3491,0.34612246186383094,0.3458724489180301,-4.034653044176778,1.9123469350818056,0.2725189257308855,0.18783888319004055,0.23635125469012044,-3.312612045449584,0.0,-0.9081997871398926,0.04273414611816406,-1.0510180476000994,-3.0183181762695312,0.0,-0.10076189041137695,-0.6654453277587891,0.11851178404975324,5.538459777832031,0.0,1.577772617340088,-0.06715583801269531,1.492294826984829,-1.3186798095703125,0.0,-1.0740585327148438,0.1770458221435547,-1.206036432812181,-3.135528564453125,0.0,1.11106538772583,-0.06715583801269531,1.0935084168241898,-0.08791351318359375,0.0,0.3694591522216797,-0.0659332275390625,0.347957886918017,-0.28913307189941406,0.0,-0.20733165740966797,-0.10988998413085938,-0.24610021542811336,-0.6017093658447266,0.0,-0.07295894622802734,0.04273414611816406,-0.10027598716581837,-0.5567779541015625,0.0,-0.41100502014160156,1.0439567565917969,-0.6827723345437818,-7.531135559082031,0.0,-1.376823902130127,0.1770458221435547,-1.3473036491333532,0.3223419189453125,0.0,-0.454531192779541,0.372406005859375,-0.5513495998825096,-2.6080551147460938,0.0,-1.4613838195800781,0.06715583801269531,-1.4506957701403898,0.08791351318359375,0.0,0.15850353240966797,0.0659332275390625,0.17384187788417116,0.2422466278076172,0.0,0.7200355529785156,0.03663063049316406,0.7537284799725009,0.4766807556152344,0.0,0.0007190704345703125,0.0030689239501953125,0.0005842654971370113,0.0008547008037567139,0.0,0.0,0.0,0.0,0.0,0.0,-0.5715685486793518,-0.1873243749141693,-3.4142343997955322,-0.5729869604110718,-0.1873243749141693,-3.4142343997955322,-0.5729869604110718,-0.5916089415550232,0.43612903356552124,-0.6780784130096436,0.3007323145866394,0.043674811720848083,-0.9527080059051514,1.0619813659284192
0.5202,1787014373.3437,ramp,0,-0.297093,-0.231339849016018,-2.1470560503142586,0.6893716318660797,-0.13905921578407288,-0.1584567129611969,0.02254253439605236,0.9772645235061646,-2.450211763381958,0.7142848968505859,-2.3764195784772433,8.586074829101562,0.0,-0.1713237762451172,0.47008514404296875,-0.18951831634952723,-4.1904754638671875,0.0,-0.15924406051635742,0.018314361572265625,-0.1560971601118558,0.4395599365234375,0.0,-0.07027435302734375,-0.0061054229736328125,-0.06147838723457222,0.615386962890625,-6.147838723457221,0.2048797607421875,-0.05494499206542969,0.2075225248583173,0.6739959716796875,0.0,-0.24054384231567383,0.20146560668945312,-0.23800012593283326,-0.4981689453125,0.0,-2.4548139572143555,0.018314361572265625,-2.358149144941501,16.146522521972656,0.0,-0.21715116500854492,-0.0061054229736328125,-0.22262841595007377,-0.7912063598632812,0.0,-0.18033599853515625,0.018314361572265625,-0.17163937634072265,0.7912063598632812,0.0,-0.05378437042236328,0.0061054229736328125,-0.012597371438862002,4.1904754638671875,-1.2597371438862002,-0.19394969940185547,-0.05494499206542969,-0.18860004052325208,0.5567779541015625,0.0,0.0687403678894043,0.0061054229736328125,0.0654111071830769,-0.20513153076171875,0.0,0.13834381103515625,0.2991447448730469,0.11644382879847393,-2.3150177001953125,0.0,0.3491,0.19599833497266636,0.3457870151748297,-2.4431094228628885,1.9072209104897806,0.2774502642982915,0.3014459920424811,0.23569774799356347,-4.104130574328188,0.0,-0.9081997871398926,-0.05494499206542969,-1.048218897308994,-2.7838821411132812,0.0,-0.10785627365112305,-0.22588539123535156,0.11803060455815745,4.776557922363281,0.0,1.5725955963134766,-0.3113555908203125,1.4884657524538139,-0.9084243774414062,0.0,-1.0719494819641113,0.018314361572265625,-1.2034720688700318,-2.7838821411132812,0.0,1.1095314025878906,-0.07936477661132812,1.0919008742665819,-0.08791351318359375,0.0,0.3675518035888672,-0.08058547973632812,0.34552947620986146,-0.22661781311035156,0.0,-0.20962047576904297,-0.15384674072265625,-0.24880866762386136,-0.5391941070556641,0.0,-0.0775609016418457,-0.15262603759765625,-0.1002024982820044,-0.08791351318359375,0.0,-0.39298152923583984,0.6898651123046875,-0.6807786604534901,-7.1794891357421875,0.0,-1.3710718154907227,0.1770458221435547,-1.3456853953105758,0.20513153076171875,0.0,-0.4493536949157715,0.23809432983398438,-0.5503548182310427,-2.4322357177734375,0.0,-1.4600415229797363,0.04273414611816406,-1.4472909986480147,0.20513153076171875,0.0,0.15964794158935547,0.05128288269042969,0.17481116196896568,0.22661781311035156,0.0,0.7211799621582031,0.0659332275390625,0.7557269182916219,0.5235671997070312,0.0,0.0007190704345703125,0.0030689239501953125,0.0005826993794847132,0.0010989010334014893,0.0,0.0,0.0,0.0,0.0,0.0,-0.5922101140022278,-0.13265368342399597,-2.4918675422668457,-0.046503227204084396,-0.13265368342399597,-2.4918675422668457,-0.046503227204084396,-0.6248018741607666,0.4358302354812622,-0.6478230357170105,0.3007323145866394,0.043674811720848083,-0.9527080059051514,1.105908117550727
0.5410,1787014373.3646,ramp,0,-0.307883,-0.027469605746704838,-1.241336668341194,0.9307023630010436,-0.1411963403224945,-0.17224356532096863,0.03281305730342865,0.9743300676345825,-2.433913469314575,0.7264957427978516,-2.3697650152322174,6.710624694824219,0.0,-0.16250371932983398,0.40903472900390625,-0.18917967839425517,-4.659339904785156,0.0,-0.15905237197875977,0.03052520751953125,-0.15557965581981453,0.26373291015625,0.0,-0.07027435302734375,-0.0061054229736328125,-0.06105713971307078,0.7325973510742188,-6.105713971307078,0.20372867584228516,-0.05494499206542969,0.2069297609555321,0.7912063598632812,0.0,-0.2397770881652832,-0.05494499206542969,-0.23714597394696418,0.4981689453125,0.0,-2.454622268676758,0.03052520751953125,-2.3516075538437535,17.377288818359375,0.0,-0.21619224548339844,0.05494499206542969,-0.22188810596253114,-1.26007080078125,0.0,-0.17995262145996094,0.03052520751953125,-0.1710455353986178,0.9084243774414062,0.0,-0.05397605895996094,-0.018314361572265625,-0.012383947847476328,4.4249114990234375,-1.2383947847476335,-0.19490861892700195,-0.05494499206542969,-0.18799434593059502,0.8498153686523438,0.0,0.0687403678894043,0.0061054229736328125,0.06524709880984815,-0.26373291015625,0.0,0.14275407791137695,0.1770458221435547,0.11616581733625211,-1.8461532592773438,0.0,0.3491,0.08892620323093027,0.3456985033776685,-1.3910899187494294,1.90191020266011,0.2826629807255142,0.15874949281559386,0.23502069639776216,-3.7983772418260346,0.0,-0.9116511344909668,-0.22588539123535156,-1.0453188976893035,-2.3150177001953125,0.0,-0.10785627365112305,0.14041519165039062,0.1175320888667832,4.0732574462890625,0.0,1.565117359161377,-0.4212455749511719,1.4844987219163697,-0.615386962890625,0.0,-1.072141170501709,-0.05494499206542969,-1.2008153146112082,-2.5494537353515625,0.0,1.1085729598999023,-0.06715583801269531,1.090235414280202,-0.08791351318359375,0.0,0.3660259246826172,-0.09523773193359375,0.343013573383035,-0.28913307189941406,0.0,-0.21229076385498047,-0.16849899291992188,-0.2516147014272546,-0.5235652923583984,0.0,-0.09002447128295898,-0.8119659423828125,-0.10012636170020342,1.5531158447265625,0.0,-0.3803257942199707,0.5677661895751953,-0.6787131571748681,-7.120880126953125,0.0,-1.3641691207885742,0.34798622131347656,-1.3440088381476647,-0.26373291015625,0.0,-0.44513559341430664,0.20146560668945312,-0.5493241960382663,-2.4322357177734375,0.0,-1.4583158493041992,0.09157562255859375,-1.4437635581728117,0.08791351318359375,0.0,0.16041088104248047,0.08058547973632812,0.17581536795469224,0.2578754425048828,0.0,0.7219429016113281,0.03663063049316406,0.7577973574473335,0.5391960144042969,0.0,0.0007190704345703125,0.0030689239501953125,0.0005810768368829502,0.0006105005741119385,0.0,0.0,0.0,0.0,0.0,0.0,-0.6116060018539429,0.23135538399219513,-1.523166537284851,0.4011659622192383,0.23135538399219513,-1.523166537284851,0.4011659622192383,-0.6442819833755493,0.4391283392906189,-0.6261526942253113,0.3007323145866394,0.043674811720848083,-0.9527080059051514,1.1351867905585002
0.5609,1787014373.3841,ramp,0,-0.313521,0.14555067516248213,-0.18439469393978042,1.1308020341394007,-0.1417873054742813,-0.17401368916034698,0.044518109411001205,0.9734647870063782,-2.420107841491699,0.6532363891601562,-2.3634174842396027,5.538459777832031,0.0,-0.15521764755249023,0.3113555908203125,-0.18885666472119828,-5.0695953369140625,0.0,-0.15905237197875977,0.04273414611816406,-0.1550860284529099,0.3223419189453125,0.0,-0.07027435302734375,-0.0061054229736328125,-0.06065532796377364,0.8498153686523438,-6.065532796377364,0.20257806777954102,-0.05494499206542969,0.20636434635119355,0.7912063598632812,0.0,-0.23958539962768555,0.16483497619628906,-0.2363312313405641,-0.14652252197265625,0.0,-2.453855514526367,0.05494499206542969,-2.3453677826213526,18.432235717773438,0.0,-0.21465826034545898,0.07936477661132812,-0.22118195284367984,-1.26007080078125,0.0,-0.17956924438476562,0.018314361572265625,-0.17047909344804937,0.7912063598632812,0.0,-0.05435991287231445,-0.018314361572265625,-0.012180371322467243,4.3076934814453125,-1.2180371322467245,-0.19586706161499023,-0.04273414611816406,-0.1874165972403525,0.9084243774414062,0.0,0.0687403678894043,0.0061054229736328125,0.06509065755385801,-0.26373291015625,0.0,0.14505529403686523,0.09157562255859375,0.11590063293454492,-1.8461532592773438,0.0,0.3491,0.01319797147798828,0.3456140753911868,-0.392703102554111,1.8968445234712092,0.28403703563760996,-0.00032070602576512514,0.23437488301682244,-2.7734987478787625,0.0,-0.9166359901428223,-0.2625160217285156,-1.0425527000010761,-2.0805892944335938,0.0,-0.10248756408691406,0.2991447448730469,0.11705657399303583,3.7216110229492188,0.0,1.5572562217712402,-0.4212455749511719,1.4807147246264054,-0.4981689453125,0.0,-1.0742506980895996,-0.14041519165039062,-1.198281139282685,-2.373626708984375,0.0,1.1076140403747559,-0.06715583801269531,1.088646796291124,-0.08791351318359375,0.0,0.3645000457763672,-0.09523773193359375,0.34061375079819095,-0.33601951599121094,0.0,-0.21534252166748047,-0.13919448852539062,-0.25429126875068864,-0.5079364776611328,0.0,-0.10977411270141602,-1.0439567565917969,-0.10005373795393206,2.3150177001953125,0.0,-0.3697800636291504,0.4456653594970703,-0.6767429533322346,-7.003662109375,0.0,-1.357649803161621,0.3601951599121094,-1.3424096349902792,-0.3223419189453125,0.0,-0.4422593116760254,0.15262603759765625,-0.5483411253137958,-2.3150177001953125,0.0,-1.4563984870910645,0.10378456115722656,-1.4403988688736769,0.14652252197265625,0.0,0.16231822967529297,0.08058547973632812,0.17677324127900587,0.1328449249267578,0.0,0.7230873107910156,0.021978378295898438,0.7597722694325828,0.5704536437988281,0.0,0.0007190704345703125,0.0030689239501953125,0.000579529156130314,0.0008547008037567139,0.0,0.0,0.0,0.0,0.0,0.0,-0.6186262369155884,0.5588383078575134,-0.43083882331848145,0.8299891948699951,0.5588383078575134,-0.43083882331848145,0.8299891948699951,-0.644660234451294,0.4433283805847168,-0.6227948069572449,0.3007323145866394,0.043674811720848083,-0.9527080059051514,1.138635796915639
0.5803,1787014373.4035,ramp,0,-0.315637,0.1985205997042651,0.7299566755612604,1.2872799255705871,-0.14201292395591736,-0.16542187333106995,0.05678284540772438,0.9742913246154785,-2.405918836593628,0.7387065887451172,-2.3572369287269845,3.6630020141601562,0.0,-0.1500406265258789,0.21367454528808594,-0.18854214810993863,-5.0695953369140625,0.0,-0.1588606834411621,0.03052520751953125,-0.15460538623985862,0.4395599365234375,0.0,-0.07027435302734375,-0.0061054229736328125,-0.060264086105318304,0.8498153686523438,-6.02640861053183,0.20200300216674805,-0.03052520751953125,0.20581380530557666,0.7325973510742188,0.0,-0.2393937110900879,0.128204345703125,-0.23553792101041993,-0.20513153076171875,0.0,-2.450404167175293,0.2625160217285156,-2.3392921521957657,17.4945068359375,0.0,-0.21389150619506836,-0.0061054229736328125,-0.22049437549170667,-0.9084243774414062,0.0,-0.17937755584716797,0.018314361572265625,-0.1699275520811403,0.9084243774414062,0.0,-0.05455160140991211,0.0061054229736328125,-0.011982149995883946,4.24908447265625,-1.1982149995883944,-0.1964426040649414,-0.03052520751953125,-0.1868540465641067,0.8498153686523438,0.0,0.0687403678894043,0.0061054229736328125,0.06493833157573584,-0.26373291015625,0.0,0.1465892791748047,0.04273414611816406,0.11564242436215058,-1.5531158447265625,0.0,0.3491,-0.022361101228628704,0.3455318683318001,-0.05760627021937603,1.8919120999080064,0.28351501828998726,-0.0660018081970226,0.23374605813099927,-2.3874342038843093,0.0,-0.9214296340942383,-0.2625160217285156,-1.0398592687455437,-1.9047622680664062,0.0,-0.09635162353515625,0.33577537536621094,0.11659356781351643,3.4871826171875,0.0,1.54901123046875,-0.4456653594970703,1.477030267577289,-0.380950927734375,0.0,-1.0767431259155273,-0.14041519165039062,-1.1958136269042705,-2.3150177001953125,0.0,1.1060800552368164,-0.06715583801269531,1.0870999678185629,-0.14652252197265625,0.0,0.3625926971435547,-0.08058547973632812,0.33827705693670024,-0.3203907012939453,0.0,-0.21763134002685547,-0.16849899291992188,-0.2568974274200977,-0.5079364776611328,0.0,-0.13182449340820312,-1.3003654479980469,-0.09998302461737857,3.3113555908203125,0.0,-0.3636441230773926,0.27472496032714844,-0.6748245768430549,-6.769233703613281,0.0,-1.3501715660095215,0.372406005859375,-1.340852499798395,-0.4981689453125,0.0,-0.4395751953125,0.07936477661132812,-0.5473839148342423,-2.25640869140625,0.0,-1.4540972709655762,0.14041519165039062,-1.4371226896757792,0.08791351318359375,0.0,0.16384410858154297,0.09523773193359375,0.17770591719061066,0.1328449249267578,0.0,0.7238502502441406,0.03663063049316406,0.7616952302139591,0.5860824584960938,0.0,0.0007190704345703125,0.0030689239501953125,0.0005780221880164743,0.0010989010334014893,0.0,0.0,0.0,0.0,0.0,0.0,-0.617047905921936,0.6801673173904419,0.46744492650032043,1.22000253200531,0.6801673173904419,0.46744492650032043,1.22000253200531,-0.6290881037712097,0.44978874921798706,-0.6339858174324036,0.3007323145866394,0.043674811720848083,-0.9527080059051514,1.1213568564386633
0.6010,1787014373.4242,ramp,0,-0.315889,0.19321571597088177,1.5601298339969112,1.3958787079760018,-0.1427355706691742,-0.1482161283493042,0.06912603229284286,0.9761558175086975,-2.3900039196014404,0.7875461578369141,-2.35060752658652,1.7289352416992188,0.0,-0.1473560333251953,0.07936477661132812,-0.18820479055500045,-4.659339904785156,0.0,-0.1588606834411621,0.03052520751953125,-0.1540898386471714,0.380950927734375,0.0,-0.0700826644897461,0.0061054229736328125,-0.05984443133341506,0.7912063598632812,-5.9844431333415065,0.2018113136291504,0.0061054229736328125,0.20522328266100617,0.4395599365234375,0.0,-0.23881816864013672,-0.04273414611816406,-0.2346869985990002,0.615386962890625,0.0,-2.4427337646484375,0.5067157745361328,-2.332775295051479,16.146522521972656,0.0,-0.21408319473266602,-0.06715583801269531,-0.21975686463858032,-0.5567779541015625,0.0,-0.17937755584716797,0.018314361572265625,-0.16933595646956837,1.2014617919921875,0.0,-0.05455160140991211,0.0061054229736328125,-0.011769533365541547,4.366302490234375,-1.1769533365541545,-0.19682598114013672,-0.0061054229736328125,-0.18625064212099318,0.9084243774414062,0.0,0.06854867935180664,0.0061054229736328125,0.06477494332311845,-0.26373291015625,0.0,0.14812278747558594,0.09157562255859375,0.11536546406966189,-1.8461532592773438,0.0,0.3491,-0.0798709521904136,0.3454436912004166,0.6826159133241517,1.8866214720249974,0.2815275787135144,-0.10357553240060934,0.23307156648772498,-2.067114251753125,0.0,-0.9260320663452148,-0.22588539123535156,-1.0369702341119797,-1.8461532592773438,0.0,-0.08964061737060547,0.2991447448730469,0.11609693702502376,3.369964599609375,0.0,1.5403823852539062,-0.39682579040527344,1.4730782365020898,-0.4395599365234375,0.0,-1.0798110961914062,-0.15262603759765625,-1.1931669179135191,-2.0805892944335938,0.0,1.1047377586364746,-0.05494499206542969,1.0854408049866793,-0.14652252197265625,0.0,0.3606853485107422,-0.10988998413085938,0.33577066681442874,-0.27350425720214844,0.0,-0.22106552124023438,-0.15384674072265625,-0.2596928515249532,-0.47667884826660156,0.0,-0.15905237197875977,-1.3003654479980469,-0.09990717591029227,3.8388290405273438,0.0,-0.360384464263916,0.03052520751953125,-0.6727668832946965,-6.358970642089844,0.0,-1.3419265747070312,0.39682579040527344,-1.33918228174874,-0.6739959716796875,0.0,-0.43938350677490234,-0.03052520751953125,-0.5463571894550961,-1.9633712768554688,0.0,-1.4510293006896973,0.14041519165039062,-1.4336085865595223,0.08791351318359375,0.0,0.16536998748779297,0.08058547973632812,0.1787063262431836,0.1328449249267578,0.0,0.7257575988769531,0.10988998413085938,0.7637578409767068,0.4923095703125,0.0,0.0007190704345703125,0.0030689239501953125,0.0005764057802972807,0.0003663003444671631,0.0,0.0,0.0,0.0,0.0,0.0,-0.6097193956375122,0.7003788352012634,1.3084650039672852,1.4742447137832642,0.7003788352012634,1.3084650039672852,1.4742447137832642,-0.599883496761322,0.4581599533557892,-0.6559185981750488,0.3007323145866394,0.043674811720848083,-0.9527080059051514,1.087721193102569
0.6209,1787014373.4443,ramp,0,-0.314616,0.23059358134430738,2.222698480546052,1.4937508101427952,-0.14398904144763947,-0.12403532862663269,0.08125769346952438,0.9784066677093506,-2.3731303215026855,0.8241748809814453,-2.3442494445443107,0.20513153076171875,0.0,-0.1465892791748047,-0.018314361572265625,-0.18788123995927425,-4.24908447265625,0.0,-0.1588606834411621,0.05494499206542969,-0.15359539075858117,0.380950927734375,0.0,-0.06950759887695312,0.03052520751953125,-0.059441951681007334,0.615386962890625,-5.944195168100734,0.2018113136291504,0.018314361572265625,0.20465692820815978,0.380950927734375,0.0,-0.23766803741455078,0.1892547607421875,-0.23387090170387634,-0.3223419189453125,0.0,-2.4295034408569336,0.75091552734375,-2.3265251519008903,13.567764282226562,0.0,-0.21619224548339844,-0.06715583801269531,-0.219049537731592,-0.08791351318359375,0.0,-0.17899370193481445,0.03052520751953125,-0.16876857296280748,0.9670333862304688,0.0,-0.05455160140991211,0.0061054229736328125,-0.011565618449744894,4.131866455078125,-1.1565618449744894,-0.19682598114013672,0.0061054229736328125,-0.18567193308016852,0.8498153686523438,0.0,0.06854867935180664,-0.0061054229736328125,0.06461824202594812,-0.20513153076171875,0.0,0.15023231506347656,0.09157562255859375,0.11509983887077269,-1.9047622680664062,0.0,0.3491,-0.10658988979683569,0.3453591228752941,1.1791884499526681,1.8815473725176446,0.27876859442891233,-0.12539564117474944,0.2324246796171057,-1.6814425998920421,0.0,-0.9292917251586914,-0.16483497619628906,-1.0341994383699527,-1.9047622680664062,0.0,-0.08292961120605469,0.33577537536621094,0.11562063173670073,3.135528564453125,0.0,1.5338630676269531,-0.2991447448730469,1.469287949342392,-0.4981689453125,0.0,-1.0817289352416992,-0.10378456115722656,-1.190628530205473,-2.139190673828125,0.0,1.1032037734985352,-0.09157562255859375,1.0838495463508349,-0.08791351318359375,0.0,0.3583965301513672,-0.10988998413085938,0.33336685517507825,-0.3047618865966797,0.0,-0.22449874877929688,-0.1978015899658203,-0.262373867916002,-0.3672771453857422,0.0,-0.18436288833618164,-1.2026863098144531,-0.0998344314467295,4.131866455078125,0.0,-0.36076784133911133,-0.15262603759765625,-0.6707934045222548,-5.890106201171875,0.0,-1.3350238800048828,0.2991447448730469,-1.3375804203496153,-0.5567779541015625,0.0,-0.4405336380004883,-0.10378456115722656,-0.5453724846420356,-1.8461532592773438,0.0,-1.448153018951416,0.11599540710449219,-1.4302383043765234,0.14652252197265625,0.0,0.16613292694091797,0.05128288269042969,0.1796657917722398,0.21098899841308594,0.0,0.7280464172363281,0.09523773193359375,0.7657360357177752,0.4454231262207031,0.0,0.0007190704345703125,0.0030689239501953125,0.0005748555269449366,0.0006105005741119385,0.0,0.0,0.0,0.0,0.0,0.0,-0.5984886884689331,0.7490247488021851,1.9666999578475952,1.7108505964279175,0.7490247488021851,1.9666999578475952,1.7108505964279175,-0.5589749813079834,0.4671580493450165,-0.6850624084472656,0.3007323145866394,0.043674811720848083,-0.9527080059051514,1.0414542084383873
0.6401,1787014373.4634,ramp,0,-0.311354,0.259053019569762,2.7265941251355086,1.5463639543222916,-0.14517265558242798,-0.095158152282238,0.09342160075902939,0.9803786277770996,-2.3552982807159424,1.0073261260986328,-2.3381172989968686,-2.6080551147460938,0.0,-0.14697265625,-0.09157562255859375,-0.18756918683825705,-3.7216110229492188,0.0,-0.15866899490356445,0.0061054229736328125,-0.15311851323508702,0.6739959716796875,0.0,-0.06797361373901367,0.04273414611816406,-0.05905377427277893,0.615386962890625,-5.905377427277893,0.2018113136291504,0.04273414611816406,0.204110699343348,0.3223419189453125,0.0,-0.23728466033935547,-0.04273414611816406,-0.23308380507497267,0.4395599365234375,0.0,-2.411862373352051,0.9829063415527344,-2.3204971096017624,10.344322204589844,0.0,-0.21830177307128906,-0.018314361572265625,-0.2183673459142357,-0.14652252197265625,0.0,-0.1788020133972168,0.0061054229736328125,-0.16822135161184368,0.9670333862304688,0.0,-0.05455160140991211,-0.0061054229736328125,-0.011368949716208842,4.131866455078125,-1.136894971620885,-0.19625091552734375,-0.0061054229736328125,-0.1851137886516445,0.8498153686523438,0.0,0.06797361373901367,-0.0061054229736328125,0.06446710915988219,-0.08791351318359375,0.0,0.1509990692138672,-0.0061054229736328125,0.11484365274894484,-1.4945068359375,0.0,0.3491,-0.08543009145380269,0.34527755971286356,1.0310322878591622,1.8766535827718134,0.2747699972214914,-0.2319607860017864,0.2318007800799445,-1.0352943484348947,0.0,-0.9315924644470215,-0.0061054229736328125,-1.0315271037477276,-2.0805892944335938,0.0,-0.0762186050415039,0.2991447448730469,0.11516125211032546,3.135528564453125,0.0,1.5292611122131348,-0.1892547607421875,1.465632351258635,-0.6739959716796875,0.0,-1.0832629203796387,-0.06715583801269531,-1.1881803449228296,-2.0805892944335938,0.0,1.101478099822998,-0.10378456115722656,1.0823148336035247,-0.08791351318359375,0.0,0.3564891815185547,-0.09523773193359375,0.33104846375715113,-0.33601951599121094,0.0,-0.22793197631835938,-0.1978015899658203,-0.2649596135254246,-0.39853477478027344,0.0,-0.20545482635498047,-0.9584865570068359,-0.0997642719811271,4.0146484375,0.0,-0.3647947311401367,-0.25030517578125,-0.6688900539541021,-5.655677795410156,0.0,-1.3298468589782715,0.27472496032714844,-1.3360354816116355,-0.615386962890625,0.0,-0.4426426887512207,-0.10378456115722656,-0.5444227716319063,-1.7289352416992188,0.0,-1.4460439682006836,0.11599540710449219,-1.4269877862572387,0.20513153076171875,0.0,0.16765880584716797,0.09523773193359375,0.18059116238445708,0.1328449249267578,0.0,0.7303352355957031,0.124542236328125,0.7676439346710892,0.4297943115234375,0.0,0.0007190704345703125,0.0030689239501953125,0.0005733603623451601,0.0010989010334014893,0.0,0.0,0.0,0.0,0.0,0.0,-0.5842680931091309,0.8651162981987,2.4481680393218994,1.9319039583206177,0.8651162981987,2.4481680393218994,1.9319039583206177,-0.5083889961242676,0.4749884605407715,-0.7182801961898804,0.3007323145866394,0.043674811720848083,-0.9527080059051514,0.9858347134909036
0.6609,1787014373.4841,ramp,0,-0.306681,0.3001106578451342,2.987389234887589,1.6018988525337141,-0.14631220698356628,-0.06341979652643204,0.1050684005022049,0.9815963506698608,-2.3336308002471924,1.166055679321289,-2.3314665187039387,-6.769233703613281,0.0,-0.14927339553833008,-0.11599540710449219,-0.18723074139015874,-3.3113555908203125,0.0,-0.15828514099121094,0.018314361572265625,-0.15260130313124037,0.615386962890625,0.0,-0.06471395492553711,0.018314361572265625,-0.05863276621991517,0.380950927734375,-5.863276621991517,0.2021946907043457,0.0061054229736328125,0.20351827241195614,0.26373291015625,0.0,-0.23517513275146484,0.20146560668945312,-0.2322301386530583,-0.3223419189453125,0.0,-2.385594367980957,1.3247871398925781,-2.313959237234283,5.128204345703125,0.0,-0.2211775779724121,-0.09157562255859375,-0.21762745677433049,0.5567779541015625,0.0,-0.17861032485961914,0.0061054229736328125,-0.16762784825340202,1.2014617919921875,0.0,-0.05397605895996094,0.018314361572265625,-0.011155647450775425,4.131866455078125,-1.1155647450775419,-0.1951003074645996,0.018314361572265625,-0.18450843838115324,0.6739959716796875,0.0,0.0673980712890625,0.018314361572265625,0.06430319402129508,-0.20513153076171875,0.0,0.15061569213867188,-0.09157562255859375,0.11456579932925794,-1.0256423950195312,0.0,0.3491,-0.2246592489942079,0.3451890982324364,2.3558600351356347,1.8713458939461824,0.26647779862175636,-0.4146642526888086,0.23112411337097344,0.7513738634187341,0.0,-0.9317841529846191,-0.018314361572265625,-1.0286287527049967,-2.0219802856445312,0.0,-0.06854867935180664,0.372406005859375,0.11466301981260316,2.8424911499023438,0.0,1.5258097648620605,-0.14041519165039062,1.461667575878432,-0.8498153686523438,0.0,-1.0838379859924316,0.0061054229736328125,-1.1855251009620864,-2.139190673828125,0.0,1.0999445915222168,-0.07936477661132812,1.0806503203893243,-0.14652252197265625,0.0,0.3538188934326172,-0.124542236328125,0.3285339911579029,-0.2422466278076172,0.0,-0.23136520385742188,-0.13919448852539062,-0.26776405216906507,-0.39853477478027344,0.0,-0.2234783172607422,-0.7631263732910156,-0.09968817868106095,4.1904754638671875,0.0,-0.3711223602294922,-0.372406005859375,-0.6668257248622256,-5.24542236328125,0.0,-1.3248610496520996,0.1892547607421875,-1.3343598775293704,-0.5567779541015625,0.0,-0.44513559341430664,-0.14041519165039062,-0.5433927353219659,-1.5531158447265625,0.0,-1.443934440612793,0.14041519165039062,-1.4234623510433653,0.14652252197265625,0.0,0.16880321502685547,0.05128288269042969,0.1815947975042982,0.1797313690185547,0.0,0.7333869934082031,0.124542236328125,0.7697131968341332,0.3829078674316406,0.0,0.0006232261657714844,0.0030689239501953125,0.0005717387421181213,0.0008547008037567139,0.0,0.0,0.0,0.0,0.0,0.0,-0.5646876096725464,1.0498650074005127,2.8748459815979004,2.0384621620178223,1.0498650074005127,2.8748459815979004,2.0384621620178223,-0.45100149512290955,0.47763553261756897,-0.7539642453193665,0.3007323145866394,0.043674811720848083,-0.9527080059051514,0.922865767023092
0.6809,1787014373.5042,ramp,0,-0.300112,0.3121883264152389,3.2096377510218623,1.6030653170911686,-0.1474192589521408,-0.02610061876475811,0.11771894246339798,0.9816967248916626,-2.3088958263397217,1.1904754638671875,-2.325076446434008,-9.99267578125,0.0,-0.15234136581420898,-0.1770458221435547,-0.18690556287312418,-2.7838821411132812,0.0,-0.15809345245361328,0.03052520751953125,-0.15210436746403266,0.4981689453125,0.0,-0.06011199951171875,0.2625160217285156,-0.05822826152038656,-1.2014617919921875,-5.8228261520386555,0.20583820343017578,0.0061054229736328125,0.20294906838784008,-0.14652252197265625,0.0,-0.2353668212890625,-0.11599540710449219,-0.23140993562571643,0.7325973510742188,0.0,-2.3541479110717773,1.5079364776611328,-2.3076776469426608,0.380950927734375,0.0,-0.22405385971069336,-0.15262603759765625,-0.2169165710034146,1.26007080078125,0.0,-0.17861032485961914,0.018314361572265625,-0.16705760999776142,1.26007080078125,0.0,-0.05033302307128906,0.2625160217285156,-0.010950706551899456,2.8424911499023438,-1.0950706551899456,-0.1933746337890625,0.11599540710449219,-0.18392681760784735,0.20513153076171875,0.0,0.06356334686279297,-0.128204345703125,0.0641457042929363,0.5567779541015625,0.0,0.14773941040039062,-0.16483497619628906,0.11429883765648485,-0.5567779541015625,0.0,0.3491,-0.33336865840609814,0.34510410440793193,3.568512586807888,1.866246264475916,0.25625275779844314,-0.49373895017601066,0.23047397173607712,1.8205128397402452,0.0,-0.9317841529846191,0.07936477661132812,-1.0258440159055613,-2.1977996826171875,0.0,-0.06183767318725586,0.2991447448730469,0.11418431802883741,2.9011001586914062,0.0,1.5235090255737305,-0.09157562255859375,1.4578582181643496,-0.9670333862304688,0.0,-1.083646297454834,0.07936477661132812,-1.1829739415407647,-2.25640869140625,0.0,1.0984106063842773,-0.06715583801269531,1.0790510554512982,-0.14652252197265625,0.0,0.3519115447998047,-0.10988998413085938,0.32611808491498595,-0.3047618865966797,0.0,-0.23441696166992188,-0.1831493377685547,-0.2704585578992426,-0.39853477478027344,0.0,-0.23555898666381836,-0.4212455749511719,-0.09961506820901644,3.5457839965820312,0.0,-0.3786001205444336,-0.39682579040527344,-0.664842316674763,-5.010986328125,0.0,-1.32102632522583,0.1770458221435547,-1.3327499564810312,-0.4981689453125,0.0,-0.4483952522277832,-0.14041519165039062,-0.5424030760382018,-1.4945068359375,0.0,-1.4412503242492676,0.15262603759765625,-1.420075111530498,0.14652252197265625,0.0,0.16994762420654297,0.05128288269042969,0.1825590905144347,0.1328449249267578,0.0,0.7356758117675781,0.124542236328125,0.7717013447182757,0.4141654968261719,0.0,0.0007190704345703125,0.0030689239501953125,0.0005701806887786995,0.0003663003444671631,0.0,0.0,0.0,0.0,0.0,0.0,-0.5422036647796631,1.1026417016983032,3.2293832302093506,2.1107840538024902,1.1026417016983032,3.2293832302093506,2.1107840538024902,-0.38035887479782104,0.4772399067878723,-0.792192816734314,0.3007323145866394,0.043674811720848083,-0.9527080059051514,0.8483984337030009
0.7002,1787014373.5234,ramp,0,-0.294513,0.33166688636516023,3.5241565431280026,1.646542886625312,-0.14863276481628418,0.006268041208386421,0.1274484395980835,0.9806252121925354,-2.285886526107788,1.0683765411376953,-2.318919477499938,-12.219779968261719,0.0,-0.15636777877807617,-0.22588539123535156,-0.18659224653759074,-2.1977996826171875,0.0,-0.15790176391601562,0.05494499206542969,-0.15162555950443782,0.4981689453125,0.0,-0.052825927734375,0.3113555908203125,-0.05783851274079882,-2.4322357177734375,-5.783851274079882,0.20641374588012695,-0.04273414611816406,0.20240062834747913,-0.08791351318359375,0.0,-0.2340250015258789,0.15262603759765625,-0.23061965277042903,-0.14652252197265625,0.0,-2.322509765625,1.4957256317138672,-2.301625202674688,-4.483512878417969,0.0,-0.22673797607421875,-0.1770458221435547,-0.21623161762224594,1.4945068359375,0.0,-0.17841863632202148,0.03052520751953125,-0.16650817345358987,1.1428604125976562,0.0,-0.04208803176879883,0.4822959899902344,-0.010753241688530493,0.9084243774414062,-1.0753241688530495,-0.19049835205078125,0.09157562255859375,-0.18336641376867563,0.08791351318359375,0.0,0.062029361724853516,0.07936477661132812,0.0639939596296556,0.08791351318359375,0.0,0.14217901229858398,-0.20146560668945312,0.11404161447395751,-0.26373291015625,0.0,0.34806018641486147,-0.7037231381761224,0.3450222110716822,7.165217965033277,1.8613326643009307,0.24430223403807821,-0.6617660407013634,0.22984754660664033,3.2329883954073875,0.0,-0.9273743629455566,0.34798622131347656,-1.0231608634716889,-2.7838821411132812,0.0,-0.0585780143737793,0.09157562255859375,0.1137230787991657,3.0769195556640625,0.0,1.5231256484985352,0.0061054229736328125,1.4541878219444613,-1.26007080078125,0.0,-1.0811538696289062,0.15262603759765625,-1.180515845819868,-2.3150177001953125,0.0,1.096109390258789,-0.09157562255859375,1.0775101300712981,-0.08791351318359375,0.0,0.3500041961669922,-0.10988998413085938,0.32379030847413737,-0.3672771453857422,0.0,-0.23708724975585938,-0.124542236328125,-0.2730547708014726,-0.4454212188720703,0.0,-0.23901033401489258,-0.05494499206542969,-0.0995446247326177,2.9011001586914062,0.0,-0.3856945037841797,-0.2625160217285156,-0.6629312612002809,-5.0695953369140625,0.0,-1.3185334205627441,0.06715583801269531,-1.3311987637147815,-0.3223419189453125,0.0,-0.4506959915161133,-0.11599540710449219,-0.5414495185183407,-1.4945068359375,0.0,-1.4377989768981934,0.20146560668945312,-1.4168114350692604,0.02930450439453125,0.0,0.17071056365966797,0.0659332275390625,0.18348820709652544,0.1953601837158203,0.0,0.7383460998535156,0.13919448852539062,0.7736169669901245,0.367279052734375,0.0,0.0007190704345703125,0.0030689239501953125,0.0005686794716401103,0.0008547008037567139,0.0,0.0,0.0,0.0,0.0,0.0,-0.5212503671646118,1.2238357067108154,3.9381253719329834,2.1657862663269043,1.2238357067108154,3.9381253719329834,2.1657862663269043,-0.3153547942638397,0.47255560755729675,-0.82294762134552,0.3007323145866394,0.043674811720848083,-0.9527080059051514,0.781539328409195
0.7207,1787014373.5445,ramp,0,-0.286372,0.360382653845535,3.579080245869252,1.639779655879001,-0.14944890141487122,0.04403609037399292,0.13821355998516083,0.9780709743499756,-2.2640271186828613,1.0805854797363281,-2.312357624058922,-15.560440063476562,0.0,-0.1602029800415039,-0.1770458221435547,-0.18625832640636023,-1.7289352416992188,0.0,-0.15655946731567383,0.018314361572265625,-0.1511152649600123,0.4981689453125,0.0,-0.044388771057128906,0.4334545135498047,-0.05742313394031184,-3.8388290405273438,-5.742313394031184,0.20641374588012695,-0.0061054229736328125,0.20181612269143798,-0.3223419189453125,0.0,-0.23421669006347656,0.05494499206542969,-0.2297774006283647,0.14652252197265625,0.0,-2.2950897216796875,1.6300373077392578,-2.2951747474796673,-9.347991943359375,0.0,-0.22903919219970703,-0.07936477661132812,-0.21550162145866508,1.6703262329101562,0.0,-0.17784357070922852,0.0061054229736328125,-0.1659226057632866,1.2014617919921875,0.0,-0.02732372283935547,0.8363857269287109,-0.010542791464231422,-2.0805892944335938,-1.0542791464231422,-0.18608856201171875,0.23809432983398438,-0.182769157570081,-0.9084243774414062,0.0,0.06222105026245117,-0.09157562255859375,0.06383223618236085,0.615386962890625,0.0,0.13316679000854492,-0.5799751281738281,0.11376747620178983,1.9633712768554688,0.0,0.3259009027906265,-1.2690143632726438,0.34493493239998174,13.498102912735487,1.8560959439989047,0.22986593088883941,-0.6965100103500687,0.22917992753382216,4.4273664733676785,0.0,-0.9195122718811035,0.3113555908203125,-1.0203012659620199,-2.7838821411132812,0.0,-0.057044029235839844,0.04273414611816406,0.11323150831070583,3.25274658203125,0.0,1.5233173370361328,0.0061054229736328125,1.450276059139862,-1.3186798095703125,0.0,-1.0784687995910645,0.14041519165039062,-1.1778961048341279,-2.373626708984375,0.0,1.093808650970459,-0.05494499206542969,1.0758678728802389,-0.14652252197265625,0.0,0.3469524383544922,-0.16849899291992188,0.3213094566114981,-0.22661781311035156,0.0,-0.23975753784179688,-0.10988998413085938,-0.275821711604412,-0.4923076629638672,0.0,-0.23881816864013672,0.11599540710449219,-0.09946954886769878,2.6080551147460938,0.0,-0.39067983627319336,-0.25030517578125,-0.6608945340256784,-5.010986328125,0.0,-1.3175749778747559,0.03052520751953125,-1.3295455639504348,-0.26373291015625,0.0,-0.45223045349121094,-0.06715583801269531,-0.5404332547106276,-1.5531158447265625,0.0,-1.4343476295471191,0.20146560668945312,-1.4133331380619414,0.02930450439453125,0.0,0.17185497283935547,0.03663063049316406,0.1844784227215485,0.1797313690185547,0.0,0.7410163879394531,0.124542236328125,0.7756585612763424,0.367279052734375,0.0,0.0006232261657714844,0.0030689239501953125,0.0005670795339187983,0.0008547008037567139,0.0,0.0,0.0,0.0,0.0,0.0,-0.4963062107563019,1.1762394905090332,4.57703161239624,2.5267608165740967,1.1762394905090332,4.57703161239624,2.5267608165740967,-0.21905303001403809,0.4646156430244446,-0.8579906821250916,0.3007323145866394,0.043674811720848083,-0.9527080059051514,0.6890815639082887
0.7409,1787014373.5641,ramp,0,-0.276886,0.38207733000705213,3.597131950686136,1.642873716433455,-0.1498318314552307,0.08164255321025848,0.1485530287027359,0.9740723371505737,-2.2412099838256836,1.166055679321289,-2.3059263495616924,-18.78388214111328,0.0,-0.16365432739257812,-0.16483497619628906,-0.18593105118703412,-1.6703262329101562,0.0,-0.15655946731567383,0.018314361572265625,-0.15061512512617736,0.615386962890625,0.0,-0.0355687141418457,0.4456653594970703,-0.05701602105516822,-4.542121887207031,-5.701602105516821,0.20641374588012695,-0.0061054229736328125,0.2012432485251717,-0.3223419189453125,0.0,-0.23344945907592773,0.018314361572265625,-0.22895190905495702,0.3223419189453125,0.0,-2.263835906982422,1.6178264617919922,-2.288852654436267,-13.919418334960938,0.0,-0.2299976348876953,-0.03052520751953125,-0.21478615200295204,1.377288818359375,0.0,-0.17765188217163086,0.018314361572265625,-0.1653486906969261,1.1428604125976562,0.0,-0.011983871459960938,0.7387065887451172,-0.01033652913718664,-3.4871826171875,-1.0336529137186639,-0.18378734588623047,0.10378456115722656,-0.182183786593289,-0.615386962890625,0.0,0.06222105026245117,-0.0061054229736328125,0.0636737309838617,0.380950927734375,0.0,0.12108707427978516,-0.6776561737060547,0.11349879320020276,2.9597091674804688,0.0,0.29792413276488566,-1.3577105707737773,0.3448493905480484,16.755966306808585,1.8509634328829048,0.21318536424911552,-0.8013461379821609,0.22852559388320431,5.672442642241724,0.0,-0.9120345115661621,0.372406005859375,-1.0174985735974937,-3.0183181762695312,0.0,-0.05666065216064453,0.018314361572265625,0.11274971992965767,3.3113555908203125,0.0,1.5235090255737305,0.0061054229736328125,1.4464421392587543,-1.3186798095703125,0.0,-1.0765514373779297,0.07936477661132812,-1.175328495919606,-2.25640869140625,0.0,1.093233585357666,-0.09157562255859375,1.0742582961218292,-0.08791351318359375,0.0,0.3442821502685547,-0.124542236328125,0.3188779729675836,-0.2578754425048828,0.0,-0.24166488647460938,-0.09523773193359375,-0.2785335911032829,-0.5391941070556641,0.0,-0.23594236373901367,0.20146560668945312,-0.09939596699029923,2.373626708984375,0.0,-0.39432334899902344,-0.1770458221435547,-0.6588983371197924,-5.128204345703125,0.0,-1.3173828125,0.0061054229736328125,-1.3279252623727114,-0.14652252197265625,0.0,-0.45261383056640625,-0.0061054229736328125,-0.5394372142522798,-1.6703262329101562,0.0,-1.432621955871582,0.128204345703125,-1.40992405813688,0.14652252197265625,0.0,0.17223644256591797,0.05128288269042969,0.18544893334834217,0.22661781311035156,0.0,0.7433052062988281,0.09523773193359375,0.7776595284397614,0.3829078674316406,0.0,0.0007190704345703125,0.0030689239501953125,0.0005655114344851975,0.0006105005741119385,0.0,0.0,0.0,0.0,0.0,0.0,-0.47046613693237305,1.2659659385681152,4.713249206542969,2.5927608013153076,1.2659659385681152,4.713249206542969,2.5927608013153076,-0.11419707536697388,0.45033636689186096,-0.8855258822441101,0.3007323145866394,0.043674811720848083,-0.9527080059051514,0.593526945841722
0.7601,1787014373.5833,ramp,0,-0.266306,0.38115048336867724,3.637364857906181,1.6351928935335576,-0.15001997351646423,0.11944799870252609,0.15856310725212097,0.9685473442077637,-2.2189674377441406,1.1050052642822266,-2.299764646825406,-21.24542236328125,0.0,-0.1669139862060547,-0.16483497619628906,-0.18561749395738875,-1.26007080078125,0.0,-0.15636777877807617,0.018314361572265625,-0.15013594903378785,0.7325973510742188,0.0,-0.025789737701416016,0.5067157745361328,-0.05662597261617721,-5.772895812988281,-5.662597261617721,0.2066054344177246,0.018314361572265625,0.20069438681520244,-0.4395599365234375,0.0,-0.23249053955078125,0.07936477661132812,-0.22816101858855897,0.20513153076171875,0.0,-2.230088233947754,1.6056175231933594,-2.2827955567301506,-18.901092529296875,0.0,-0.23018980026245117,-0.0061054229736328125,-0.21410067199352373,1.3186798095703125,0.0,-0.1774601936340332,0.018314361572265625,-0.1647988317169816,1.377288818359375,0.0,0.0033555030822753906,0.7142848968505859,-0.010138912452423423,-5.0695953369140625,-1.013891245242342,-0.18206167221069336,0.05494499206542969,-0.18162295188610988,-0.4981689453125,0.0,0.06241321563720703,0.06715583801269531,0.06352186965128623,0.02930450439453125,0.0,0.10785675048828125,-0.7264957427978516,0.11324137225093588,4.0146484375,0.0,0.26709740465516496,-1.5302789060854842,0.34476743424788564,20.203176809479498,1.8460460548731383,0.1968500829946026,-0.8880665618166759,0.22789868712511255,6.98847703960595,0.0,-0.9039812088012695,0.372406005859375,-1.014813358214616,-3.0769195556640625,0.0,-0.05666065216064453,0.018314361572265625,0.11228812607495678,3.25274658203125,0.0,1.5237007141113281,-0.018314361572265625,1.4427689210448058,-1.377288818359375,0.0,-1.0748257637023926,0.06715583801269531,-1.1728685102851664,-2.25640869140625,0.0,1.0918912887573242,-0.11599540710449219,1.0727161859971832,-0.02930450439453125,0.0,0.3416109085083008,-0.15384674072265625,0.31654840680952284,-0.1953601837158203,0.0,-0.24357223510742188,-0.10988998413085938,-0.2811318001108243,-0.5391941070556641,0.0,-0.23076486587524414,0.3113555908203125,-0.09932546935324316,2.0805892944335938,0.0,-0.3962411880493164,-0.11599540710449219,-0.6569858123251402,-5.0695953369140625,0.0,-1.3171911239624023,0.0061054229736328125,-1.3263728769677081,-0.14652252197265625,0.0,-0.4528055191040039,0.0061054229736328125,-0.5384829235871406,-1.611724853515625,0.0,-1.4303207397460938,0.14041519165039062,-1.4066578723891687,0.20513153076171875,0.0,0.17338085174560547,0.0659332275390625,0.1863787642842299,0.1953601837158203,0.0,0.7455940246582031,0.10988998413085938,0.7795766235429747,0.367279052734375,0.0,0.0006232261657714844,0.0030689239501953125,0.0005640090631317512,0.0013431012630462646,0.0,0.0,0.0,0.0,0.0,0.0,-0.44571611285209656,1.3102595806121826,4.9473795890808105,2.6244332790374756,1.3102595806121826,4.9473795890808105,2.6244332790374756,-0.004118427634239197,0.4311004877090454,-0.9022944569587708,0.3007323145866394,0.043674811720848083,-0.9527080059051514,0.5007704827043749
0.7810,1787014373.6042,ramp,0,-0.254288,0.3824403188636299,3.6034985035880793,1.6710735297421404,-0.1499023139476776,0.1567654013633728,0.16846169531345367,0.9615479707717896,-2.195958137512207,1.0927963256835938,-2.2931126396290904,-24.175827026367188,0.0,-0.1703653335571289,-0.16483497619628906,-0.1852789860745312,-0.7912063598632812,0.0,-0.15636777877807617,0.03052520751953125,-0.14961864351755347,0.7912063598632812,0.0,-0.015435218811035156,0.5067157745361328,-0.056204886897809135,-6.769233703613281,-5.620488689780913,0.20718050003051758,0.06715583801269531,0.20010185059579086,-0.7325973510742188,0.0,-0.2313399314880371,0.03052520751953125,-0.22730719468644267,0.20513153076171875,0.0,-2.198451042175293,1.5445671081542969,-2.2762564782879866,-22.827835083007812,0.0,-0.23018980026245117,0.0061054229736328125,-0.21336064636249255,1.4945068359375,0.0,-0.17688465118408203,0.03052520751953125,-0.16420521887194617,1.1428604125976562,0.0,0.01927042007446289,0.7753353118896484,-0.009925570838032416,-6.8278350830078125,-0.9925570838032414,-0.17976093292236328,0.07936477661132812,-0.18101748994356456,-0.615386962890625,0.0,0.06241321563720703,-0.11599540710449219,0.06335792427443689,0.7325973510742188,0.0,0.09059953689575195,-0.8852252960205078,0.1129634675742105,5.128204345703125,0.0,0.22736181489539925,-1.867872390068269,0.34467895644851765,25.96430160011767,1.8407373869110586,0.17953104755293053,-0.8519418098642548,0.22722189558798,7.777667022663895,0.0,-0.8957362174987793,0.3846149444580078,-1.0119144724982752,-3.1941375732421875,0.0,-0.056468963623046875,-0.0061054229736328125,0.11178980186577955,3.25274658203125,0.0,1.5237007141113281,0.0061054229736328125,1.4388034142622523,-1.4945068359375,0.0,-1.0723328590393066,0.16483497619628906,-1.1702127764980175,-2.4908447265625,0.0,1.0892066955566406,-0.05494499206542969,1.0710513657217344,-0.14652252197265625,0.0,0.3389406204223633,-0.15384674072265625,0.3140334703526805,-0.27350425720214844,0.0,-0.24586105346679688,-0.124542236328125,-0.28393675610357516,-0.5391941070556641,0.0,-0.2225198745727539,0.39682579040527344,-0.09924936201585755,1.7289352416992188,0.0,-0.39815855026245117,-0.09157562255859375,-0.6549211024159399,-5.010986328125,0.0,-1.3171911239624023,0.0061054229736328125,-1.3246969637782056,-0.14652252197265625,0.0,-0.4528055191040039,0.0061054229736328125,-0.5374526972611446,-1.611724853515625,0.0,-1.427828311920166,0.15262603759765625,-1.403131786820268,0.20513153076171875,0.0,0.17452526092529297,0.05128288269042969,0.1873825845497641,0.1797313690185547,0.0,0.7478828430175781,0.09523773193359375,0.7816462674333714,0.39853668212890625,0.0,0.0007190704345703125,0.0030689239501953125,0.0005623871437561524,0.0008547008037567139,0.0,0.0,0.0,0.0,0.0,0.0,-0.4205400049686432,1.24844229221344,5.249536991119385,2.835796356201172,1.24844229221344,5.249536991119385,2.835796356201172,0.11526452004909515,0.4055323898792267,-0.9067842364311218,0.3007323145866394,0.043674811720848083,-0.9527080059051514,0.41211453309685514
0.8010,1787014373.6257,ramp,0,-0.238587,0.39565385892816707,3.4380179292499347,1.6714129496230712,-0.14917941391468048,0.19652603566646576,0.17943845689296722,0.9523259997367859,-2.1737160682678223,1.0805854797363281,-2.2867237635899587,-27.106224060058594,0.0,-0.1734328269958496,-0.15262603759765625,-0.18495386843138675,-0.6739959716796875,0.0,-0.15598440170288086,0.04273414611816406,-0.14912180087742358,0.5567779541015625,0.0,-0.0054645538330078125,0.5189247131347656,-0.05580045792214707,-7.706962585449219,-5.580045792214707,0.20737218856811523,0.04273414611816406,0.19953275312749383,-0.7912063598632812,0.0,-0.23057317733764648,-0.0061054229736328125,-0.22648714520229737,0.380950927734375,0.0,-2.169689178466797,1.5201473236083984,-2.2699760639191795,-26.637359619140625,0.0,-0.2296142578125,0.04273414611816406,-0.21264989367042425,1.0256423950195312,0.0,-0.17630958557128906,0.04273414611816406,-0.1636350873657343,1.1428604125976562,0.0,0.033843040466308594,0.7142848968505859,-0.009720668304390018,-7.9413909912109375,-0.9720668304390019,-0.17822694778442383,0.07936477661132812,-0.18043597805051115,-0.8498153686523438,0.0,0.06241321563720703,-0.05494499206542969,0.06320046402838374,0.4981689453125,0.0,0.07238340377807617,-0.9706954956054688,0.11269655587704983,6.0659332275390625,0.0,0.1839099042186605,-2.097313210871359,0.34459397853498047,30.48935733628626,1.8356387120988273,0.16460206907654598,-0.8186476993940289,0.2265718756605409,8.384268745472207,0.0,-0.8884496688842773,0.34798622131347656,-1.0091302570056082,-3.25274658203125,0.0,-0.056468963623046875,-0.0061054229736328125,0.11131118969568217,3.1941375732421875,0.0,1.5237007141113281,0.0061054229736328125,1.43499476966546,-1.611724853515625,0.0,-1.0696487426757812,0.128204345703125,-1.1676620946574403,-2.25640869140625,0.0,1.0869059562683105,-0.06715583801269531,1.0694524001684251,-0.08791351318359375,0.0,0.3362703323364258,-0.16849899291992188,0.3116180163709169,-0.2422466278076172,0.0,-0.24814987182617188,-0.124542236328125,-0.2866307574183712,-0.5548229217529297,0.0,-0.21523380279541016,0.3235645294189453,-0.09917626523019947,1.7289352416992188,0.0,-0.4006509780883789,-0.16483497619628906,-0.6529380655253674,-4.835166931152344,0.0,-1.3171911239624023,0.0061054229736328125,-1.3230873441094222,-0.08791351318359375,0.0,-0.4528055191040039,-0.0061054229736328125,-0.5364632232430341,-1.611724853515625,0.0,-1.424760341644287,0.1770458221435547,-1.399745181403551,0.14652252197265625,0.0,0.17528820037841797,0.05128288269042969,0.1883466970428502,0.1953601837158203,0.0,0.7494087219238281,0.0659332275390625,0.783634043133346,0.4923095703125,0.0,0.0007190704345703125,0.0030689239501953125,0.000560829382086576,0.0008547008037567139,0.0,0.0,0.0,0.0,0.0,0.0,-0.3947524428367615,1.2170408964157104,5.31692361831665,2.9234988689422607,1.2170408964157104,5.31692361831665,2.9234988689422607,0.2422480285167694,0.37312471866607666,-0.8955970406532288,0.3007323145866394,0.043674811720848083,-0.9527080059051514,0.34109076840153624
0.8204,1787014373.6440,ramp,0,-0.223127,0.44436021236754447,3.2731501482786176,1.6455259585630648,-0.1478336751461029,0.2270851582288742,0.1883036494255066,0.9439911246299744,-2.152815818786621,1.0683765411376953,-2.280516145592042,-29.626373291015625,0.0,-0.1757345199584961,-0.10378456115722656,-0.18463797466217569,-0.615386962890625,0.0,-0.15560102462768555,0.04273414611816406,-0.14863905410066472,0.615386962890625,0.0,0.004506111145019531,0.4822959899902344,-0.055407502952787575,-8.586082458496094,-5.540750295278759,0.20775556564331055,0.0061054229736328125,0.1989798014556925,-0.7912063598632812,0.0,-0.22980594635009766,0.018314361572265625,-0.22569036124440198,0.26373291015625,0.0,-2.141310691833496,1.4468860626220703,-2.263873830438456,-30.446884155273438,0.0,-0.2278885841369629,0.09157562255859375,-0.21195930565833465,0.8498153686523438,0.0,-0.17535066604614258,0.06715583801269531,-0.16308113099258462,0.9084243774414062,0.0,0.048415184020996094,0.7020759582519531,-0.009521579036126479,-9.054946899414062,-0.9521579036126475,-0.17650127410888672,0.07936477661132812,-0.17987096416211973,-0.9670333862304688,0.0,0.06241321563720703,0.04273414611816406,0.06304747106821842,0.08791351318359375,0.0,0.05225038528442383,-0.9951152801513672,0.11243721669986112,7.23809814453125,0.0,0.13731408488477206,-2.2527761509529207,0.3445114115197077,34.737657801757024,1.8306846911824621,0.14895490488195642,-0.7510460955547708,0.22594029737104823,9.206406158955952,0.0,-0.8828892707824707,0.22588539123535156,-1.0064250321590944,-3.0183181762695312,0.0,-0.056468963623046875,-0.04273414611816406,0.11084615617446174,3.3113555908203125,0.0,1.5237007141113281,-0.0061054229736328125,1.431294179670928,-1.6703262329101562,0.0,-1.0681147575378418,0.07936477661132812,-1.1651837779075858,-2.1977996826171875,0.0,1.085947036743164,-0.04273414611816406,1.0678987986763977,-0.20513153076171875,0.0,0.3332185745239258,-0.13919448852539062,0.3092710909463986,-0.21098899841308594,0.0,-0.2508201599121094,-0.13919448852539062,-0.28924832754271046,-0.5079364776611328,0.0,-0.2096729278564453,0.22588539123535156,-0.09910524226474177,1.7875442504882812,0.0,-0.4037189483642578,-0.1892547607421875,-0.6510112891382448,-4.717948913574219,0.0,-1.3169994354248047,0.0061054229736328125,-1.3215233907685622,-0.08791351318359375,0.0,-0.4533810615539551,-0.03052520751953125,-0.5355018214744489,-1.4945068359375,0.0,-1.421308994293213,0.16483497619628906,-1.3964546569657803,0.14652252197265625,0.0,0.17605113983154297,0.05128288269042969,0.18928345681521713,0.1953601837158203,0.0,0.7509346008300781,0.09523773193359375,0.7855654238856731,0.4454231262207031,0.0,0.0006232261657714844,0.0030689239501953125,0.0005593158154878036,0.0008547008037567139,0.0,0.0,0.0,0.0,0.0,0.0,-0.36802002787590027,1.197431206703186,5.315269947052002,2.924650192260742,1.197431206703186,5.315269947052002,2.924650192260742,0.3511781692504883,0.33685457706451416,-0.8736148476600647,0.3007323145866394,0.043674811720848083,-0.9527080059051514,0.30905128160601714
0.8410,1787014373.6643,ramp,0,-0.202844,0.4612507456596404,3.064817181472226,1.616302426131353,-0.14555883407592773,0.2591744065284729,0.19792629778385162,0.9340591430664062,-2.1296143531799316,1.0439567565917969,-2.273921218158649,-32.4981689453125,0.0,-0.1774601936340332,-0.06715583801269531,-0.18430237145893297,-0.4981689453125,0.0,-0.15521764755249023,0.03052520751953125,-0.14812618749667952,0.7325973510742188,0.0,0.015819072723388672,0.4822959899902344,-0.054990030500651044,-9.465202331542969,-5.499003050065104,0.20813941955566406,0.09157562255859375,0.1983923496906311,-1.1428604125976562,0.0,-0.22865581512451172,0.07936477661132812,-0.22484386386260832,0.14652252197265625,0.0,-2.109480857849121,1.373626708984375,-2.2573908627364334,-34.31501770019531,0.0,-0.22539615631103516,0.11599540710449219,-0.21122563006366527,0.5567779541015625,0.0,-0.1734333038330078,0.07936477661132812,-0.1624926118402441,0.7325973510742188,0.0,0.06337165832519531,0.6532363891601562,-0.0093100680705023,-10.285720825195312,-0.9310068070502311,-0.1747756004333496,0.06715583801269531,-0.17927069758739636,-1.0256423950195312,0.0,0.06222105026245117,-0.14041519165039062,0.06288493247927034,0.7325973510742188,0.0,0.032117366790771484,-1.0073261260986328,0.11216169667675899,7.882781982421875,0.0,0.09069319123009086,-2.2870550932352307,0.344423692933561,37.497480871137896,1.8254215760136603,0.13425250811505612,-0.7266166399182344,0.22526931326907734,10.162150479449668,0.0,-0.8807802200317383,0.05494499206542969,-1.003551021296996,-2.7252731323242188,0.0,-0.05608558654785156,0.0061054229736328125,0.11035210800210751,3.1941375732421875,0.0,1.5233173370361328,-0.06715583801269531,1.4273627002398692,-1.611724853515625,0.0,-1.0677313804626465,0.018314361572265625,-1.1625508325285792,-1.9633712768554688,0.0,1.0851802825927734,-0.07936477661132812,1.0662482639457218,-0.08791351318359375,0.0,0.3309297561645508,-0.13919448852539062,0.30677773473931913,-0.22661781311035156,0.0,-0.2538719177246094,-0.15384674072265625,-0.29202921467649157,-0.47667884826660156,0.0,-0.2066054344177246,0.11599540710449219,-0.09902978799170897,1.9633712768554688,0.0,-0.40793704986572266,-0.25030517578125,-0.6489642961599862,-4.4249114990234375,0.0,-1.3169994354248047,0.018314361572265625,-1.3198618583102752,-0.02930450439453125,0.0,-0.454531192779541,-0.03052520751953125,-0.5344804353485173,-1.4358978271484375,0.0,-1.4180488586425781,0.16483497619628906,-1.3929588281483194,0.20513153076171875,0.0,0.17681407928466797,0.03663063049316406,0.1902786634666823,0.1953601837158203,0.0,0.7528419494628906,0.0659332275390625,0.7876173085074594,0.46105194091796875,0.0,0.0006232261657714844,0.0030689239501953125,0.0005577078135315199,0.0008547008037567139,0.0,0.0,0.0,0.0,0.0,0.0,-0.33584412932395935,1.2004787921905518,5.149157524108887,2.903456211090088,1.2004787921905518,5.149157524108887,2.903456211090088,0.45855316519737244,0.29287466406822205,-0.8390193581581116,0.3007323145866394,0.043674811720848083,-0.9527080059051514,0.3174532782629285
0.8609,1787014373.6841,ramp,0,-0.179672,0.46182578871801583,2.9641105437992064,1.5577078221435385,-0.14281131327152252,0.2897636592388153,0.20712387561798096,0.9234400987625122,-2.1087141036987305,0.9340667724609375,-2.2675591077836548,-34.95970916748047,0.0,-0.17803525924682617,-0.0061054229736328125,-0.1839786158690806,-0.7912063598632812,0.0,-0.15483379364013672,0.018314361572265625,-0.1476314263374163,0.615386962890625,0.0,0.024255752563476562,0.40903472900390625,-0.05458729584650406,-9.816848754882812,-5.458729584650406,0.20871448516845703,0.06715583801269531,0.19782563640878642,-1.1428604125976562,0.0,-0.22750520706176758,0.07936477661132812,-0.22402724990748799,-0.02930450439453125,0.0,-2.0824451446533203,1.1782665252685547,-2.2511367596406284,-37.24542236328125,0.0,-0.2221364974975586,0.14041519165039062,-0.21051785501081308,0.380950927734375,0.0,-0.17189931869506836,0.06715583801269531,-0.1619248688525003,0.7912063598632812,0.0,0.07583475112915039,0.5677661895751953,-0.009106023958961524,-11.22344970703125,-0.9106023958961522,-0.17285776138305664,0.06715583801269531,-0.17869162188999405,-1.2014617919921875,0.0,0.062029361724853516,-0.0061054229736328125,0.06272813189980565,0.3223419189453125,0.0,0.01236724853515625,-0.9462757110595703,0.11189590318392673,8.586074829101562,0.0,0.04253866055869845,-2.2406606871124275,0.34433907102791617,39.903805060877794,1.8203442616749683,0.12143244139748507,-0.6373156506007559,0.22462201654599442,10.389768032240248,0.0,-0.8805880546569824,-0.018314361572265625,-1.0007784700432827,-2.4908447265625,0.0,-0.054743289947509766,0.04273414611816406,0.10987550093784075,3.1941375732421875,0.0,1.5204410552978516,-0.22588539123535156,1.4235700116424537,-1.3186798095703125,0.0,-1.0679230690002441,-0.0061054229736328125,-1.1600108365571673,-1.9047622680664062,0.0,1.0846052169799805,-0.06715583801269531,1.0646559971254455,-0.14652252197265625,0.0,0.3282594680786133,-0.13919448852539062,0.3043724001008674,-0.22661781311035156,0.0,-0.2565422058105469,-0.16849899291992188,-0.2947119296971198,-0.47667884826660156,0.0,-0.20507144927978516,0.03052520751953125,-0.09895699743894736,2.0805892944335938,0.0,-0.41368961334228516,-0.3601951599121094,-0.646989567037331,-4.0732574462890625,0.0,-1.3164243698120117,0.03052520751953125,-1.3182589820090547,-0.02930450439453125,0.0,-0.45606517791748047,-0.09157562255859375,-0.5334951066494081,-1.26007080078125,0.0,-1.415173053741455,0.14041519165039062,-1.3895864106329796,0.26373291015625,0.0,0.17757701873779297,0.05128288269042969,0.1912387368907642,0.21098899841308594,0.0,0.7543678283691406,0.08058547973632812,0.7895967565866691,0.4923095703125,0.0,0.0007190704345703125,0.0030689239501953125,0.0005561565779747369,0.0006105005741119385,0.0,0.0,0.0,0.0,0.0,0.0,-0.30028510093688965,1.1173175573349,5.008452892303467,2.803102493286133,1.1173175573349,5.008452892303467,2.803102493286133,0.5581259727478027,0.24543574452400208,-0.7926264405250549,0.3007323145866394,0.043674811720848083,-0.9527080059051514,0.3661645024601127
0.8801,1787014373.7033,ramp,0,-0.159310,1.416063737984094,0.3713516151643261,1.5436049194329695,-0.14132115244865417,0.31589052081108093,0.2151445746421814,0.9132109880447388,-2.122711658477783,-0.3846149444580078,-2.2614293345689305,-18.608055114746094,0.0,-0.1849379539489746,-0.2625160217285156,-0.18366668347152357,1.0256423950195312,0.0,-0.14505529403686523,0.8608055114746094,-0.14715473330271858,-3.135528564453125,0.0,-0.052825927734375,-2.203907012939453,-0.05419926861180933,8.937728881835938,-5.419926861180933,0.18417119979858398,-0.6898651123046875,0.1972796188626065,4.3076934814453125,0.0,-0.23038148880004883,1.2026863098144531,-0.2232404577813184,-3.6630020141601562,0.0,-2.0655717849731445,-0.8485965728759766,-2.2451110493999717,-35.83882141113281,0.0,-0.21830177307128906,0.0061054229736328125,-0.2098359271118449,0.615386962890625,0.0,-0.16576337814331055,-0.03052520751953125,-0.16137785920412978,0.26373291015625,0.0,0.019845962524414062,-3.4859580993652344,-0.00890943131032391,14.915748596191406,-0.8909431310323903,-0.21791791915893555,0.6898651123046875,-0.1781336933898557,0.08791351318359375,0.0,0.06720638275146484,-0.33577537536621094,0.06257705750225455,0.380950927734375,0.0,9.584426879882812e-05,-0.6166057586669922,0.11163981617238809,7.003662109375,0.0,0.015950865148148294,0.24878354872470945,0.34425753941968756,24.040093062497814,1.815452365181251,0.11623872948529314,0.26650710593739735,0.22399835837578597,5.108043065601155,0.0,-0.8913259506225586,-1.1782665252685547,-0.9981071692626075,-0.02930450439453125,0.0,-0.050141334533691406,0.7142848968505859,0.10941629903088018,1.4945068359375,0.0,1.513537883758545,-0.6166057586669922,1.4199158277937096,-0.5567779541015625,0.0,-1.0702238082885742,-0.4212455749511719,-1.1575635983998,-0.9084243774414062,0.0,1.0811538696289062,-0.06715583801269531,1.0631218781098455,-0.14652252197265625,0.0,0.3255891799926758,-0.13919448852539062,0.30205490559508485,-0.2422466278076172,0.0,-0.2595939636230469,-0.15384674072265625,-0.2972966749635364,-0.4297924041748047,0.0,-0.2079472541809082,0.07936477661132812,-0.09888686511581808,2.7838821411132812,0.0,-0.42481088638305664,0.45787620544433594,-0.6450869528151751,-5.0695953369140625,0.0,-1.31508207321167,0.05494499206542969,-1.3167146409588966,-0.26373291015625,0.0,-0.4608588218688965,0.0061054229736328125,-0.5325457610531359,-1.2014617919921875,0.0,-1.410954475402832,0.3601951599121094,-1.3863371500361104,-0.08791351318359375,0.0,0.17795848846435547,0.0073261260986328125,0.1921637495064267,0.2422466278076172,0.0,0.7555122375488281,0.0659332275390625,0.7915039174343601,0.4923095703125,0.0,0.0007190704345703125,0.0030689239501953125,0.0005546619918067461,0.0006105005741119385,0.0,0.0,0.0,0.0,0.0,0.0,-0.27210691571235657,1.1745576858520508,-0.05884817987680435,2.1743264198303223,1.1745576858520508,-0.05884817987680435,2.1743264198303223,0.6258351802825928,0.20962190628051758,-0.751258373260498,0.3007323145866394,0.043674811720848083,-0.9527080059051514,0.41998790485130966
0.9001,1787014373.7255,ramp,0,-0.125422,0.6635847090840332,0.4728829006688885,1.0152984073967104,-0.13157464563846588,0.32559946179389954,0.22173744440078735,0.9096733331680298,-2.1484055519104004,-1.1782665252685547,-2.2550477988627082,-14.153846740722656,0.0,-0.18743085861206055,-0.22588539123535156,-0.18334193936383683,1.0842514038085938,0.0,-0.1412200927734375,-0.22588539123535156,-0.146658461497014,0.5567779541015625,0.0,-0.06145429611206055,0.5555553436279297,-0.05379530429429709,-1.611724853515625,-5.379530429429709,0.1876225471496582,0.09157562255859375,0.1967111752440398,0.4981689453125,0.0,-0.22328662872314453,0.07936477661132812,-0.2224213504716932,0.02930450439453125,0.0,-2.080143928527832,-1.25152587890625,-2.23883785074986,-23.941390991210938,0.0,-0.22175312042236328,-0.45787620544433594,-0.20912599102059093,3.0769195556640625,0.0,-0.16518783569335938,0.16483497619628906,-0.16080838273567918,-0.08791351318359375,0.0,-0.011600494384765625,-0.8852252960205078,-0.008704764194116723,4.0732574462890625,-0.8704764194116725,-0.21580886840820312,0.10378456115722656,-0.17755284960976303,2.8424911499023438,0.0,0.06528902053833008,-0.128204345703125,0.062419778166054554,0.02930450439453125,0.0,-0.006806850433349609,-0.3601951599121094,0.1113732111364778,6.358970642089844,0.0,0.011941355044979438,0.2845494122133602,0.34417265913931333,17.478535285619827,1.8103595483588037,0.10251345038649165,-0.6272500676448041,0.22334908527183134,12.086937326638484,0.0,-0.9106922149658203,-0.8974361419677734,-0.9953261526218957,-0.02930450439453125,0.0,-0.044963836669921875,0.34798622131347656,0.1089382367497839,2.373626708984375,0.0,1.4987740516662598,-0.628814697265625,1.4161115590400395,-0.20513153076171875,0.0,-1.0702238082885742,-0.14041519165039062,-1.1550158470987641,-1.7875442504882812,0.0,1.0809617042541504,-0.0061054229736328125,1.061524749646409,-0.20513153076171875,0.0,0.3229188919067383,-0.124542236328125,0.29964222678633234,-0.21098899841308594,0.0,-0.2634086608886719,-0.15384674072265625,-0.2999875810756099,-0.33601951599121094,0.0,-0.22577953338623047,-0.7875461578369141,-0.09881385231281017,4.0146484375,0.0,-0.4422593116760254,-0.7997550964355469,-0.6431061942832466,-2.1977996826171875,0.0,-1.3087544441223145,0.16483497619628906,-1.3151068706207552,-0.4395599365234375,0.0,-0.4666109085083008,-0.20146560668945312,-0.531557423865456,-0.615386962890625,0.0,-1.4052023887634277,0.33577537536621094,-1.38295443557158,-0.14652252197265625,0.0,0.17872142791748047,0.08058547973632812,0.19312675430754658,0.22661781311035156,0.0,0.7585639953613281,0.10988998413085938,0.7934894093311589,0.3516502380371094,0.0,0.0006232261657714844,-0.0030689239501953125,0.0005531060198869127,0.0050061047077178955,0.0,0.0,0.0,0.0,0.0,0.0,-0.2200961410999298,1.303908348083496,0.07307761162519455,1.4030659198760986,1.303908348083496,0.07307761162519455,1.4030659198760986,0.6430025100708008,0.1672060787677765,-0.7473887801170349,0.3007323145866394,0.043674811720848083,-0.9527080059051514,0.42090980605011175
0.9204,1787014373.7439,ramp,0,-0.098271,0.5055373169539223,0.1707859241247187,0.6257891934726558,-0.12349498271942139,0.331131249666214,0.2267940789461136,0.9075602293014526,-2.1710309982299805,-0.9340667724609375,-2.248551592740404,-10.871795654296875,0.0,-0.1893482208251953,0.06715583801269531,-0.18301135989869652,0.14652252197265625,0.0,-0.14237070083618164,0.0061054229736328125,-0.14615327213649665,-0.26373291015625,0.0,-0.052634239196777344,0.39682579040527344,-0.05338408110392037,-2.3150177001953125,-5.338408110392037,0.1929912567138672,0.10378456115722656,0.1961325172085583,-0.14652252197265625,0.0,-0.22635459899902344,0.1892547607421875,-0.22158752454568242,-0.3223419189453125,0.0,-2.1081390380859375,-1.1904754638671875,-2.23245192840243,-17.084243774414062,0.0,-0.2255878448486328,0.018314361572265625,-0.20840329802085542,1.7875442504882812,0.0,-0.15943574905395508,0.15262603759765625,-0.16022867329093693,-0.5567779541015625,0.0,-0.012558937072753906,0.11599540710449219,-0.008496419395224008,-0.08791351318359375,-0.8496419395224009,-0.2133164405822754,0.25030517578125,-0.17696156859308523,2.1977996826171875,0.0,0.05800294876098633,0.1770458221435547,0.062259672662650686,-0.02930450439453125,0.0,-0.01064157485961914,-0.03052520751953125,0.11110181544956986,4.835166931152344,0.0,0.019483604997944864,0.3368434982308629,0.3440862536371875,16.14505922804134,1.8051752182312484,0.09517308942841059,-0.20284972877289179,0.22268814531832684,9.442660168838417,0.0,-0.9227719306945801,-0.628814697265625,-0.9924951636312667,-0.380950927734375,0.0,-0.04247140884399414,0.018314361572265625,0.10845158412253736,2.8424911499023438,0.0,1.4865021705627441,-0.6776561737060547,1.4122389310228698,0.02930450439453125,0.0,-1.068498134613037,0.15262603759765625,-1.152422315014667,-2.0805892944335938,0.0,1.0784687995910645,-0.128204345703125,1.059898922231205,-0.08791351318359375,0.0,0.3213930130004883,-0.05128288269042969,0.2971861943248527,-0.28913307189941406,0.0,-0.2664604187011719,-0.124542236328125,-0.30272684033302566,-0.41416358947753906,0.0,-0.23824310302734375,-0.628814697265625,-0.09873952753586909,4.0732574462890625,0.0,-0.46009206771850586,-0.7875461578369141,-0.641089843314721,-2.1977996826171875,0.0,-1.304344654083252,0.2991447448730469,-1.313470210105997,-0.6739959716796875,0.0,-0.4737057685852051,-0.3235645294189453,-0.5305513271537746,-0.380950927734375,0.0,-1.400792121887207,0.21367454528808594,-1.3795109367922715,-0.02930450439453125,0.0,0.18024730682373047,0.08058547973632812,0.1941070634326282,0.14847373962402344,0.0,0.7608528137207031,0.124542236328125,0.7955105787188337,0.4141654968261719,0.0,0.0007190704345703125,0.015343666076660156,0.000551522088561119,0.0006105005741119385,0.0,0.0,0.0,0.0,0.0,0.0,-0.18148042261600494,0.7182565331459045,-0.23395536839962006,0.6557896733283997,0.7182565331459045,-0.23395536839962006,0.6557896733283997,0.6440273523330688,0.1380721479654312,-0.7524393796920776,0.3007323145866394,0.043674811720848083,-0.9527080059051514,0.41139199074048977
0.9403,1787014373.7646,ramp,0,-0.081488,0.36200128986657154,-0.07088703985507719,0.3527130162222158,-0.11804698407649994,0.33247438073158264,0.2298046350479126,0.9070366621017456,-2.183302879333496,-0.45787620544433594,-2.2421860882522253,-9.699630737304688,0.0,-0.1862802505493164,0.06715583801269531,-0.18268743158893655,-0.14652252197265625,0.0,-0.14217901229858398,-0.05494499206542969,-0.1456582470278087,0.02930450439453125,0.0,-0.046114444732666016,0.128204345703125,-0.05298113159543751,-1.4945068359375,-5.298113159543751,0.1906900405883789,0.09157562255859375,0.19556550159165367,0.20513153076171875,0.0,-0.2238621711730957,-0.11599540710449219,-0.22077047493634863,0.615386962890625,0.0,-2.1309566497802734,-0.9096450805664062,-2.2261944888140905,-13.5091552734375,0.0,-0.22712182998657227,-0.05494499206542969,-0.20769514537810044,1.6703262329101562,0.0,-0.1602029800415039,0.0061054229736328125,-0.15966062741879683,0.26373291015625,0.0,-0.007190227508544922,0.1892547607421875,-0.008292266428481371,-1.0256423950195312,-0.8292266428481372,-0.20698881149291992,0.4212455749511719,-0.17638218396541555,0.8498153686523438,0.0,0.06011199951171875,0.27472496032714844,0.06210278843186865,-0.7325973510742188,0.0,-0.009874820709228516,0.11599540710449219,0.11083588015894645,4.366302490234375,0.0,0.03022035797849215,0.5252992140702575,0.3440015865867229,13.65188546981166,1.800095195203376,0.09508400937827687,0.024479976720101833,0.2220405032698389,7.838450674346008,0.0,-0.9298667907714844,-0.21367454528808594,-0.9897211332531418,-0.9084243774414062,0.0,-0.0426630973815918,-0.07936477661132812,0.1079747227938481,2.9597091674804688,0.0,1.4761476516723633,-0.4822959899902344,1.4084442190694273,-0.26373291015625,0.0,-1.0663890838623047,0.14041519165039062,-1.1498809639844296,-2.0219802856445312,0.0,1.0767431259155273,-0.07936477661132812,1.058305805954775,-0.08791351318359375,0.0,0.3198671340942383,-0.08058547973632812,0.2947795764678575,-0.28913307189941406,0.0,-0.2687492370605469,-0.13919448852539062,-0.30541098655146154,-0.4923076629638672,0.0,-0.24898052215576172,-0.4334545135498047,-0.09866669815017937,3.9560470581054688,0.0,-0.47638988494873047,-0.628814697265625,-0.6391140606966442,-2.1977996826171875,0.0,-1.3008933067321777,0.16483497619628906,-1.3118664786885859,-0.4395599365234375,0.0,-0.4798412322998047,-0.1892547607421875,-0.5295654727930641,-0.4395599365234375,0.0,-1.3982996940612793,0.14041519165039062,-1.3761367201307242,0.14652252197265625,0.0,0.18101024627685547,0.03663063049316406,0.19506764904491097,0.2422466278076172,0.0,0.7639045715332031,0.15384674072265625,0.7974910828109741,0.3047637939453125,0.0,0.0007190704345703125,-0.0030689239501953125,0.0005499700254378927,0.0003663003444671631,0.0,0.0,0.0,0.0,0.0,0.0,-0.16412478685379028,0.341541588306427,-0.6327563524246216,0.21803858876228333,0.341541588306427,-0.6327563524246216,0.21803858876228333,0.6359492540359497,0.12609229981899261,-0.761360228061676,0.3007323145866394,0.043674811720848083,-0.9527080059051514,0.3972937131124395
0.9610,1787014373.7841,ramp,0,-0.069065,0.31858890120010813,-0.35965897310881956,0.25806298943452505,-0.11324512958526611,0.33124858140945435,0.2314852923154831,0.9076697826385498,-2.186370849609375,-0.018314361572265625,-2.235587602799014,-10.285713195800781,0.0,-0.18091154098510742,0.25030517578125,-0.18235164732489215,-1.1428604125976562,0.0,-0.14275407791137695,0.05494499206542969,-0.14514510372789927,-0.3223419189453125,0.0,-0.043238162994384766,0.16483497619628906,-0.052563433913338516,-2.0219802856445312,-5.256343391333852,0.19720935821533203,-0.05494499206542969,0.19497773289133505,0.14652252197265625,0.0,-0.2221364974975586,0.1770458221435547,-0.21992352086196945,-0.26373291015625,0.0,-2.146296501159668,-0.5555553436279297,-2.2197080234954827,-11.106231689453125,0.0,-0.2269301414489746,0.0061054229736328125,-0.20696107395916571,1.5531158447265625,0.0,-0.1588606834411621,0.03052520751953125,-0.1590717907553345,-0.08791351318359375,0.0,-0.004313945770263672,0.03052520751953125,-0.008080641350880213,-0.4395599365234375,-0.8080641350880213,-0.20104408264160156,0.23809432983398438,-0.17578159354173542,1.0256423950195312,0.0,0.05896139144897461,-0.04273414611816406,0.06194016215196011,0.615386962890625,0.0,-0.007381916046142578,0.10378456115722656,0.11056021149043274,4.131866455078125,0.0,0.04400658042255483,0.6373591155432129,0.34391382067564796,11.850759638664275,1.7948292405388777,0.09566182657124812,0.07261366810856838,0.2213691571661998,7.598394020672017,0.0,-0.932551383972168,-0.0061054229736328125,-0.986845571837575,-1.1428604125976562,0.0,-0.04285478591918945,-0.0061054229736328125,0.10748040807827466,2.9011001586914062,0.0,1.4692449569702148,-0.3113555908203125,1.404510618571553,-0.4981689453125,0.0,-1.0654301643371582,-0.0061054229736328125,-1.1472465981088467,-1.7875442504882812,0.0,1.0757842063903809,-0.10378456115722656,1.0566543807464794,-0.02930450439453125,0.0,0.3171968460083008,-0.124542236328125,0.2922848750737554,-0.2422466278076172,0.0,-0.2714195251464844,-0.15384674072265625,-0.30819337399766233,-0.4923076629638672,0.0,-0.2574172019958496,-0.3846149444580078,-0.0985912031689202,4.0146484375,0.0,-0.4873199462890625,-0.4334545135498047,-0.6370659633481468,-2.139190673828125,0.0,-1.2978253364562988,0.20146560668945312,-1.3102040498193113,-0.5567779541015625,0.0,-0.4836764335632324,-0.04273414611816406,-0.5285435356205721,-0.6739959716796875,0.0,-1.3944644927978516,0.128204345703125,-1.3726390052836839,0.14652252197265625,0.0,0.18215465545654297,0.0659332275390625,0.19606339261888592,0.14847373962402344,0.0,0.7661933898925781,0.09523773193359375,0.7995440744420828,0.39853668212890625,0.0,0.0007190704345703125,0.0030689239501953125,0.0005483611559507853,0.0006105005741119385,0.0,0.0,0.0,0.0,0.0,0.0,-0.15309135615825653,0.24799010157585144,-1.021881341934204,0.1077088788151741,0.24799010157585144,-1.021881341934204,0.1077088788151741,0.6211854219436646,0.11950404942035675,-0.7744983434677124,0.3007323145866394,0.043674811720848083,-0.9527080059051514,0.37665400963395235
0.9810,1787014373.8042,ramp,0,-0.063255,0.006638814310025493,-0.6109535885671787,-0.07212445268844729,-0.110073983669281,0.3267536759376526,0.2324838936328888,0.9094322323799133,-2.1844534873962402,-0.018314361572265625,-2.229210647532091,-9.406593322753906,0.0,-0.17726850509643555,-0.04273414611816406,-0.18202713630697273,-0.4981689453125,0.0,-0.14045333862304688,0.07936477661132812,-0.14464918812844138,-0.6739959716796875,0.0,-0.05244255065917969,-0.75091552734375,-0.05215975954704186,3.0183181762695312,-5.215975954704186,0.18743085861206055,0.2991447448730469,0.1944096972813747,-0.380950927734375,0.0,-0.22290325164794922,0.06715583801269531,-0.21910500147843037,0.26373291015625,0.0,-2.152432441711426,-0.16483497619628906,-2.2134393275241857,-10.989013671875,0.0,-0.22501230239868164,0.21367454528808594,-0.20625164743478122,0.5567779541015625,0.0,-0.16039466857910156,0.0061054229736328125,-0.1585027230368332,0.20513153076171875,0.0,-0.004313945770263672,0.16483497619628906,-0.007876121137447756,-0.8498153686523438,-0.7876121137447756,-0.19529199600219727,-0.0061054229736328125,-0.17520116667064384,1.611724853515625,0.0,0.058194637298583984,-0.0061054229736328125,0.06178299570527223,0.6739959716796875,0.0,-0.004889488220214844,0.27472496032714844,0.11029379781413243,3.0183181762695312,0.0,0.05780405962057203,0.7322175648063095,0.34382900131931926,10.619811316902812,1.7897400791591629,0.10133979421544623,0.14346532702016518,0.22072035008738047,5.572362560587935,0.0,-0.9308257102966309,0.07936477661132812,-0.98406655131167,-1.377288818359375,0.0,-0.043238162994384766,0.07936477661132812,0.1070026889332761,2.6666641235351562,0.0,1.4652185440063477,-0.09157562255859375,1.4007090803866526,-0.9084243774414062,0.0,-1.0652384757995605,-0.03052520751953125,-1.1447006754930555,-1.6703262329101562,0.0,1.073866844177246,-0.11599540710449219,1.0550583986450344,-0.02930450439453125,0.0,0.3152894973754883,-0.09523773193359375,0.28987392800001777,-0.33601951599121094,0.0,-0.2740898132324219,-0.13919448852539062,-0.31088234867306075,-0.46105003356933594,0.0,-0.26297807693481445,-0.2625160217285156,-0.09851824277190478,3.8388290405273438,0.0,-0.4934554100036621,-0.3235645294189453,-0.6350866265342244,-2.3150177001953125,0.0,-1.294565200805664,0.1770458221435547,-1.3085974334815202,-0.5567779541015625,0.0,-0.4842519760131836,-0.128204345703125,-0.5275559078261641,-0.615386962890625,0.0,-1.3913969993591309,0.16483497619628906,-1.369258718811252,0.14652252197265625,0.0,0.18329906463623047,0.08058547973632812,0.19702570620941962,0.1953601837158203,0.0,0.7684822082519531,0.10988998413085938,0.8015281412234343,0.3516502380371094,0.0,0.0006232261657714844,0.0030689239501953125,0.0005468063008522403,0.0006105005741119385,0.0,0.0,0.0,0.0,0.0,0.0,-0.15357451140880585,-0.15082880854606628,-1.332018494606018,-0.4001595675945282,-0.15082880854606628,-1.332018494606018,-0.4001595675945282,0.6015006899833679,0.1222047358751297,-0.7894701361656189,0.3007323145866394,0.043674811720848083,-0.9527080059051514,0.35293454447239936
1.0002,1787014373.8239,ramp,0,-0.064242,0.016400720751278807,-0.7436010485111452,-0.10976520535097735,-0.10894202440977097,0.3204995393753052,0.23256337642669678,0.911770761013031,-2.1825361251831055,0.25030517578125,-2.223063309470083,-9.699630737304688,0.0,-0.17630958557128906,0.03052520751953125,-0.18171431006803954,-0.8498153686523438,0.0,-0.13661813735961914,0.05494499206542969,-0.14417112913124192,-1.0842514038085938,0.0,-0.055893898010253906,-0.34798622131347656,-0.05177062042143691,2.139190673828125,-5.177062042143691,0.18225383758544922,-0.28693580627441406,0.19386211512350743,2.7838821411132812,0.0,-0.2238621711730957,0.2625160217285156,-0.21831595480171617,-0.3223419189453125,0.0,-2.152240753173828,0.14041519165039062,-2.2073963506283945,-11.926742553710938,0.0,-0.22271156311035156,0.16483497619628906,-0.2055677654734058,0.8498153686523438,0.0,-0.15809345245361328,0.0061054229736328125,-0.15795414593390936,0.02930450439453125,0.0,-0.006039619445800781,-0.03052520751953125,-0.007678965153148382,0.02930450439453125,-0.7678965153148383,-0.1951003074645996,0.018314361572265625,-0.17464163942801433,1.7875442504882812,0.0,0.05972862243652344,0.05494499206542969,0.0616314884044752,-0.08791351318359375,0.0,-0.0012464523315429688,0.11599540710449219,0.1100369769860085,3.7216110229492188,0.0,0.06873205182549978,0.3606867780341582,0.3437472360825049,12.624110991003331,1.7848341649502952,0.10622134125118626,0.27886033273497907,0.2200949048265028,5.467420782427823,0.0,-0.9283328056335449,0.23809432983398438,-0.9813875959263926,-1.7289352416992188,0.0,-0.0426630973815918,0.06715583801269531,0.10654217118458935,2.8424911499023438,0.0,1.4634928703308105,-0.1892547607421875,1.3970444254847392,-0.7912063598632812,0.0,-1.0652384757995605,0.04273414611816406,-1.14224642478188,-1.7289352416992188,0.0,1.0723328590393066,-0.09157562255859375,1.053519883615866,-0.08791351318359375,0.0,0.3133821487426758,-0.10988998413085938,0.2875497927204826,-0.27350425720214844,0.0,-0.2763786315917969,-0.124542236328125,-0.31347450051950587,-0.4923076629638672,0.0,-0.2675800323486328,-0.11599540710449219,-0.09844790948480796,3.6630020141601562,0.0,-0.49460601806640625,0.16483497619628906,-0.6331785603765596,-3.25274658203125,0.0,-1.2916889190673828,0.14041519165039062,-1.3070486671265835,-0.4395599365234375,0.0,-0.48444366455078125,0.05494499206542969,-0.5266038418828524,-0.8498153686523438,0.0,-1.3885202407836914,0.1892547607421875,-1.3660001474676118,0.08791351318359375,0.0,0.18444347381591797,0.05128288269042969,0.1979533694460366,0.1797313690185547,0.0,0.7707710266113281,0.10988998413085938,0.8034407670349766,0.3516502380371094,0.0,0.0006232261657714844,0.0030689239501953125,0.0005453074319519407,0.0006105005741119385,0.0,0.0,0.0,0.0,0.0,0.0,-0.16086475551128387,-0.2761068046092987,-1.088115930557251,-0.285510778427124,-0.2761068046092987,-1.088115930557251,-0.285510778427124,0.5815002918243408,0.13030721247196198,-0.8030425906181335,0.3007323145866394,0.043674811720848083,-0.9527080059051514,0.33126333247514894
1.0201,1787014373.8438,ramp,0,-0.064064,0.11746274790909356,-0.11958979802698302,-0.05452198153556753,-0.10718771815299988,0.3145986795425415,0.2320341020822525,0.9141656160354614,-2.177359104156494,0.22588539123535156,-2.2167022726355574,-9.289375305175781,0.0,-0.1761178970336914,-0.04273414611816406,-0.1813906091086018,-0.4981689453125,0.0,-0.1358509063720703,0.03052520751953125,-0.14367645145781835,-0.9670333862304688,0.0,-0.06567239761352539,-0.5067157745361328,-0.05136795372460656,3.3113555908203125,-5.136795372460656,0.1770763397216797,-0.33577537536621094,0.19329549746868055,3.4285736083984375,0.0,-0.2225198745727539,-0.03052520751953125,-0.21749947864177321,0.615386962890625,0.0,-2.148405075073242,0.20146560668945312,-2.2011433028479446,-11.633697509765625,0.0,-0.22021913528442383,0.11599540710449219,-0.20486010985028952,0.9084243774414062,0.0,-0.15771007537841797,0.05494499206542969,-0.1573864987469356,-0.08791351318359375,0.0,-0.014476776123046875,-0.5799751281738281,-0.007474955471945681,3.6630020141601562,-0.7474955471945681,-0.19701766967773438,-0.10378456115722656,-0.17406266144365984,2.7252731323242188,0.0,0.05953693389892578,-0.09157562255859375,0.06147471428349011,0.5567779541015625,0.0,0.0006709098815917969,0.018314361572265625,0.10977122834308517,4.0146484375,0.0,0.0738233089693217,0.22715269991743264,0.3436626284559333,13.705504871998663,1.7797577073559996,0.10790144392174646,0.07927272179994807,0.21944771732806173,6.558239941566196,0.0,-0.9139518737792969,0.9462757110595703,-0.9786155125120903,-3.3113555908203125,0.0,-0.042279720306396484,-0.10378456115722656,0.10606564454284607,3.0183181762695312,0.0,1.4611921310424805,-0.0061054229736328125,1.3932523768643836,-1.1428604125976562,0.0,-1.0600614547729492,0.4334545135498047,-1.1397068574085756,-2.6080551147460938,0.0,1.0713744163513184,-0.06715583801269531,1.0519278854741831,-0.14652252197265625,0.0,0.3103303909301758,-0.16849899291992188,0.2851448639574279,-0.21098899841308594,0.0,-0.2790489196777344,-0.124542236328125,-0.3161567628596601,-0.4923076629638672,0.0,-0.2668132781982422,0.22588539123535156,-0.09837513121470091,2.9011001586914062,0.0,-0.4781155586242676,1.0927963256835938,-0.6312041644690645,-5.421241760253906,0.0,-1.289196491241455,0.06715583801269531,-1.305446061294197,-0.380950927734375,0.0,-0.48175859451293945,0.28693580627441406,-0.5256186794477926,-1.377288818359375,0.0,-1.386986255645752,0.1770458221435547,-1.362628299012924,0.14652252197265625,0.0,0.18520641326904297,0.0659332275390625,0.1989132808676362,0.1953601837158203,0.0,0.7730598449707031,0.10988998413085938,0.805419881102751,0.33602142333984375,0.0,0.0007190704345703125,0.0030689239501953125,0.0005437564581501491,0.0006105005741119385,0.0,0.0,0.0,0.0,0.0,0.0,-0.16328434646129608,0.033366378396749496,-0.3401530981063843,-0.08803218603134155,0.033366378396749496,-0.3401530981063843,-0.08803218603134155,0.5664103627204895,0.1339692771434784,-0.8131613731384277,0.3007323145866394,0.043674811720848083,-0.9527080059051514,0.31468343949425087
1.0404,1787014373.8638,ramp,0,-0.072567,-0.32197997079513324,0.08990359129014018,-0.26644615449290376,-0.10988904535770416,0.3136254847049713,0.230181023478508,0.9146475791931152,-2.175058364868164,0.20146560668945312,-2.210226095071992,-8.703300476074219,0.0,-0.17669296264648438,-0.09157562255859375,-0.18106104885838645,-0.26373291015625,0.0,-0.135467529296875,-0.03052520751953125,-0.14317281965483397,-0.5567779541015625,0.0,-0.06567239761352539,0.11599540710449219,-0.05095799838313555,0.7912063598632812,-5.095799838313555,0.1703653335571289,0.05494499206542969,0.19271862350319852,2.139190673828125,0.0,-0.2221364974975586,0.05494499206542969,-0.21666822349803488,0.3223419189453125,0.0,-2.137667655944824,0.7142848968505859,-2.1947770690415536,-14.857147216796875,0.0,-0.2177262306213379,0.14041519165039062,-0.20413964499709417,0.5567779541015625,0.0,-0.15790176391601562,0.018314361572265625,-0.1568085766138098,0.20513153076171875,0.0,-0.025214672088623047,-0.372406005859375,-0.0072672530242906055,3.6043930053710938,-0.7267253024290605,-0.20027732849121094,-0.11599540710449219,-0.1734732034151002,3.0183181762695312,0.0,0.05915355682373047,0.04273414611816406,0.06131510240396749,0.3223419189453125,0.0,0.003547191619873047,0.2625160217285156,0.10950066940063306,2.6666641235351562,0.0,0.08237441377360531,0.638028487283584,0.34357648935201623,9.992659687769851,1.7745893611209738,0.11452198720207711,0.4565819788950787,0.2187888151292763,3.6645323728150827,0.0,-0.8872990608215332,1.3247871398925781,-0.9757932517896567,-4.542121887207031,0.0,-0.04534769058227539,-0.22588539123535156,0.10558049232222871,3.3113555908203125,0.0,1.4611921310424805,0.07936477661132812,1.3893916886096318,-1.4358978271484375,0.0,-1.0472145080566406,0.6166057586669922,-1.1371213214854239,-3.0769195556640625,0.0,1.0694570541381836,-0.09157562255859375,1.0503070706739224,-0.14652252197265625,0.0,0.3080415725708008,-0.15384674072265625,0.28269640372957117,-0.3203907012939453,0.0,-0.2805747985839844,-0.05128288269042969,-0.3188875766623126,-0.6173381805419922,0.0,-0.25895118713378906,0.47008514404296875,-0.09830103558968831,2.25640869140625,0.0,-0.44417715072631836,1.8620262145996094,-0.6291940301450005,-7.589744567871094,0.0,-1.2888131141662598,0.04273414611816406,-1.3038144467940875,-0.20513153076171875,0.0,-0.47293853759765625,0.4945049285888672,-0.5246156846492445,-1.9047622680664062,0.0,-1.3843021392822266,0.14041519165039062,-1.3591954169407012,0.20513153076171875,0.0,0.18635082244873047,0.05128288269042969,0.1998905675857122,0.1953601837158203,0.0,0.7753486633300781,0.09523773193359375,0.8074348189902176,0.3829078674316406,0.0,0.0007190704345703125,0.0030689239501953125,0.0005421774102687844,0.0003663003444671631,0.0,0.0,0.0,0.0,0.0,0.0,-0.17850171029567719,-0.7950131893157959,-0.5210898518562317,-0.4520195722579956,-0.7950131893157959,-0.5210898518562317,-0.4520195722579956,0.5585113167762756,0.14728155732154846,-0.8163169026374817,0.3007323145866394,0.043674811720848083,-0.9527080059051514,0.3107433304240537
1.0601,1787014373.8832,ramp,0,-0.088085,-0.41775097201990874,0.1250503518484599,-0.257404256538894,-0.11521922796964645,0.3105255365371704,0.2286655455827713,0.9154290556907654,-2.168921947479248,0.3235645294189453,-2.2039263605928654,-9.054946899414062,0.0,-0.17822694778442383,-0.03052520751953125,-0.18074046745819264,-0.380950927734375,0.0,-0.13565921783447266,0.018314361572265625,-0.14268290927129298,-0.4981689453125,0.0,-0.06356334686279297,0.06715583801269531,-0.05055921225131346,0.5567779541015625,-5.055921225131346,0.1717071533203125,0.05494499206542969,0.19215746643565557,1.9047622680664062,0.0,-0.2211775779724121,0.05494499206542969,-0.2158596158527749,0.380950927734375,0.0,-2.125971794128418,0.372406005859375,-2.1885842829082742,-13.860809326171875,0.0,-0.21715116500854492,-0.0061054229736328125,-0.20343880916729723,1.2014617919921875,0.0,-0.15771007537841797,0.03052520751953125,-0.15624639993589018,0.3223419189453125,0.0,-0.024064064025878906,0.2625160217285156,-0.007065209417850113,0.380950927734375,-0.7065209417850111,-0.20027732849121094,0.11599540710449219,-0.17289980513655281,1.8461532592773438,0.0,0.05915355682373047,0.018314361572265625,0.061159839140902575,0.26373291015625,0.0,0.010449886322021484,0.3846149444580078,0.10923748182097331,1.8461532592773438,0.0,0.09738112965244347,0.706639305346413,0.3434926971030204,8.015788619646292,1.7695618261812243,0.12369388500746335,0.5315080238413405,0.21814786468291825,2.7427537048506725,0.0,-0.8617973327636719,1.288156509399414,-0.9730478833979331,-4.893775939941406,0.0,-0.05052518844604492,-0.3113555908203125,0.10510855804589835,3.6630020141601562,0.0,1.462533950805664,0.07936477661132812,1.3856361845838543,-1.4945068359375,0.0,-1.0372438430786133,0.3846149444580078,-1.1346062283394704,-2.7838821411132812,0.0,1.0667724609375,-0.09157562255859375,1.0487304148794725,-0.02930450439453125,0.0,0.3057527542114258,-0.15384674072265625,0.2803146516594953,-0.27350425720214844,0.0,-0.2821016311645508,-0.09523773193359375,-0.3215439896003134,-0.6017093658447266,0.0,-0.24476242065429688,0.8608055114746094,-0.09822895869570837,1.26007080078125,0.0,-0.407745361328125,1.8498172760009766,-0.6272386618147334,-8.117218017578125,0.0,-1.2884297370910645,0.0061054229736328125,-1.3022272855369887,-0.20513153076171875,0.0,-0.4608588218688965,0.6898651123046875,-0.5236400163861711,-2.4908447265625,0.0,-1.3804669380187988,0.14041519165039062,-1.355856063542668,0.20513153076171875,0.0,0.18749523162841797,0.0659332275390625,0.2008412281834841,0.16410255432128906,0.0,0.7768745422363281,0.08058547973632812,0.8093948600110795,0.4297943115234375,0.0,0.0006232261657714844,0.009205818176269531,0.0005406413834559325,0.0006105005741119385,0.0,0.0,0.0,0.0,0.0,0.0,-0.2041790634393692,-0.9622886180877686,-0.5608724355697632,-0.5311930179595947,-0.9622886180877686,-0.5608724355697632,-0.5311930179595947,0.5420389771461487,0.17039285600185394,-0.8228974342346191,0.3007323145866394,0.043674811720848083,-0.9527080059051514,0.3030476004171535
1.0813,1787014373.9045,ramp,0,-0.102094,-0.3417341013388505,0.32947403952358895,-0.27759606096300893,-0.12050893157720566,0.31030723452568054,0.22694723308086395,0.9152497053146362,-2.165278911590576,0.07936477661132812,-2.1971659296440382,-7.531135559082031,0.0,-0.17956924438476562,-0.0061054229736328125,-0.180396442098605,-0.26373291015625,0.0,-0.13565921783447266,0.0061054229736328125,-0.14215717198347305,-0.380950927734375,0.0,-0.06183767318725586,0.05494499206542969,-0.05013126308671524,0.7325973510742188,-5.013126308671524,0.1730494499206543,0.06715583801269531,0.1915552722290363,1.6703262329101562,0.0,-0.22060251235961914,0.05494499206542969,-0.21499187512995782,0.3223419189453125,0.0,-2.1244373321533203,0.04273414611816406,-2.1819386213849827,-11.047622680664062,0.0,-0.21715116500854492,-0.0061054229736328125,-0.20268672155955686,1.26007080078125,0.0,-0.15732669830322266,0.0061054229736328125,-0.1556431115552911,0.3223419189453125,0.0,-0.012175559997558594,0.47008514404296875,-0.006848390462302295,-1.5531158447265625,-0.6848390462302296,-0.19567537307739258,0.372406005859375,-0.1722844745252168,0.3223419189453125,0.0,0.05915355682373047,0.03052520751953125,0.060993221552126775,0.20513153076171875,0.0,0.019462108612060547,0.4945049285888672,0.10895504746365653,0.8498153686523438,0.0,0.1079512309486288,0.36816153232700655,0.34340277716825807,10.255280406710293,1.7641666300954828,0.13331481766008307,0.4185435187090389,0.21746004184711779,2.5738622792505974,0.0,-0.8378291130065918,0.9706954956054688,-0.9701017475722357,-4.659339904785156,0.0,-0.05685234069824219,-0.2625160217285156,0.10460211144912715,3.6043930053710938,0.0,1.4644513130187988,0.03052520751953125,1.3816060424043017,-1.5531158447265625,0.0,-1.032066822052002,0.16483497619628906,-1.131907207674485,-2.4908447265625,0.0,1.06447172164917,-0.11599540710449219,1.047038459025815,-0.02930450439453125,0.0,0.3027009963989258,-0.124542236328125,0.27775872323738116,-0.2578754425048828,0.0,-0.2843904495239258,-0.15384674072265625,-0.3243946647039113,-0.5548229217529297,0.0,-0.22367048263549805,1.0317459106445312,-0.09815161085408555,0.615386962890625,0.0,-0.3728480339050293,1.3492069244384766,-0.6251402983646399,-7.76556396484375,0.0,-1.2882375717163086,0.0061054229736328125,-1.30052405596139,-0.20513153076171875,0.0,-0.44590234756469727,0.6043949127197266,-0.5225929979851062,-2.6666641235351562,0.0,-1.3752899169921875,0.16483497619628906,-1.3522725048806428,0.14652252197265625,0.0,0.18863964080810547,0.05128288269042969,0.20186141012104059,0.1797313690185547,0.0,0.7784004211425781,0.05128288269042969,0.8114982378633221,0.4454231262207031,0.0,0.0007190704345703125,0.0030689239501953125,0.0005389930277612223,0.0003663003444671631,0.0,0.0,0.0,0.0,0.0,0.0,-0.23010672628879547,-0.7805372476577759,-0.019906572997570038,-0.6425837874412537,-0.7805372476577759,-0.019906572997570038,-0.6425837874412537,0.5334601402282715,0.19291701912879944,-0.8235310316085815,0.3007323145866394,0.043674811720848083,-0.9527080059051514,0.3063558734255227
1.1001,1787014373.9236,ramp,0,-0.111132,-0.18395462321440165,0.22470611447771238,-0.2561555003037558,-0.12398640811443329,0.31174471974372864,0.2251231074333191,0.9147470593452454,-2.1637449264526367,0.10378456115722656,-2.1911451012962586,-6.593406677246094,0.0,-0.18091154098510742,-0.0061054229736328125,-0.18009005369629172,-0.08791351318359375,0.0,-0.13565921783447266,0.0061054229736328125,-0.14168895124577877,-0.615386962890625,0.0,-0.06087923049926758,0.04273414611816406,-0.04975013228586464,0.7325973510742188,-4.975013228586464,0.17400884628295898,0.04273414611816406,0.19101895908901206,1.6703262329101562,0.0,-0.2198352813720703,0.10378456115722656,-0.2142190667125644,0.20513153076171875,0.0,-2.124629020690918,0.018314361572265625,-2.176020006493113,-10.344329833984375,0.0,-0.21715116500854492,0.018314361572265625,-0.20201691361048182,1.1428604125976562,0.0,-0.1575183868408203,0.018314361572265625,-0.15510582394577452,0.20513153076171875,0.0,-0.003930568695068359,0.40903472900390625,-0.0066552918678813525,-1.9047622680664062,-0.6655291867881354,-0.19088220596313477,0.1770458221435547,-0.17173646212541097,0.7912063598632812,0.0,0.059345245361328125,0.05494499206542969,0.06084483220988903,0.20513153076171875,0.0,0.02847433090209961,0.3846149444580078,0.10870351190360247,1.1428604125976562,0.0,0.1153280715744567,0.3691103965137679,0.34332269462672393,10.13149391591859,1.7593616776034349,0.1397720824647212,0.28466289277107976,0.21684746799503865,3.013265997336853,0.0,-0.8236398696899414,0.5921859741210938,-0.9674779239979636,-4.0732574462890625,0.0,-0.05915355682373047,-0.05494499206542969,0.10415107096819363,3.3113555908203125,0.0,1.46502685546875,0.05494499206542969,1.3780168046080865,-1.611724853515625,0.0,-1.0297660827636719,0.06715583801269531,-1.1295034644436177,-2.25640869140625,0.0,1.0635128021240234,-0.06715583801269531,1.0455316060094906,-0.14652252197265625,0.0,0.3004121780395508,-0.15384674072265625,0.2754824177155518,-0.22661781311035156,0.0,-0.2870607376098633,-0.13919448852539062,-0.3269334711208352,-0.5235652923583984,0.0,-0.20718050003051758,0.7264957427978516,-0.0980827249973987,0.7912063598632812,0.0,-0.3484964370727539,1.1172161102294922,-0.6232714994315688,-7.76556396484375,0.0,-1.2882375717163086,0.0061054229736328125,-1.2990071625874078,-0.14652252197265625,0.0,-0.43535661697387695,0.45787620544433594,-0.5216605251712432,-2.4908447265625,0.0,-1.3716468811035156,0.21367454528808594,-1.3490809936084216,0.02930450439453125,0.0,0.18940258026123047,0.0659332275390625,0.2027699824259761,0.1953601837158203,0.0,0.7791633605957031,0.03663063049316406,0.8133715026144503,0.4923095703125,0.0,0.0007190704345703125,0.0030689239501953125,0.0005375250049725779,0.0003663003444671631,0.0,0.0,0.0,0.0,0.0,0.0,-0.2485903948545456,-0.48773443698883057,-0.12484538555145264,-0.5515648126602173,-0.48773443698883057,-0.12484538555145264,-0.5515648126602173,0.5293595790863037,0.20873799920082092,-0.8223181366920471,0.3007323145866394,0.043674811720848083,-0.9527080059051514,0.31193628453422273
1.1220,1787014373.9454,ramp,0,-0.117452,-0.01796933615720039,0.10478151548981439,-0.21721289463185411,-0.12607555091381073,0.3128436207771301,0.2229171246290207,0.9146265983581543,-2.1616358757019043,0.11599540710449219,-2.184144491868717,-6.3003692626953125,0.0,-0.18263721466064453,-0.05494499206542969,-0.17973380611475837,0.380950927734375,0.0,-0.13565921783447266,0.0061054229736328125,-0.14114453603891075,-0.380950927734375,0.0,-0.06049537658691406,0.0061054229736328125,-0.04930697933025095,0.9670333862304688,-4.930697933025096,0.17650127410888672,0.1892547607421875,0.19039537067105752,0.6739959716796875,0.0,-0.21887683868408203,0.0061054229736328125,-0.21332049768186245,0.4395599365234375,0.0,-2.1244373321533203,0.06715583801269531,-2.169138243915495,-9.465194702148438,0.0,-0.21657609939575195,0.018314361572265625,-0.20123810651416824,1.2014617919921875,0.0,-0.157135009765625,0.018314361572265625,-0.15448110248101626,0.14652252197265625,0.0,0.001438140869140625,0.21367454528808594,-0.00643076996450459,-1.6703262329101562,-0.643076996450459,-0.18704700469970703,0.128204345703125,-0.17109927060442942,0.7325973510742188,0.0,0.059345245361328125,0.0061054229736328125,0.06067229518205644,0.26373291015625,0.0,0.03537702560424805,0.22588539123535156,0.10841104347378488,1.7289352416992188,0.0,0.12264809980401112,0.2267020284298345,0.34322958009781507,10.548857919750727,1.753774805868904,0.14419900915598724,0.15439900429134504,0.21613520881138126,3.502259982252515,0.0,-0.8150115013122559,0.2625160217285156,-0.9644271205222215,-3.6043930053710938,0.0,-0.059345245361328125,0.07936477661132812,0.10362663179460546,2.9597091674804688,0.0,1.4657936096191406,-0.0061054229736328125,1.3738434831807884,-1.6703262329101562,0.0,-1.0286154747009277,0.0061054229736328125,-1.1267085554126033,-2.0805892944335938,0.0,1.0627460479736328,-0.05494499206542969,1.0437795398779441,-0.14652252197265625,0.0,0.2969789505004883,-0.16849899291992188,0.27283568457924506,-0.1953601837158203,0.0,-0.2901124954223633,-0.15384674072265625,-0.32988542243224805,-0.5235652923583984,0.0,-0.19490861892700195,0.40903472900390625,-0.09800262921158809,1.26007080078125,0.0,-0.329129695892334,0.7020759582519531,-0.621098587221929,-7.23809814453125,0.0,-1.2882375717163086,0.0061054229736328125,-1.2972434222113192,-0.14652252197265625,0.0,-0.42749547958374023,0.4212455749511719,-0.5205763092470237,-2.5494537353515625,0.0,-1.3672370910644531,0.22588539123535156,-1.34537012151411,0.02930450439453125,0.0,0.19016551971435547,0.03663063049316406,0.20382640846507427,0.21098899841308594,0.0,0.7799263000488281,0.021978378295898438,0.8155496073733854,0.5704536437988281,0.0,0.0006232261657714844,0.0030689239501953125,0.0005358180879870072,0.0010989010334014893,0.0,0.0,0.0,0.0,0.0,0.0,-0.2612048387527466,-0.19216056168079376,-0.09865293651819229,-0.4031974971294403,-0.19216056168079376,-0.09865293651819229,-0.4031974971294403,0.5243874788284302,0.21989011764526367,-0.822597086429596,0.3007323145866394,0.043674811720848083,-0.9527080059051514,0.31434586729187686
1.1405,1787014373.9639,ramp,0,-0.119643,0.046005903932847876,-0.09947660678929585,-0.19402982767136218,-0.12638899683952332,0.3129045367240906,0.22123156487941742,0.9149715900421143,-2.158759593963623,0.1770458221435547,-2.1782232641127846,-5.538459777832031,0.0,-0.18417119979858398,-0.10378456115722656,-0.17943248619545818,0.8498153686523438,0.0,-0.13565921783447266,0.018314361572265625,-0.14068406092356203,-0.4395599365234375,0.0,-0.060303688049316406,0.018314361572265625,-0.04893215345143819,0.7912063598632812,-4.893215345143819,0.18340396881103516,0.14041519165039062,0.1898679295836939,0.14652252197265625,0.0,-0.21868515014648438,-0.0061054229736328125,-0.21256047358106317,0.7325973510742188,0.0,-2.1213693618774414,0.23809432983398438,-2.163317538731741,-9.699630737304688,0.0,-0.2163839340209961,-0.018314361572265625,-0.2005793789786673,1.6703262329101562,0.0,-0.15655946731567383,0.0061054229736328125,-0.15395270304449,0.5567779541015625,0.0,0.003930568695068359,0.06715583801269531,-0.006240865736901349,-1.2014617919921875,-0.6240865736901349,-0.18474626541137695,0.07936477661132812,-0.17056032379430783,0.8498153686523438,0.0,0.05915355682373047,0.0061054229736328125,0.060526360596117504,0.3223419189453125,0.0,0.03786945343017578,0.03052520751953125,0.10816366898413593,2.4322357177734375,0.0,0.12602622000401867,0.18128470138766672,0.34315082233554267,11.343419392193281,1.7490493401325615,0.14549400977459215,0.036059167988164095,0.2155327685679508,4.184746953838712,0.0,-0.8125190734863281,0.0061054229736328125,-0.961846702002172,-3.0183181762695312,0.0,-0.057619571685791016,0.10378456115722656,0.10318305272865559,2.9011001586914062,0.0,1.4657936096191406,-0.04273414611816406,1.3703136209701463,-1.7289352416992188,0.0,-1.02842378616333,-0.04273414611816406,-1.1243445765189026,-1.9633712768554688,0.0,1.0615954399108887,-0.05494499206542969,1.0422976142376523,-0.14652252197265625,0.0,0.2946901321411133,-0.10988998413085938,0.270597035234291,-0.22661781311035156,0.0,-0.2931642532348633,-0.15384674072265625,-0.3323822302059446,-0.4923076629638672,0.0,-0.1920323371887207,0.018314361572265625,-0.09793488291107186,1.8461532592773438,0.0,-0.31820058822631836,0.4456653594970703,-0.6192607032176727,-6.886444091796875,0.0,-1.288045883178711,0.03052520751953125,-1.2957516223077183,-0.14652252197265625,0.0,-0.4205927848815918,0.3113555908203125,-0.5196592620255838,-2.4322357177734375,0.0,-1.3639774322509766,0.16483497619628906,-1.3422314063678107,0.08791351318359375,0.0,0.19054698944091797,0.03663063049316406,0.2047199505558797,0.2578754425048828,0.0,0.7810707092285156,0.03663063049316406,0.8173918833191332,0.5548248291015625,0.0,0.0007190704345703125,0.0030689239501953125,0.0005343743502186537,0.0008547008037567139,0.0,0.0,0.0,0.0,0.0,0.0,-0.26519912481307983,-0.006538984831422567,-0.2520078420639038,-0.2365405410528183,-0.006538984831422567,-0.2520078420639038,-0.2365405410528183,0.5210926532745361,0.22370359301567078,-0.8236621618270874,0.3007323145866394,0.043674811720848083,-0.9527080059051514,0.3137300334208168
1.1608,1787014373.9839,ramp,0,-0.121147,0.06650097582609561,-0.31147643016634713,-0.24639581385694242,-0.12597057223320007,0.3110591471195221,0.21938543021678925,0.916102409362793,-2.1541576385498047,0.28693580627441406,-2.1717399299323206,-6.00732421875,0.0,-0.1858968734741211,-0.06715583801269531,-0.1791025617587404,1.0256423950195312,0.0,-0.13565921783447266,-0.0061054229736328125,-0.1401798725731642,-0.5567779541015625,0.0,-0.058194637298583984,0.09157562255859375,-0.0485217450814182,0.380950927734375,-4.85217450814182,0.18819761276245117,0.1770458221435547,0.1892904181332249,-0.615386962890625,0.0,-0.21849346160888672,0.0061054229736328125,-0.21172829984382577,0.7325973510742188,0.0,-2.114466667175293,0.4212455749511719,-2.156944269803785,-10.695968627929688,0.0,-0.21657609939575195,-0.03052520751953125,-0.199858117962783,1.611724853515625,0.0,-0.15636777877807617,0.0061054229736328125,-0.15337414226808066,0.20513153076171875,0.0,0.004506111145019531,0.018314361572265625,-0.006032933763907879,-1.0842514038085938,-0.603293376390788,-0.18340396881103516,0.018314361572265625,-0.16997021437451518,1.0842514038085938,0.0,0.05915355682373047,0.018314361572265625,0.06036657233460673,0.20513153076171875,0.0,0.03786945343017578,-0.06715583801269531,0.10789281105564143,2.9597091674804688,0.0,0.12760864024602495,0.03576559922744872,0.3430645880420542,12.543668533685615,1.743875282523252,0.14510097908059372,-0.035583761237616376,0.21487313823739876,4.664030083868971,0.0,-0.8136692047119141,-0.1770458221435547,-0.9590213224895908,-2.6666641235351562,0.0,-0.05493497848510742,0.128204345703125,0.10269736438182081,2.7838821411132812,0.0,1.4636845588684082,-0.20146560668945312,1.366448666392161,-1.3186798095703125,0.0,-1.02842378616333,-0.0061054229736328125,-1.1217561834026153,-1.9633712768554688,0.0,1.0602531433105469,-0.06715583801269531,1.040675008326744,-0.20513153076171875,0.0,0.2916383743286133,-0.15384674072265625,0.2681458692912696,-0.1797313690185547,0.0,-0.2962160110473633,-0.1831493377685547,-0.3351160617436755,-0.4454212188720703,0.0,-0.19394969940185547,-0.15262603759765625,-0.09786070540535155,2.3150177001953125,0.0,-0.31206464767456055,0.22588539123535156,-0.617248347558395,-6.534797668457031,0.0,-1.286895751953125,0.07936477661132812,-1.2941182047625583,-0.26373291015625,0.0,-0.41675710678100586,0.11599540710449219,-0.5186551588495315,-2.139190673828125,0.0,-1.3611011505126953,0.14041519165039062,-1.3387947307272972,0.20513153076171875,0.0,0.19092845916748047,0.021978378295898438,0.20569831724228152,0.27350425720214844,0.0,0.7822160720825195,0.0659332275390625,0.819409047850078,0.5548248291015625,0.0,0.0006232261657714844,0.0030689239501953125,0.000532793557381929,0.0010989010334014893,0.0,0.0,0.0,0.0,0.0,0.0,-0.26587995886802673,0.07612340897321701,-0.30567896366119385,-0.232330784201622,0.07612340897321701,-0.30567896366119385,-0.232330784201622,0.5161377191543579,0.2250540554523468,-0.8264094591140747,0.3007323145866394,0.043674811720848083,-0.9527080059051514,0.30986291477835615
1.1809,1787014374.0041,ramp,0,-0.123427,0.03442930079946316,-0.4788739478571308,-0.3099150853982609,-0.12542212009429932,0.30742111802101135,0.2172100991010666,0.9179222583770752,-2.1478304862976074,0.3235645294189453,-2.165328868029335,-5.831504821777344,0.0,-0.18685531616210938,-0.04273414611816406,-0.178776315119553,0.9084243774414062,0.0,-0.1358509063720703,0.0061054229736328125,-0.13968130460872014,-0.4395599365234375,0.0,-0.055318355560302734,0.09157562255859375,-0.048115911695005724,0.08791351318359375,-4.811591169500573,0.19126558303833008,0.15262603759765625,0.1887193444301608,-0.7912063598632812,0.0,-0.21830129623413086,0.018314361572265625,-0.2109054026747204,0.7912063598632812,0.0,-2.1046876907348633,0.5067157745361328,-2.150642046212624,-11.633697509765625,0.0,-0.21695947647094727,-0.03052520751953125,-0.19914489712727862,1.6703262329101562,0.0,-0.15636777877807617,0.0061054229736328125,-0.15280203093632547,0.3223419189453125,0.0,0.0046977996826171875,0.04273414611816406,-0.00582731969044427,-1.0842514038085938,-0.582731969044427,-0.1832122802734375,0.018314361572265625,-0.16938668313664912,1.0256423950195312,0.0,0.05896139144897461,0.0061054229736328125,0.060208565295728066,0.26373291015625,0.0,0.037102699279785156,-0.018314361572265625,0.10762497248706583,2.7252731323242188,0.0,0.12824304805989076,0.00871582006618434,0.34297931503617074,12.627481778295977,1.738758902170245,0.14454754504667802,-0.015771828239442773,0.21422086106572388,4.596309325755017,0.0,-0.8198051452636719,-0.3846149444580078,-0.9562274385943005,-2.0219802856445312,0.0,-0.053592681884765625,0.04273414611816406,0.10221709019411981,2.9597091674804688,0.0,1.4575486183166504,-0.40903472900390625,1.3626267959838214,-0.9670333862304688,0.0,-1.02842378616333,-0.0061054229736328125,-1.1191966441229984,-1.9047622680664062,0.0,1.059103012084961,-0.06715583801269531,1.0390704902424643,-0.14652252197265625,0.0,0.2897310256958008,-0.10988998413085938,0.2657220274596158,-0.28913307189941406,0.0,-0.2996492385864258,-0.1831493377685547,-0.33781941818541794,-0.41416358947753906,0.0,-0.19663429260253906,-0.15262603759765625,-0.0977873547854784,2.4322357177734375,0.0,-0.3105306625366211,-0.03052520751953125,-0.615258424419568,-6.00732421875,0.0,-1.285170078277588,0.07936477661132812,-1.2925029955655687,-0.26373291015625,0.0,-0.41599035263061523,-0.018314361572265625,-0.5176622488067247,-1.9047622680664062,0.0,-1.3578414916992188,0.1770458221435547,-1.3353963650625742,0.08791351318359375,0.0,0.19207286834716797,0.0659332275390625,0.20666577769021605,0.21098899841308594,0.0,0.7837419509887695,0.08058547973632812,0.8214037262541871,0.5235671997070312,0.0,0.0006232261657714844,0.0030689239501953125,0.0005312303862650404,0.0006105005741119385,0.0,0.0,0.0,0.0,0.0,0.0,-0.26686179637908936,0.01798909902572632,-0.4375879168510437,-0.3606833517551422,0.01798909902572632,-0.4375879168510437,-0.3606833517551422,0.5088371634483337,0.22701436281204224,-0.830390989780426,0.3007323145866394,0.043674811720848083,-0.9527080059051514,0.30429386347738474
1.2011,1787014374.0249,ramp,0,-0.126598,0.03396522209297623,-0.6236330316751004,-0.3437924585453727,-0.12488958239555359,0.30209311842918396,0.21483314037322998,0.9203200936317444,-2.1403517723083496,0.3601951599121094,-2.1588767265893907,-6.417579650878906,0.0,-0.1876225471496582,-0.04273414611816406,-0.17844797802155002,1.0842514038085938,0.0,-0.1358509063720703,0.0061054229736328125,-0.13917954201888763,-0.380950927734375,0.0,-0.05110025405883789,0.04273414611816406,-0.047707477889528734,-0.08791351318359375,-4.770747788952873,0.19356632232666016,0.11599540710449219,0.18814461151374853,-0.9084243774414062,0.0,-0.2181096076965332,0.0061054229736328125,-0.21007723270756956,0.7325973510742188,0.0,-2.0935659408569336,0.5067157745361328,-2.1442994404771545,-12.571426391601562,0.0,-0.21715116500854492,-0.0061054229736328125,-0.1984271062560898,1.6703262329101562,0.0,-0.15636777877807617,0.018314361572265625,-0.15222625374250975,0.5567779541015625,0.0,0.006423473358154297,0.07936477661132812,-0.005620388123707637,-1.7289352416992188,-0.5620388123707636,-0.18225383758544922,0.04273414611816406,-0.16879941286250238,0.9084243774414062,0.0,0.05896139144897461,0.0061054229736328125,0.06004954581053525,0.26373291015625,0.0,0.0369110107421875,-0.0061054229736328125,0.10735541771538015,2.5494537353515625,0.0,0.12851674621361958,0.017978783614441513,0.3428934956347526,12.71101622795065,1.7336097380851552,0.1440522653354985,-0.015065013956840309,0.21356440436114374,4.529207362203656,0.0,-0.8293924331665039,-0.5311355590820312,-0.9534156526012807,-1.4945068359375,0.0,-0.052825927734375,0.04273414611816406,0.10173373860028194,2.9011001586914062,0.0,1.4493036270141602,-0.4822959899902344,1.3587804365486924,-0.6739959716796875,0.0,-1.02842378616333,-0.0061054229736328125,-1.1166207043328225,-1.8461532592773438,0.0,1.0571856498718262,-0.07936477661132812,1.0374556910439259,-0.02930450439453125,0.0,0.2882051467895508,-0.08058547973632812,0.2632826546127241,-0.3672771453857422,0.0,-0.3030824661254883,-0.16849899291992188,-0.3405400966609423,-0.4297924041748047,0.0,-0.20008563995361328,-0.1770458221435547,-0.09771353416398215,2.4322357177734375,0.0,-0.31379032135009766,-0.28693580627441406,-0.6132557506440505,-5.421241760253906,0.0,-1.2832527160644531,0.07936477661132812,-1.2908774367499183,-0.3223419189453125,0.0,-0.41733264923095703,-0.11599540710449219,-0.5166629765909398,-1.6703262329101562,0.0,-1.3555402755737305,0.16483497619628906,-1.3319762240211608,0.14652252197265625,0.0,0.19283580780029297,0.03663063049316406,0.2076394372402383,0.22661781311035156,0.0,0.785649299621582,0.09523773193359375,0.8234111857648373,0.4923095703125,0.0,0.0007190704345703125,0.0030689239501953125,0.000529657198968829,0.0010989010334014893,0.0,0.0,0.0,0.0,0.0,0.0,-0.269120991230011,0.015168770216405392,-0.5856386423110962,-0.42639124393463135,0.015168770216405392,-0.5856386423110962,-0.42639124393463135,0.49862417578697205,0.23047327995300293,-0.835617184638977,0.3007323145866394,0.043674811720848083,-0.9527080059051514,0.29734597219758196
1.2208,1787014374.0465,ramp,0,-0.129555,0.06458923395996063,-0.6755733282051883,-0.37217323365012916,-0.12409641593694687,0.29605990648269653,0.2122008502483368,0.92299485206604,-2.132490634918213,0.4212455749511719,-2.1525830342899295,-7.120880126953125,0.0,-0.18800592422485352,-0.0061054229736328125,-0.17812770409628614,0.7325973510742188,0.0,-0.1358509063720703,0.018314361572265625,-0.13869010151650868,-0.20513153076171875,0.0,-0.04899120330810547,0.03052520751953125,-0.04730907424008976,-0.5567779541015625,-4.730907424008976,0.1947169303894043,0.09157562255859375,0.18758399266124212,-0.9670333862304688,0.0,-0.21734285354614258,0.0061054229736328125,-0.20926940061129307,0.8498153686523438,0.0,-2.0837879180908203,0.47008514404296875,-2.1381125939476107,-12.981689453125,0.0,-0.21715116500854492,0.0061054229736328125,-0.19772694260954338,1.7875442504882812,0.0,-0.15617609024047852,0.018314361572265625,-0.1516646162575518,0.5567779541015625,0.0,0.008149147033691406,0.10378456115722656,-0.005418538300636022,-1.8461532592773438,-0.5418538300636022,-0.18071985244750977,0.07936477661132812,-0.16822656453973975,0.7325973510742188,0.0,0.05896139144897461,0.0061054229736328125,0.05989443146303718,0.26373291015625,0.0,0.0369110107421875,-0.0061054229736328125,0.10709248256328656,2.6666641235351562,0.0,0.12842966644316572,-0.019425037371799427,0.3428097837522904,13.011710837278246,1.7285870251374238,0.14361508153603522,-0.028895224669397448,0.21292406866097327,4.650859207394081,0.0,-0.8391714096069336,-0.5433464050292969,-0.9506729173378463,-1.3186798095703125,0.0,-0.051867008209228516,0.05494499206542969,0.10126225696393146,2.8424911499023438,0.0,1.4393329620361328,-0.5311355590820312,1.355028534489019,-0.4395599365234375,0.0,-1.02842378616333,0.0061054229736328125,-1.1141080234543566,-1.7875442504882812,0.0,1.0552678108215332,-0.07936477661132812,1.0358805474461585,-0.08791351318359375,0.0,0.2859163284301758,-0.09523773193359375,0.26090318692050163,-0.28913307189941406,0.0,-0.3053712844848633,-0.124542236328125,-0.34319396178930284,-0.5079364776611328,0.0,-0.20372915267944336,-0.1892547607421875,-0.09764152640014484,2.5494537353515625,0.0,-0.3216519355773926,-0.4822959899902344,-0.6113022577399307,-4.9523773193359375,0.0,-1.2817187309265137,0.07936477661132812,-1.2892917977654657,-0.26373291015625,0.0,-0.42040109634399414,-0.1770458221435547,-0.5156882441074551,-1.4358978271484375,0.0,-1.3532390594482422,0.1770458221435547,-1.328640073452273,0.14652252197265625,0.0,0.19398021697998047,0.0659332275390625,0.20858918604368748,0.1953601837158203,0.0,0.787938117980957,0.13919448852539062,0.8253693468778968,0.4297943115234375,0.0,0.0007190704345703125,0.0030689239501953125,0.0005281226453847308,0.0008547008037567139,0.0,0.0,0.0,0.0,0.0,0.0,-0.2714236080646515,0.055123500525951385,-0.5942977666854858,-0.46706897020339966,0.055123500525951385,-0.5942977666854858,-0.46706897020339966,0.48721009492874146,0.23413044214248657,-0.841313898563385,0.3007323145866394,0.043674811720848083,-0.9527080059051514,0.28990157095950936
1.2402,1787014374.0635,ramp,0,-0.131551,0.12022581082956438,-0.7317025773928891,-0.31772590384886795,-0.12282527983188629,0.2895149290561676,0.20948074758052826,0.9258578419685364,-2.1244373321533203,0.47008514404296875,-2.1463733615483402,-7.296699523925781,0.0,-0.18800592422485352,-0.0061054229736328125,-0.17781170576511207,1.0842514038085938,0.0,-0.1358509063720703,0.03052520751953125,-0.1382071949488469,-0.3223419189453125,0.0,-0.04822349548339844,-0.018314361572265625,-0.04691598920123546,-0.20513153076171875,-4.691598920123545,0.1951003074645996,0.05494499206542969,0.18703085796046748,-0.9670333862304688,0.0,-0.2167677879333496,-0.0061054229736328125,-0.208472352915069,0.9084243774414062,0.0,-2.0757341384887695,0.40903472900390625,-2.132008340605866,-13.040298461914062,0.0,-0.21715116500854492,-0.0061054229736328125,-0.1970361260103615,1.7875442504882812,0.0,-0.15598440170288086,0.03052520751953125,-0.1511104765228691,0.4395599365234375,0.0,0.010833263397216797,0.15262603759765625,-0.005219383133115407,-2.1977996826171875,-0.5219383133115407,-0.17937755584716797,0.06715583801269531,-0.16766136362973832,0.6739959716796875,0.0,0.05896139144897461,-0.0061054229736328125,0.05974138786165701,0.26373291015625,0.0,0.036527156829833984,-0.05494499206542969,0.10683305754390629,2.9597091674804688,0.0,0.12773866565914188,-0.02638112905401924,0.3427271894070414,13.13901452845862,1.7236313644224825,0.14244333878544932,-0.10064399989799176,0.21229228131681674,5.042071044570487,0.0,-0.8493337631225586,-0.6166057586669922,-0.9479667970522706,-0.8498153686523438,0.0,-0.05071687698364258,0.09157562255859375,0.10079706951495877,2.7252731323242188,0.0,1.430321216583252,-0.4945049285888672,1.351326719586015,-0.4395599365234375,0.0,-1.02842378616333,0.0061054229736328125,-1.1116288863728288,-2.0219802856445312,0.0,1.053734302520752,-0.07936477661132812,1.0343264317065026,-0.14652252197265625,0.0,0.2840089797973633,-0.08058547973632812,0.2585554846553066,-0.3203907012939453,0.0,-0.3080415725708008,-0.15384674072265625,-0.3458123983386786,-0.47667884826660156,0.0,-0.20775556564331055,-0.21367454528808594,-0.09757047992583254,2.7252731323242188,0.0,-0.3318147659301758,-0.5433464050292969,-0.6093748435829598,-4.542121887207031,0.0,-1.2803764343261719,0.06715583801269531,-1.287727326750478,-0.26373291015625,0.0,-0.42423582077026367,-0.20146560668945312,-0.5147265241114594,-1.3186798095703125,0.0,-1.350938320159912,0.14041519165039062,-1.3253484598391903,0.20513153076171875,0.0,0.19474315643310547,0.05128288269042969,0.20952625588687634,0.22661781311035156,0.0,0.7906084060668945,0.124542236328125,0.8273013669241336,0.39853668212890625,0.0,0.0007190704345703125,0.0030689239501953125,0.0005266085777900219,0.0013431012630462646,0.0,0.0,0.0,0.0,0.0,0.0,-0.27208882570266724,0.18950119614601135,-0.6463165283203125,-0.38816526532173157,0.18950119614601135,-0.6463165283203125,-0.38816526532173157,0.475215345621109,0.2364596575498581,-0.8475005626678467,0.3007323145866394,0.043674811720848083,-0.9527080059051514,0.28142544010875525
1.2612,1787014374.0844,ramp,0,-0.133836,0.11814988508222601,-0.5389573254733268,0.04861927639411025,-0.1221713274717331,0.2831708788871765,0.20796765387058258,0.9282445311546326,-2.114466667175293,0.40903472900390625,-2.139663834948732,-7.9413909912109375,0.0,-0.18819761276245117,-0.03052520751953125,-0.1774702708301848,0.9670333862304688,0.0,-0.13450908660888672,0.128204345703125,-0.1376854163309252,-0.7912063598632812,0.0,-0.04956626892089844,-0.0061054229736328125,-0.04649126238649741,-0.02930450439453125,-4.649126238649741,0.19529199600219727,-0.07936477661132812,0.18643319812516612,-0.3223419189453125,0.0,-0.2167677879333496,0.0061054229736328125,-0.20761114606222558,0.9670333862304688,0.0,-2.067873001098633,0.27472496032714844,-2.125412719246808,-12.630035400390625,0.0,-0.21715116500854492,-0.03052520751953125,-0.19628970143364938,1.9047622680664062,0.0,-0.15464210510253906,0.07936477661132812,-0.15051173075244356,0.08791351318359375,0.0,0.011983871459960938,-0.018314361572265625,-0.005004196769914735,-1.4945068359375,-0.5004196769914735,-0.17803525924682617,0.03052520751953125,-0.1670506663035526,0.6739959716796875,0.0,0.05781126022338867,-0.03052520751953125,0.05957602486152937,0.4981689453125,0.0,0.03365135192871094,-0.21367454528808594,0.10655274984645262,3.7216110229492188,0.0,0.12741054846861719,0.0010757926242068315,0.3426379465468318,12.833823192729826,1.718276792809906,0.13673969164773792,-0.40535758078387213,0.21160963761443233,7.283521064663142,0.0,-0.8658242225646973,-0.8608055114746094,-0.9450428448903146,-0.08791351318359375,0.0,-0.04515552520751953,0.3846149444580078,0.10029443633402124,2.0219802856445312,0.0,1.416323184967041,-0.6532363891601562,1.3473269233661302,0.02930450439453125,0.0,-1.0274648666381836,0.05494499206542969,-1.1089501886564124,-1.8461532592773438,0.0,1.051816463470459,-0.05494499206542969,1.0326472158560032,-0.14652252197265625,0.0,0.2821016311645508,-0.08058547973632812,0.256018801733067,-0.3203907012939453,0.0,-0.3110933303833008,-0.16849899291992188,-0.34864160857382637,-0.4454212188720703,0.0,-0.21082353591918945,-0.06715583801269531,-0.09749371449405475,2.4322357177734375,0.0,-0.3373751640319824,-0.05494499206542969,-0.6072922802832799,-5.362640380859375,0.0,-1.279609203338623,0.04273414611816406,-1.2860369220663355,-0.20513153076171875,0.0,-0.4276871681213379,-0.128204345703125,-0.5136873894963143,-1.377288818359375,0.0,-1.3476786613464355,0.1770458221435547,-1.3217918844749694,0.20513153076171875,0.0,0.19588756561279297,0.05128288269042969,0.21053875611035144,0.1953601837158203,0.0,0.7936601638793945,0.13919448852539062,0.8293889068687724,0.367279052734375,0.0,0.0006232261657714844,0.0030689239501953125,0.0005249726338002098,0.0010989010334014893,0.0,0.0,0.0,0.0,0.0,0.0,-0.2675302028656006,0.5339800119400024,-0.5239607095718384,0.12205761671066284,0.5339800119400024,-0.5239607095718384,0.12205761671066284,0.46418461203575134,0.23414522409439087,-0.8542298674583435,0.3007323145866394,0.043674811720848083,-0.9527080059051514,0.27044085911781585
1.2811,1787014374.1044,ramp,0,-0.135094,0.047284678986898275,-0.33312842917139573,0.17038982884683987,-0.12236631661653519,0.27988651394844055,0.20868051052093506,0.9290546178817749,-2.107180118560791,0.27472496032714844,-2.1333076546067713,-7.413917541503906,0.0,-0.18819761276245117,0.0061054229736328125,-0.17714681700833543,0.9084243774414062,0.0,-0.13201618194580078,0.128204345703125,-0.1371911163315359,-1.0256423950195312,0.0,-0.05225086212158203,-0.06715583801269531,-0.046088903115621395,0.7325973510742188,-4.608890311562139,0.18877267837524414,-0.1770458221435547,0.18586701306875042,0.615386962890625,0.0,-0.21657562255859375,0.0061054229736328125,-0.20679529326141474,1.0842514038085938,0.0,-2.063079833984375,0.23809432983398438,-2.1191644455119807,-12.043960571289062,0.0,-0.21715116500854492,0.04273414611816406,-0.1955825860879064,1.6703262329101562,0.0,-0.15368366241455078,0.018314361572265625,-0.14994451694990302,0.26373291015625,0.0,0.011024951934814453,-0.10378456115722656,-0.004800342845002364,-1.1428604125976562,-0.48003428450023655,-0.17765188217163086,-0.0061054229736328125,-0.16647213035441177,0.9084243774414062,0.0,0.05685234069824219,-0.07936477661132812,0.05941937043366551,0.6739959716796875,0.0,0.029816150665283203,-0.14041519165039062,0.1062872040959731,3.6630020141601562,0.0,0.12796783673785955,0.0855617377450805,0.3425534035160674,12.143322374714934,1.7132042109640437,0.12645282913972766,-0.5477093907295323,0.2109629442274634,8.894840029371197,0.0,-0.8867239952087402,-1.1050052642822266,-0.9422728778923832,0.9084243774414062,0.0,-0.03576040267944336,0.4822959899902344,0.09981827350845339,1.611724853515625,0.0,1.399641990661621,-0.8485965728759766,1.343537769880076,0.7325973510742188,0.0,-1.0268898010253906,-0.0061054229736328125,-1.1064125601792956,-1.6703262329101562,0.0,1.049515724182129,-0.06715583801269531,1.0310564331650935,-0.08791351318359375,0.0,0.2801933288574219,-0.09523773193359375,0.2536157090729876,-0.33601951599121094,0.0,-0.3145265579223633,-0.1831493377685547,-0.3513218230737539,-0.3829059600830078,0.0,-0.2110152244567871,0.018314361572265625,-0.0974209917883371,2.3150177001953125,0.0,-0.3356494903564453,0.16483497619628906,-0.6053193917776902,-5.772895812988281,0.0,-1.2788424491882324,0.04273414611816406,-1.2844355397834288,-0.14652252197265625,0.0,-0.42826223373413086,0.04273414611816406,-0.5127029792081396,-1.6703262329101562,0.0,-1.3440356254577637,0.22588539123535156,-1.3184226103422636,0.08791351318359375,0.0,0.19665050506591797,0.03663063049316406,0.2114979346635833,0.2578754425048828,0.0,0.7967119216918945,0.10988998413085938,0.8313665099324439,0.3203926086425781,0.0,0.0006232261657714844,0.0030689239501953125,0.0005234228441281337,0.0003663003444671631,0.0,0.0,0.0,0.0,0.0,0.0,-0.25719988346099854,0.6191123723983765,-0.4192487299442291,0.19046063721179962,0.6191123723983765,-0.4192487299442291,0.19046063721179962,0.4587317705154419,0.2260299026966095,-0.8593460917472839,0.3007323145866394,0.043674811720848083,-0.9527080059051514,0.25944241110604555
1.3003,1787014374.1236,ramp,0,-0.137355,-0.05054355592331461,-0.22257154092974343,0.03588799319109441,-0.12318673729896545,0.27754127979278564,0.2094515562057495,0.9294761419296265,-2.102961540222168,0.23809432983398438,-2.127175192109289,-6.476188659667969,0.0,-0.18704700469970703,0.14041519165039062,-0.17683474775833882,0.3223419189453125,0.0,-0.1310572624206543,-0.04273414611816406,-0.13671421415984172,-0.20513153076171875,0.0,-0.052634239196777344,-0.0061054229736328125,-0.04570070564380446,0.4981689453125,-4.570070564380446,0.18551301956176758,-0.14041519165039062,0.1853207559712003,0.9084243774414062,0.0,-0.2150421142578125,0.1770458221435547,-0.2060081559501258,0.14652252197265625,0.0,-2.0582847595214844,0.25030517578125,-2.11313609164356,-11.9853515625,0.0,-0.2150421142578125,0.16483497619628906,-0.19490035901034272,1.0842514038085938,0.0,-0.15329980850219727,-0.0061054229736328125,-0.14939726731490263,0.5567779541015625,0.0,0.009491443634033203,-0.04273414611816406,-0.004603663946318982,-0.9670333862304688,-0.4603663946318983,-0.1774601936340332,0.0061054229736328125,-0.16591395707727394,0.9670333862304688,0.0,0.05627727508544922,0.0061054229736328125,0.05926822975604852,0.3223419189453125,0.0,0.02847433090209961,0.0061054229736328125,0.1060310047327437,2.7838821411132812,0.0,0.13063591877966163,0.12788739805147267,0.34247183613791055,11.294113294844683,1.7083101682746342,0.11818814101100567,-0.39253925356302044,0.21033901244302727,8.279048172239833,0.0,-0.9045562744140625,-0.7631263732910156,-0.9396004051461428,0.6739959716796875,0.0,-0.026940345764160156,0.4334545135498047,0.09935887013828569,1.5531158447265625,0.0,1.3866028785705566,-0.6532363891601562,1.3398819828507127,0.4981689453125,0.0,-1.0268898010253906,-0.03052520751953125,-1.1039642483581644,-1.611724853515625,0.0,1.0487489700317383,-0.10378456115722656,1.029521641093628,-0.08791351318359375,0.0,0.2790489196777344,-0.08058547973632812,0.25129719782518256,-0.41416358947753906,0.0,-0.3179597854614258,-0.16849899291992188,-0.3539077023316961,-0.3672771453857422,0.0,-0.21082353591918945,-0.0061054229736328125,-0.09735082869642721,2.25640869140625,0.0,-0.3312397003173828,0.25030517578125,-0.6034159428317293,-5.9487152099609375,0.0,-1.2776918411254883,0.07936477661132812,-1.2828905211927464,-0.20513153076171875,0.0,-0.42749547958374023,0.05494499206542969,-0.5117532171105297,-1.6703262329101562,0.0,-1.3402009010314941,0.21367454528808594,-1.3151719242145972,0.14652252197265625,0.0,0.19741344451904297,0.05128288269042969,0.2124233531051044,0.22661781311035156,0.0,0.798619270324707,0.10988998413085938,0.8332745074986568,0.39853668212890625,0.0,0.0006232261657714844,0.0030689239501953125,0.0005219276022483129,0.0003663003444671631,0.0,0.0,0.0,0.0,0.0,0.0,-0.2505950927734375,0.35022133588790894,-0.34330612421035767,-0.04134190082550049,0.35022133588790894,-0.34330612421035767,-0.04134190082550049,0.45282214879989624,0.2210996150970459,-0.8637516498565674,0.3007323145866394,0.043674811720848083,-0.9527080059051514,0.2507042745513187
1.3210,1787014374.1443,ramp,0,-0.139779,-0.12651714607546988,-0.14523305991297655,-0.05488765852037062,-0.12394288927316666,0.2755831480026245,0.20957939326763153,0.9299293160438538,-2.099318504333496,0.16483497619628906,-2.1205723616927643,-5.714286804199219,0.0,-0.1814866065979004,0.04273414611816406,-0.1764987423874482,0.20513153076171875,0.0,-0.13201618194580078,-0.03052520751953125,-0.13620073296590676,-0.20513153076171875,0.0,-0.052634239196777344,0.0061054229736328125,-0.04528273291660344,0.615386962890625,-4.528273291660344,0.18474626541137695,0.04273414611816406,0.18473260023760602,-0.02930450439453125,0.0,-0.21312427520751953,0.128204345703125,-0.20516064417437607,0.3223419189453125,0.0,-2.053683280944824,0.2625160217285156,-2.1066453551245323,-11.809524536132812,0.0,-0.21005678176879883,0.25030517578125,-0.194165804220882,0.380950927734375,0.0,-0.15636777877807617,0.018314361572265625,-0.14880804291493346,0.615386962890625,0.0,0.009491443634033203,0.03052520751953125,-0.004391899518073675,-1.5531158447265625,-0.43918995180736764,-0.17630958557128906,0.10378456115722656,-0.16531297117748406,0.4395599365234375,0.0,0.05685234069824219,0.0061054229736328125,0.05910549639016928,0.3223419189453125,0.0,0.029816150665283203,0.128204345703125,0.1057551545422338,2.3150177001953125,0.0,0.13436595832530268,0.15618920161558106,0.34238401243483674,10.737743781220034,1.7030407460902044,0.11099670197525335,-0.2217523550724486,0.20966722427215756,7.777591880545283,0.0,-0.9139518737792969,-0.33577537536621094,-0.9367229502341148,0.02930450439453125,0.0,-0.018695354461669922,0.3846149444580078,0.09886422992691182,1.4945068359375,0.0,1.3766322135925293,-0.40903472900390625,1.3359457921599869,0.14652252197265625,0.0,-1.0274648666381836,-0.04273414611816406,-1.1013281478082895,-1.5531158447265625,0.0,1.047022819519043,-0.07936477661132812,1.0278691284567103,-0.08791351318359375,0.0,0.2763786315917969,-0.124542236328125,0.24880085372289965,-0.3047618865966797,0.0,-0.3217744827270508,-0.21245384216308594,-0.35669192192126703,-0.35164833068847656,0.0,-0.21082353591918945,-0.018314361572265625,-0.09727528400331734,2.3150177001953125,0.0,-0.32759571075439453,0.09157562255859375,-0.6013664968543829,-5.714286804199219,0.0,-1.2759661674499512,0.07936477661132812,-1.2812269976491713,-0.20513153076171875,0.0,-0.4271116256713867,0.0061054229736328125,-0.5107306070139925,-1.611724853515625,0.0,-1.3357906341552734,0.14041519165039062,-1.3116719061962008,0.20513153076171875,0.0,0.19893932342529297,0.09523773193359375,0.213419752355193,0.1797313690185547,0.0,0.801671028137207,0.124542236328125,0.8353288509813961,0.3203926086425781,0.0,0.0006232261657714844,0.0030689239501953125,0.0005203176733546271,-0.0003663301467895508,0.0,0.0,0.0,0.0,0.0,0.0,-0.24630261957645416,0.09365438669919968,-0.2917863726615906,-0.21096275746822357,0.09365438669919968,-0.2917863726615906,-0.21096275746822357,0.4459837079048157,0.2182287871837616,-0.8680291771888733,0.3007323145866394,0.043674811720848083,-0.9527080059051514,0.24295544182338036
1.3408,1787014374.1641,ramp,0,-0.145002,-0.22380282017022796,-0.09702269525949116,-0.053271361087666315,-0.12594376504421234,0.27387604117393494,0.20959879457950592,0.9301605224609375,-2.096442699432373,0.128204345703125,-2.114232099783202,-5.010986328125,0.0,-0.1761178970336914,0.1892547607421875,-0.17617609862408046,-1.26007080078125,0.0,-0.13220787048339844,-0.0061054229736328125,-0.13570767089255178,-0.3223419189453125,0.0,-0.05244255065917969,0.04273414611816406,-0.04488138131519375,0.4395599365234375,-4.488138131519375,0.1889643669128418,0.03052520751953125,0.18416783313632376,-0.380950927734375,0.0,-0.21120691299438477,0.16483497619628906,-0.20434683459716138,0.02930450439453125,0.0,-2.049656867980957,0.1770458221435547,-2.1004127295805524,-10.813186645507812,0.0,-0.20468759536743164,0.15262603759765625,-0.19346045977640722,0.20513153076171875,0.0,-0.15655946731567383,0.018314361572265625,-0.14824224964392047,0.8498153686523438,0.0,0.009874820709228516,0.03052520751953125,-0.0041885561253910564,-1.4945068359375,-0.41885561253910564,-0.17228269577026367,0.128204345703125,-0.16473588411508036,-0.02930450439453125,0.0,0.05953693389892578,0.10378456115722656,0.05894923428800822,-0.26373291015625,0.0,0.03230905532836914,0.11599540710449219,0.10549027382513126,2.0219802856445312,0.0,0.13634155081565766,0.07739485393093294,0.3422996811338295,11.514221194509334,1.6979808680297719,0.10869245058384212,-0.05060786851074854,0.20902215046556682,6.52297833658275,0.0,-0.915677547454834,-0.0061054229736328125,-0.9339599203477862,-0.4395599365234375,0.0,-0.013326168060302734,0.21367454528808594,0.09838925960459927,1.7289352416992188,0.0,1.3722224235534668,-0.23809432983398438,1.332166128238477,-0.14652252197265625,0.0,-1.0276565551757812,0.0061054229736328125,-1.0987968745736592,-1.4945068359375,0.0,1.0454888343811035,-0.07936477661132812,1.0262823297255632,-0.14652252197265625,0.0,0.2740898132324219,-0.15384674072265625,0.24640377937350316,-0.3203907012939453,0.0,-0.3252077102661133,-0.15384674072265625,-0.3593654240859504,-0.35164833068847656,0.0,-0.21082353591918945,-0.04273414611816406,-0.09720274342450805,2.373626708984375,0.0,-0.3274040222167969,-0.11599540710449219,-0.5993985492552206,-5.3040313720703125,0.0,-1.2744321823120117,0.07936477661132812,-1.2796296258716688,-0.14652252197265625,0.0,-0.4271116256713867,-0.04273414611816406,-0.5097486620851659,-1.4945068359375,0.0,-1.3309969902038574,0.128204345703125,-1.308311070081239,0.20513153076171875,0.0,0.20008373260498047,0.0659332275390625,0.2143765287394908,0.1953601837158203,0.0,0.803959846496582,0.124542236328125,0.8373015013314904,0.3516502380371094,0.0,0.0006232261657714844,0.0030689239501953125,0.0005187717649793044,-0.0003663301467895508,0.0,0.0,0.0,0.0,0.0,0.0,-0.2498997449874878,-0.17469294369220734,-0.17380008101463318,-0.15534758567810059,-0.17469294369220734,-0.17380008101463318,-0.15534758567810059,0.44133657217025757,0.2219187170267105,-0.8694677352905273,0.3007323145866394,0.043674811720848083,-0.9527080059051514,0.24239744473675812
1.3612,1787014374.1845,ramp,0,-0.149940,-0.27243663575941435,-0.09875698737324279,0.09217788092679742,-0.1281806081533432,0.27262794971466064,0.21048706769943237,0.9300209283828735,-2.093949794769287,0.14041519165039062,-2.1077280724713314,-4.3076934814453125,0.0,-0.17189884185791016,0.128204345703125,-0.17584512115360984,-1.2014617919921875,0.0,-0.1327834129333496,0.0061054229736328125,-0.13520187330291103,-0.20513153076171875,0.0,-0.05205869674682617,-0.0061054229736328125,-0.044469663027453255,0.4981689453125,-4.4469663027453255,0.18953990936279297,0.03052520751953125,0.1835884784181779,-0.4981689453125,0.0,-0.20928955078125,0.04273414611816406,-0.20351200477587553,0.3223419189453125,0.0,-2.046588897705078,0.1892547607421875,-2.0940191188211026,-10.5201416015625,0.0,-0.2008523941040039,0.06715583801269531,-0.19273689668128954,0.26373291015625,0.0,-0.15655946731567383,0.0061054229736328125,-0.14766184225065643,1.0256423950195312,0.0,0.011024951934814453,0.09157562255859375,-0.0039799604871412625,-1.7289352416992188,-0.3979960487141263,-0.1686396598815918,0.05494499206542969,-0.16414389121814033,-0.02930450439453125,0.0,0.0585780143737793,-0.07936477661132812,0.05878893602355751,0.26373291015625,0.0,0.033843040466308594,0.04273414611816406,0.10521855138795176,2.4908447265625,0.0,0.13810184564772254,0.11842375698026855,0.342213171602706,11.182268195922155,1.6927902961623573,0.109312255742221,0.10595077492381749,0.20836041476504158,5.551746788377542,0.0,-0.9154858589172363,0.06715583801269531,-0.9311255229521377,-0.5567779541015625,0.0,-0.010833263397216797,0.04273414611816406,0.09790202106576391,2.0219802856445312,0.0,1.3710718154907227,-0.04273414611816406,1.328288837721801,-0.615386962890625,0.0,-1.0276565551757812,0.04273414611816406,-1.0962002199737904,-1.5531158447265625,0.0,1.0443382263183594,-0.06715583801269531,1.0246545448748687,-0.14652252197265625,0.0,0.2714195251464844,-0.13919448852539062,0.24394478994066227,-0.3047618865966797,0.0,-0.3282594680786133,-0.13919448852539062,-0.36210798130921246,-0.3829059600830078,0.0,-0.21139860153198242,-0.03052520751953125,-0.09712832916331125,2.4322357177734375,0.0,-0.33238983154296875,-0.3113555908203125,-0.5973797706754309,-4.776557922363281,0.0,-1.2730903625488281,0.07936477661132812,-1.277990994878773,-0.20513153076171875,0.0,-0.4273037910461426,-0.03052520751953125,-0.508741354070617,-1.4945068359375,0.0,-1.3285045623779297,0.16483497619628906,-1.304863425458,0.14652252197265625,0.0,0.20122814178466797,0.05128288269042969,0.21535801812014868,0.16410255432128906,0.0,0.8066301345825195,0.10988998413085938,0.839325104131626,0.367279052734375,0.0,0.0006232261657714844,0.0030689239501953125,0.0005171859266593475,-0.0003663301467895508,0.0,0.0,0.0,0.0,0.0,0.0,-0.25547850131988525,-0.35577699542045593,-0.23882244527339935,0.08943994343280792,-0.35577699542045593,-0.23882244527339935,0.08943994343280792,0.4381367564201355,0.227161705493927,-0.869732141494751,0.3007323145866394,0.043674811720848083,-0.9527080059051514,0.24439540606335375
1.3808,1787014374.2041,ramp,0,-0.152117,-0.24050608330342088,-0.200189403022336,0.1679949479470725,-0.12957938015460968,0.27151209115982056,0.21249273419380188,0.9296973943710327,-2.0901150703430176,0.25030517578125,-2.1014524150125995,-4.776557922363281,0.0,-0.1703653335571289,0.04273414611816406,-0.17552576498678676,-0.7912063598632812,0.0,-0.1327834129333496,0.0061054229736328125,-0.13471383531293446,-0.14652252197265625,0.0,-0.051867008209228516,-0.03052520751953125,-0.044072401020474966,0.4395599365234375,-4.4072401020474965,0.18877267837524414,-0.07936477661132812,0.1830294660426382,0.02930450439453125,0.0,-0.2079472541809082,0.0061054229736328125,-0.20270648755654236,0.4981689453125,0.0,-2.042369842529297,0.25030517578125,-2.0878500009612284,-10.285720825195312,0.0,-0.1995105743408203,0.05494499206542969,-0.19203873938320262,0.20513153076171875,0.0,-0.15617609024047852,0.018314361572265625,-0.14710181416159943,0.8498153686523438,0.0,0.011600494384765625,0.04273414611816406,-0.003778689073250947,-1.7875442504882812,-0.3778689073250947,-0.1669139862060547,0.03052520751953125,-0.16357268441640718,0.02930450439453125,0.0,0.05838632583618164,-0.10378456115722656,0.05863426616276435,0.5567779541015625,0.0,0.034226417541503906,-0.04273414611816406,0.10495636968762613,3.0183181762695312,0.0,0.14027347185839711,0.13789753376640854,0.3421296996001737,10.816482613487755,1.6877819760104202,0.11177444820433165,0.140369348575057,0.20772191397382697,5.096235147990309,0.0,-0.913184642791748,0.10378456115722656,-0.9283906471122793,-0.6739959716796875,0.0,-0.01064157485961914,-0.04273414611816406,0.09743189047992777,2.139190673828125,0.0,1.370880126953125,-0.05494499206542969,1.3245476868957209,-0.6739959716796875,0.0,-1.0263147354125977,0.07936477661132812,-1.0936947392883576,-1.611724853515625,0.0,1.0429959297180176,-0.06715583801269531,1.0230839149175146,-0.14652252197265625,0.0,0.2687492370605469,-0.15384674072265625,0.24157214071346914,-0.2578754425048828,0.0,-0.3305482864379883,-0.10988998413085938,-0.36475424167511733,-0.46105003356933594,0.0,-0.21254920959472656,-0.07936477661132812,-0.09705652774075825,2.4908447265625,0.0,-0.340059757232666,-0.4212455749511719,-0.5954318755876191,-4.24908447265625,0.0,-1.271939754486084,0.04273414611816406,-1.2764098996097069,-0.08791351318359375,0.0,-0.42826223373413086,-0.06715583801269531,-0.5077694147241745,-1.377288818359375,0.0,-1.3263955116271973,0.1770458221435547,-1.301536834769274,0.14652252197265625,0.0,0.20237255096435547,0.0659332275390625,0.2163050453783446,0.21098899841308594,0.0,0.808537483215332,0.09523773193359375,0.841277654051428,0.3516502380371094,0.0,0.0006232261657714844,0.0030689239501953125,0.0005156557704032664,-0.0008547306060791016,0.0,0.0,0.0,0.0,0.0,0.0,-0.2595915198326111,-0.344538152217865,-0.36758145689964294,0.2391824871301651,-0.344538152217865,-0.36758145689964294,0.2391824871301651,0.43493080139160156,0.2311362624168396,-0.8702936768531799,0.3007323145866394,0.043674811720848083,-0.9527080059051514,0.24544857875674708
1.4001,1787014374.2239,ramp,0,-0.152909,-0.1887315851959472,-0.27068737168690943,0.17219451995953206,-0.13039043545722961,0.26942747831344604,0.2151239514350891,0.929585337638855,-2.0847463607788086,0.2991447448730469,-2.0952825434641107,-4.4249114990234375,0.0,-0.16959810256958008,0.04273414611816406,-0.1752117920619621,-0.9084243774414062,0.0,-0.1327834129333496,0.0061054229736328125,-0.1342340239579109,-0.14652252197265625,0.0,-0.051867008209228516,-0.04273414611816406,-0.0436818354788933,0.7912063598632812,-4.3681835478893305,0.18378734588623047,-0.09157562255859375,0.18247987668506482,0.4395599365234375,0.0,-0.20698881149291992,0.128204345703125,-0.20191454857547736,0.08791351318359375,0.0,-2.0373849868774414,0.27472496032714844,-2.0817848731219213,-10.285720825195312,0.0,-0.1991267204284668,0.05494499206542969,-0.19135235060590536,0.26373291015625,0.0,-0.15598440170288086,0.018314361572265625,-0.14655122621193065,0.9084243774414062,0.0,0.01236724853515625,0.018314361572265625,-0.003580810400259012,-1.611724853515625,-0.35808104002590113,-0.1655716896057129,0.03052520751953125,-0.16301110618854955,-0.14652252197265625,0.0,0.05838632583618164,0.128204345703125,0.05848220350163415,-0.20513153076171875,0.0,0.03345918655395508,-0.07936477661132812,0.10469860746525969,3.135528564453125,0.0,0.14258743844187644,0.10928195969502624,0.34204763464731314,10.885237725734026,1.6828580788387892,0.11407601491199128,0.10579966995681746,0.20709417610073433,5.148495669640116,0.0,-0.9101171493530273,0.15262603759765625,-0.9257018718335215,-0.7912063598632812,0.0,-0.011983871459960938,-0.07936477661132812,0.09696968467205842,2.25640869140625,0.0,1.3695378303527832,-0.10378456115722656,1.3208695989515937,-0.615386962890625,0.0,-1.0238218307495117,0.16483497619628906,-1.0912314923539936,-1.7875442504882812,0.0,1.0412702560424805,-0.07936477661132812,1.0215397603566887,-0.08791351318359375,0.0,0.2660789489746094,-0.124542236328125,0.23923948615772495,-0.2578754425048828,0.0,-0.3324556350708008,-0.10988998413085938,-0.3673558952307572,-0.46105003356933594,0.0,-0.21408319473266602,-0.07936477661132812,-0.09698593664220581,2.5494537353515625,0.0,-0.3490715026855469,-0.47008514404296875,-0.593516815283458,-4.0146484375,0.0,-1.2709808349609375,0.06715583801269531,-1.2748554561461798,-0.14652252197265625,0.0,-0.429412841796875,-0.05494499206542969,-0.5068138589182838,-1.3186798095703125,0.0,-1.3231353759765625,0.14041519165039062,-1.2982663189103691,0.20513153076171875,0.0,0.20275402069091797,0.021978378295898438,0.2172361090277565,0.2422466278076172,0.0,0.8104448318481445,0.08058547973632812,0.8431972907231884,0.3829078674316406,0.0,0.0006232261657714844,0.0030689239501953125,0.0005141514072968958,-0.0008547306060791016,0.0,0.0,0.0,0.0,0.0,0.0,-0.26173684000968933,-0.258150190114975,-0.4066741466522217,0.2600589394569397,-0.258150190114975,-0.4066741466522217,0.2600589394569397,0.4299470782279968,0.23362129926681519,-0.8721047043800354,0.3007323145866394,0.043674811720848083,-0.9527080059051514,0.24406582412678463
1.4201,1787014374.2440,ramp,0,-0.153269,-0.1278004235362382,-0.35106738240562857,0.09443889636989629,-0.13073720037937164,0.2666265666484833,0.2173292338848114,0.9298311471939087,-2.0788016319274902,0.3113555908203125,-2.088888412188826,-4.600730895996094,0.0,-0.16825580596923828,0.07936477661132812,-0.1748864069899332,-1.3186798095703125,0.0,-0.13259124755859375,0.0061054229736328125,-0.13373677263472178,-0.4395599365234375,0.0,-0.05205869674682617,-0.018314361572265625,-0.04327707383598882,0.7325973510742188,-4.327707383598882,0.18167829513549805,-0.11599540710449219,0.18191031109975134,0.7912063598632812,0.0,-0.20334577560424805,0.15262603759765625,-0.201093824551136,-0.3223419189453125,0.0,-2.031632423400879,0.3113555908203125,-2.075499292733232,-10.5201416015625,0.0,-0.1977849006652832,0.03052520751953125,-0.19064101327684924,0.4395599365234375,0.0,-0.1557927131652832,0.03052520751953125,-0.14598062573814372,1.0256423950195312,0.0,0.012751102447509766,0.03052520751953125,-0.0033757393219154847,-1.7875442504882812,-0.3375739321915483,-0.1642293930053711,0.05494499206542969,-0.16242911596686607,-0.3223419189453125,0.0,0.0585780143737793,-0.04273414611816406,0.05832461373502485,0.20513153076171875,0.0,0.03192567825317383,-0.07936477661132812,0.10443147621711822,3.369964599609375,0.0,0.14451781460761148,0.08930112892178727,0.3419625868343131,10.948168374816696,1.677755210058784,0.11557785293481362,0.04948333070324024,0.20644362149267195,5.332913713739831,0.0,-0.905515193939209,0.20146560668945312,-0.9229153661555664,-0.8498153686523438,0.0,-0.014284610748291016,-0.11599540710449219,0.09649067881456376,2.3150177001953125,0.0,1.3672370910644531,-0.14041519165039062,1.317057821514744,-0.615386962890625,0.0,-1.0203704833984375,0.15262603759765625,-1.0886787124236523,-1.7875442504882812,0.0,1.0395445823669434,-0.07936477661132812,1.0199394795577035,-0.08791351318359375,0.0,0.2637901306152344,-0.10988998413085938,0.23682204531927287,-0.3047618865966797,0.0,-0.3347444534301758,-0.10988998413085938,-0.37005211252423525,-0.47667884826660156,0.0,-0.21600055694580078,-0.10378456115722656,-0.09691277973002965,2.6666641235351562,0.0,-0.35885047912597656,-0.4822959899902344,-0.5915321472253536,-3.8974380493164062,0.0,-1.269639015197754,0.04273414611816406,-1.2732445124680676,-0.14652252197265625,0.0,-0.4315218925476074,-0.11599540710449219,-0.5058235709980722,-1.2014617919921875,0.0,-1.320450782775879,0.15262603759765625,-1.2948769278062935,0.20513153076171875,0.0,0.20351696014404297,0.03663063049316406,0.21820101456155871,0.2422466278076172,0.0,0.811589241027832,0.0659332275390625,0.8451867014886514,0.4766807556152344,0.0,0.0006232261657714844,0.0030689239501953125,0.000512592364274325,-0.001098930835723877,0.0,0.0,0.0,0.0,0.0,0.0,-0.2624914348125458,-0.15334121882915497,-0.45404312014579773,0.1576639711856842,-0.15334121882915497,-0.45404312014579773,0.1576639711856842,0.42390263080596924,0.23501980304718018,-0.8746839761734009,0.3007323145866394,0.043674811720848083,-0.9527080059051514,0.24114903212133287
1.4402,1787014374.2637,ramp,0,-0.153033,-0.07700484518882882,-0.4449348559517563,0.03586725798529462,-0.13044172525405884,0.2630440294742584,0.21881844103336334,0.9305436015129089,-2.0720906257629395,0.3601951599121094,-2.0824834435864754,-4.893775939941406,0.0,-0.16614675521850586,0.14041519165039062,-0.17456047042712375,-1.5531158447265625,0.0,-0.13316679000854492,0.0061054229736328125,-0.13323867852695548,0.08791351318359375,0.0,-0.05205869674682617,-0.018314361572265625,-0.042871626168021836,0.615386962890625,-4.287162616802183,0.18033599853515625,-0.05494499206542969,0.18133978016539082,0.5567779541015625,0.0,-0.20066070556640625,-0.0061054229736328125,-0.2002717094926886,0.02930450439453125,0.0,-2.024921417236328,0.34798622131347656,-2.069203058998914,-10.75457763671875,0.0,-0.19548368453979492,0.128204345703125,-0.18992847031172513,-0.20513153076171875,0.0,-0.1554093360900879,0.03052520751953125,-0.14540905816129115,0.9084243774414062,0.0,0.01351785659790039,0.03052520751953125,-0.0031703206713604975,-1.9047622680664062,-0.3170320671360498,-0.16365432739257812,0.04273414611816406,-0.16184613933778652,-0.20513153076171875,0.0,0.0585780143737793,-0.03052520751953125,0.058166756871640496,0.380950927734375,0.0,0.031158447265625,-0.05494499206542969,0.10416389221181854,3.0183181762695312,0.0,0.14620459392201532,0.08843016622755426,0.3418773948749191,10.939878951864067,1.6726436924951447,0.11611134374209227,0.01627400853524193,0.20579196426835752,5.457218463844901,0.0,-0.9003381729125977,0.23809432983398438,-0.9201241376666299,-1.0256423950195312,0.0,-0.016777515411376953,-0.128204345703125,0.09601086109648625,2.4908447265625,0.0,1.3651275634765625,-0.15262603759765625,1.3132395835476036,-0.615386962890625,0.0,-1.016918659210205,0.16483497619628906,-1.0861216058209546,-1.8461532592773438,0.0,1.0378189086914062,-0.09157562255859375,1.0183364864643238,-0.08791351318359375,0.0,0.2611198425292969,-0.15384674072265625,0.23440050719287037,-0.2578754425048828,0.0,-0.3370332717895508,-0.124542236328125,-0.3727528996001265,-0.4923076629638672,0.0,-0.21830129623413086,-0.14041519165039062,-0.09683949882518739,2.8424911499023438,0.0,-0.3674793243408203,-0.45787620544433594,-0.5895441153800612,-3.5457839965820312,0.0,-1.2681050300598145,0.07936477661132812,-1.2716308384231907,-0.14652252197265625,0.0,-0.43363094329833984,-0.10378456115722656,-0.5048316046521889,-1.1428604125976562,0.0,-1.3171911239624023,0.16483497619628906,-1.2914817920688395,0.20513153076171875,0.0,0.20427989959716797,0.0659332275390625,0.21916755550076736,0.2422466278076172,0.0,0.8134965896606445,0.08058547973632812,0.8471794840796534,0.4297943115234375,0.0,0.0006232261657714844,0.0030689239501953125,0.0005110306788507121,-0.0006105303764343262,0.0,0.0,0.0,0.0,0.0,0.0,-0.26223745942115784,-0.0779048278927803,-0.5372121334075928,0.05278387665748596,-0.0779048278927803,-0.5372121334075928,0.05278387665748596,0.41605979204177856,0.23573854565620422,-0.8782491087913513,0.3007323145866394,0.043674811720848083,-0.9527080059051514,0.2366301428478002
1.4612,1787014374.2845,ramp,0,-0.151268,0.016142372279297806,-0.42942111036420416,0.01784388878629005,-0.12919878959655762,0.25874063372612,0.21992141008377075,0.9316627383232117,-2.064612865447998,0.3846149444580078,-2.075774927584621,-5.0695953369140625,0.0,-0.16346263885498047,0.11599540710449219,-0.1742190869195771,-1.6703262329101562,0.0,-0.1341252326965332,0.0061054229736328125,-0.132716978500018,0.14652252197265625,0.0,-0.05205869674682617,-0.0061054229736328125,-0.04244696332619728,0.7325973510742188,-4.2446963326197285,0.17899417877197266,-0.06715583801269531,0.18074221035040278,0.615386962890625,0.0,-0.20027732849121094,0.05494499206542969,-0.19941063235595818,-0.08791351318359375,0.0,-2.017251968383789,0.3601951599121094,-2.0626084310810517,-10.813186645507812,0.0,-0.1929912567138672,0.10378456115722656,-0.18918215816246806,-0.3223419189453125,0.0,-0.15502548217773438,0.018314361572265625,-0.14481040257474395,1.0256423950195312,0.0,0.014476776123046875,0.018314361572265625,-0.002955166719813907,-1.7875442504882812,-0.2955166719813904,-0.16307878494262695,0.0061054229736328125,-0.1612355339956382,-0.02930450439453125,0.0,0.06087923049926758,0.09157562255859375,0.05800141877870622,-0.5567779541015625,0.0,0.03000783920288086,-0.09157562255859375,0.10388362673468027,3.0769195556640625,0.0,0.14749757355070986,0.0450728657248931,0.3417881654565869,11.1395919287613,1.667289927395215,0.11549211521315686,-0.04717773122010272,0.2051094233866687,6.031357259542556,0.0,-0.8940105438232422,0.28693580627441406,-0.9172006259142084,-1.2014617919921875,0.0,-0.02003765106201172,-0.21367454528808594,0.09550830362282192,2.6080551147460938,0.0,1.3632102012634277,-0.09157562255859375,1.3092403897823053,-0.7325973510742188,0.0,-1.0132756233215332,0.16483497619628906,-1.0834433115735242,-1.7875442504882812,0.0,1.0359015464782715,-0.05494499206542969,1.0166575235395325,-0.20513153076171875,0.0,0.2584495544433594,-0.124542236328125,0.23186420634916105,-0.28913307189941406,0.0,-0.3389406204223633,-0.10988998413085938,-0.37558168369589395,-0.5235652923583984,0.0,-0.2207942008972168,-0.10378456115722656,-0.09676274495592029,2.6666641235351562,0.0,-0.3762993812561035,-0.3846149444580078,-0.5874618657588145,-3.5457839965820312,0.0,-1.266571044921875,0.06715583801269531,-1.269940688350033,-0.14652252197265625,0.0,-0.43669891357421875,-0.15262603759765625,-0.5037926265528713,-0.9670333862304688,0.0,-1.3131647109985352,0.21367454528808594,-1.2879257524006948,0.08791351318359375,0.0,0.20542430877685547,0.0659332275390625,0.22017990322012224,0.1953601837158203,0.0,0.8150224685668945,0.05128288269042969,0.84926670959627,0.4923095703125,0.0,0.0006232261657714844,0.0030689239501953125,0.0005093949812689431,-0.0003663301467895508,0.0,0.0,0.0,0.0,0.0,0.0,-0.2594511806964874,0.07215125113725662,-0.4717371165752411,0.05085517838597298,0.07215125113725662,-0.4717371165752411,0.05085517838597298,0.4068302512168884,0.2343595027923584,-0.8829296827316284,0.3007323145866394,0.043674811720848083,-0.9527080059051514,0.22960319399912574
1.4811,1787014374.3053,ramp,0,-0.147633,0.07694366738516266,-0.47208421865797373,0.01829625582576443,-0.12709440290927887,0.254935622215271,0.22070448100566864,0.9328152537345886,-2.056943416595459,0.4822959899902344,-2.0694007197505573,-6.0659332275390625,0.0,-0.1615447998046875,0.06715583801269531,-0.17389471571324436,-1.611724853515625,0.0,-0.1341252326965332,0.018314361572265625,-0.13222127655970567,0.3223419189453125,0.0,-0.05205869674682617,-0.0061054229736328125,-0.04204346287804371,0.9670333862304688,-4.204346287804372,0.17765188217163086,-0.07936477661132812,0.18017441947160878,0.8498153686523438,0.0,-0.1995100975036621,0.06715583801269531,-0.19859246562144306,-0.20513153076171875,0.0,-2.00958251953125,0.4334545135498047,-2.0563424359004263,-11.633697509765625,0.0,-0.19145727157592773,0.05494499206542969,-0.18847303728578896,-0.14652252197265625,0.0,-0.15483379364013672,0.0061054229736328125,-0.14424158003208024,1.1428604125976562,0.0,0.014668464660644531,0.018314361572265625,-0.0027507346214036416,-1.8461532592773438,-0.2750734621403641,-0.1628870964050293,-0.018314361572265625,-0.16065535719433569,0.02930450439453125,0.0,0.06279659271240234,-0.15262603759765625,0.05784432004525169,0.3223419189453125,0.0,0.02770709991455078,-0.11599540710449219,0.10361732783944048,3.6630020141601562,0.0,0.14856051069397522,0.04958422332095889,0.3417033826436362,11.069369217270005,1.6622029586181721,0.11442375268066506,-0.05251412575019998,0.20446089583841115,5.968489084702089,0.0,-0.8867239952087402,0.33577537536621094,-0.9144228026951671,-1.3186798095703125,0.0,-0.025214672088623047,-0.27472496032714844,0.09503079029724999,2.9011001586914062,0.0,1.361292839050293,-0.07936477661132812,1.3054404894434444,-0.7912063598632812,0.0,-1.0100159645080566,0.16483497619628906,-1.080898485837225,-1.8461532592773438,0.0,1.0341758728027344,-0.09157562255859375,1.0150622290473752,-0.14652252197265625,0.0,0.2557792663574219,-0.13919448852539062,0.22945429800236067,-0.3047618865966797,0.0,-0.3408479690551758,-0.08058547973632812,-0.3782694998595776,-0.5860805511474609,0.0,-0.22309494018554688,-0.14041519165039062,-0.09668981599299588,2.9011001586914062,0.0,-0.38416051864624023,-0.39682579040527344,-0.5854833817178495,-3.3113555908203125,0.0,-1.264845371246338,0.09157562255859375,-1.2683347642031597,-0.20513153076171875,0.0,-0.4391913414001465,-0.11599540710449219,-0.5028054242657694,-0.9084243774414062,0.0,-1.309138298034668,0.21367454528808594,-1.2845469222831751,0.08791351318359375,0.0,0.20656871795654297,0.0659332275390625,0.2211418022096639,0.1953601837158203,0.0,0.816166877746582,0.05128288269042969,0.8512499215668156,0.4766807556152344,0.0,0.0006232261657714844,0.0030689239501953125,0.0005078407960606217,-0.0003663301467895508,0.0,0.0,0.0,0.0,0.0,0.0,-0.2540919780731201,0.13712158799171448,-0.5170700550079346,0.061504002660512924,0.13712158799171448,-0.5170700550079346,0.061504002660512924,0.39854860305786133,0.2305402159690857,-0.8876993060112,0.3007323145866394,0.043674811720848083,-0.9527080059051514,0.2211603065438796
1.5012,1787014374.3247,ramp,0,-0.143484,0.08798410128970877,-0.4879694419280784,0.022210738524125626,-0.12474535405635834,0.2512724995613098,0.221425399184227,0.9339548349380493,-2.047739028930664,0.4945049285888672,-2.0630047046673665,-6.417579650878906,0.0,-0.16077804565429688,0.018314361572265625,-0.17356923477784564,-1.4358978271484375,0.0,-0.13431692123413086,0.018314361572265625,-0.13172387873874639,0.3223419189453125,0.0,-0.05205869674682617,-0.0061054229736328125,-0.041638581986229536,0.7912063598632812,-4.163858198622954,0.17592620849609375,-0.09157562255859375,0.1796046860836484,1.0256423950195312,0.0,-0.19893503189086914,0.04273414611816406,-0.19777149979937508,-0.08791351318359375,0.0,-2.0003786087036133,0.45787620544433594,-2.050055003684566,-12.5128173828125,0.0,-0.19049835205078125,0.04273414611816406,-0.18776149038598325,-0.02930450439453125,0.0,-0.15464210510253906,0.03052520751953125,-0.14367081145075256,1.0842514038085938,0.0,0.015051841735839844,0.03052520751953125,-0.002545603126014845,-1.9047622680664062,-0.2545603126014844,-0.1655716896057129,-0.05494499206542969,-0.16007319550951923,0.5567779541015625,0.0,0.06126260757446289,0.0061054229736328125,0.05768668385031062,-0.02930450439453125,0.0,0.02502298355102539,-0.15262603759765625,0.10335011789038791,3.7802200317382812,0.0,0.14919146137061734,0.0136321210682425,0.3416183097742625,11.160302601701346,1.6570985864557493,0.11350311467711154,-0.010300076251600858,0.20381014956710924,5.773197599176701,0.0,-0.8786706924438477,0.372406005859375,-0.9116354760704405,-1.5531158447265625,0.0,-0.031350135803222656,-0.2991447448730469,0.09455164331737566,2.9597091674804688,0.0,1.3597583770751953,-0.06715583801269531,1.301627588999236,-0.8498153686523438,0.0,-1.0054140090942383,0.27472496032714844,-1.0783449538192569,-2.139190673828125,0.0,1.032641887664795,-0.06715583801269531,1.013461476781432,-0.20513153076171875,0.0,0.2534904479980469,-0.10988998413085938,0.22703614494922802,-0.28913307189941406,0.0,-0.3427553176879883,-0.09523773193359375,-0.38096651149950167,-0.5548229217529297,0.0,-0.2255878448486328,-0.10378456115722656,-0.09661663752768551,2.7838821411132812,0.0,-0.3914470672607422,-0.34798622131347656,-0.5834981289464795,-3.3113555908203125,0.0,-1.262927532196045,0.07936477661132812,-1.2667233459166443,-0.20513153076171875,0.0,-0.44149255752563477,-0.10378456115722656,-0.5018148445917395,-0.9084243774414062,0.0,-1.305494785308838,0.16483497619628906,-1.2811565326131513,0.14652252197265625,0.0,0.20771312713623047,0.0659332275390625,0.22210699201924886,0.21098899841308594,0.0,0.817692756652832,0.0659332275390625,0.8532399184428177,0.5235671997070312,0.0,0.0006232261657714844,0.0030689239501953125,0.0005062812937203664,-0.0006105303764343262,0.0,0.0,0.0,0.0,0.0,0.0,-0.24833126366138458,0.1047634407877922,-0.4985121190547943,0.10518661886453629,0.1047634407877922,-0.4985121190547943,0.10518661886453629,0.3908444344997406,0.22623607516288757,-0.8922207951545715,0.3007323145866394,0.043674811720848083,-0.9527080059051514,0.21278650181497158
1.5212,1787014374.3461,ramp,0,-0.139216,0.10299664828248647,-0.5006448237153378,0.018677017121429305,-0.12220343947410583,0.24707452952861786,0.2221033275127411,0.9352489709854126,-2.037576675415039,0.5311355590820312,-2.0566103762568115,-7.413917541503906,0.0,-0.16058635711669922,-0.0061054229736328125,-0.17324383967398108,-1.4945068359375,0.0,-0.13431692123413086,0.018314361572265625,-0.13122661208497208,0.3223419189453125,0.0,-0.05205869674682617,0.018314361572265625,-0.041233807864257545,0.7325973510742188,-4.123380786425755,0.17400884628295898,-0.09157562255859375,0.1790351029382536,1.1428604125976562,0.0,-0.19816827774047852,-0.0061054229736328125,-0.1969507504715726,0.20513153076171875,0.0,-1.9911746978759766,0.4822959899902344,-2.043769229507301,-12.864471435546875,0.0,-0.19011497497558594,-0.0061054229736328125,-0.1870501311259297,0.14652252197265625,0.0,-0.1540670394897461,0.04273414611816406,-0.14310019338497795,1.0256423950195312,0.0,0.015435218811035156,0.03052520751953125,-0.0023405257251951743,-1.7875442504882812,-0.2340525725195175,-0.1659550666809082,-0.0061054229736328125,-0.15949118734469467,0.4981689453125,0.0,0.059920310974121094,0.14041519165039062,0.05752908922510524,-0.4981689453125,0.0,0.02214670181274414,-0.14041519165039062,0.10308297840641448,3.8388290405273438,0.0,0.14933263154352505,0.0001439133266475244,0.34153325933918244,11.39611461884252,1.6519955603509455,0.11333723937175431,0.005547934698418173,0.20315957490202063,5.702641778945273,0.0,-0.8700423240661621,0.4334545135498047,-0.9088488844826836,-1.7875442504882812,0.0,-0.03748607635498047,-0.33577537536621094,0.09407262269181556,3.135528564453125,0.0,1.357649326324463,-0.15262603759765625,1.297815694042782,-0.7325973510742188,0.0,-1.0000452995300293,0.25030517578125,-1.0757920951850324,-2.139190673828125,0.0,1.0312995910644531,-0.07936477661132812,1.011861146644738,-0.08791351318359375,0.0,0.2512016296386719,-0.10988998413085938,0.2246186295794859,-0.3047618865966797,0.0,-0.3450450897216797,-0.124542236328125,-0.38366281191913115,-0.5391941070556641,0.0,-0.2269296646118164,-0.04273414611816406,-0.09654347836003369,2.7252731323242188,0.0,-0.3971996307373047,-0.28693580627441406,-0.5815133996997542,-3.135528564453125,0.0,-1.2612018585205078,0.07936477661132812,-1.2651123525720795,-0.14652252197265625,0.0,-0.4430265426635742,-0.05494499206542969,-0.5008245261403004,-0.9670333862304688,0.0,-1.3024272918701172,0.16483497619628906,-1.2777670370119198,0.20513153076171875,0.0,0.20885753631591797,0.0659332275390625,0.22307192730172293,0.1797313690185547,0.0,0.8196001052856445,0.09523773193359375,0.8552293905431223,0.4297943115234375,0.0,0.0006232261657714844,0.0030689239501953125,0.0005047222026314744,-0.0018315315246582031,0.0,0.0,0.0,0.0,0.0,0.0,-0.243202805519104,0.10174451768398285,-0.4975578784942627,0.08827745169401169,0.10174451768398285,-0.4975578784942627,0.08827745169401169,0.3824937641620636,0.22250057756900787,-0.8967675566673279,0.3007323145866394,0.043674811720848083,-0.9527080059051514,0.20479085360106628
1.5402,1787014374.3634,ramp,0,-0.135952,0.10621212401551292,-0.5205908350155952,-0.01033626290341014,-0.11997177451848984,0.24258208274841309,0.22255218029022217,0.936606228351593,-2.0266475677490234,0.5311355590820312,-2.050527097887764,-8.351646423339844,0.0,-0.16058635711669922,-0.0061054229736328125,-0.1729342733099098,-1.377288818359375,0.0,-0.1341252326965332,0.018314361572265625,-0.1307535348070581,0.380950927734375,0.0,-0.05110025405883789,0.05494499206542969,-0.040848723848791915,0.4981689453125,-4.0848723848791915,0.17285776138305664,-0.04273414611816406,0.17849322698111084,0.9084243774414062,0.0,-0.19797658920288086,0.05494499206542969,-0.19616992622989154,0.02930450439453125,0.0,-1.9817790985107422,0.5189247131347656,-2.037789224785906,-13.567764282226562,0.0,-0.18992328643798828,0.018314361572265625,-0.18637337570746193,-0.02930450439453125,0.0,-0.1531081199645996,0.05494499206542969,-0.14255733285082323,0.9670333862304688,0.0,0.016010284423828125,0.04273414611816406,-0.002145424248341481,-2.0219802856445312,-0.2145424248341481,-0.1659550666809082,-0.0061054229736328125,-0.15893749077918168,0.5567779541015625,0.0,0.05685234069824219,0.09157562255859375,0.057379160739573026,-0.26373291015625,0.0,0.019845962524414062,-0.14041519165039062,0.10282883383640903,3.9560470581054688,0.0,0.149403219909092,0.00014380693379836127,0.3414523461550635,11.330139844771608,1.6471407693038085,0.11325429153039017,0.005548115744467874,0.2025406472315164,5.510895470673928,0.0,-0.8621811866760254,0.372406005859375,-0.9061978457432298,-1.7875442504882812,0.0,-0.04304647445678711,-0.27472496032714844,0.09361690386996285,3.135528564453125,0.0,1.3549652099609375,-0.1770458221435547,1.294189227486044,-0.7325973510742188,0.0,-0.9950599670410156,0.23809432983398438,-1.073363419535033,-2.1977996826171875,0.0,1.029573917388916,-0.07936477661132812,1.0103386640509733,-0.08791351318359375,0.0,0.24891281127929688,-0.15384674072265625,0.2223187134645555,-0.27350425720214844,0.0,-0.3480968475341797,-0.1831493377685547,-0.3862279516751861,-0.4297924041748047,0.0,-0.22731351852416992,0.0061054229736328125,-0.09647387799647723,2.6080551147460938,0.0,-0.4010343551635742,-0.1892547607421875,-0.5796252169665855,-3.3113555908203125,0.0,-1.2596678733825684,0.06715583801269531,-1.263579725478749,-0.14652252197265625,0.0,-0.44417667388916016,-0.04273414611816406,-0.4998823814102668,-0.9670333862304688,0.0,-1.299551010131836,0.16483497619628906,-1.2745424223301156,0.20513153076171875,0.0,0.20962047576904297,0.05128288269042969,0.22398992361885228,0.22661781311035156,0.0,0.821507453918457,0.08058547973632812,0.8571220854152889,0.4454231262207031,0.0,0.0006232261657714844,0.0030689239501953125,0.0005032389530253428,-0.0006105303764343262,0.0,0.0,0.0,0.0,0.0,0.0,-0.23937258124351501,0.09948360174894333,-0.5143584609031677,0.05709812417626381,0.09948360174894333,-0.5143584609031677,0.05709812417626381,0.3735930323600769,0.2199258804321289,-0.90114426612854,0.3007323145866394,0.043674811720848083,-0.9527080059051514,0.19788775464894742
1.5609,1787014374.3854,ramp,0,-0.133058,0.09010374449081646,-0.49667757921847394,-0.04641338006319761,-0.11781646311283112,0.2380833476781845,0.22274145483970642,0.9379882216453552,-2.015334129333496,0.5067157745361328,-2.0439304192414887,-9.054946899414062,0.0,-0.16058635711669922,-0.0061054229736328125,-0.17259858099080355,-1.4358978271484375,0.0,-0.13355016708374023,0.018314361572265625,-0.13024053201679742,0.3223419189453125,0.0,-0.04879951477050781,0.03052520751953125,-0.04043114054128302,0.4981689453125,-4.043114054128302,0.17209100723266602,-0.04273414611816406,0.17790561922447723,0.9084243774414062,0.0,-0.197784423828125,0.03052520751953125,-0.1953232040697155,0.08791351318359375,0.0,-1.9714250564575195,0.5189247131347656,-2.031304535600717,-14.329666137695312,0.0,-0.18953990936279297,0.018314361572265625,-0.1856395052930366,0.20513153076171875,0.0,-0.15195798873901367,0.07936477661132812,-0.14196865742347717,0.7912063598632812,0.0,0.017352581024169922,0.06715583801269531,-0.0019338571182285248,-2.139190673828125,-0.19338571182285236,-0.1659550666809082,0.0061054229736328125,-0.1583370648100496,0.5567779541015625,0.0,0.05551004409790039,-0.09157562255859375,0.057216578990230256,0.615386962890625,0.0,0.017353057861328125,-0.128204345703125,0.10255324065189324,4.0732574462890625,0.0,0.149403219909092,-0.004352140895512581,0.3413646042761786,11.403690682687746,1.6418762565707148,0.11325429153039017,0.010831413132211507,0.2018694849568491,5.573485309141127,0.0,-0.8550863265991211,0.3235645294189453,-0.9033230717180947,-1.6703262329101562,0.0,-0.04745674133300781,-0.1770458221435547,0.09312272450836766,3.0769195556640625,0.0,1.3518972396850586,-0.16483497619628906,1.29025670409241,-0.7325973510742188,0.0,-0.9904584884643555,0.1892547607421875,-1.0707297750053664,-2.0805892944335938,0.0,1.0280404090881348,-0.03052520751953125,1.008687691038343,-0.20513153076171875,0.0,0.24624252319335938,-0.124542236328125,0.2198246951732371,-0.3047618865966797,0.0,-0.3511486053466797,-0.15384674072265625,-0.38900957724398766,-0.4454212188720703,0.0,-0.22712182998657227,0.03052520751953125,-0.09639840368736426,2.6666641235351562,0.0,-0.4033355712890625,-0.06715583801269531,-0.577577680431099,-3.4285736083984375,0.0,-1.2587089538574219,0.06715583801269531,-1.2619177518181781,-0.08791351318359375,0.0,-0.44456052780151367,0.0061054229736328125,-0.49886072406610577,-1.0256423950195312,0.0,-1.2960996627807617,0.16483497619628906,-1.2710456652324695,0.14652252197265625,0.0,0.21076488494873047,0.08058547973632812,0.22498539453686575,0.16410255432128906,0.0,0.823796272277832,0.10988998413085938,0.859174514893227,0.4141654968261719,0.0,0.0006232261657714844,0.0030689239501953125,0.0005016305240812311,-0.0003663301467895508,0.0,0.0,0.0,0.0,0.0,0.0,-0.2359347939491272,0.07155720144510269,-0.4827292263507843,0.01529710553586483,0.07155720144510269,-0.4827292263507843,0.01529710553586483,0.36475351452827454,0.21764743328094482,-0.9053089618682861,0.3007323145866394,0.043674811720848083,-0.9527080059051514,0.1916353591569225
1.5808,1787014374.4040,ramp,0,-0.131120,0.07414503461938245,-0.4866312034803136,-0.07478093090866611,-0.11603830754756927,0.2338024526834488,0.22259584069252014,0.9393203854560852,-2.004596710205078,0.47008514404296875,-2.0375686948298557,-9.699630737304688,0.0,-0.16058635711669922,-0.0061054229736328125,-0.17227484504188606,-1.377288818359375,0.0,-0.13335847854614258,0.0061054229736328125,-0.12974580087268148,0.3223419189453125,0.0,-0.04534769058227539,0.07936477661132812,-0.040028430319409544,-0.08791351318359375,-4.002843031940954,0.17094039916992188,-0.03052520751953125,0.1773389403228225,0.9084243774414062,0.0,-0.19701766967773438,0.03052520751953125,-0.19450663965524254,0.20513153076171875,0.0,-1.9616460800170898,0.5189247131347656,-2.0250508119159107,-14.681320190429688,0.0,-0.1889643669128418,0.04273414611816406,-0.18493177317801826,-0.02930450439453125,0.0,-0.15061569213867188,0.07936477661132812,-0.14140094887839136,0.615386962890625,0.0,0.018887042999267578,0.09157562255859375,-0.0017298253852141253,-2.7252731323242188,-0.17298253852141254,-0.1659550666809082,-0.0061054229736328125,-0.15775802424281465,0.6739959716796875,0.0,0.05570220947265625,0.05494499206542969,0.05705978792321901,0.08791351318359375,0.0,0.015052318572998047,-0.11599540710449219,0.10228746328367119,3.9560470581054688,0.0,0.149403219909092,-0.004352140895512581,0.3412799875042006,11.484590670127012,1.636799250252034,0.11325429153039017,0.010831413132211507,0.20122222750262572,5.506892111580504,0.0,-0.8495254516601562,0.22588539123535156,-0.9005506886637896,-1.611724853515625,0.0,-0.04994964599609375,-0.09157562255859375,0.09264614635791309,2.9011001586914062,0.0,1.349212646484375,-0.15262603759765625,1.2864642455819864,-0.7912063598632812,0.0,-0.9868149757385254,0.16483497619628906,-1.0681899331251798,-2.0805892944335938,0.0,1.0270814895629883,-0.03052520751953125,1.0070955208144188,-0.20513153076171875,0.0,0.24357223510742188,-0.15384674072265625,0.2174195064566551,-0.27350425720214844,0.0,-0.3545818328857422,-0.16849899291992188,-0.3916921295152065,-0.39853477478027344,0.0,-0.2265462875366211,0.018314361572265625,-0.09632561755050942,2.5494537353515625,0.0,-0.4037189483642578,-0.0061054229736328125,-0.5756030711072282,-3.4871826171875,0.0,-1.25736665725708,0.07936477661132812,-1.2603149727569438,-0.14652252197265625,0.0,-0.44475221633911133,0.0061054229736328125,-0.49787545514288134,-0.9670333862304688,0.0,-1.2930312156677246,0.15262603759765625,-1.2676734523079842,0.20513153076171875,0.0,0.21229076385498047,0.05128288269042969,0.2259454097171978,0.1797313690185547,0.0,0.8264665603637695,0.124542236328125,0.8611538428873725,0.3516502380371094,0.0,0.0006232261657714844,0.0030689239501953125,0.0005000793826316003,-0.0008547306060791016,0.0,0.0,0.0,0.0,0.0,0.0,-0.2334873527288437,0.050442785024642944,-0.4700043201446533,-0.0212855227291584,0.050442785024642944,-0.4700043201446533,-0.0212855227291584,0.3563813269138336,0.21617990732192993,-0.9089876413345337,0.3007323145866394,0.043674811720848083,-0.9527080059051514,0.18672837717024482
1.6009,1787014374.4245,ramp,0,-0.129180,0.07330056288247513,-0.4028642011319885,-0.08774289379635325,-0.11420613527297974,0.22962547838687897,0.22219862043857574,0.9406682848930359,-1.9948177337646484,0.45787620544433594,-2.0311252509846836,-9.934066772460938,0.0,-0.16058635711669922,-0.0061054229736328125,-0.17194695054779283,-1.26007080078125,0.0,-0.13316679000854492,0.0061054229736328125,-0.12924471466722762,0.4395599365234375,0.0,-0.043238162994384766,0.05494499206542969,-0.03962054708954603,-0.14652252197265625,-3.9620547089546028,0.17074871063232422,-0.0061054229736328125,0.17676498215601175,0.8498153686523438,0.0,-0.19625091552734375,0.09157562255859375,-0.1936795860750842,-0.02930450439453125,0.0,-1.9526338577270508,0.47008514404296875,-2.018716756119249,-15.150177001953125,0.0,-0.18838930130004883,0.04273414611816406,-0.18421494990095108,0.02930450439453125,0.0,-0.14927339553833008,0.06715583801269531,-0.14082594784188063,0.5567779541015625,0.0,0.020804405212402344,0.10378456115722656,-0.0015231727656967921,-2.6666641235351562,-0.1523172765696792,-0.1659550666809082,-0.0061054229736328125,-0.1571715456188378,0.6739959716796875,0.0,0.05608558654785156,0.06715583801269531,0.056900982798956765,-0.02930450439453125,0.0,0.012942790985107422,-0.10378456115722656,0.1020182718763344,3.8974380493164062,0.0,0.14932811660904008,-0.00435231012892724,0.3411942837887735,11.492122984581785,1.6316570273264084,0.11316305421162791,0.010831142554856803,0.2005666557126829,5.378096578263383,0.0,-0.8445401191711426,0.20146560668945312,-0.8977426930054027,-1.611724853515625,0.0,-0.05129194259643555,-0.06715583801269531,0.09216344633012273,2.9011001586914062,0.0,1.3457612991333008,-0.16483497619628906,1.2826230711038251,-0.7325973510742188,0.0,-0.9837470054626465,0.128204345703125,-1.0656174657450035,-1.9633712768554688,0.0,1.0259308815002441,-0.05494499206542969,1.0054828983922575,-0.14652252197265625,0.0,0.24090194702148438,-0.10988998413085938,0.214983421925235,-0.28913307189941406,0.0,-0.3572521209716797,-0.15384674072265625,-0.39440914047055825,-0.47667884826660156,0.0,-0.22597122192382812,0.04273414611816406,-0.09625189644044788,2.5494537353515625,0.0,-0.4033355712890625,0.04273414611816406,-0.5736030969695167,-3.5457839965820312,0.0,-1.2558326721191406,0.06715583801269531,-1.258691605221815,-0.14652252197265625,0.0,-0.44475221633911133,0.03052520751953125,-0.496877529962787,-1.0256423950195312,0.0,-1.2895798683166504,0.1770458221435547,-1.2642579216740022,0.14652252197265625,0.0,0.21343517303466797,0.0659332275390625,0.226917756757832,0.14847373962402344,0.0,0.828373908996582,0.09523773193359375,0.8631585963089654,0.4454231262207031,0.0,0.0006232261657714844,0.0030689239501953125,0.0004985083160182245,-0.0008547306060791016,0.0,0.0,0.0,0.0,0.0,0.0,-0.23106341063976288,0.047028444707393646,-0.38545066118240356,-0.03670654073357582,0.047028444707393646,-0.38545066118240356,-0.03670654073357582,0.3481517434120178,0.2146853506565094,-0.9125242233276367,0.3007323145866394,0.043674811720848083,-0.9527080059051514,0.18220783608706856
1.6203,1787014374.4456,ramp,0,-0.127624,0.09271738742937703,-0.32055594527075426,-0.09975968416841444,-0.11282346397638321,0.22699643671512604,0.22167269885540009,0.9415968656539917,-1.9863810539245605,0.45787620544433594,-2.0249245109943597,-10.461540222167969,0.0,-0.16058635711669922,-0.0061054229736328125,-0.17163140678719116,-1.2014617919921875,0.0,-0.13316679000854492,0.018314361572265625,-0.1287625027713195,0.615386962890625,0.0,-0.04170417785644531,0.04273414611816406,-0.039228027512194175,-0.02930450439453125,-3.9228027512194172,0.17055702209472656,-0.04273414611816406,0.17621264315171,0.9670333862304688,0.0,-0.19548368453979492,0.03052520751953125,-0.1928836849495593,0.02930450439453125,0.0,-1.9445810317993164,0.39682579040527344,-2.0126212838806365,-15.032974243164062,0.0,-0.18743085861206055,0.05494499206542969,-0.1835251270566911,-0.02930450439453125,0.0,-0.14812278747558594,0.05494499206542969,-0.14027260524943427,0.5567779541015625,0.0,0.022530078887939453,0.05494499206542969,-0.0013243040872793384,-2.5494537353515625,-0.132430408727934,-0.16538000106811523,-0.0061054229736328125,-0.1566071577628175,0.6739959716796875,0.0,0.05627727508544922,-0.04273414611816406,0.05674815935417434,0.26373291015625,0.0,0.011408805847167969,-0.07936477661132812,0.10175922004556914,3.7216110229492188,0.0,0.14911635469268786,-0.008847879148061398,0.34111180825731274,11.565043160006006,1.6267084954387645,0.11341187397495046,0.016112055230021207,0.19993577720856237,5.440573817671597,0.0,-0.8410887718200684,0.14041519165039062,-0.8950404655335726,-1.4358978271484375,0.0,-0.051867008209228516,-0.0061054229736328125,0.0916989280635605,2.7838821411132812,0.0,1.3423099517822266,-0.1770458221435547,1.2789265813432458,-0.8498153686523438,0.0,-0.9814457893371582,0.06715583801269531,-1.0631418949568734,-1.8461532592773438,0.0,1.0243968963623047,-0.06715583801269531,1.003931018282387,-0.14652252197265625,0.0,0.23899459838867188,-0.10988998413085938,0.21263909688155436,-0.3047618865966797,0.0,-0.3606853485107422,-0.16849899291992188,-0.39702381034117773,-0.3829059600830078,0.0,-0.22501230239868164,0.04273414611816406,-0.09618095216805662,2.5494537353515625,0.0,-0.4019932746887207,0.05494499206542969,-0.5716784554403421,-3.6630020141601562,0.0,-1.2542991638183594,0.07936477661132812,-1.2571293847329048,-0.14652252197265625,0.0,-0.444368839263916,0.018314361572265625,-0.49591719342222745,-0.9670333862304688,0.0,-1.2870874404907227,0.14041519165039062,-1.2609710431197367,0.26373291015625,0.0,0.21457958221435547,0.0659332275390625,0.22785347860537347,0.1953601837158203,0.0,0.830662727355957,0.10988998413085938,0.8650878371017325,0.39853668212890625,0.0,0.0006232261657714844,0.0030689239501953125,0.000496996426443161,-0.0003663301467895508,0.0,0.0,0.0,0.0,0.0,0.0,-0.2294744998216629,0.05904046446084976,-0.2977048456668854,-0.06590929627418518,0.05904046446084976,-0.2977048456668854,-0.06590929627418518,0.3430238962173462,0.21366474032402039,-0.9147031903266907,0.3007323145866394,0.043674811720848083,-0.9527080059051514,0.17948793072021985
1.6403,1787014374.4635,ramp,0,-0.125965,0.12917267554455036,-0.20820238868919366,-0.10783671053711011,-0.11137672513723373,0.22476434707641602,0.22078566253185272,0.942512571811676,-1.978902816772461,0.33577537536621094,-2.018542717127214,-9.99267578125,0.0,-0.16058635711669922,-0.0061054229736328125,-0.17130664954219035,-1.377288818359375,0.0,-0.13316679000854492,0.018314361572265625,-0.12826621088925813,0.5567779541015625,0.0,-0.040554046630859375,0.06715583801269531,-0.038824046852565214,-0.4395599365234375,-3.8824046852565215,0.16978979110717773,-0.04273414611816406,0.17564417653712222,0.9670333862304688,0.0,-0.1947169303894043,0.0061054229736328125,-0.19206454450347457,0.20513153076171875,0.0,-1.9374866485595703,0.33577537536621094,-2.0063478314523073,-14.857147216796875,0.0,-0.1862802505493164,0.06715583801269531,-0.1828151622454291,-0.08791351318359375,0.0,-0.14716434478759766,0.04273414611816406,-0.13970310574317932,0.615386962890625,0.0,0.023105621337890625,0.03052520751953125,-0.001119628691395565,-2.373626708984375,-0.11196286913955644,-0.16499614715576172,-0.0061054229736328125,-0.15602629048506317,0.6739959716796875,0.0,0.056468963623046875,-0.018314361572265625,0.05659087365533992,0.26373291015625,0.0,0.010449886322021484,-0.04273414611816406,0.10149260422432356,3.7216110229492188,0.0,0.14897501538477678,0.00014424317873292647,0.3410269245431613,11.491082405811838,1.6216154725896796,0.1135779261441326,0.005547009838793448,0.19928647783868175,5.3778997394555175,0.0,-0.8380212783813477,0.11599540710449219,-0.892259336388621,-1.4358978271484375,0.0,-0.05225086212158203,-0.0061054229736328125,0.09122084644276203,2.7252731323242188,0.0,1.3388586044311523,-0.1892547607421875,1.2751221586903296,-0.7325973510742188,0.0,-0.9802956581115723,0.03052520751953125,-1.0605940405881968,-1.7289352416992188,0.0,1.0234384536743164,-0.04273414611816406,1.0023338252081457,-0.20513153076171875,0.0,0.23670578002929688,-0.13919448852539062,0.21022632046943196,-0.3047618865966797,0.0,-0.3637371063232422,-0.15384674072265625,-0.39971482531212776,-0.3829059600830078,0.0,-0.2238621711730957,0.07936477661132812,-0.09610793641136273,2.373626708984375,0.0,-0.4006509780883789,0.04273414611816406,-0.5696976167781006,-3.5457839965820312,0.0,-1.25276517868042,0.05494499206542969,-1.2555215493534484,-0.08791351318359375,0.0,-0.4439849853515625,0.03052520751953125,-0.49492881625200214,-1.0256423950195312,0.0,-1.2842111587524414,0.1770458221435547,-1.2575881918096676,0.20513153076171875,0.0,0.21534252166748047,0.03663063049316406,0.2288165223642334,0.21098899841308594,0.0,0.8333330154418945,0.10988998413085938,0.8670734093203293,0.3516502380371094,0.0,0.0006232261657714844,0.0030689239501953125,0.000495440391577484,-0.0006105303764343262,0.0,0.0,0.0,0.0,0.0,0.0,-0.2278992086648941,0.1048813909292221,-0.1936982125043869,-0.1049051508307457,0.1048813909292221,-0.1936982125043869,-0.1049051508307457,0.33837878704071045,0.2126038372516632,-0.9166785478591919,0.3007323145866394,0.043674811720848083,-0.9527080059051514,0.1770144801045704
1.6602,1787014374.4833,ramp,0,-0.123434,0.16443050656508318,-0.10924750347982276,-0.11299031007582014,-0.10970249772071838,0.22374635934829712,0.21964597702026367,0.9432170987129211,-1.9723834991455078,0.28693580627441406,-2.0121898772214193,-9.641029357910156,0.0,-0.16039466857910156,-0.0061054229736328125,-0.17098336570872807,-1.2014617919921875,0.0,-0.13316679000854492,0.018314361572265625,-0.12777217066500196,0.615386962890625,0.0,-0.03978681564331055,0.018314361572265625,-0.03842189903815956,-0.02930450439453125,-3.842189903815956,0.16940641403198242,-0.04273414611816406,0.17507828903441602,0.9670333862304688,0.0,-0.19414138793945312,0.03052520751953125,-0.191249120467119,0.20513153076171875,0.0,-1.9317331314086914,0.28693580627441406,-2.0001028414442517,-14.681320190429688,0.0,-0.1849379539489746,0.05494499206542969,-0.1821084185181027,-0.20513153076171875,0.0,-0.14639711380004883,0.04273414611816406,-0.13913619003499694,0.380950927734375,0.0,0.023488998413085938,0.0061054229736328125,-0.0009158819001683135,-2.373626708984375,-0.09158819001683138,-0.1646127700805664,0.0061054229736328125,-0.15544805858053784,0.6739959716796875,0.0,0.056468963623046875,0.04273414611816406,0.056434301555869565,0.02930450439453125,0.0,0.010066509246826172,-0.0061054229736328125,0.10122719802913996,3.4871826171875,0.0,0.14897501538477678,0.00014424317873292647,0.34094242594326307,11.417544245164535,1.616545556595785,0.1135779261441326,0.005547009838793448,0.19864012431588624,5.315302877224573,0.0,-0.8357200622558594,0.06715583801269531,-0.8894908251231327,-1.377288818359375,0.0,-0.05225086212158203,-0.0061054229736328125,0.09074493386049089,2.7252731323242188,0.0,1.3352155685424805,-0.1892547607421875,1.2713349965614522,-0.6739959716796875,0.0,-0.9795284271240234,0.03052520751953125,-1.0580577457400022,-1.611724853515625,0.0,1.021904468536377,-0.06715583801269531,1.0007438785394613,-0.20513153076171875,0.0,0.23403549194335938,-0.10988998413085938,0.20782449073412798,-0.28913307189941406,0.0,-0.3664073944091797,-0.124542236328125,-0.4023936312482692,-0.4454212188720703,0.0,-0.22175264358520508,0.10378456115722656,-0.09603525192444053,2.373626708984375,0.0,-0.39950037002563477,0.03052520751953125,-0.5677257651071761,-3.5457839965820312,0.0,-1.2518062591552734,0.05494499206542969,-1.2539210086632915,-0.08791351318359375,0.0,-0.44340991973876953,0.04273414611816406,-0.4939449233122272,-0.9670333862304688,0.0,-1.2803764343261719,0.21367454528808594,-1.2542206883701392,0.08791351318359375,0.0,0.21572399139404297,0.05128288269042969,0.2297751968293878,0.22661781311035156,0.0,0.836003303527832,0.124542236328125,0.8690499730716401,0.3203926086425781,0.0,0.0006232261657714844,0.0030689239501953125,0.0004938914163841029,-0.0006105303764343262,0.0,0.0,0.0,0.0,0.0,0.0,-0.22547917068004608,0.1395816206932068,-0.0944819375872612,-0.14073996245861053,0.1395816206932068,-0.0944819375872612,-0.14073996245861053,0.33563652634620667,0.21060429513454437,-0.9181470274925232,0.3007323145866394,0.043674811720848083,-0.9527080059051514,0.17422665006241744
1.6810,1787014374.5042,ramp,0,-0.120429,0.2053832828725335,-0.021124364375265853,-0.11315084043290306,-0.10795385390520096,0.223775714635849,0.21826520562171936,0.9437323212623596,-1.9666314125061035,0.28693580627441406,-2.0055531005608915,-9.641029357910156,0.0,-0.16039466857910156,-0.018314361572265625,-0.17064563287861356,-1.3186798095703125,0.0,-0.13316679000854492,0.04273414611816406,-0.1272560495792629,0.5567779541015625,0.0,-0.039403438568115234,-0.0061054229736328125,-0.038001777443989485,-0.02930450439453125,-3.8001777443989484,0.1686396598815918,-0.04273414611816406,0.17448710949484988,0.9670333862304688,0.0,-0.19318294525146484,0.10378456115722656,-0.19039725149305878,-0.08791351318359375,0.0,-1.9269399642944336,0.23809432983398438,-1.9935787349745004,-14.153839111328125,0.0,-0.18378734588623047,0.05494499206542969,-0.18137008726089346,-0.20513153076171875,0.0,-0.1456303596496582,0.03052520751953125,-0.13854393633486525,0.6739959716796875,0.0,0.023680686950683594,0.0061054229736328125,-0.0007030287559483435,-2.373626708984375,-0.07030287559483428,-0.16442108154296875,-0.0061054229736328125,-0.15484398291276816,0.7912063598632812,0.0,0.056468963623046875,-0.018314361572265625,0.0562707315508224,0.08791351318359375,0.0,0.009874820709228516,0.0061054229736328125,0.10094992964714479,3.5457839965820312,0.0,0.1489044367990784,0.00014434944039413248,0.34085415072399605,11.41733893844474,1.6112490434397628,0.1136608388893461,0.0055468287981861085,0.19796488237084262,5.315262975930474,0.0,-0.8332276344299316,0.10378456115722656,-0.8865985767391553,-1.4358978271484375,0.0,-0.05244255065917969,0.0061054229736328125,0.09024775062192261,2.7252731323242188,0.0,1.3302302360534668,-0.22588539123535156,1.267378569262908,-0.615386962890625,0.0,-0.9787616729736328,0.03052520751953125,-1.0554080925609004,-1.6703262329101562,0.0,1.0201787948608398,-0.05494499206542969,0.9990828700615705,-0.14652252197265625,0.0,0.23174667358398438,-0.09523773193359375,0.2053153125136463,-0.3203907012939453,0.0,-0.3690776824951172,-0.124542236328125,-0.4051921649715653,-0.4923076629638672,0.0,-0.21926021575927734,0.09157562255859375,-0.09595931884355999,2.373626708984375,0.0,-0.3985419273376465,0.04273414611816406,-0.5656657825888571,-3.4871826171875,0.0,-1.2506556510925293,0.03052520751953125,-1.2522489326698498,-0.02930450439453125,0.0,-0.44283485412597656,0.03052520751953125,-0.492917055807932,-0.9670333862304688,0.0,-1.2763495445251465,0.22588539123535156,-1.2507026761798234,0.08791351318359375,0.0,0.21686840057373047,0.05128288269042969,0.2307767187329348,0.1953601837158203,0.0,0.8386735916137695,0.124542236328125,0.8711148782742378,0.33602142333984375,0.0,0.0006232261657714844,0.0030689239501953125,0.000492273210579516,-0.0003663301467895508,0.0,0.0,0.0,0.0,0.0,0.0,-0.2227068841457367,0.18066465854644775,-0.0065155792981386185,-0.14929816126823425,0.18066465854644775,-0.0065155792981386185,-0.14929816126823425,0.33484458923339844,0.20812034606933594,-0.919002115726471,0.3007323145866394,0.043674811720848083,-0.9527080059051514,0.17150539087648153
1.7009,1787014374.5266,ramp,0,-0.116635,0.24174377077527842,0.04187154607758162,-0.12339637068633097,-0.10593579709529877,0.2244865745306015,0.2167375087738037,0.9441442489624023,-1.9612627029418945,0.27472496032714844,-1.9991786984671276,-9.347984313964844,0.0,-0.16039466857910156,-0.0061054229736328125,-0.17032125178677743,-0.9670333862304688,0.0,-0.13259124755859375,0.05494499206542969,-0.12676033253198934,0.615386962890625,0.0,-0.03921175003051758,-0.0061054229736328125,-0.03759826469879789,0.26373291015625,-3.7598264698797887,0.1676807403564453,-0.06715583801269531,0.17391930131211966,1.1428604125976562,0.0,-0.19222402572631836,0.07936477661132812,-0.1895790598241786,-0.02930450439453125,0.0,-1.9232969284057617,0.20146560668945312,-1.987312548832052,-13.567764282226562,0.0,-0.18302059173583984,0.04273414611816406,-0.18066094477311967,-0.4395599365234375,0.0,-0.1452469825744629,0.018314361572265625,-0.1379750964568244,0.8498153686523438,0.0,0.023680686950683594,-0.0061054229736328125,-0.0004985904272865362,-2.4322357177734375,-0.0498590427286536,-0.16442108154296875,-0.0061054229736328125,-0.1542637884300573,0.8498153686523438,0.0,0.056468963623046875,-0.05494499206542969,0.05611362802964308,0.26373291015625,0.0,0.009874820709228516,0.0061054229736328125,0.10068362263620735,3.4285736083984375,0.0,0.1489044367990784,0.00014434944039413248,0.3407693653272131,11.41733893844474,1.6061619196327843,0.1136608388893461,0.0055468287981861085,0.1973163350581264,5.315262975930474,0.0,-0.8307347297668457,0.09157562255859375,-0.8838206688634601,-1.377288818359375,0.0,-0.05225086212158203,-0.0061054229736328125,0.08977022274370383,2.6666641235351562,0.0,1.3254361152648926,-0.20146560668945312,1.2635785531186763,-0.6739959716796875,0.0,-0.977994441986084,0.04273414611816406,-1.0528631892687543,-1.6703262329101562,0.0,1.018261432647705,-0.06715583801269531,0.9974875269513829,-0.14652252197265625,0.0,0.22945785522460938,-0.124542236328125,0.2029053307227277,-0.27350425720214844,0.0,-0.3717479705810547,-0.15384674072265625,-0.40788006304885704,-0.4297924041748047,0.0,-0.2177262306213379,0.05494499206542969,-0.09588638765806003,2.373626708984375,0.0,-0.3975830078125,0.04273414611816406,-0.5636872382518168,-3.4871826171875,0.0,-1.2495055198669434,0.05494499206542969,-1.2506429595809978,-0.08791351318359375,0.0,-0.4422593116760254,0.018314361572265625,-0.49192982343495495,-0.9670333862304688,0.0,-1.2727065086364746,0.20146560668945312,-1.2473237430894257,0.08791351318359375,0.0,0.21801280975341797,0.05128288269042969,0.23173864703721084,0.1953601837158203,0.0,0.8409624099731445,0.10988998413085938,0.8730981506849469,0.3516502380371094,0.0,0.0006232261657714844,0.0030689239501953125,0.0004907189780060064,-0.0008547306060791016,0.0,0.0,0.0,0.0,0.0,0.0,-0.21914322674274445,0.21554133296012878,0.05758338421583176,-0.1576935052871704,0.21554133296012878,0.05758338421583176,-0.1576935052871704,0.3351059854030609,0.204823836684227,-0.9196473956108093,0.3007323145866394,0.043674811720848083,-0.9527080059051514,0.1682566080799978
1.7207,1787014374.5445,ramp,0,-0.112433,0.27511267989126686,0.08697217497688431,-0.12353368160765976,-0.10377127677202225,0.22571127116680145,0.21498611569404602,0.9444929957389832,-1.9560856819152832,0.27472496032714844,-1.9928679397498879,-9.230766296386719,0.0,-0.16039466857910156,-0.0061054229736328125,-0.17000010938425852,-1.0256423950195312,0.0,-0.13201618194580078,0.018314361572265625,-0.12626956482839147,0.615386962890625,0.0,-0.03921175003051758,-0.0061054229736328125,-0.037198780710060095,0.02930450439453125,-3.7198780710060095,0.16653013229370117,-0.04273414611816406,0.17335716224618425,1.1428604125976562,0.0,-0.19145727157592773,0.018314361572265625,-0.18876903715369006,0.14652252197265625,0.0,-1.9200372695922852,0.1892547607421875,-1.9811089256152192,-12.864471435546875,0.0,-0.1818699836730957,0.04273414611816406,-0.17995888251368644,-0.14652252197265625,0.0,-0.14505529403686523,0.018314361572265625,-0.13741193599624224,0.7325973510742188,0.0,0.023680686950683594,-0.018314361572265625,-0.00029619325406732115,-2.1977996826171875,-0.029619325406732067,-0.1642293930053711,-0.0061054229736328125,-0.15368938673157578,0.9084243774414062,0.0,0.056468963623046875,0.0061054229736328125,0.055958093063193215,0.08791351318359375,0.0,0.010066509246826172,0.0061054229736328125,0.10041997449070054,3.4285736083984375,0.0,0.1489044367990784,0.00014434944039413248,0.34068542644573485,11.424728711772019,1.6011255867440894,0.1136608388893461,0.0055468287981861085,0.1966742629787277,5.186048191561432,0.0,-0.8278584480285645,0.11599540710449219,-0.8810704962065794,-1.4358978271484375,0.0,-0.05225086212158203,-0.0061054229736328125,0.08929746260465604,2.6666641235351562,0.0,1.32102632522583,-0.21367454528808594,1.2598164771380405,-0.615386962890625,0.0,-0.9764604568481445,0.06715583801269531,-1.0503436948284595,-1.6703262329101562,0.0,1.0165352821350098,-0.07936477661132812,0.9959081120836802,-0.14652252197265625,0.0,0.22716903686523438,-0.10988998413085938,0.2005194106989019,-0.3203907012939453,0.0,-0.3747997283935547,-0.16849899291992188,-0.41054112458416814,-0.39853477478027344,0.0,-0.2167677879333496,0.03052520751953125,-0.09581418463291626,2.4322357177734375,0.0,-0.39643287658691406,0.05494499206542969,-0.5617284481192272,-3.4871826171875,0.0,-1.2483549118041992,0.06715583801269531,-1.2490530208665824,-0.08791351318359375,0.0,-0.4416842460632324,0.03052520751953125,-0.4909524477984539,-0.9670333862304688,0.0,-1.2700223922729492,0.10378456115722656,-1.2439785459804988,0.3223419189453125,0.0,0.21877670288085938,0.0659332275390625,0.23269097124617605,0.1797313690185547,0.0,0.8424882888793945,0.05128288269042969,0.8750616216851193,0.4297943115234375,0.0,0.0006232261657714844,0.0030689239501953125,0.0004891802632187028,-0.0003663301467895508,0.0,0.0,0.0,0.0,0.0,0.0,-0.21523894369602203,0.2488156259059906,0.10278724133968353,-0.15772031247615814,0.2488156259059906,0.10278724133968353,-0.15772031247615814,0.33622533082962036,0.20114651322364807,-0.9200502634048462,0.3007323145866394,0.043674811720848083,-0.9527080059051514,0.16487920295175298
1.7412,1787014374.5644,ramp,0,-0.107547,0.3157661501817059,0.12438431190458789,-0.11974022501668047,-0.10133270174264908,0.22738684713840485,0.21306216716766357,0.9447917938232422,-1.9509081840515137,0.27472496032714844,-1.9863185361831541,-9.113555908203125,0.0,-0.16039466857910156,-0.018314361572265625,-0.1696668228032424,-0.9670333862304688,0.0,-0.13182449340820312,0.03052520751953125,-0.12576023847122922,0.6739959716796875,0.0,-0.03921175003051758,-0.0061054229736328125,-0.036784190012186524,0.3223419189453125,-3.6784190012186526,0.1659550666809082,-0.04273414611816406,0.1727737655789373,1.0842514038085938,0.0,-0.19088172912597656,0.07936477661132812,-0.18792838302556758,0.02930450439453125,0.0,-1.9167776107788086,0.1770458221435547,-1.9746707089374045,-12.395599365234375,0.0,-0.18110322952270508,0.03052520751953125,-0.17923027137958625,-0.14652252197265625,0.0,-0.14486360549926758,0.018314361572265625,-0.1368274793097421,0.9084243774414062,0.0,0.023680686950683594,-0.03052520751953125,-8.61423192157866e-05,-2.139190673828125,-0.008614231921578508,-0.1642293930053711,-0.0061054229736328125,-0.15309326371351528,0.9670333862304688,0.0,0.056468963623046875,0.03052520751953125,0.05579667645551407,-0.02930450439453125,0.0,0.010449886322021484,0.0061054229736328125,0.10014635634399059,3.5457839965820312,0.0,0.1489044367990784,0.00014434944039413248,0.340598313368786,11.424728711772019,1.5958988021271594,0.1136608388893461,0.0055468287981861085,0.19600791058667283,5.186048191561432,0.0,-0.8247904777526855,0.10378456115722656,-0.8782163242416615,-1.4945068359375,0.0,-0.05225086212158203,-0.0061054229736328125,0.08880682477810907,2.7252731323242188,0.0,1.3173832893371582,-0.1770458221435547,1.2559121361625907,-0.6739959716796875,0.0,-0.9745430946350098,0.11599540710449219,-1.0477289243051378,-1.7875442504882812,0.0,1.0150012969970703,-0.06715583801269531,0.994268970764646,-0.14652252197265625,0.0,0.22526168823242188,-0.124542236328125,0.19804326578287182,-0.3829059600830078,0.0,-0.3778514862060547,-0.15384674072265625,-0.413302815640911,-0.4297924041748047,0.0,-0.21619224548339844,0.0061054229736328125,-0.09573925121023386,2.373626708984375,0.0,-0.3945150375366211,0.07936477661132812,-0.5596955852487424,-3.5457839965820312,0.0,-1.246629238128662,0.09157562255859375,-1.2474029577357213,-0.14652252197265625,0.0,-0.4409170150756836,0.03052520751953125,-0.4899381121588657,-0.9084243774414062,0.0,-1.267721176147461,0.15262603759765625,-1.240506848383064,0.26373291015625,0.0,0.21992111206054688,0.05128288269042969,0.23367930812456827,0.1953601837158203,0.0,0.8443965911865234,0.08058547973632812,0.8770993424327969,0.39853668212890625,0.0,0.0006232261657714844,0.0030689239501953125,0.000487583361076236,-0.0003663301467895508,0.0,0.0,0.0,0.0,0.0,0.0,-0.21074406802654266,0.28978225588798523,0.1400536596775055,-0.15582798421382904,0.28978225588798523,0.1400536596775055,-0.15582798421382904,0.33803874254226685,0.19687315821647644,-0.9203102588653564,0.3007323145866394,0.043674811720848083,-0.9527080059051514,0.16114359360208985
1.7610,1787014374.5841,ramp,0,-0.102260,0.3429989031195564,0.10970946206041064,-0.1278579644605407,-0.09870836138725281,0.22921426594257355,0.21102569997310638,0.9450850486755371,-1.9453473091125488,0.27472496032714844,-1.9799967970001269,-8.820510864257812,0.0,-0.16058635711669922,-0.018314361572265625,-0.16934512162588805,-0.9670333862304688,0.0,-0.13124942779541016,0.03052520751953125,-0.12526861685160948,0.5567779541015625,0.0,-0.03921175003051758,-0.0061054229736328125,-0.03638401093741114,0.08791351318359375,-3.6384010937411144,0.16538000106811523,-0.018314361572265625,0.1722106484136865,1.0256423950195312,0.0,-0.19011497497558594,0.14041519165039062,-0.18711695094828362,-0.26373291015625,0.0,-1.913517951965332,0.20146560668945312,-1.9684562916662363,-11.926742553710938,0.0,-0.18071985244750977,0.018314361572265625,-0.17852698756012103,-0.20513153076171875,0.0,-0.14467144012451172,0.018314361572265625,-0.13626333897265896,0.9084243774414062,0.0,0.02329730987548828,-0.03052520751953125,0.00011660701692639726,-2.139190673828125,0.0,-0.1642293930053711,-0.0061054229736328125,-0.15251786257923197,1.0256423950195312,0.0,0.056468963623046875,-0.03052520751953125,0.05564087086449204,0.08791351318359375,0.0,0.010833263397216797,0.0061054229736328125,0.09988224946133799,3.4871826171875,0.0,0.1489044367990784,0.00014434944039413248,0.34051422843703744,11.424728711772019,1.590853706222246,0.1136608388893461,0.0055468287981861085,0.19536472132773725,5.186048191561432,0.0,-0.822105884552002,0.09157562255859375,-0.8754613663952144,-1.377288818359375,0.0,-0.05225086212158203,-0.0061054229736328125,0.08833324205547584,2.7252731323242188,0.0,1.3135480880737305,-0.1770458221435547,1.2521435143213944,-0.6739959716796875,0.0,-0.9718589782714844,0.128204345703125,-1.045205046046075,-1.8461532592773438,0.0,1.0132756233215332,-0.09157562255859375,0.9926868077787383,-0.14652252197265625,0.0,0.22259140014648438,-0.13919448852539062,0.1956531943543786,-0.28913307189941406,0.0,-0.3805217742919922,-0.124542236328125,-0.4159685073160287,-0.4454212188720703,0.0,-0.21600055694580078,0.0061054229736328125,-0.09566692255473677,2.4322357177734375,0.0,-0.39240598678588867,0.09157562255859375,-0.5577333869002791,-3.6043930053710938,0.0,-1.244903564453125,0.06715583801269531,-1.2458102525920318,-0.08791351318359375,0.0,-0.4403419494628906,0.03052520751953125,-0.48895903592815415,-0.9670333862304688,0.0,-1.2642698287963867,0.1892547607421875,-1.237155830766009,0.20513153076171875,0.0,0.22106552124023438,0.08058547973632812,0.23463328933926983,0.1797313690185547,0.0,0.8459224700927734,0.08058547973632812,0.8790662297933638,0.4297943115234375,0.0,0.0006232261657714844,0.0030689239501953125,0.0004860419689872266,-0.001098930835723877,0.0,0.0,0.0,0.0,0.0,0.0,-0.20587442815303802,0.31536296010017395,0.12678217887878418,-0.16949014365673065,0.31536296010017395,0.12678217887878418,-0.16949014365673065,0.34007060527801514,0.19223956763744354,-0.9205411076545715,0.3007323145866394,0.043674811720848083,-0.9527080059051514,0.15717670069292033
1.7802,1787014374.6046,ramp,0,-0.096985,0.3276452468030316,0.09731654179626778,-0.1363041216010782,-0.09605126827955246,0.23099678754806519,0.2088816910982132,0.9454010128974915,-1.9390201568603516,0.3235645294189453,-1.9738322599253169,-9.230766296386719,0.0,-0.16096973419189453,-0.0061054229736328125,-0.1690314201621935,-0.7325973510742188,0.0,-0.13086557388305664,0.018314361572265625,-0.12478922034169639,0.7912063598632812,0.0,-0.03921175003051758,0.0061054229736328125,-0.03599378307897004,0.02930450439453125,-3.599378307897004,0.16480445861816406,-0.0061054229736328125,0.1716615342313155,0.9670333862304688,0.0,-0.18973159790039062,-0.0061054229736328125,-0.1863256966780131,0.26373291015625,0.0,-1.9092998504638672,0.27472496032714844,-1.9623964077391505,-11.75091552734375,0.0,-0.1801443099975586,0.03052520751953125,-0.1778411922348652,-0.20513153076171875,0.0,-0.14467144012451172,0.018314361572265625,-0.13571322706157576,0.9084243774414062,0.0,0.022913455963134766,-0.03052520751953125,0.0003143146039298588,-1.9633712768554688,0.0,-0.16403770446777344,-0.0061054229736328125,-0.15195676989215934,1.0256423950195312,0.0,0.056468963623046875,-0.03052520751953125,0.05548893967680614,0.20513153076171875,0.0,0.011600494384765625,0.03052520751953125,0.0996247101003034,3.135528564453125,0.0,0.1489044367990784,0.004928188982667274,0.34043223443757165,11.4321184850993,1.585934066254298,0.1136608388893461,0.011358124178591344,0.19473752619708828,5.05683340719239,0.0,-0.8198051452636719,0.05494499206542969,-0.8727749158327558,-1.2014617919921875,0.0,-0.05225086212158203,0.0061054229736328125,0.08787143587095307,2.6666641235351562,0.0,1.3104805946350098,-0.14041519165039062,1.2484686064537358,-0.8498153686523438,0.0,-0.9691743850708008,0.15262603759765625,-1.0427439288361036,-1.9047622680664062,0.0,1.0113582611083984,-0.09157562255859375,0.9911439882946308,-0.14652252197265625,0.0,0.22068405151367188,-0.10988998413085938,0.19332255661279835,-0.3203907012939453,0.0,-0.3831920623779297,-0.16849899291992188,-0.4185679114808499,-0.4297924041748047,0.0,-0.21580886840820312,-0.0061054229736328125,-0.09559639248927945,2.4322357177734375,0.0,-0.3897213935852051,0.15262603759765625,-0.5558199823581068,-3.7216110229492188,0.0,-1.243177890777588,0.09157562255859375,-1.2442571531010131,-0.14652252197265625,0.0,-0.43976688385009766,0.03052520751953125,-0.48800430629623726,-0.9670333862304688,0.0,-1.2606263160705566,0.16483497619628906,-1.233888142596567,0.14652252197265625,0.0,0.22182846069335938,0.03663063049316406,0.23556354799063728,0.21098899841308594,0.0,0.8474483489990234,0.0659332275390625,0.8809842067464061,0.46105194091796875,0.0,0.0006232261657714844,0.0030689239501953125,0.00048453890655386525,-0.0001221299171447754,0.0,0.0,0.0,0.0,0.0,0.0,-0.20116043090820312,0.29307010769844055,0.11062665283679962,-0.200458824634552,0.29307010769844055,0.11062665283679962,-0.200458824634552,0.341948002576828,0.18776194751262665,-0.9207698702812195,0.3007323145866394,0.043674811720848083,-0.9527080059051514,0.1533817636663135
1.8015,1787014374.6249,ramp,0,-0.092668,0.2677631375862184,0.07065364707504537,-0.1344191528262769,-0.09370694309473038,0.2324279546737671,0.20650725066661835,0.9458070397377014,-1.9313502311706543,0.372406005859375,-1.9670567048362224,-9.465202331542969,0.0,-0.16096973419189453,0.018314361572265625,-0.16868662516412666,-0.9670333862304688,0.0,-0.13067388534545898,0.018314361572265625,-0.1242623068974235,0.4981689453125,0.0,-0.03902006149291992,0.03052520751953125,-0.03556487652522875,0.02930450439453125,-3.556487652522875,0.1646127700805664,-0.0061054229736328125,0.17105799282217046,0.8498153686523438,0.0,-0.18973159790039062,0.06715583801269531,-0.18545601468362508,0.26373291015625,0.0,-1.9029722213745117,0.2991447448730469,-1.9557358788327273,-11.926742553710938,0.0,-0.1791858673095703,0.04273414611816406,-0.17708742208964173,-0.26373291015625,0.0,-0.14447975158691406,0.018314361572265625,-0.13510858903061282,0.9670333862304688,0.0,0.02214670181274414,-0.03052520751953125,0.000531618617356568,-1.8461532592773438,0.0,-0.16403770446777344,-0.0061054229736328125,-0.15134006269010783,1.1428604125976562,0.0,0.056468963623046875,0.04273414611816406,0.055321949338452275,-0.08791351318359375,0.0,0.01236724853515625,0.03052520751953125,0.09934164389320234,3.0769195556640625,0.0,0.1490546591667359,0.00043357724681266464,0.3403421133378663,11.4391658370145,1.5805268002719775,0.11384333197838599,0.016639955514071367,0.19404816459414012,4.926876982669176,0.0,-0.8186545372009277,0.03052520751953125,-0.8698221890409182,-1.2014617919921875,0.0,-0.05225086212158203,0.0061054229736328125,0.08736385627401877,2.6666641235351562,0.0,1.3072209358215332,-0.14041519165039062,1.2444294482164668,-0.7912063598632812,0.0,-0.9657230377197266,0.128204345703125,-1.0400388700402015,-1.7875442504882812,0.0,1.0096325874328613,-0.05494499206542969,0.9894482472713811,-0.14652252197265625,0.0,0.21763134002685547,-0.15384674072265625,0.1907609101794712,-0.3047618865966797,0.0,-0.3866252899169922,-0.15384674072265625,-0.421424963990038,-0.3672771453857422,0.0,-0.21580886840820312,0.0061054229736328125,-0.09551887160845027,2.4322357177734375,0.0,-0.3847360610961914,0.25030517578125,-0.5537169245411316,-4.0146484375,0.0,-1.2412605285644531,0.06715583801269531,-1.2425501131347447,-0.08791351318359375,0.0,-0.4386162757873535,0.06715583801269531,-0.4869549455514252,-1.0256423950195312,0.0,-1.256791591644287,0.15262603759765625,-1.2302965669539274,0.20513153076171875,0.0,0.22297286987304688,0.08058547973632812,0.23658601223457915,0.1953601837158203,0.0,0.8489742279052734,0.0659332275390625,0.8830922901835314,0.4766807556152344,0.0,0.0006232261657714844,0.0030689239501953125,0.00048288686322993043,-0.0006105303764343262,0.0,0.0,0.0,0.0,0.0,0.0,-0.19752100110054016,0.2286289781332016,0.08786656707525253,-0.19194898009300232,0.2286289781332016,0.08786656707525253,-0.19194898009300232,0.3431701064109802,0.18432217836380005,-0.9210101366043091,0.3007323145866394,0.043674811720848083,-0.9527080059051514,0.15043286556365829
1.8205,1787014374.6441,ramp,0,-0.090500,0.21003857168177603,0.051181158300171614,-0.11579563403383916,-0.09241136908531189,0.2333076000213623,0.2047550231218338,0.9460989236831665,-1.9250226020812988,0.372406005859375,-1.9609806345245548,-9.641029357910156,0.0,-0.16077804565429688,0.018314361572265625,-0.1683774256042652,-1.0842514038085938,0.0,-0.13067388534545898,0.0061054229736328125,-0.12378979016728613,0.615386962890625,0.0,-0.03806114196777344,0.04273414611816406,-0.03518024879460022,-0.20513153076171875,-3.518024879460022,0.1646127700805664,0.0061054229736328125,0.17051675893214266,0.7912063598632812,0.0,-0.18953990936279297,0.23809432983398438,-0.18467611563812875,-0.3223419189453125,0.0,-1.8972196578979492,0.372406005859375,-1.949762959800092,-12.21978759765625,0.0,-0.17803525924682617,0.05494499206542969,-0.1764114685565379,-0.26373291015625,0.0,-0.14409637451171875,0.018314361572265625,-0.13456637173019528,0.9084243774414062,0.0,0.021763324737548828,0.0061054229736328125,0.0007264889190848143,-1.9047622680664062,0.0,-0.16403770446777344,-0.0061054229736328125,-0.15078702219791146,1.1428604125976562,0.0,0.05627727508544922,0.0061054229736328125,0.055172198502710365,0.02930450439453125,0.0,0.012750625610351562,-0.0061054229736328125,0.09908780045829746,3.4285736083984375,0.0,0.14912977316278528,-0.004350329225572248,0.34026129602752436,11.59344337019662,1.5756777616514626,0.11393458625097948,0.010828271797036278,0.19342997028908335,4.922488002670919,0.0,-0.8176960945129395,0.0061054229736328125,-0.8671742915089173,-1.0842514038085938,0.0,-0.05205869674682617,0.05494499206542969,0.08690867743196276,2.6080551147460938,0.0,1.304344654083252,-0.16483497619628906,1.2408072786485302,-0.7912063598632812,0.0,-0.9638056755065918,0.10378456115722656,-1.0376130721203305,-1.7875442504882812,0.0,1.0084819793701172,-0.06715583801269531,0.9879275686624467,-0.20513153076171875,0.0,0.21572399139404297,-0.10988998413085938,0.18846371922790178,-0.35164833068847656,0.0,-0.3889141082763672,-0.13919448852539062,-0.42398706432007494,-0.4454212188720703,0.0,-0.21580886840820312,0.0061054229736328125,-0.0954493537141454,2.4322357177734375,0.0,-0.37879180908203125,0.34798622131347656,-0.5518309791097366,-4.24908447265625,0.0,-1.2403016090393066,0.06715583801269531,-1.2410193020464302,-0.08791351318359375,0.0,-0.43708229064941406,0.07936477661132812,-0.486013917165715,-1.0842514038085938,0.0,-1.2539153099060059,0.1770458221435547,-1.2270757731079038,0.20513153076171875,0.0,0.22411727905273438,0.0659332275390625,0.23750292082076363,0.14847373962402344,0.0,0.8505001068115234,0.09523773193359375,0.884982742407505,0.4297943115234375,0.0,0.0006232261657714844,0.0030689239501953125,0.00048140537112158563,-0.0003663301467895508,0.0,0.0,0.0,0.0,0.0,0.0,-0.1956891119480133,0.17988428473472595,0.07066357135772705,-0.13150662183761597,0.17988428473472595,0.07066357135772705,-0.13150662183761597,0.3440043330192566,0.18257534503936768,-0.921046793460846,0.3007323145866394,0.043674811720848083,-0.9527080059051514,0.1490279618939249
1.8404,1787014374.6637,ramp,0,-0.088996,0.162790298939217,0.030698255804748775,-0.08417032977303919,-0.09141933917999268,0.23388178646564484,0.20321713387966156,0.9463850259780884,-1.9167776107788086,0.39682579040527344,-1.9546189711385935,-10.051284790039062,0.0,-0.16039466857910156,0.0061054229736328125,-0.16805369276082704,-0.9084243774414062,0.0,-0.13048219680786133,0.018314361572265625,-0.12329506376894325,0.6739959716796875,0.0,-0.03633546829223633,0.09157562255859375,-0.03477754243577709,-0.3223419189453125,-3.477754243577709,0.16442108154296875,-0.0061054229736328125,0.16995008546642923,0.7325973510742188,0.0,-0.18800592422485352,0.04273414611816406,-0.1838595590566565,0.14652252197265625,0.0,-1.8895502090454102,0.4212455749511719,-1.9435092961049465,-12.864471435546875,0.0,-0.17669296264648438,0.05494499206542969,-0.1757037432305322,-0.380950927734375,0.0,-0.1439046859741211,0.03052520751953125,-0.13399866863092777,0.9084243774414062,0.0,0.021571636199951172,0.018314361572265625,0.000930518694898191,-1.9047622680664062,0.0,-0.16346263885498047,0.018314361572265625,-0.15020798718519873,0.9670333862304688,0.0,0.05608558654785156,-0.05494499206542969,0.055015408939737886,0.20513153076171875,0.0,0.012942790985107422,-0.0061054229736328125,0.0988220256395795,3.3113555908203125,0.0,0.14891806094320473,-0.004349593691249988,0.3401766800672438,11.67383985476049,1.5706008040346262,0.11418329367243216,0.010826431083436042,0.19278271904376154,4.855692119925943,0.0,-0.8171205520629883,0.0061054229736328125,-0.8644019350490585,-1.0842514038085938,0.0,-0.05129194259643555,0.03052520751953125,0.08643210385314629,2.6080551147460938,0.0,1.3003182411193848,-0.21367454528808594,1.2370148565177597,-0.615386962890625,0.0,-0.9616966247558594,0.05494499206542969,-1.0350732546039083,-1.6703262329101562,0.0,1.00675630569458,-0.06715583801269531,0.986335413711623,-0.14652252197265625,0.0,0.21343517303466797,-0.10988998413085938,0.18605855358340645,-0.3047618865966797,0.0,-0.3915843963623047,-0.124542236328125,-0.426669590858561,-0.4454212188720703,0.0,-0.21580886840820312,0.0061054229736328125,-0.09537656827550108,2.4322357177734375,0.0,-0.36997175216674805,0.39682579040527344,-0.5498563887275634,-4.4249114990234375,0.0,-1.2387681007385254,0.05494499206542969,-1.2394165383600628,-0.02930450439453125,0.0,-0.43497323989868164,0.128204345703125,-0.4850286576938113,-1.1428604125976562,0.0,-1.2506556510925293,0.16483497619628906,-1.223703592531811,0.20513153076171875,0.0,0.22564315795898438,0.08058547973632812,0.23846292679202474,0.14847373962402344,0.0,0.8524074554443359,0.08058547973632812,0.8869620514146883,0.4297943115234375,0.0,0.0006232261657714844,0.0030689239501953125,0.0004798542445514816,-0.0003663301467895508,0.0,0.0,0.0,0.0,0.0,0.0,-0.19459089636802673,0.13780727982521057,0.046225354075431824,-0.09567900002002716,0.13780727982521057,0.046225354075431824,-0.09567900002002716,0.3447151184082031,0.18151330947875977,-0.9209908843040466,0.3007323145866394,0.043674811720848083,-0.9527080059051514,0.14825703355352549
1.8611,1787014374.6843,ramp,0,-0.087705,0.08441666385149313,0.020924687630753357,-0.0795174544535345,-0.09062375873327255,0.2343951314687729,0.2020946741104126,0.9465749263763428,-1.9083409309387207,0.4212455749511719,-1.948013908972033,-10.637359619140625,0.0,-0.1602029800415039,0.018314361572265625,-0.1677175738204592,-0.9670333862304688,0.0,-0.13029050827026367,0.018314361572265625,-0.12278140901888147,0.9084243774414062,0.0,-0.03403472900390625,0.11599540710449219,-0.034359428434214905,-0.7912063598632812,-3.4359428434214907,0.16442108154296875,0.0061054229736328125,0.16936173093678888,0.615386962890625,0.0,-0.18685531616210938,0.128204345703125,-0.18301176082277948,0.02930450439453125,0.0,-1.8807296752929688,0.4822959899902344,-1.937016365723507,-13.5091552734375,0.0,-0.17554283142089844,0.05494499206542969,-0.1749689401622919,-0.5567779541015625,0.0,-0.14332962036132812,0.04273414611816406,-0.13340924507370439,0.9084243774414062,0.0,0.021763324737548828,0.0061054229736328125,0.001142354699307133,-1.9047622680664062,0.0,-0.1628870964050293,0.018314361572265625,-0.14960679815277955,1.0256423950195312,0.0,0.055893898010253906,0.04273414611816406,0.05485262057014474,-0.08791351318359375,0.0,0.012942790985107422,-0.0061054229736328125,0.09854608221198281,3.4285736083984375,0.0,0.14856507523220536,-0.035808154984792846,0.3400888266798467,11.761373152374135,1.5653296007908022,0.11459787636610043,0.04776830922493061,0.19211070380916612,4.6595075558592285,0.0,-0.8163537979125977,-0.0061054229736328125,-0.8615235075601658,-1.0256423950195312,0.0,-0.050908565521240234,-0.0061054229736328125,0.08593729645387876,2.6080551147460938,0.0,1.2947568893432617,-0.2991447448730469,1.2330773353985416,-0.4395599365234375,0.0,-0.9605460166931152,0.03052520751953125,-1.0324362630547004,-1.611724853515625,0.0,1.0054140090942383,-0.06715583801269531,0.984682342527097,-0.14652252197265625,0.0,0.21038341522216797,-0.13919448852539062,0.1835613657193292,-0.2578754425048828,0.0,-0.3938732147216797,-0.124542236328125,-0.42945475151155127,-0.4923076629638672,0.0,-0.21580886840820312,0.0061054229736328125,-0.09530099804836095,2.373626708984375,0.0,-0.36249399185180664,0.372406005859375,-0.5478062500395392,-4.483512878417969,0.0,-1.2376174926757812,0.06715583801269531,-1.2377524525472041,-0.08791351318359375,0.0,-0.4320969581604004,0.14041519165039062,-0.4840057019560906,-1.2014617919921875,0.0,-1.246629238128662,0.20146560668945312,-1.2202023915108464,0.14652252197265625,0.0,0.22678756713867188,0.0659332275390625,0.23945966282405717,0.16410255432128906,0.0,0.8543148040771484,0.09523773193359375,0.8890170892634573,0.4297943115234375,0.0,0.0005273818969726562,0.0030689239501953125,0.00047824377150344993,-0.0006105303764343262,0.0,0.0,0.0,0.0,0.0,0.0,-0.19378961622714996,0.02405366115272045,0.06600503623485565,-0.07507862150669098,0.02405366115272045,0.06600503623485565,-0.07507862150669098,0.3455980718135834,0.1807127445936203,-0.920817494392395,0.3007323145866394,0.043674811720848083,-0.9527080059051514,0.14781437523832996
1.8810,1787014374.7042,ramp,0,-0.088625,-0.003801951658737738,0.042005403211871725,-0.07186261401902205,-0.09083817899227142,0.23474723100662231,0.2010517716407776,0.9466891884803772,-1.9006710052490234,0.372406005859375,-1.941628270807616,-10.520149230957031,0.0,-0.15962743759155273,0.03052520751953125,-0.16739262094654642,-1.0842514038085938,0.0,-0.13009881973266602,0.03052520751953125,-0.12228481817800574,0.7912063598632812,0.0,-0.03192567825317383,0.10378456115722656,-0.03395520442267272,-1.0256423950195312,-3.395520442267272,0.16442108154296875,0.0061054229736328125,0.16879292188640632,0.6739959716796875,0.0,-0.18551301956176758,0.15262603759765625,-0.18219212693872933,-0.3223419189453125,0.0,-1.872100830078125,0.47008514404296875,-1.9307391342611706,-13.626373291015625,0.0,-0.17362451553344727,0.07936477661132812,-0.17425854767883558,-0.5567779541015625,0.0,-0.14237070083618164,0.05494499206542969,-0.1328394025094561,0.7912063598632812,0.0,0.021763324737548828,0.03052520751953125,0.0013471533885912029,-2.1977996826171875,0.0,-0.16192865371704102,0.04273414611816406,-0.1490255809692562,0.9084243774414062,0.0,0.055893898010253906,0.018314361572265625,0.054695240124755455,-0.08791351318359375,0.0,0.012942790985107422,-0.0061054229736328125,0.09827930578535017,3.6630020141601562,0.0,0.1475773208838296,-0.040283770070378644,0.34000389183301416,12.009689850196343,1.5602335099808489,0.11575743214021593,0.0529893873660192,0.1914610133110467,4.329163007661706,0.0,-0.8157787322998047,0.0061054229736328125,-0.8587407031045718,-0.9670333862304688,0.0,-0.05071687698364258,0.018314361572265625,0.08545892684385523,2.5494537353515625,0.0,1.289196491241455,-0.27472496032714844,1.2292706210182633,-0.5567779541015625,0.0,-0.959587574005127,0.018314361572265625,-1.0298868738966214,-1.5531158447265625,0.0,1.0034966468811035,-0.10378456115722656,0.9830841873276124,-0.14652252197265625,0.0,0.20809459686279297,-0.124542236328125,0.18114713588674694,-0.3047618865966797,0.0,-0.3961620330810547,-0.13919448852539062,-0.4321473875097116,-0.47667884826660156,0.0,-0.21561717987060547,0.03052520751953125,-0.0952279383080662,2.4322357177734375,0.0,-0.35444021224975586,0.33577537536621094,-0.5458242181496845,-4.600730895996094,0.0,-1.2360835075378418,0.09157562255859375,-1.2361436486317385,-0.14652252197265625,0.0,-0.4290294647216797,0.1892547607421875,-0.483016729402226,-1.3186798095703125,0.0,-1.2424111366271973,0.1770458221435547,-1.2168175024216938,0.20513153076171875,0.0,0.22755050659179688,0.03663063049316406,0.24042328670608798,0.21098899841308594,0.0,0.8566036224365234,0.124542236328125,0.8910038575610908,0.39853668212890625,0.0,0.0005273818969726562,0.0030689239501953125,0.0004766867993056195,-0.0006105303764343262,0.0,0.0,0.0,0.0,0.0,0.0,-0.19580309092998505,-0.06712004542350769,0.08944691717624664,-0.051350779831409454,-0.06712004542350769,0.08944691717624664,-0.051350779831409454,0.3471986651420593,0.18245144188404083,-0.9198720455169678,0.3007323145866394,0.043674811720848083,-0.9527080059051514,0.15012853099580548
1.9010,1787014374.7245,ramp,0,-0.090384,-0.026736668444606804,0.037754007749074885,-0.04250081359246451,-0.09154902398586273,0.23510979115962982,0.20041798055171967,0.9466651082038879,-1.8930015563964844,0.4212455749511719,-1.935236600687729,-11.047622680664062,0.0,-0.1588606834411621,0.03052520751953125,-0.16706736111799342,-1.0256423950195312,0.0,-0.1293315887451172,0.04273414611816406,-0.12178775825107131,0.615386962890625,0.0,-0.029624462127685547,0.10378456115722656,-0.03355059857595999,-1.3186798095703125,-3.355059857595999,0.16442108154296875,-0.018314361572265625,0.16822357553172082,0.6739959716796875,0.0,-0.18436288833618164,-0.11599540710449219,-0.1813717188180308,0.615386962890625,0.0,-1.863663673400879,0.4945049285888672,-1.9244559732457216,-14.329666137695312,0.0,-0.17209100723266602,0.06715583801269531,-0.17354748414955487,-0.7325973510742188,0.0,-0.14141225814819336,0.06715583801269531,-0.13226902166463447,0.7325973510742188,0.0,0.022530078887939453,0.04273414611816406,0.0015521455333361422,-2.0219802856445312,0.0,-0.16039466857910156,0.06715583801269531,-0.1484438147605487,0.615386962890625,0.0,0.05570220947265625,-0.10378456115722656,0.05453771101578486,0.380950927734375,0.0,0.012942790985107422,-0.0061054229736328125,0.09801227735829339,3.4871826171875,0.0,0.14680148932391457,-0.02679634644122495,0.33991887675563914,11.92700004627392,1.5551326053383487,0.11666761982157488,0.03714318974721946,0.1908107091069745,4.394984007195422,0.0,-0.8155865669250488,-0.018314361572265625,-0.8559552699763024,-0.9084243774414062,0.0,-0.05033302307128906,0.04273414611816406,0.08498010535978066,2.4908447265625,0.0,1.283827781677246,-0.2991447448730469,1.225460310766901,-0.4395599365234375,0.0,-0.9584369659423828,0.05494499206542969,-1.0273350765529419,-1.611724853515625,0.0,1.001387596130371,-0.10378456115722656,0.9814845224902893,-0.02930450439453125,0.0,0.20580577850341797,-0.124542236328125,0.17873062554179156,-0.3047618865966797,0.0,-0.3988323211669922,-0.124542236328125,-0.4348425670062694,-0.4923076629638672,0.0,-0.21523380279541016,0.0061054229736328125,-0.09515480955460645,2.373626708984375,0.0,-0.3461952209472656,0.3601951599121094,-0.5438403140071605,-4.717948913574219,0.0,-1.2343578338623047,0.09157562255859375,-1.234533325019521,-0.14652252197265625,0.0,-0.4257698059082031,0.14041519165039062,-0.4820268226522399,-1.3186798095703125,0.0,-1.2387681007385254,0.16483497619628906,-1.2134294159230212,0.20513153076171875,0.0,0.22793197631835938,0.03663063049316406,0.24138782083956062,0.21098899841308594,0.0,0.8585109710693359,0.08058547973632812,0.8929925025854653,0.4454231262207031,0.0,0.0005273818969726562,0.0030689239501953125,0.0004751283563719404,-0.0008547306060791016,0.0,0.0,0.0,0.0,0.0,0.0,-0.19834530353546143,-0.06961485743522644,0.06834567338228226,-0.021961012855172157,-0.06961485743522644,0.06834567338228226,-0.021961012855172157,0.3488558828830719,0.18466812372207642,-0.9188021421432495,0.3007323145866394,0.043674811720848083,-0.9527080059051514,0.15293840139144224
1.9207,1787014374.7457,ramp,0,-0.091629,-0.029045658238029928,0.06837170501144336,-0.024381774492488042,-0.09213325381278992,0.23560959100723267,0.20010337233543396,0.946550726890564,-1.885331153869629,0.4212455749511719,-1.928946892948709,-11.223442077636719,0.0,-0.15828561782836914,0.018314361572265625,-0.16674728995936514,-1.0256423950195312,0.0,-0.12894821166992188,0.018314361572265625,-0.1212986276153289,0.9670333862304688,0.0,-0.02770709991455078,0.07936477661132812,-0.03315244715738102,-1.0842514038085938,-3.315244715738102,0.1642293930053711,0.0061054229736328125,0.16766331160913409,0.4981689453125,0.0,-0.1835956573486328,0.15262603759765625,-0.18056439816331532,-0.02930450439453125,0.0,-1.8554191589355469,0.4334545135498047,-1.9182730436321576,-14.212448120117188,0.0,-0.17055702209472656,0.06715583801269531,-0.17284776377926597,-0.7912063598632812,0.0,-0.14045333862304688,0.05494499206542969,-0.1317077397544963,0.5567779541015625,0.0,0.023680686950683594,0.05494499206542969,0.0017538675645199682,-2.3150177001953125,0.0,-0.15866899490356445,0.05494499206542969,-0.14787132911022965,0.6739959716796875,0.0,0.05570220947265625,0.06715583801269531,0.05438269487176792,-0.08791351318359375,0.0,0.012942790985107422,-0.0061054229736328125,0.09774950867144085,3.135528564453125,0.0,0.14609622410197914,-0.03127674482571137,0.33983521787148696,11.852078284518324,1.5501130722892178,0.11749457197583901,0.04237835843619986,0.190170778805762,4.331573486572063,0.0,-0.8153948783874512,-0.0061054229736328125,-0.8532142711489556,-0.9084243774414062,0.0,-0.04994964599609375,0.0061054229736328125,0.08450892222024058,2.5494537353515625,0.0,1.277883529663086,-0.28693580627441406,1.2217107840506374,-0.4395599365234375,0.0,-0.9574780464172363,0.04273414611816406,-1.0248239864622606,-1.5531158447265625,0.0,0.9994702339172363,-0.06715583801269531,0.9799103761219018,-0.08791351318359375,0.0,0.20313549041748047,-0.10988998413085938,0.1763526642995808,-0.3047618865966797,0.0,-0.4011211395263672,-0.124542236328125,-0.4374947519625617,-0.4923076629638672,0.0,-0.21446657180786133,0.04273414611816406,-0.09508284737915729,2.3150177001953125,0.0,-0.340059757232666,0.25030517578125,-0.5418880578667999,-4.600730895996094,0.0,-1.233015537261963,0.07936477661132812,-1.2329486899091173,-0.14652252197265625,0.0,-0.4232769012451172,0.14041519165039062,-0.4810527072755837,-1.3186798095703125,0.0,-1.2357001304626465,0.15262603759765625,-1.2100953774836989,0.26373291015625,0.0,0.22869491577148438,0.05128288269042969,0.24233696835344376,0.22661781311035156,0.0,0.8607997894287109,0.10988998413085938,0.8949494239793047,0.367279052734375,0.0,0.0005273818969726562,0.0030689239501953125,0.0004735947743195306,-0.0006105303764343262,0.0,0.0,0.0,0.0,0.0,0.0,-0.20031969249248505,-0.07433577626943588,0.10108157992362976,0.0004768497310578823,-0.07433577626943588,0.10108157992362976,0.0004768497310578823,0.35067781805992126,0.18634647130966187,-0.917769193649292,0.3007323145866394,0.043674811720848083,-0.9527080059051514,0.15530264627331228
1.9411,1787014374.7646,ramp,0,-0.092519,-0.024253998936218484,0.1169043745746664,0.010463673315327115,-0.09271357208490372,0.2366718202829361,0.1999952346086502,0.9462518095970154,-1.8767027854919434,0.3846149444580078,-1.9224320561068087,-11.575088500976562,0.0,-0.15790176391601562,0.0061054229736328125,-0.16641576241265177,-0.9670333862304688,0.0,-0.12894821166992188,0.018314361572265625,-0.12079198940279831,0.9084243774414062,0.0,-0.026173114776611328,0.06715583801269531,-0.03274004460418745,-1.3186798095703125,-3.2740044604187455,0.1642293930053711,0.0061054229736328125,0.1670829940179984,0.4395599365234375,0.0,-0.18263721466064453,-0.06715583801269531,-0.17972818087583498,0.3223419189453125,0.0,-1.8471736907958984,0.39682579040527344,-1.9118688068522147,-14.798538208007812,0.0,-0.16940641403198242,0.04273414611816406,-0.17212299814045798,-0.7325973510742188,0.0,-0.13968658447265625,0.03052520751953125,-0.13112636773872274,1.0256423950195312,0.0,0.02502298355102539,0.06715583801269531,0.001962809883481218,-2.4322357177734375,0.0,-0.157135009765625,0.05494499206542969,-0.14727835233596404,0.5567779541015625,0.0,0.055318355560302734,-0.05494499206542969,0.05422213019562792,0.08791351318359375,0.0,0.012942790985107422,-0.0061054229736328125,0.09747733463839563,3.25274658203125,0.0,0.14553244803807386,-0.026779592080255366,0.3397485645636956,11.858659475428086,1.544913873821736,0.11815531391757071,0.03709305058635349,0.18950794331712334,4.201504166156321,0.0,-0.8152031898498535,-0.0061054229736328125,-0.8503751630560273,-0.8498153686523438,0.0,-0.049757957458496094,-0.0061054229736328125,0.08402087390319171,2.6080551147460938,0.0,1.2728986740112305,-0.22588539123535156,1.217827049574509,-0.4981689453125,0.0,-0.9563279151916504,0.06715583801269531,-1.022223016287667,-1.5531158447265625,0.0,0.9979362487792969,-0.018314361572265625,0.9782798859336705,-0.14652252197265625,0.0,0.20122814178466797,-0.08058547973632812,0.17388958808806518,-0.33601951599121094,0.0,-0.4030284881591797,-0.10988998413085938,-0.4402418672470438,-0.5235652923583984,0.0,-0.21350812911987305,0.03052520751953125,-0.09500830944332744,2.3150177001953125,0.0,-0.33526611328125,0.1770458221435547,-0.5398659241277166,-4.483512878417969,0.0,-1.2314810752868652,0.05494499206542969,-1.231307335552669,-0.02930450439453125,0.0,-0.4209761619567871,0.07936477661132812,-0.4800437251404154,-1.26007080078125,0.0,-1.2326321601867676,0.1770458221435547,-1.206642002961691,0.14652252197265625,0.0,0.22983932495117188,0.0659332275390625,0.24332008894480012,0.16410255432128906,0.0,0.8634700775146484,0.124542236328125,0.8969763899564671,0.33602142333984375,0.0,0.0005273818969726562,0.0030689239501953125,0.0004720063003761176,0.0001221001148223877,0.0,0.0,0.0,0.0,0.0,0.0,-0.2017706036567688,-0.05902152508497238,0.14088334143161774,0.03891788050532341,-0.05902152508497238,0.14088334143161774,0.03891788050532341,0.3534448444843292,0.18746930360794067,-0.9164779186248779,0.3007323145866394,0.043674811720848083,-0.9527080059051514,0.15754167787900802
1.9608,1787014374.7840,ramp,0,-0.093364,-0.044344736396964936,0.16791563568085857,0.01858211079867621,-0.09336910396814346,0.2379951775074005,0.20006319880485535,0.9458410143852234,-1.870375633239746,0.33577537536621094,-1.916133443413568,-11.223442077636719,0.0,-0.15771007537841797,0.0061054229736328125,-0.16609523809798932,-1.0256423950195312,0.0,-0.12875652313232422,0.0061054229736328125,-0.12030216625699022,0.9084243774414062,0.0,-0.024639129638671875,0.06715583801269531,-0.032341329483716055,-1.377288818359375,-3.2341329483716055,0.1642293930053711,0.0061054229736328125,0.16652193687499678,0.380950927734375,0.0,-0.1818699836730957,-0.07936477661132812,-0.17891971721833308,0.6739959716796875,0.0,-1.8404626846313477,0.3846149444580078,-1.9056771234606626,-14.622711181640625,0.0,-0.1686396598815918,0.04273414611816406,-0.1714222871076259,-0.7325973510742188,0.0,-0.13930273056030273,0.03052520751953125,-0.13056429116690518,0.6739959716796875,0.0,0.026173114776611328,0.04273414611816406,0.0021648175122679133,-2.6666641235351562,0.0,-0.15560102462768555,0.06715583801269531,-0.1467050561617352,0.4981689453125,0.0,0.05512666702270508,-0.20146560668945312,0.054066894580099216,0.7912063598632812,0.0,0.012942790985107422,-0.018314361572265625,0.09721419392422095,3.3113555908203125,0.0,0.14461625551218754,-0.04022735133455684,0.3396647872354813,12.100436323322757,1.53988723412888,0.1192284990083307,0.05281767474961237,0.1888671070040144,3.999848672188864,0.0,-0.8144364356994629,0.018314361572265625,-0.8476302835286399,-0.8498153686523438,0.0,-0.049757957458496094,-0.0061054229736328125,0.08354902366361117,2.6080551147460938,0.0,1.2684884071350098,-0.23809432983398438,1.214072214286664,-0.4395599365234375,0.0,-0.9546017646789551,0.09157562255859375,-1.0197083710012231,-1.611724853515625,0.0,0.9969773292541504,-0.04273414611816406,0.9767035108923577,-0.20513153076171875,0.0,0.19855785369873047,-0.15384674072265625,0.17150826013361922,-0.2578754425048828,0.0,-0.4053173065185547,-0.10988998413085938,-0.44289780716089544,-0.5079364776611328,0.0,-0.21254920959472656,0.018314361572265625,-0.0949362453839904,2.373626708984375,0.0,-0.3321981430053711,0.10378456115722656,-0.5379109039874569,-4.483512878417969,0.0,-1.2303309440612793,0.05494499206542969,-1.229720456919402,-0.08791351318359375,0.0,-0.4196333885192871,0.06715583801269531,-0.4790682306133766,-1.26007080078125,0.0,-1.2287969589233398,0.1770458221435547,-1.2033032441981655,0.14652252197265625,0.0,0.23060226440429688,0.05128288269042969,0.2442705802596213,0.21098899841308594,0.0,0.8657588958740234,0.124542236328125,0.8989360819552612,0.367279052734375,0.0,0.0005273818969726562,0.0030689239501953125,0.0004704705470816506,-0.0003663301467895508,0.0,0.0,0.0,0.0,0.0,0.0,-0.2035859376192093,-0.09325315058231354,0.20355075597763062,0.07033873349428177,-0.09325315058231354,0.20355075597763062,0.07033873349428177,0.3570769131183624,0.18885360658168793,-0.9147843718528748,0.3007323145866394,0.043674811720848083,-0.9527080059051514,0.1604524366590461
1.9813,1787014374.8046,ramp,0,-0.094332,-0.03424337262407819,0.20080029888688655,0.023876816263268402,-0.0942283347249031,0.23998083174228668,0.20022085309028625,0.9452204704284668,-1.8627057075500488,0.3601951599121094,-1.9096016248230063,-11.575088500976562,0.0,-0.15732669830322266,0.018314361572265625,-0.16576284638266986,-1.0256423950195312,0.0,-0.12856483459472656,0.018314361572265625,-0.11979420742768963,0.9084243774414062,0.0,-0.02387237548828125,0.03052520751953125,-0.0319278519509527,-1.2014617919921875,-3.19278519509527,0.1642293930053711,-0.0061054229736328125,0.1659401066124442,0.3223419189453125,0.0,-0.18091154098510742,0.15262603759765625,-0.17808132022441545,-0.380950927734375,0.0,-1.833176612854004,0.3601951599121094,-1.8992561932251502,-14.857147216796875,0.0,-0.16748905181884766,0.04273414611816406,-0.17069563227524098,-0.8498153686523438,0.0,-0.1385354995727539,0.03052520751953125,-0.12998140373122322,0.7325973510742188,0.0,0.027132034301757812,0.05494499206542969,0.002374304465888693,-2.6666641235351562,0.0,-0.15464210510253906,0.05494499206542969,-0.14611053371828603,0.380950927734375,0.0,0.054743289947509766,0.21367454528808594,0.053905911371762594,-0.7325973510742188,0.0,0.012942790985107422,-0.018314361572265625,0.09694131043503225,3.3113555908203125,0.0,0.14347961585908464,-0.04469453529050531,0.3395779080548509,12.253496554619552,1.5346744832910524,0.12020023151395709,0.05800540322594015,0.18820254375059134,3.994968314470111,0.0,-0.8129024505615234,0.07936477661132812,-0.8447837749403154,-0.8498153686523438,0.0,-0.049757957458496094,-0.0061054229736328125,0.08305970318671305,2.5494537353515625,0.0,1.2636942863464355,-0.25030517578125,1.2101783563639565,-0.4395599365234375,0.0,-0.9524922370910645,0.10378456115722656,-1.0171006210679263,-1.611724853515625,0.0,0.9954438209533691,-0.07936477661132812,0.9750687706246168,-0.14652252197265625,0.0,0.19588756561279297,-0.124542236328125,0.16903876360150732,-0.28913307189941406,0.0,-0.4079885482788086,-0.15384674072265625,-0.44565208314984894,-0.4923076629638672,0.0,-0.2119741439819336,0.03052520751953125,-0.09486151315557537,2.373626708984375,0.0,-0.33028078079223633,0.03052520751953125,-0.535883499300267,-4.24908447265625,0.0,-1.2284131050109863,0.10378456115722656,-1.2280748241646113,-0.14652252197265625,0.0,-0.4186744689941406,0.04273414611816406,-0.47805661843827957,-1.1428604125976562,0.0,-1.2255373001098633,0.128204345703125,-1.1998408680173918,0.26373291015625,0.0,0.23174667358398438,0.0659332275390625,0.24525626347951177,0.16410255432128906,0.0,0.8680477142333984,0.09523773193359375,0.9009683314763717,0.3829078674316406,0.0,0.0005273818969726562,0.0030689239501953125,0.0004688779325793999,-0.0008547306060791016,0.0,0.0,0.0,0.0,0.0,0.0,-0.20541170239448547,-0.08758293837308884,0.2400694638490677,0.07879652082920074,-0.08758293837308884,0.2400694638490677,0.07879652082920074,0.3622449040412903,0.19011718034744263,-0.9124879240989685,0.3007323145866394,0.043674811720848083,-0.9527080059051514,0.1640338331889097
2.0010,1787014374.8246,ramp,0,-0.094912,-0.03111272481355457,0.21334748275717227,0.03132048882928358,-0.09492693096399307,0.24211972951889038,0.2003377079963684,0.9445801973342896,-1.8558025360107422,0.33577537536621094,-1.9033111400451757,-11.516487121582031,0.0,-0.15694332122802734,0.018314361572265625,-0.16544273568202741,-0.9670333862304688,0.0,-0.1283731460571289,0.03052520751953125,-0.1193050163641017,0.6739959716796875,0.0,-0.022913455963134766,0.04273414611816406,-0.03152965134422102,-1.3186798095703125,-3.152965134422102,0.1642293930053711,-0.0061054229736328125,0.16537977347411165,0.3223419189453125,0.0,-0.1801443099975586,-0.16483497619628906,-0.1772738998322388,0.7912063598632812,0.0,-1.8266572952270508,0.39682579040527344,-1.8930724997642863,-14.798538208007812,0.0,-0.16633844375610352,0.05494499206542969,-0.16999582546057232,-0.9084243774414062,0.0,-0.1381521224975586,0.03052520751953125,-0.12942005247957566,0.9084243774414062,0.0,0.028090476989746094,0.05494499206542969,0.0025760514180789822,-2.8424911499023438,0.0,-0.1531081199645996,0.03052520751953125,-0.14553797734233279,0.4395599365234375,0.0,0.05455160140991211,-0.07936477661132812,0.05375087607684624,0.14652252197265625,0.0,0.012750625610351562,-0.0061054229736328125,0.09667850928538868,3.25274658203125,0.0,0.1422729493424827,-0.040499751784727436,0.3394942388353695,12.333203364375105,1.5296543301221703,0.12125242369925464,0.04163560750156956,0.18756253439154325,3.927258085437338,0.0,-0.8106017112731934,0.10378456115722656,-0.8420424374863489,-1.0256423950195312,0.0,-0.049757957458496094,0.0061054229736328125,0.08258846183658489,2.5494537353515625,0.0,1.2585172653198242,-0.27472496032714844,1.2064283664262043,-0.3223419189453125,0.0,-0.9501914978027344,0.128204345703125,-1.0145892207538547,-1.611724853515625,0.0,0.9935259819030762,-0.07936477661132812,0.9734944297841055,-0.14652252197265625,0.0,0.19359874725341797,-0.13919448852539062,0.1666605085828204,-0.3203907012939453,0.0,-0.4114217758178711,-0.1978015899658203,-0.4483045957605777,-0.3829059600830078,0.0,-0.21139860153198242,0.0061054229736328125,-0.09478954208982389,2.3150177001953125,0.0,-0.329897403717041,-0.0061054229736328125,-0.5339310019756015,-4.0732574462890625,0.0,-1.2264957427978516,0.09157562255859375,-1.2264899932862907,-0.14652252197265625,0.0,-0.4182910919189453,0.0061054229736328125,-0.47708238271812176,-1.0842514038085938,0.0,-1.2222776412963867,0.16483497619628906,-1.196506417686552,0.20513153076171875,0.0,0.23250961303710938,0.05128288269042969,0.24620552825233377,0.21098899841308594,0.0,0.8699550628662109,0.09523773193359375,0.9029254946308676,0.367279052734375,0.0,0.0005273818969726562,0.0030689239501953125,0.0004673441610662355,-0.0003663301467895508,0.0,0.0,0.0,0.0,0.0,0.0,-0.20687931776046753,-0.06710895895957947,0.247656911611557,0.07274188846349716,-0.06710895895957947,0.247656911611557,0.07274188846349716,0.3677249848842621,0.1910148561000824,-0.9101053476333618,0.3007323145866394,0.043674811720848083,-0.9527080059051514,0.16756409985474244
2.0201,1787014374.8470,ramp,0,-0.095456,-0.023318259836516315,0.23608174049495861,0.03580018793771666,-0.0955774113535881,0.24407918751239777,0.20046211779117584,0.9439837336540222,-1.8490915298461914,0.33577537536621094,-1.8971859849714694,-11.633697509765625,0.0,-0.15636777877807617,0.018314361572265625,-0.16513103829280587,-1.0842514038085938,0.0,-0.12779808044433594,0.03052520751953125,-0.11882868246759386,0.615386962890625,0.0,-0.021571636199951172,0.06715583801269531,-0.031141916447338155,-1.4945068359375,-3.1141916447338156,0.1642293930053711,-0.0061054229736328125,0.16483416729486788,0.3223419189453125,0.0,-0.17937755584716797,0.21367454528808594,-0.1764877004713908,-0.380950927734375,0.0,-1.8203306198120117,0.33577537536621094,-1.8870513292641147,-14.388275146484375,0.0,-0.16480445861816406,0.06715583801269531,-0.16931441132273223,-0.8498153686523438,0.0,-0.13757658004760742,0.03052520751953125,-0.12887345494558627,0.7325973510742188,0.0,0.029241085052490234,0.05494499206542969,0.0027724959547811654,-2.6080551147460938,0.0,-0.15253305435180664,0.03052520751953125,-0.14498046918278484,0.4981689453125,0.0,0.05435991287231445,-0.07936477661132812,0.05359991549800387,0.4395599365234375,0.0,0.012558937072753906,-0.018314361572265625,0.09642261520854613,3.25274658203125,0.0,0.14128264028780294,-0.044967263144166436,0.3394127686526539,12.42129172371445,1.5247661191592332,0.12223045720027469,0.04682166091804466,0.18693934608233564,3.7295869245882685,0.0,-0.8081088066101074,0.10378456115722656,-0.8393731492505553,-1.0256423950195312,0.0,-0.049757957458496094,-0.0061054229736328125,0.08212960589008451,2.5494537353515625,0.0,1.2542991638183594,-0.1892547607421875,1.2027769356216154,-0.4395599365234375,0.0,-0.947507381439209,0.14041519165039062,-1.0121438263336895,-1.6703262329101562,0.0,0.9921841621398926,-0.06715583801269531,0.9719614665662334,-0.14652252197265625,0.0,0.19130992889404297,-0.09523773193359375,0.16434476006601045,-0.3203907012939453,0.0,-0.4148550033569336,-0.1831493377685547,-0.450887393692612,-0.39853477478027344,0.0,-0.21139860153198242,0.0061054229736328125,-0.09471946260404224,2.373626708984375,0.0,-0.329897403717041,-0.03052520751953125,-0.5320298211736513,-4.0732574462890625,0.0,-1.224961757659912,0.07936477661132812,-1.2249468157350911,-0.08791351318359375,0.0,-0.41809940338134766,0.0061054229736328125,-0.4761337523541566,-1.0842514038085938,0.0,-1.2190179824829102,0.1892547607421875,-1.1932596050666502,0.14652252197265625,0.0,0.23365402221679688,0.0659332275390625,0.24712984396803706,0.16410255432128906,0.0,0.8718624114990234,0.09523773193359375,0.9048312186329479,0.39853668212890625,0.0,0.0005273818969726562,0.0030689239501953125,0.0004658507009121194,-0.0006105303764343262,0.0,0.0,0.0,0.0,0.0,0.0,-0.20823100209236145,-0.06383217126131058,0.27414262294769287,0.09186779707670212,-0.06383217126131058,0.27414262294769287,0.09186779707670212,0.37264126539230347,0.19183984398841858,-0.9079294204711914,0.3007323145866394,0.043674811720848083,-0.9527080059051514,0.17087972911695654
2.0409,1787014374.8642,ramp,0,-0.095947,-0.014800234797249543,0.2084068528818845,0.037344459346501935,-0.0962662547826767,0.24631479382514954,0.20062808692455292,0.9432975649833679,-1.8423805236816406,0.34798622131347656,-1.8905416222778502,-11.692306518554688,0.0,-0.1557927131652832,0.03052520751953125,-0.16479291942402285,-1.26007080078125,0.0,-0.12741422653198242,0.018314361572265625,-0.11831197144010507,0.8498153686523438,0.0,-0.02003765106201172,0.06715583801269531,-0.03072131464169211,-1.6703262329101562,-3.072131464169211,0.1642293930053711,-0.0061054229736328125,0.1642423120195072,0.26373291015625,0.0,-0.17841863632202148,-0.0061054229736328125,-0.17563485778575985,0.08791351318359375,0.0,-1.8138113021850586,0.3601951599121094,-1.8805197655466506,-14.857147216796875,0.0,-0.1632704734802246,0.07936477661132812,-0.16857523613093908,-1.2014617919921875,0.0,-0.13738489151000977,0.018314361572265625,-0.12828052428186248,0.9084243774414062,0.0,0.030008316040039062,0.04273414611816406,0.002985592396474935,-2.7838821411132812,0.0,-0.15195798873901367,0.0061054229736328125,-0.14437570303856256,0.4981689453125,0.0,0.0541682243347168,0.20146560668945312,0.05343615852757659,-0.6739959716796875,0.0,0.012175559997558594,-0.04273414611816406,0.09614502990054476,3.369964599609375,0.0,0.13999189972349227,-0.04557855219372629,0.3393243925321861,12.485493553859023,1.5194635519311657,0.122841686738306,0.024670424743901027,0.1862633323156681,3.9224457594682636,0.0,-0.805424690246582,0.10378456115722656,-0.8364775949406636,-0.9670333862304688,0.0,-0.04956626892089844,-0.0061054229736328125,0.08163185435628902,2.4908447265625,0.0,1.2504639625549316,-0.1892547607421875,1.1988159860090104,-0.4981689453125,0.0,-0.9448227882385254,0.10378456115722656,-1.009491144522207,-1.6703262329101562,0.0,0.9912252426147461,-0.04273414611816406,0.9702985595062561,-0.20513153076171875,0.0,0.18902111053466797,-0.10988998413085938,0.16183271378020325,-0.3047618865966797,0.0,-0.4179067611694336,-0.13919448852539062,-0.4536891262231783,-0.41416358947753906,0.0,-0.21120691299438477,-0.0061054229736328125,-0.09464344272939211,2.373626708984375,0.0,-0.329897403717041,-0.04273414611816406,-0.5299674840340529,-4.0146484375,0.0,-1.223236083984375,0.07936477661132812,-1.2232728285090635,-0.08791351318359375,0.0,-0.41809940338134766,-0.0061054229736328125,-0.47510470996673665,-1.0256423950195312,0.0,-1.2153749465942383,0.16483497619628906,-1.1897375716837801,0.20513153076171875,0.0,0.23441696166992188,0.05128288269042969,0.2481325106409037,0.22661781311035156,0.0,0.8733882904052734,0.05128288269042969,0.9068984840835994,0.4766807556152344,0.0,0.0005273818969726562,0.0030689239501953125,0.0004642306454501746,-0.0003663301467895508,0.0,0.0,0.0,0.0,0.0,0.0,-0.20912852883338928,-0.0333649143576622,0.24745112657546997,0.11022904515266418,-0.0333649143576622,0.24745112657546997,0.11022904515266418,0.3783903419971466,0.19217106699943542,-0.905478298664093,0.3007323145866394,0.043674811720848083,-0.9527080059051514,0.1743256609062238
2.0608,1787014374.8839,ramp,0,-0.096120,-0.007282287604699628,0.20393066165594975,0.04235168073260928,-0.09678984433412552,0.2484171837568283,0.20080770552158356,0.9426541924476624,-1.8352861404418945,0.33577537536621094,-1.884184324623096,-11.809524536132812,0.0,-0.15502595901489258,0.04273414611816406,-0.1644694087442692,-1.4358978271484375,0.0,-0.12722253799438477,0.03052520751953125,-0.11781758455084107,0.9084243774414062,0.0,-0.01831197738647461,0.06715583801269531,-0.030318884642621363,-1.9047622680664062,-3.031888464262136,0.1642293930053711,-0.03052520751953125,0.1636760274369967,0.20513153076171875,0.0,-0.17765188217163086,0.018314361572265625,-0.17481886157133844,0.3223419189453125,0.0,-1.8069076538085938,0.3846149444580078,-1.87427039346725,-15.032974243164062,0.0,-0.1615447998046875,0.09157562255859375,-0.16786799648585593,-1.26007080078125,0.0,-0.1371932029724121,0.018314361572265625,-0.12771321077239037,0.9084243774414062,0.0,0.031158447265625,0.05494499206542969,0.0031894821555811335,-3.0183181762695312,0.0,-0.15119075775146484,0.03052520751953125,-0.1437970653922416,0.380950927734375,0.0,0.05397653579711914,-0.20146560668945312,0.05327947656242036,0.7325973510742188,0.0,0.011408805847167969,-0.03052520751953125,0.09587943747145507,3.1941375732421875,0.0,0.1388320201691923,-0.05546887399567309,0.3392398346401364,12.485454358503361,1.5143900784081836,0.12294083208601721,0.001966171500827041,0.18561652525055347,3.9240557071149884,0.0,-0.8025484085083008,0.11599540710449219,-0.83370714102773,-0.9670333862304688,0.0,-0.04956626892089844,-0.0061054229736328125,0.08115560782906571,2.4322357177734375,0.0,1.2468209266662598,-0.1892547607421875,1.1950261664515986,-0.4981689453125,0.0,-0.9425220489501953,0.128204345703125,-1.0069530699714089,-1.611724853515625,0.0,0.9896912574768066,-0.07936477661132812,0.9687074971817056,-0.20513153076171875,0.0,0.18635082244873047,-0.16849899291992188,0.1594291986956441,-0.28913307189941406,0.0,-0.4209585189819336,-0.1831493377685547,-0.4563698118610834,-0.39853477478027344,0.0,-0.21120691299438477,0.0061054229736328125,-0.09457070724020937,2.3150177001953125,0.0,-0.329897403717041,-0.018314361572265625,-0.5279942487268546,-4.0732574462890625,0.0,-1.2218942642211914,0.06715583801269531,-1.2216711647292804,-0.02930450439453125,0.0,-0.41809940338134766,0.0061054229736328125,-0.4741201266352954,-1.0842514038085938,0.0,-1.2115402221679688,0.1892547607421875,-1.1863677052876564,0.08791351318359375,0.0,0.23556137084960938,0.0659332275390625,0.24909185780207482,0.1797313690185547,0.0,0.8749141693115234,0.08058547973632812,0.908876434777622,0.4297943115234375,0.0,0.0005273818969726562,0.0030689239501953125,0.0004626805833503612,-0.0006105303764343262,0.0,0.0,0.0,0.0,0.0,0.0,-0.2090880572795868,-0.002764570526778698,0.252651572227478,0.09820034354925156,-0.002764570526778698,0.252651572227478,0.09820034354925156,0.3837592601776123,0.1916750967502594,-0.9033212661743164,0.3007323145866394,0.043674811720848083,-0.9527080059051514,0.17696966517531906
2.0801,1787014374.9033,ramp,0,-0.096086,0.00525371619049424,0.19660368964113972,0.03510803653159427,-0.09718600660562515,0.25038421154022217,0.2009565681219101,0.9420610666275024,-1.8281912803649902,0.34798622131347656,-1.8780308290397272,-11.9853515625,0.0,-0.1540670394897461,0.04273414611816406,-0.16415626916088855,-1.4358978271484375,0.0,-0.1266474723815918,0.04273414611816406,-0.11733904670272152,0.6739959716796875,0.0,-0.016585826873779297,0.07936477661132812,-0.02992935573326706,-1.9633712768554688,-2.9929355733267062,0.16403770446777344,0.0061054229736328125,0.16312789678988088,0.08791351318359375,0.0,-0.17669296264648438,0.1892547607421875,-0.1740290245408617,-0.4981689453125,0.0,-1.7998132705688477,0.3601951599121094,-1.8682213635841423,-15.091567993164062,0.0,-0.15962743759155273,0.09157562255859375,-0.16718342950964266,-1.3186798095703125,0.0,-0.13700151443481445,0.018314361572265625,-0.12716408418362482,0.9084243774414062,0.0,0.032117366790771484,0.05494499206542969,0.003386835622461183,-3.0183181762695312,0.0,-0.15023231506347656,0.03052520751953125,-0.14323697769549132,0.3223419189453125,0.0,0.05378437042236328,0.06715583801269531,0.053127817503344936,0.02930450439453125,0.0,0.011024951934814453,-0.03052520751953125,0.09562235939706956,3.4871826171875,0.0,0.13745133859260275,-0.060253058505820994,0.33915798750263804,12.794969804033633,1.5094792501582823,0.12293910406822756,-0.0038680516530535352,0.18499045350834106,3.917522817666675,0.0,-0.7996721267700195,0.128204345703125,-0.831025502249276,-0.9670333862304688,0.0,-0.04956626892089844,-0.0061054229736328125,0.08069462879976513,2.5494537353515625,0.0,1.2433695793151855,-0.1770458221435547,1.1913578408241432,-0.4981689453125,0.0,-0.9400291442871094,0.128204345703125,-1.0044963609439626,-1.6703262329101562,0.0,0.9885406494140625,-0.05494499206542969,0.9671674410888993,-0.20513153076171875,0.0,0.18406200408935547,-0.13919448852539062,0.15710273543081105,-0.3047618865966797,0.0,-0.4240102767944336,-0.15384674072265625,-0.45896456015337295,-0.3829059600830078,0.0,-0.21120691299438477,0.0061054229736328125,-0.09450030350331569,2.4322357177734375,0.0,-0.33008909225463867,-0.03052520751953125,-0.5260842713422481,-3.9560470581054688,0.0,-1.2207436561584473,0.06715583801269531,-1.2201208470423983,-0.08791351318359375,0.0,-0.41809940338134766,0.0061054229736328125,-0.47316710704890685,-1.0256423950195312,0.0,-1.2075133323669434,0.15262603759765625,-1.1831058699747252,0.14652252197265625,0.0,0.23670578002929688,0.0659332275390625,0.25002045023863784,0.16410255432128906,0.0,0.8764400482177734,0.0659332275390625,0.9107909763833131,0.4766807556152344,0.0,0.0005273818969726562,0.0030689239501953125,0.00046118021309822803,-0.0001221299171447754,0.0,0.0,0.0,0.0,0.0,0.0,-0.20894017815589905,0.014344352297484875,0.251240998506546,0.08767183870077133,0.014344352297484875,0.251240998506546,0.08767183870077133,0.38893410563468933,0.1910918951034546,-0.9012292623519897,0.3007323145866394,0.043674811720848083,-0.9527080059051514,0.17957722988452973
2.1010,1787014374.9242,ramp,0,-0.095268,0.0375785470451307,0.19419277984056138,0.05567594588065567,-0.09722595661878586,0.25230884552001953,0.2011294811964035,0.9415063858032227,-1.8201379776000977,0.3601951599121094,-1.871342779958971,-12.454216003417969,0.0,-0.1531081199645996,0.03052520751953125,-0.16381592717568622,-1.377288818359375,0.0,-0.12511348724365234,0.06715583801269531,-0.11681893832336836,0.5567779541015625,0.0,-0.0152435302734375,0.07936477661132812,-0.029505988489585928,-2.0219802856445312,-2.9505988489585926,0.16384601593017578,0.0061054229736328125,0.16253215009259142,0.02930450439453125,0.0,-0.17592620849609375,-0.09157562255859375,-0.17317057445276807,0.615386962890625,0.0,-1.7925262451171875,0.34798622131347656,-1.8616468551277576,-15.326004028320312,0.0,-0.15771007537841797,0.05494499206542969,-0.16643939427406812,-1.377288818359375,0.0,-0.1368098258972168,0.0061054229736328125,-0.12656725502734203,0.9670333862304688,0.0,0.03326749801635742,0.05494499206542969,0.003601333163715373,-3.0183181762695312,0.0,-0.14908170700073242,0.03052520751953125,-0.14262823524095578,0.26373291015625,0.0,0.05378437042236328,0.04273414611816406,0.05296298383817109,-0.26373291015625,0.0,0.010449886322021484,-0.04273414611816406,0.09534294897810001,3.4285736083984375,0.0,0.13569476203115402,-0.10242090813673435,0.3390690303131362,13.015514667050834,1.5041418187881703,0.12248031763801319,-0.023098041867342874,0.1843099949814336,4.110160995981083,0.0,-0.7967953681945801,0.14041519165039062,-0.8281109097994768,-1.0256423950195312,0.0,-0.04956626892089844,-0.018314361572265625,0.0801936045719272,2.4908447265625,0.0,1.240109920501709,-0.128204345703125,1.1873708481452299,-0.5567779541015625,0.0,-0.9371528625488281,0.11599540710449219,-1.0018262378683722,-1.611724853515625,0.0,0.9868149757385254,-0.07936477661132812,0.9654936004894776,-0.20513153076171875,0.0,0.18139171600341797,-0.13919448852539062,0.15457417255317896,-0.3047618865966797,0.0,-0.4270620346069336,-0.13919448852539062,-0.46178471394984955,-0.41416358947753906,0.0,-0.21120691299438477,0.0061054229736328125,-0.09442378380139435,2.4322357177734375,0.0,-0.33028078079223633,-0.04273414611816406,-0.5240083744283205,-3.8974380493164062,0.0,-1.2194013595581055,0.09157562255859375,-1.2184358534253308,-0.08791351318359375,0.0,-0.41809940338134766,0.0061054229736328125,-0.47213129875387616,-1.0256423950195312,0.0,-1.2044453620910645,0.14041519165039062,-1.1795606793801003,0.26373291015625,0.0,0.23785018920898438,0.05128288269042969,0.25102970939997316,0.1797313690185547,0.0,0.8779659271240234,0.05128288269042969,0.9128718340117183,0.4923095703125,0.0,0.0005273818969726562,0.0030689239501953125,0.00045954950584417656,-0.0006105303764343262,0.0,0.0,0.0,0.0,0.0,0.0,-0.20759348571300507,0.06778660416603088,0.2890808880329132,0.11278406530618668,0.06778660416603088,0.2890808880329132,0.11278406530618668,0.3942422568798065,0.1894124448299408,-0.8992753028869629,0.3007323145866394,0.043674811720848083,-0.9527080059051514,0.18146316405548693
2.1201,1787014374.9434,ramp,0,-0.093649,0.07340707268132149,0.18778709511535063,0.07649381786515624,-0.0969819650053978,0.2544333040714264,0.20143412053585052,0.9408945441246033,-1.8134269714355469,0.372406005859375,-1.8652488077211005,-12.395606994628906,0.0,-0.15291643142700195,0.0061054229736328125,-0.1635058166211491,-1.1428604125976562,0.0,-0.1239628791809082,0.07936477661132812,-0.11634502941717001,0.615386962890625,0.0,-0.01351785659790039,0.07936477661132812,-0.029120227530259224,-2.0219802856445312,-2.9120227530259224,0.16384601593017578,-0.0061054229736328125,0.16198932156513174,0.08791351318359375,0.0,-0.1747756004333496,0.1892547607421875,-0.1723883775906827,-0.3223419189453125,0.0,-1.786391258239746,0.3601951599121094,-1.8556563380835371,-15.150177001953125,0.0,-0.1567516326904297,0.04273414611816406,-0.16576144917904254,-1.3186798095703125,0.0,-0.13661813735961914,0.0061054229736328125,-0.1260234401920705,1.0842514038085938,0.0,0.03460979461669922,0.06715583801269531,0.003796777611821414,-3.25274658203125,0.0,-0.1483149528503418,0.04273414611816406,-0.14207356532553506,0.26373291015625,0.0,0.05378437042236328,-0.16483497619628906,0.052812791791535835,0.4981689453125,0.0,0.009490966796875,-0.05494499206542969,0.09508835764427269,3.5457839965820312,0.0,0.13343174750471967,-0.10239994787560966,0.3389879748907495,13.244491628985061,1.4992784934449706,0.12207555810877282,-0.023108513141768487,0.18368997929047104,4.173797864537889,0.0,-0.7937278747558594,0.11599540710449219,-0.8254552107668712,-1.0842514038085938,0.0,-0.04956626892089844,-0.0061054229736328125,0.0797370846364306,2.4322357177734375,0.0,1.237234115600586,-0.14041519165039062,1.1837380065789498,-0.615386962890625,0.0,-0.9342770576477051,0.16483497619628906,-0.9993932928199928,-1.7289352416992188,0.0,0.9848971366882324,-0.09157562255859375,0.9639684415050965,-0.08791351318359375,0.0,0.17910289764404297,-0.10988998413085938,0.1522702133878168,-0.3203907012939453,0.0,-0.4293508529663086,-0.124542236328125,-0.4643543629961916,-0.47667884826660156,0.0,-0.21120691299438477,0.0061054229736328125,-0.0943540610865147,2.4322357177734375,0.0,-0.3308558464050293,-0.05494499206542969,-0.5221168724358254,-3.7802200317382812,0.0,-1.2180590629577637,0.07936477661132812,-1.2169005321082451,-0.02930450439453125,0.0,-0.41809940338134766,0.0061054229736328125,-0.4711874978161954,-0.9670333862304688,0.0,-1.201761245727539,0.15262603759765625,-1.1763303961090388,0.26373291015625,0.0,0.23861312866210938,0.05128288269042969,0.2519493194739619,0.1953601837158203,0.0,0.8791103363037109,0.05128288269042969,0.9147678560751553,0.5079383850097656,0.0,0.0005273818969726562,0.0030689239501953125,0.00045806364881557357,-0.0003663301467895508,0.0,0.0,0.0,0.0,0.0,0.0,-0.20542563498020172,0.10614322125911713,0.28049471974372864,0.14001865684986115,0.10614322125911713,0.28049471974372864,0.14001865684986115,0.40033164620399475,0.1869247555732727,-0.8971028923988342,0.3007323145866394,0.043674811720848083,-0.9527080059051514,0.18337564741092535
2.1403,1787014374.9636,ramp,0,-0.090896,0.10384868506136528,0.18562996792190006,0.08990230132148719,-0.09624838829040527,0.2565457820892334,0.2018098533153534,0.9403154850006104,-1.8057575225830078,0.3601951599121094,-1.8587896908242014,-12.571426391601562,0.0,-0.15253305435180664,-0.0061054229736328125,-0.1631771245555257,-1.3186798095703125,0.0,-0.12262105941772461,0.07936477661132812,-0.11584272436815873,0.20513153076171875,0.0,-0.011983871459960938,0.09157562255859375,-0.028711352164029806,-2.1977996826171875,-2.8711352164029806,0.16365432739257812,0.0061054229736328125,0.16141396730079088,0.02930450439453125,0.0,-0.17420053482055664,0.06715583801269531,-0.1715593122829676,-0.08791351318359375,0.0,-1.779871940612793,0.3113555908203125,-1.8493068753109583,-14.974365234375,0.0,-0.15598440170288086,0.018314361572265625,-0.16504288229893155,-1.3186798095703125,0.0,-0.13661813735961914,0.0061054229736328125,-0.1254470405213503,1.1428604125976562,0.0,0.03614377975463867,0.06715583801269531,0.004003932893777215,-3.4285736083984375,0.0,-0.14754772186279297,0.04273414611816406,-0.14148566014923128,0.14652252197265625,0.0,0.05378437042236328,-0.14041519165039062,0.05265360038922307,0.5567779541015625,0.0,0.008149147033691406,-0.07936477661132812,0.09481851145496632,3.6043930053710938,0.0,0.13094350179101003,-0.1122610127485102,0.3389020627093534,13.474167743038228,1.4941237625612054,0.12139663456343756,-0.04570348680049551,0.18303281288578152,4.238863934710629,0.0,-0.7910432815551758,0.10378456115722656,-0.8226403849316002,-0.9670333862304688,0.0,-0.04956626892089844,-0.0061054229736328125,0.07925321048767539,2.4322357177734375,0.0,1.2341656684875488,-0.15262603759765625,1.17988748881671,-0.5567779541015625,0.0,-0.9302501678466797,0.1892547607421875,-0.9968145681626078,-1.8461532592773438,0.0,0.9831714630126953,-0.07936477661132812,0.9623518965354207,-0.08791351318359375,0.0,0.17681407928466797,-0.10988998413085938,0.1498282033172299,-0.3047618865966797,0.0,-0.4312582015991211,-0.124542236328125,-0.46707798281696866,-0.4923076629638672,0.0,-0.21120691299438477,0.0061054229736328125,-0.09428016065700862,2.373626708984375,0.0,-0.3318147659301758,-0.05494499206542969,-0.5201120335551491,-3.7802200317382812,0.0,-1.2163333892822266,0.06715583801269531,-1.2152732158891575,-0.08791351318359375,0.0,-0.41809940338134766,0.0061054229736328125,-0.47018714527996297,-0.9670333862304688,0.0,-1.1985011100769043,0.15262603759765625,-1.1729065575283144,0.20513153076171875,0.0,0.23975753784179688,0.05128288269042969,0.25292403165439264,0.1953601837158203,0.0,0.8810176849365234,0.09523773193359375,0.9167774858648571,0.46105194091796875,0.0,0.0005273818969726562,0.0030689239501953125,0.0004564887607351546,-0.0008547306060791016,0.0,0.0,0.0,0.0,0.0,0.0,-0.20179268717765808,0.16052605211734772,0.28695544600486755,0.17060159146785736,0.16052605211734772,0.28695544600486755,0.17060159146785736,0.4064520299434662,0.1831236183643341,-0.8951327204704285,0.3007323145866394,0.043674811720848083,-0.9527080059051514,0.18448294448740515
2.1610,1787014374.9841,ramp,0,-0.087599,0.1301363154178603,0.18694766673975763,0.08416963069325305,-0.09532475471496582,0.2589281499385834,0.20217500627040863,0.9396779537200928,-1.79827880859375,0.3601951599121094,-1.8521645080811493,-12.74725341796875,0.0,-0.15253305435180664,-0.0061054229736328125,-0.16283998171762598,-1.2014617919921875,0.0,-0.12147045135498047,0.05494499206542969,-0.11532750490463504,0.380950927734375,0.0,-0.009491443634033203,0.07936477661132812,-0.028291964488649204,-2.5494537353515625,-2.8291964488649204,0.16346263885498047,-0.0061054229736328125,0.16082382050454966,-0.08791351318359375,0.0,-0.1734333038330078,0.06715583801269531,-0.17070893145580324,0.20513153076171875,0.0,-1.7731609344482422,0.3113555908203125,-1.84279416593288,-15.26739501953125,0.0,-0.15560102462768555,0.018314361572265625,-0.16430584084731678,-1.2014617919921875,0.0,-0.13642644882202148,0.018314361572265625,-0.12485582144101605,1.3186798095703125,0.0,0.037102699279785156,0.04273414611816406,0.004216414200595564,-3.1941375732421875,0.0,-0.1465892791748047,0.03052520751953125,-0.14088263975329005,0.14652252197265625,0.0,0.053592681884765625,0.1770458221435547,0.052490316127879064,-0.615386962890625,0.0,0.006806850433349609,-0.06715583801269531,0.094541727438636,3.7216110229492188,0.0,0.12846074540548305,-0.10713694808121829,0.33881394169982704,13.639060008206016,1.4888365019896224,0.12089078603812269,-0.028906277321247092,0.18235875053435507,4.110100066919516,0.0,-0.7887425422668457,0.06715583801269531,-0.819753189073992,-0.8498153686523438,0.0,-0.04956626892089844,-0.0061054229736328125,0.0787568957884197,2.4322357177734375,0.0,1.2303309440612793,-0.1770458221435547,1.175937973079899,-0.615386962890625,0.0,-0.9258403778076172,0.20146560668945312,-0.9941695437154746,-1.8461532592773438,0.0,0.9814457893371582,-0.06715583801269531,0.9606937897063581,-0.14652252197265625,0.0,0.17414379119873047,-0.13919448852539062,0.1473234084302109,-0.3047618865966797,0.0,-0.4343099594116211,-0.124542236328125,-0.46987162772590485,-0.4297924041748047,0.0,-0.21120691299438477,-0.018314361572265625,-0.09420436022514107,2.4322357177734375,0.0,-0.3325815200805664,-0.05494499206542969,-0.5180556496613645,-3.6630020141601562,0.0,-1.2146077156066895,0.09157562255859375,-1.2136040608786074,-0.14652252197265625,0.0,-0.41809940338134766,-0.0061054229736328125,-0.46916107337790514,-0.9670333862304688,0.0,-1.195624828338623,0.14041519165039062,-1.169394691023638,0.20513153076171875,0.0,0.24013900756835938,0.03663063049316406,0.25392380397935743,0.22661781311035156,0.0,0.8829250335693359,0.08058547973632812,0.9188387838433851,0.46105194091796875,0.0,0.0005273818969726562,0.0030689239501953125,0.00045487338180655236,-0.0001221299171447754,0.0,0.0,0.0,0.0,0.0,0.0,-0.1977827548980713,0.16939705610275269,0.2837292551994324,0.1520075798034668,0.16939705610275269,0.2837292551994324,0.1520075798034668,0.4129679203033447,0.17895767092704773,-0.892990231513977,0.3007323145866394,0.043674811720848083,-0.9527080059051514,0.18591379447396061
2.1809,1787014375.0040,ramp,0,-0.083639,0.16784764184927747,0.22621690911935755,0.08959547187439643,-0.09409987926483154,0.2614147961139679,0.202433779835701,0.9390569925308228,-1.7915682792663574,0.3601951599121094,-1.8458363790958383,-12.981681823730469,0.0,-0.15253305435180664,-0.0061054229736328125,-0.1625179553754937,-1.0256423950195312,0.0,-0.12031984329223633,0.03052520751953125,-0.11483538637034403,0.5567779541015625,0.0,-0.008149147033691406,0.05494499206542969,-0.027891380926264975,-2.5494537353515625,-2.7891380926264975,0.16346263885498047,-0.0061054229736328125,0.1602601341593241,-0.14652252197265625,0.0,-0.17285823822021484,0.20146560668945312,-0.16989667921014623,-0.380950927734375,0.0,-1.7676000595092773,0.28693580627441406,-1.8365734673368226,-15.091567993164062,0.0,-0.15502595901489258,0.0061054229736328125,-0.16360184617211623,-1.0842514038085938,0.0,-0.13642644882202148,0.018314361572265625,-0.12429111088977036,1.2014617919921875,0.0,0.03806114196777344,0.03052520751953125,0.004419368468977688,-3.4871826171875,0.0,-0.1456303596496582,0.04273414611816406,-0.14030665702280742,0.08791351318359375,0.0,0.053592681884765625,0.128204345703125,0.05233435305378277,-0.4395599365234375,0.0,0.005656242370605469,-0.09157562255859375,0.09427735360559,3.8388290405273438,0.0,0.12581866658748925,-0.11729110245210297,0.33872977177784513,13.715040406161407,1.4837863066707069,0.1198585889159453,-0.06238889706477012,0.18171491116125366,4.181229390409712,0.0,-0.7864413261413574,0.10378456115722656,-0.8169954466084032,-0.9670333862304688,0.0,-0.049757957458496094,-0.0061054229736328125,0.07828283438422828,2.4322357177734375,0.0,1.2255373001098633,-0.25030517578125,1.1721655420419372,-0.4395599365234375,0.0,-0.9227719306945801,0.11599540710449219,-0.9916431144047794,-1.7289352416992188,0.0,0.9799118041992188,-0.05494499206542969,0.9591100275230826,-0.20513153076171875,0.0,0.17185497283935547,-0.124542236328125,0.144930921197549,-0.3047618865966797,0.0,-0.4373617172241211,-0.16849899291992188,-0.47254001379290744,-0.39853477478027344,0.0,-0.21120691299438477,-0.018314361572265625,-0.09413195846226091,2.373626708984375,0.0,-0.33334875106811523,-0.05494499206542969,-0.5160914679885145,-3.6630020141601562,0.0,-1.2126903533935547,0.09157562255859375,-1.2120097458818901,-0.14652252197265625,0.0,-0.41809940338134766,0.0061054229736328125,-0.4681810075297239,-0.9084243774414062,0.0,-1.1923651695251465,0.128204345703125,-1.1660402863101842,0.26373291015625,0.0,0.24052047729492188,0.03663063049316406,0.2548787494463269,0.2578754425048828,0.0,0.8848323822021484,0.09523773193359375,0.9208076592678354,0.4766807556152344,0.0,0.0005273818969726562,0.0030689239501953125,0.00045333043173003274,0.0001221001148223877,0.0,0.0,0.0,0.0,0.0,0.0,-0.19274239242076874,0.24109622836112976,0.33254095911979675,0.17776881158351898,0.24109622836112976,0.33254095911979675,0.17776881158351898,0.41961729526519775,0.1738712638616562,-0.8908928036689758,0.3007323145866394,0.043674811720848083,-0.9527080059051514,0.1871039472922912
2.2011,1787014375.0244,ramp,0,-0.078656,0.19137988251819246,0.21122807258265994,0.08627976973822053,-0.0924924984574318,0.2643912434577942,0.20259732007980347,0.9383478164672852,-1.7837066650390625,0.3846149444580078,-1.839353951673657,-13.216117858886719,0.0,-0.15253305435180664,-0.0061054229736328125,-0.16218807708196514,-1.1428604125976562,0.0,-0.11993646621704102,0.018314361572265625,-0.11433126853566389,0.6739959716796875,0.0,-0.006615161895751953,0.05494499206542969,-0.02748102995590671,-2.5494537353515625,-2.748102995590671,0.16346263885498047,-0.0061054229736328125,0.15968270347953215,-0.14652252197265625,0.0,-0.17189931869506836,-0.07936477661132812,-0.16906462186062043,0.4981689453125,0.0,-1.7608890533447266,0.3235645294189453,-1.830201089773437,-15.091567993164062,0.0,-0.15464210510253906,0.0061054229736328125,-0.1628806860317046,-0.9084243774414062,0.0,-0.13623476028442383,0.018314361572265625,-0.12371263103079663,1.2014617919921875,0.0,0.03844499588012695,0.0061054229736328125,0.004627271360632224,-3.3113555908203125,0.0,-0.14409637451171875,0.0061054229736328125,-0.13971663013564214,0.20513153076171875,0.0,0.053592681884765625,-0.1892547607421875,0.052174587140237656,0.6739959716796875,0.0,0.003738880157470703,-0.09157562255859375,0.09400653355925047,3.6043930053710938,0.0,0.12309733386099472,-0.0939513922255913,0.33864354954507375,13.864942293035138,1.4786129727044255,0.11856421156839864,-0.055314648988989475,0.1810553730865146,4.316937772393645,0.0,-0.7841405868530273,0.09157562255859375,-0.8141704622530365,-0.9084243774414062,0.0,-0.049757957458496094,0.0061054229736328125,0.07779721396570308,2.4322357177734375,0.0,1.2207436561584473,-0.20146560668945312,1.168301128016001,-0.4395599365234375,0.0,-0.9206628799438477,0.06715583801269531,-0.9890550833008196,-1.5531158447265625,0.0,0.977994441986084,-0.09157562255859375,0.9574876485496278,-0.08791351318359375,0.0,0.16956615447998047,-0.09523773193359375,0.14248009807428041,-0.3672771453857422,0.0,-0.4400320053100586,-0.15384674072265625,-0.4752734629773119,-0.41416358947753906,0.0,-0.21178245544433594,-0.04273414611816406,-0.094057791330997,2.5494537353515625,0.0,-0.3339238166809082,-0.03052520751953125,-0.5140793937770398,-3.6630020141601562,0.0,-1.2103896141052246,0.128204345703125,-1.2103765567862974,-0.20513153076171875,0.0,-0.41809940338134766,-0.0061054229736328125,-0.46717704478741234,-0.9084243774414062,0.0,-1.1891059875488281,0.15262603759765625,-1.1626040913226827,0.20513153076171875,0.0,0.24128341674804688,0.05128288269042969,0.2558569792984901,0.22661781311035156,0.0,0.8875026702880859,0.13919448852539062,0.922824541678409,0.3829078674316406,0.0,0.0006232261657714844,0.0030689239501953125,0.00045174985998279037,-0.0008547306060791016,0.0,0.0,0.0,0.0,0.0,0.0,-0.18611258268356323,0.2573162019252777,0.2944549322128296,0.1711069643497467,0.2573162019252777,0.2944549322128296,0.1711069643497467,0.4271710216999054,0.1673077940940857,-0.8885567784309387,0.3007323145866394,0.043674811720848083,-0.9527080059051514,0.18839344297390925
2.2216,1787014375.0451,ramp,0,-0.074274,0.21082974690736817,0.2639268540359592,0.08009072484530928,-0.09103883802890778,0.26693764328956604,0.20261812210083008,0.9377644062042236,-1.7764205932617188,0.372406005859375,-1.8328248015979502,-13.5091552734375,0.0,-0.15234136581420898,-0.0061054229736328125,-0.1618558211622465,-1.1428604125976562,0.0,-0.11974477767944336,0.018314361572265625,-0.1138235172283057,0.5567779541015625,0.0,-0.005847930908203125,0.03052520751953125,-0.027067721345614634,-2.5494537353515625,-2.7067721345614633,0.1632704734802246,0.0061054229736328125,0.15910111091842163,-0.20513153076171875,0.0,-0.17094087600708008,0.1892547607421875,-0.16822656738614075,-0.3223419189453125,0.0,-1.7553291320800781,0.28693580627441406,-1.823782782750354,-14.5054931640625,0.0,-0.1544504165649414,0.0061054229736328125,-0.16215432806751767,-1.0256423950195312,0.0,-0.13604259490966797,0.018314361572265625,-0.12312998172845518,1.26007080078125,0.0,0.03844499588012695,0.0061054229736328125,0.0048366727302705595,-3.25274658203125,0.0,-0.1439046859741211,0.0061054229736328125,-0.1391223505789097,0.20513153076171875,0.0,0.053592681884765625,-0.0061054229736328125,0.05201366970012115,0.26373291015625,0.0,0.0018215179443359375,-0.10378456115722656,0.09373376155412005,4.0146484375,0.0,0.12051772450764067,-0.13123580645409927,0.3385567058581394,14.161826208188206,1.4734023514883656,0.11710971877739419,-0.06856215085368118,0.18039108133434176,4.580228029685073,0.0,-0.7812643051147461,0.14041519165039062,-0.8113251165798091,-1.0256423950195312,0.0,-0.049757957458496094,-0.0061054229736328125,0.07730809339621866,2.4322357177734375,0.0,1.216141700744629,-0.20146560668945312,1.1644088608933996,-0.4395599365234375,0.0,-0.9195122718811035,0.03052520751953125,-0.986448398739951,-1.4358978271484375,0.0,0.9758853912353516,-0.05494499206542969,0.9558535761400995,-0.20513153076171875,0.0,0.16727733612060547,-0.124542236328125,0.14001161043243213,-0.3047618865966797,0.0,-0.4430837631225586,-0.13919448852539062,-0.4780266137319545,-0.41416358947753906,0.0,-0.21254920959472656,-0.05494499206542969,-0.09398308963375165,2.4908447265625,0.0,-0.33411550521850586,-0.018314361572265625,-0.5120528173675262,-3.5457839965820312,0.0,-1.2082805633544922,0.09157562255859375,-1.2087315963397454,-0.14652252197265625,0.0,-0.4182910919189453,-0.0061054229736328125,-0.46616584589723425,-0.8498153686523438,0.0,-1.1858463287353516,0.1892547607421875,-1.1591431296640888,0.20513153076171875,0.0,0.24242782592773438,0.05128288269042969,0.2568422598264996,0.1797313690185547,0.0,0.8897914886474609,0.08058547973632812,0.9248559609425304,0.39853668212890625,0.0,0.0006232261657714844,0.0030689239501953125,0.0004501578961286552,0.0001221001148223877,0.0,0.0,0.0,0.0,0.0,0.0,-0.17986875772476196,0.2899359464645386,0.38452568650245667,0.17977364361286163,0.2899359464645386,0.38452568650245667,0.17977364361286163,0.43382135033607483,0.16118910908699036,-0.8864632844924927,0.3007323145866394,0.043674811720848083,-0.9527080059051514,0.1897857916543721
2.2414,1787014375.0670,ramp,0,-0.068608,0.2167564954000418,0.24268871026430894,0.06088777293988676,-0.08911976963281631,0.27021339535713196,0.20248383283615112,0.9370393753051758,-1.7689423561096191,0.3846149444580078,-1.8265071009718943,-13.5091552734375,0.0,-0.15234136581420898,-0.0061054229736328125,-0.16153432549930757,-1.2014617919921875,0.0,-0.1195530891418457,0.03052520751953125,-0.11333220967446148,0.4981689453125,0.0,-0.005272865295410156,0.018314361572265625,-0.02666779791979052,-2.5494537353515625,-2.666779791979052,0.1632704734802246,-0.0061054229736328125,0.15853835349290188,-0.26373291015625,0.0,-0.17017364501953125,-0.04273414611816406,-0.1674156536811872,0.3223419189453125,0.0,-1.7491931915283203,0.2991447448730469,-1.8175723354750157,-14.622711181640625,0.0,-0.15425872802734375,0.018314361572265625,-0.16145149353134147,-0.7912063598632812,0.0,-0.1358509063720703,0.018314361572265625,-0.1225662017847425,1.3186798095703125,0.0,0.03844499588012695,0.0061054229736328125,0.005039292542760905,-3.3113555908203125,0.0,-0.14371299743652344,0.018314361572265625,-0.13854731703180373,0.20513153076171875,0.0,0.05340099334716797,0.16483497619628906,0.051857963643378795,-0.6739959716796875,0.0,-0.0002875328063964844,-0.10378456115722656,0.09346982339255216,4.1904754638671875,0.0,0.11838925825877712,-0.07985466799560889,0.3384726746429043,14.026803727364495,1.4683604785742599,0.11620061143333152,-0.04879981889974695,0.17974830296810368,4.329606866015905,0.0,-0.778963565826416,0.10378456115722656,-0.8085719187006585,-0.9084243774414062,0.0,-0.049757957458496094,-0.0061054229736328125,0.07683481321545733,2.4908447265625,0.0,1.2123069763183594,-0.15262603759765625,1.160642646584936,-0.4981689453125,0.0,-0.9185538291931152,0.06715583801269531,-0.9839261328261375,-1.5531158447265625,0.0,0.9749269485473633,-0.04273414611816406,0.9542724238974652,-0.20513153076171875,0.0,0.16498851776123047,-0.10988998413085938,0.13762306586851694,-0.33601951599121094,0.0,-0.4461355209350586,-0.1831493377685547,-0.4806906024662537,-0.3829059600830078,0.0,-0.2133164405822754,-0.04273414611816406,-0.09391080718443098,2.4908447265625,0.0,-0.3343071937561035,-0.018314361572265625,-0.5100918725427515,-3.5457839965820312,0.0,-1.206554889678955,0.06715583801269531,-1.2071399086740435,-0.14652252197265625,0.0,-0.4182910919189453,0.0061054229736328125,-0.4651873951360372,-0.8498153686523438,0.0,-1.1818194389343262,0.20146560668945312,-1.155794252798996,0.08791351318359375,0.0,0.24319076538085938,0.05128288269042969,0.2577956316032959,0.2578754425048828,0.0,0.8924617767333984,0.10988998413085938,0.9268215917838972,0.3829078674316406,0.0,0.0006232261657714844,0.0030689239501953125,0.0004486174887369873,-0.0003663301467895508,0.0,0.0,0.0,0.0,0.0,0.0,-0.17273256182670593,0.2742542028427124,0.3137686252593994,0.1604129672050476,0.2742542028427124,0.3137686252593994,0.1604129672050476,0.44120633602142334,0.15424150228500366,-0.8840513229370117,0.3007323145866394,0.043674811720848083,-0.9527080059051514,0.19179233459673237
2.2601,1787014375.0833,ramp,0,-0.064104,0.21617747424478817,0.26778607406110666,0.04788793906926086,-0.08759015053510666,0.27301225066185,0.20220129191875458,0.9364330768585205,-1.7616558074951172,0.372406005859375,-1.820514140264771,-13.626373291015625,0.0,-0.15234136581420898,0.0061054229736328125,-0.161229355227757,-1.2014617919921875,0.0,-0.11916971206665039,0.018314361572265625,-0.11286615611485501,0.6739959716796875,0.0,-0.0046977996826171875,0.018314361572265625,-0.026288431197832,-2.4322357177734375,-2.6288431197831996,0.1632704734802246,-0.03052520751953125,0.15800452269932605,-0.20513153076171875,0.0,-0.16959810256958008,-0.09157562255859375,-0.16664642223792894,0.6739959716796875,0.0,-1.744206428527832,0.28693580627441406,-1.8116811151248045,-14.5054931640625,0.0,-0.15368366241455078,0.018314361572265625,-0.16078478581468553,-0.9670333862304688,0.0,-0.13565921783447266,0.018314361572265625,-0.12203140103204468,1.26007080078125,0.0,0.03863668441772461,0.0061054229736328125,0.005231497372747827,-3.25274658203125,0.0,-0.14371299743652344,0.04273414611816406,-0.13800184112893002,0.20513153076171875,0.0,0.05340099334716797,-0.11599540710449219,0.051710261127044056,0.26373291015625,0.0,-0.0020132064819335938,-0.11599540710449219,0.09321945207472443,4.131866455078125,0.0,0.11597075476742777,-0.13950827838332383,0.3383929627665614,14.494977162302312,1.4635777659936835,0.11527393163994418,-0.03626614425842812,0.1791385644381761,4.324895445262642,0.0,-0.7762789726257324,0.14041519165039062,-0.8059602395969293,-0.9670333862304688,0.0,-0.049757957458496094,-0.0061054229736328125,0.07638586039311798,2.4908447265625,0.0,1.2094306945800781,-0.15262603759765625,1.1570700217169356,-0.615386962890625,0.0,-0.9168281555175781,0.09157562255859375,-0.9815335154152935,-1.6703262329101562,0.0,0.9739680290222168,-0.04273414611816406,0.9527725454095538,-0.26373291015625,0.0,0.16346263885498047,-0.10988998413085938,0.13535729631626559,-0.39853477478027344,0.0,-0.4491872787475586,-0.13919448852539062,-0.48321765791788907,-0.3829059600830078,0.0,-0.2136998176574707,-0.0061054229736328125,-0.09384224016863936,2.4322357177734375,0.0,-0.33449888229370117,-0.0061054229736328125,-0.5082317234189954,-3.4871826171875,0.0,-1.2055959701538086,0.06715583801269531,-1.205630036300664,-0.14652252197265625,0.0,-0.4182910919189453,0.0061054229736328125,-0.46425923830924404,-0.8498153686523438,0.0,-1.1785597801208496,0.20146560668945312,-1.1526175135621408,0.14652252197265625,0.0,0.24433517456054688,0.05128288269042969,0.2586999985456066,0.1953601837158203,0.0,0.8947505950927734,0.124542236328125,0.9286861860554962,0.33602142333984375,0.0,0.0006232261657714844,0.0030689239501953125,0.0004471562607495207,-0.0006105303764343262,0.0,0.0,0.0,0.0,0.0,0.0,-0.16686418652534485,0.260621041059494,0.3994852602481842,0.1646290421485901,0.260621041059494,0.3994852602481842,0.1646290421485901,0.4480336904525757,0.14848804473876953,-0.8815991282463074,0.3007323145866394,0.043674811720848083,-0.9527080059051514,0.19457460576866056
2.2802,1787014375.1035,ramp,0,-0.059215,0.22161514984802555,0.23987086944916655,0.022581958212947454,-0.08586800843477249,0.27596989274024963,0.2017168551683426,0.9358299374580383,-1.7541780471801758,0.3846149444580078,-1.814108115694792,-13.919410705566406,0.0,-0.15234136581420898,0.0061054229736328125,-0.16090336492878102,-1.0842514038085938,0.0,-0.11897754669189453,0.0061054229736328125,-0.11236797988783312,0.6739959716796875,0.0,-0.004122257232666016,0.018314361572265625,-0.02588291668494522,-2.6666641235351562,-2.5882916684945223,0.1632704734802246,-0.03052520751953125,0.15743389770327137,-0.26373291015625,0.0,-0.1686391830444336,0.22588539123535156,-0.16582417163988056,-0.4981689453125,0.0,-1.7380714416503906,0.33577537536621094,-1.8053838433496436,-14.681320190429688,0.0,-0.15330028533935547,0.03052520751953125,-0.1600721253747771,-0.9670333862304688,0.0,-0.135467529296875,0.03052520751953125,-0.1214597392225899,1.377288818359375,0.0,0.03863668441772461,0.0061054229736328125,0.005436949890048892,-3.25274658203125,0.0,-0.14313793182373047,0.018314361572265625,-0.1374187683862726,0.3223419189453125,0.0,0.05340099334716797,-0.07936477661132812,0.051552378238280336,0.4395599365234375,0.0,-0.004122257232666016,-0.128204345703125,0.09295182395366633,4.4249114990234375,0.0,0.11363259121684412,-0.09293009057620127,0.338307756761829,14.35131699369055,1.45846540570974,0.1146092565891305,-0.022346679397589792,0.17848679977712367,4.204739589799605,0.0,-0.7737865447998047,0.10378456115722656,-0.8031685509266695,-0.9084243774414062,0.0,-0.049757957458496094,-0.0061054229736328125,0.07590596356895746,2.4322357177734375,0.0,1.205979347229004,-0.16483497619628906,1.153251154248553,-0.5567779541015625,0.0,-0.9147186279296875,0.09157562255859375,-0.9789759872302333,-1.5531158447265625,0.0,0.9728174209594727,-0.05494499206542969,0.9511692880355944,-0.20513153076171875,0.0,0.16041088104248047,-0.13919448852539062,0.1329353589582615,-0.27350425720214844,0.0,-0.4518575668334961,-0.13919448852539062,-0.485918890264304,-0.41416358947753906,0.0,-0.21427488327026367,-0.04273414611816406,-0.09376894718219791,2.5494537353515625,0.0,-0.33449888229370117,0.0061054229736328125,-0.5062433638129591,-3.6043930053710938,0.0,-1.2038702964782715,0.07936477661132812,-1.2040160962142714,-0.08791351318359375,0.0,-0.4182910919189453,0.0061054229736328125,-0.4632671084208963,-0.8498153686523438,0.0,-1.1745333671569824,0.20146560668945312,-1.1492218180790181,0.08791351318359375,0.0,0.24509811401367188,0.05128288269042969,0.25966669883547044,0.22661781311035156,0.0,0.8970394134521484,0.124542236328125,0.9306792971904829,0.3516502380371094,0.0,0.0006232261657714844,0.0030689239501953125,0.0004455943178555975,-0.001098930835723877,0.0,0.0,0.0,0.0,0.0,0.0,-0.16064229607582092,0.2493952214717865,0.3276195824146271,0.15008544921875,0.2493952214717865,0.3276195824146271,0.15008544921875,0.4550151824951172,0.14243488013744354,-0.8790184855461121,0.3007323145866394,0.043674811720848083,-0.9527080059051514,0.1977731729413258
2.3001,1787014375.1239,ramp,0,-0.054965,0.20338248323507055,0.23547117752554433,-0.008974910089918577,-0.08434061706066132,0.27879810333251953,0.20100615918636322,0.9352833032608032,-1.7466998100280762,0.39682579040527344,-1.807732916113826,-14.212455749511719,0.0,-0.15195798873901367,0.018314361572265625,-0.1605789432543513,-1.0256423950195312,0.0,-0.11878585815429688,0.018314361572265625,-0.11187220082250747,0.7325973510742188,0.0,-0.002972126007080078,0.07936477661132812,-0.025479353457175724,-2.8424911499023438,-2.5479353457175726,0.1632704734802246,-0.03052520751953125,0.15686601848332818,-0.26373291015625,0.0,-0.16787242889404297,-0.15262603759765625,-0.165005877608869,0.7325973510742188,0.0,-1.7317438125610352,0.3235645294189453,-1.799116873258649,-14.681320190429688,0.0,-0.15253305435180664,0.04273414611816406,-0.15936289416777125,-1.2014617919921875,0.0,-0.13489246368408203,0.03052520751953125,-0.120890828178263,1.4358978271484375,0.0,0.03863668441772461,0.0061054229736328125,0.005641413795533175,-3.4871826171875,0.0,-0.14217853546142578,0.03052520751953125,-0.13683850131672645,0.14652252197265625,0.0,0.05340099334716797,0.16483497619628906,0.051395255062230534,-0.7325973510742188,0.0,-0.006806850433349609,-0.15262603759765625,0.09268548362565382,4.600730895996094,0.0,0.1110796905993544,-0.11616505834615673,0.3382229607577345,14.892681234550803,1.453377645464073,0.11401675005656671,-0.02928362593168758,0.17783817132610233,4.263158155132614,0.0,-0.7711019515991211,0.14041519165039062,-0.8003902955131272,-1.0842514038085938,0.0,-0.049757957458496094,-0.0061054229736328125,0.07542837594829287,2.4322357177734375,0.0,1.2025275230407715,-0.1892547607421875,1.1494506626927927,-0.4981689453125,0.0,-0.9126095771789551,0.09157562255859375,-0.976430765550923,-1.611724853515625,0.0,0.9712834358215332,-0.07936477661132812,0.949573745335595,-0.14652252197265625,0.0,0.15812206268310547,-0.124542236328125,0.1305250756599062,-0.33601951599121094,0.0,-0.4541463851928711,-0.124542236328125,-0.488607124618518,-0.4454212188720703,0.0,-0.2150421142578125,-0.06715583801269531,-0.0936960068724403,2.6080551147460938,0.0,-0.33449888229370117,0.0061054229736328125,-0.5042645719446578,-3.4871826171875,0.0,-1.202336311340332,0.07936477661132812,-1.202409922205715,-0.14652252197265625,0.0,-0.4182910919189453,0.0061054229736328125,-0.4622797525374831,-0.7912063598632812,0.0,-1.1708903312683105,0.1892547607421875,-1.1458424622578518,0.14652252197265625,0.0,0.24624252319335938,0.0659332275390625,0.2606287474844472,0.1953601837158203,0.0,0.8997097015380859,0.124542236328125,0.9326628177239716,0.3516502380371094,0.0,0.0006232261657714844,0.0030689239501953125,0.0004440398908355237,-0.0001221299171447754,0.0,0.0,0.0,0.0,0.0,0.0,-0.15477125346660614,0.23559807240962982,0.3495328426361084,0.14459741115570068,0.23559807240962982,0.3495328426361084,0.14459741115570068,0.4620665907859802,0.13671082258224487,-0.8762446641921997,0.3007323145866394,0.043674811720848083,-0.9527080059051514,0.2016648993659698
2.3204,1787014375.1442,ramp,0,-0.051377,0.18936778109085353,0.20157178336516887,-0.04776331977500197,-0.08297746628522873,0.2813807725906372,0.20003196597099304,0.9348405003547668,-1.7386469841003418,0.3846149444580078,-1.8012646897788098,-14.271064758300781,0.0,-0.15119075775146484,0.04273414611816406,-0.16024978762690062,-1.2014617919921875,0.0,-0.11878585815429688,0.018314361572265625,-0.11136918736136606,0.8498153686523438,0.0,-0.0010547637939453125,0.07936477661132812,-0.025069901444803245,-3.0183181762695312,-2.5069901444803246,0.1632704734802246,-0.04273414611816406,0.15628985278390262,-0.380950927734375,0.0,-0.16691350936889648,0.21367454528808594,-0.16417564305166737,-0.3223419189453125,0.0,-1.7250328063964844,0.34798622131347656,-1.792758455695636,-14.857147216796875,0.0,-0.1513824462890625,0.06715583801269531,-0.15864331387659622,-1.377288818359375,0.0,-0.13431692123413086,0.04273414611816406,-0.1203136155980979,1.1428604125976562,0.0,0.03902006149291992,0.018314361572265625,0.0058488612332513994,-3.6630020141601562,0.0,-0.14045286178588867,0.0061054229736328125,-0.13624976700450397,0.20513153076171875,0.0,0.05340099334716797,-0.2625160217285156,0.05123583914869568,0.9670333862304688,0.0,-0.00968313217163086,-0.128204345703125,0.09241525686618565,4.659339904785156,0.0,0.10823734356517814,-0.13879019987644753,0.3381369274124529,15.206352986467412,1.4482156447471741,0.11340552506960974,-0.014479353467016051,0.17718007810482297,4.262997319694628,0.0,-0.7684178352355957,0.09157562255859375,-0.7975714998655482,-0.9670333862304688,0.0,-0.049757957458496094,-0.0061054229736328125,0.07494381938092148,2.373626708984375,0.0,1.1988844871520996,-0.1892547607421875,1.1455947144585807,-0.4981689453125,0.0,-0.910308837890625,0.128204345703125,-0.9738484040600419,-1.6703262329101562,0.0,0.9693660736083984,-0.09157562255859375,0.9479549205161195,-0.08791351318359375,0.0,0.15545082092285156,-0.15384674072265625,0.12807962156748573,-0.3047618865966797,0.0,-0.4564352035522461,-0.124542236328125,-0.4913345856217055,-0.47667884826660156,0.0,-0.21619224548339844,-0.05494499206542969,-0.09362200221949313,2.6666641235351562,0.0,-0.33449888229370117,0.0061054229736328125,-0.5022569055945287,-3.369964599609375,0.0,-1.2002267837524414,0.09157562255859375,-1.2007803109458917,-0.20513153076171875,0.0,-0.4182910919189453,0.0061054229736328125,-0.46127798918152574,-0.7912063598632812,0.0,-1.1676301956176758,0.1770458221435547,-1.1424137949604203,0.20513153076171875,0.0,0.24700546264648438,0.05128288269042969,0.26160483432343135,0.22661781311035156,0.0,0.9019985198974609,0.10988998413085938,0.9346752817398531,0.33602142333984375,0.0,0.0006232261657714844,0.0030689239501953125,0.0004424627816549546,-0.0003663301467895508,0.0,0.0,0.0,0.0,0.0,0.0,-0.1493840366601944,0.20331795513629913,0.3425195515155792,0.08168163150548935,0.20331795513629913,0.3425195515155792,0.08168163150548935,0.46897274255752563,0.1314477026462555,-0.873376190662384,0.3007323145866394,0.043674811720848083,-0.9527080059051514,0.20603988343903956
2.3407,1787014375.1644,ramp,0,-0.048710,0.17683228183985056,0.18309874981907745,-0.08600804408324837,-0.08187629282474518,0.28375425934791565,0.19873040914535522,0.9344977736473083,-1.7315516471862793,0.3846149444580078,-1.7947511105128824,-14.798538208007812,0.0,-0.15023231506347656,0.04273414611816406,-0.15991832407581558,-1.377288818359375,0.0,-0.11878585815429688,0.018314361572265625,-0.11086264694653303,0.615386962890625,0.0,0.0012464523315429688,0.11599540710449219,-0.024657578498751772,-3.6043930053710938,-2.4657578498751773,0.16307878494262695,-0.03052520751953125,0.15570964721298736,-0.380950927734375,0.0,-0.16633844375610352,0.0061054229736328125,-0.16333958718139432,0.08791351318359375,0.0,-1.7179384231567383,0.372406005859375,-1.7863554551422474,-15.150177001953125,0.0,-0.1496567726135254,0.07936477661132812,-0.1579186881411927,-1.377288818359375,0.0,-0.1337418556213379,0.04273414611816406,-0.11973235580608317,1.26007080078125,0.0,0.03959512710571289,0.04273414611816406,0.006057763219531035,-3.5457839965820312,0.0,-0.13776874542236328,0.04273414611816406,-0.135656904694094,-0.08791351318359375,0.0,0.05340099334716797,0.128204345703125,0.05107530546677453,-0.3223419189453125,0.0,-0.01236724853515625,-0.15262603759765625,0.09214313537160498,4.776557922363281,0.0,0.10518013698032239,-0.1390348712593419,0.33805029083157584,15.36521802763963,1.4430174498945494,0.11286510603860271,-0.02535400625417692,0.1765173705650501,4.267453261756332,0.0,-0.7663083076477051,0.05494499206542969,-0.7947329398130711,-0.8498153686523438,0.0,-0.049757957458496094,-0.0061054229736328125,0.0744558652731141,2.373626708984375,0.0,1.194474697113037,-0.22588539123535156,1.1417117296698631,-0.4395599365234375,0.0,-0.9074325561523438,0.128204345703125,-0.9712479359575151,-1.6703262329101562,0.0,0.9674487113952637,-0.06715583801269531,0.9463247450656683,-0.14652252197265625,0.0,0.15316200256347656,-0.10988998413085938,0.12561702081000506,-0.35164833068847656,0.0,-0.4587240219116211,-0.124542236328125,-0.49408117062334844,-0.4454212188720703,0.0,-0.2167677879333496,-0.03052520751953125,-0.09354747867191573,2.6080551147460938,0.0,-0.3343071937561035,-0.0061054229736328125,-0.5002351621932031,-3.4871826171875,0.0,-1.198117733001709,0.09157562255859375,-1.1991392734243622,-0.14652252197265625,0.0,-0.4182910919189453,0.0061054229736328125,-0.46026920181281455,-0.7912063598632812,0.0,-1.163987159729004,0.1892547607421875,-1.138961087052317,0.14652252197265625,0.0,0.24814987182617188,0.08058547973632812,0.2625877651404519,0.1797313690185547,0.0,0.9039058685302734,0.08058547973632812,0.9367018564464782,0.3829078674316406,0.0,0.0006232261657714844,0.0030689239501953125,0.00044087461433881615,-0.0008547306060791016,0.0,0.0,0.0,0.0,0.0,0.0,-0.14500051736831665,0.19833604991436005,0.3282276690006256,0.06691836565732956,0.19833604991436005,0.3282276690006256,0.06691836565732956,0.47573038935661316,0.12709471583366394,-0.8703606128692627,0.3007323145866394,0.043674811720848083,-0.9527080059051514,0.21101964894193195
2.3611,1787014375.1844,ramp,0,-0.046473,0.16162952688859233,0.17737844624515536,-0.1034712402334954,-0.08084217458963394,0.28606870770454407,0.19709141552448273,0.9342292547225952,-1.7231154441833496,0.3846149444580078,-1.788238175371231,-15.150184631347656,0.0,-0.14927339553833008,0.04273414611816406,-0.15958689330297904,-1.4358978271484375,0.0,-0.11859416961669922,0.03052520751953125,-0.11035615662320336,0.9084243774414062,0.0,0.004313945770263672,0.14041519165039062,-0.024245296327089938,-3.8388290405273438,-2.424529632708994,0.16269540786743164,0.0061054229736328125,0.15512949901828232,-0.615386962890625,0.0,-0.16538000106811523,0.11599540710449219,-0.16250361398822702,0.02930450439453125,0.0,-1.709693431854248,0.40903472900390625,-1.7799530877780663,-15.619049072265625,0.0,-0.14793109893798828,0.07936477661132812,-0.1571941340636301,-1.5531158447265625,0.0,-0.13259124755859375,0.04273414611816406,-0.11915115349452998,1.2014617919921875,0.0,0.041129112243652344,0.07936477661132812,0.006266644547608009,-3.6043930053710938,0.0,-0.13738489151000977,-0.0061054229736328125,-0.13506410101151223,0.02930450439453125,0.0,0.05340099334716797,-0.11599540710449219,0.05091478765994101,0.20513153076171875,0.0,-0.0152435302734375,-0.16483497619628906,0.09187104078696944,5.0695953369140625,0.0,0.10190002104867193,-0.1252703203455227,0.3379636628181427,15.443198276831096,1.4378197690885646,0.11205523131570229,-0.029845698702856093,0.17585472856006182,4.341853119407339,0.0,-0.764582633972168,0.03052520751953125,-0.7918946604642384,-0.7912063598632812,0.0,-0.049757957458496094,-0.0061054229736328125,0.07396795941882037,2.4322357177734375,0.0,1.1898727416992188,-0.23809432983398438,1.137829128867378,-0.380950927734375,0.0,-0.905515193939209,0.06715583801269531,-0.9686477250138505,-1.5531158447265625,0.0,0.9657230377197266,-0.05494499206542969,0.9446947308223721,-0.20513153076171875,0.0,0.15087318420410156,-0.10988998413085938,0.12315466357776056,-0.35164833068847656,0.0,-0.4606313705444336,-0.124542236328125,-0.4968274840167093,-0.5079364776611328,0.0,-0.21753454208374023,-0.03052520751953125,-0.09347296249393101,2.6080551147460938,0.0,-0.33411550521850586,-0.0061054229736328125,-0.49821361872097175,-3.369964599609375,0.0,-1.1960086822509766,0.10378456115722656,-1.1974983981841318,-0.20513153076171875,0.0,-0.4182910919189453,0.018314361572265625,-0.45926051420253206,-0.7325973510742188,0.0,-1.1605358123779297,0.14041519165039062,-1.135508720580602,0.20513153076171875,0.0,0.24929428100585938,0.0659332275390625,0.26357059875598393,0.1953601837158203,0.0,0.9054317474365234,0.08058547973632812,0.9387282307462438,0.4454231262207031,0.0,0.0006232261657714844,0.0030689239501953125,0.00043928660407567115,-0.0003663301467895508,0.0,0.0,0.0,0.0,0.0,0.0,-0.14062660932540894,0.18679167330265045,0.31029534339904785,0.06280018389225006,0.18679167330265045,0.31029534339904785,0.06280018389225006,0.48257917165756226,0.12276257574558258,-0.8672061562538147,0.3007323145866394,0.043674811720848083,-0.9527080059051514,0.21637025188584055
2.3812,1787014375.2044,ramp,0,-0.045271,0.11306611862072491,0.16929447069049028,-0.13674013100579457,-0.080189548432827,0.2880440056324005,0.19544847309589386,0.9340236783027649,-1.7148704528808594,0.40903472900390625,-1.7818233378647836,-15.267402648925781,0.0,-0.14812326431274414,0.05494499206542969,-0.1592604545305758,-1.4358978271484375,0.0,-0.11801910400390625,0.03052520751953125,-0.10985729504204478,0.7325973510742188,0.0,0.007765293121337891,0.15262603759765625,-0.023839223937223455,-4.0732574462890625,-2.383922393722346,0.16250371932983398,-0.0061054229736328125,0.1545580889984141,-0.615386962890625,0.0,-0.16480445861816406,0.128204345703125,-0.16168023219840713,-0.380950927734375,0.0,-1.7020235061645508,0.40903472900390625,-1.773647152680517,-15.794876098632812,0.0,-0.14639759063720703,0.07936477661132812,-0.15648049319801272,-1.7289352416992188,0.0,-0.13201618194580078,0.04273414611816406,-0.11857870523489022,1.377288818359375,0.0,0.0426630973815918,0.06715583801269531,0.006472379711340171,-3.7802200317382812,0.0,-0.13661813735961914,0.03052520751953125,-0.13448022612034896,-0.08791351318359375,0.0,0.053017616271972656,-0.14041519165039062,0.050756687567535166,0.4981689453125,0.0,-0.018120288848876953,-0.15262603759765625,0.09160304448286702,5.010986328125,0.0,0.09884572940166725,-0.15233852525735206,0.33787833959326885,15.775337539210959,1.4327003755961307,0.11151511894404997,-0.010046365313464244,0.17520206724922488,4.077313357548166,0.0,-0.7636237144470215,0.0061054229736328125,-0.7890991311944583,-0.6739959716796875,0.0,-0.049757957458496094,-0.0061054229736328125,0.07348740238797839,2.373626708984375,0.0,1.1846957206726074,-0.22588539123535156,1.1340050076825894,-0.380950927734375,0.0,-0.9041728973388672,0.07936477661132812,-0.9660866783700075,-1.4945068359375,0.0,0.9645724296569824,-0.05494499206542969,0.9430892678050805,-0.14652252197265625,0.0,0.14820289611816406,-0.13919448852539062,0.12072939429684024,-0.27350425720214844,0.0,-0.4629201889038086,-0.10988998413085938,-0.499532432519501,-0.4923076629638672,0.0,-0.2177262306213379,-0.018314361572265625,-0.09339956867640065,2.6080551147460938,0.0,-0.33411550521850586,-0.0061054229736328125,-0.49622252367633496,-3.3113555908203125,0.0,-1.1937074661254883,0.128204345703125,-1.1958822377579186,-0.20513153076171875,0.0,-0.4182910919189453,0.0061054229736328125,-0.45826701941500564,-0.7325973510742188,0.0,-1.157851219177246,0.15262603759765625,-1.1321083535499024,0.20513153076171875,0.0,0.2504386901855469,0.0659332275390625,0.26453862896085917,0.1797313690185547,0.0,0.9073400497436523,0.08058547973632812,0.9407240838566343,0.4297943115234375,0.0,0.0006232261657714844,0.0030689239501953125,0.0004377225123758324,-0.0006105303764343262,0.0,0.0,0.0,0.0,0.0,0.0,-0.13743272423744202,0.11702659726142883,0.33373281359672546,0.02399705909192562,0.11702659726142883,0.33373281359672546,0.02399705909192562,0.4887638986110687,0.11952144652605057,-0.8641901612281799,0.3007323145866394,0.043674811720848083,-0.9527080059051514,0.22168656662543781
2.4011,1787014375.2261,ramp,0,-0.045320,0.09925849389601835,0.17933046010039938,-0.1643172889292412,-0.08002610504627228,0.2897503972053528,0.19380483031272888,0.9338523149490356,-1.707200527191162,0.372406005859375,-1.7754807013859657,-15.150184631347656,0.0,-0.14678096771240234,0.07936477661132812,-0.1589376899299348,-1.7875442504882812,0.0,-0.11744403839111328,0.04273414611816406,-0.109364048305965,0.6739959716796875,0.0,0.01121664047241211,0.15262603759765625,-0.02343772202070268,-4.4249114990234375,-2.3437722020702685,0.16250371932983398,0.0061054229736328125,0.15399311037927754,-0.6739959716796875,0.0,-0.16365432739257812,-0.11599540710449219,-0.16086611783138577,0.7325973510742188,0.0,-1.6930112838745117,0.4212455749511719,-1.767412192879497,-16.380950927734375,0.0,-0.14447975158691406,0.10378456115722656,-0.15577488458633854,-1.9633712768554688,0.0,-0.1310572624206543,0.06715583801269531,-0.11801270006169949,1.1428604125976562,0.0,0.04419708251953125,0.06715583801269531,0.006675799260650921,-4.0146484375,0.0,-0.13565921783447266,0.018314361572265625,-0.13390292292599115,-0.14652252197265625,0.0,0.052634239196777344,0.14041519165039062,0.05060036694173757,-0.4395599365234375,0.0,-0.020612716674804688,-0.128204345703125,0.09133806456203819,4.893775939941406,0.0,0.0952919691211912,-0.17101912882971468,0.3377939767083117,16.245889452480473,1.4276386024987016,0.11119531890555498,-0.022125073034050254,0.17455675184813063,4.073923759304684,0.0,-0.7632403373718262,-0.0061054229736328125,-0.7863350664919168,-0.615386962890625,0.0,-0.049757957458496094,-0.0061054229736328125,0.0730122541787046,2.3150177001953125,0.0,1.1802854537963867,-0.1892547607421875,1.1302239281927844,-0.4395599365234375,0.0,-0.9024472236633301,0.07936477661132812,-0.9635544571171907,-1.4945068359375,0.0,0.9630389213562012,-0.06715583801269531,0.9415018747824775,-0.20513153076171875,0.0,0.14553260803222656,-0.124542236328125,0.1183314221897275,-0.3047618865966797,0.0,-0.4652090072631836,-0.09523773193359375,-0.5022069359702723,-0.5391941070556641,0.0,-0.2177262306213379,0.0061054229736328125,-0.09332700092952945,2.4322357177734375,0.0,-0.3339238166809082,-0.0061054229736328125,-0.4942538390369791,-3.25274658203125,0.0,-1.1914067268371582,0.07936477661132812,-1.194284267729119,-0.14652252197265625,0.0,-0.41809940338134766,0.03052520751953125,-0.4572847067259395,-0.7325973510742188,0.0,-1.154975414276123,0.15262603759765625,-1.1287462587269843,0.20513153076171875,0.0,0.2515830993652344,0.05128288269042969,0.2654957636792161,0.21098899841308594,0.0,0.9092473983764648,0.08058547973632812,0.942697473008207,0.4297943115234375,0.0,0.0005273818969726562,0.0030689239501953125,0.00043617602502340255,-0.0006105303764343262,0.0,0.0,0.0,0.0,0.0,0.0,-0.1358345001935959,0.11473976820707321,0.3651884198188782,-0.026097292080521584,0.11473976820707321,0.3651884198188782,-0.026097292080521584,0.4950423538684845,0.11765976250171661,-0.8608653545379639,0.3007323145866394,0.043674811720848083,-0.9527080059051514,0.22779206942124644
2.4212,1787014375.2467,ramp,0,-0.046064,0.11113349590716803,0.19787441695527103,-0.2010539982702302,-0.08000896871089935,0.29182490706443787,0.19147086143493652,0.9336893558502197,-1.698763370513916,0.3601951599121094,-1.7690396602265874,-15.912086486816406,0.0,-0.14486360549926758,0.09157562255859375,-0.1586099177039115,-1.9633712768554688,0.0,-0.11686849594116211,0.018314361572265625,-0.10886314894976999,0.6739959716796875,0.0,0.01351785659790039,0.09157562255859375,-0.02302999088578487,-4.366302490234375,-2.3029990885784866,0.16250371932983398,-0.0061054229736328125,0.15341936623483846,-0.6739959716796875,0.0,-0.1628870964050293,0.22588539123535156,-0.16003937264995569,-0.4395599365234375,0.0,-1.6851496696472168,0.40903472900390625,-1.7610804989790887,-16.791213989257812,0.0,-0.14217853546142578,0.11599540710449219,-0.15505832860439261,-1.9633712768554688,0.0,-0.1293315887451172,0.09157562255859375,-0.11743791343643448,0.8498153686523438,0.0,0.046114444732666016,0.11599540710449219,0.006882374821793106,-4.4249114990234375,0.0,-0.13470077514648438,0.018314361572265625,-0.1333166629931198,-0.20513153076171875,0.0,0.05244255065917969,0.0061054229736328125,0.0504416210340721,-0.26373291015625,0.0,-0.022913455963134766,-0.11599540710449219,0.09106897353306825,4.9523773193359375,0.0,0.09130532404873322,-0.19413851469494878,0.3377083049508103,16.562180863373097,1.422498297048616,0.11084511095049109,-0.029106917126248084,0.17390142451333696,4.07602097275617,0.0,-0.7632403373718262,-0.0061054229736328125,-0.7835281179026806,-0.4981689453125,0.0,-0.049757957458496094,0.018314361572265625,0.07252973414417982,2.3150177001953125,0.0,1.1758756637573242,-0.22588539123535156,1.1263841860442239,-0.3223419189453125,0.0,-0.9009132385253906,0.07936477661132812,-0.9609829489803905,-1.4358978271484375,0.0,0.9616966247558594,-0.05494499206542969,0.9398898536885929,-0.14652252197265625,0.0,0.14324378967285156,-0.124542236328125,0.11589624604609441,-0.3203907012939453,0.0,-0.4671163558959961,-0.10988998413085938,-0.5049229337836181,-0.5079364776611328,0.0,-0.21791791915893555,0.0061054229736328125,-0.09325330730921845,2.6080551147460938,0.0,-0.3339238166809082,-0.0061054229736328125,-0.49225461066652554,-3.25274658203125,0.0,-1.189681053161621,0.07936477661132812,-1.1926615055289955,-0.20513153076171875,0.0,-0.41771602630615234,0.03052520751953125,-0.45628715366061967,-0.7325973510742188,0.0,-1.1517157554626465,0.1770458221435547,-1.1253320017049293,0.14652252197265625,0.0,0.2523460388183594,0.05128288269042969,0.26646774814286867,0.21098899841308594,0.0,0.9103918075561523,0.0659332275390625,0.9447014788804022,0.4766807556152344,0.0,0.0005273818969726562,0.0030689239501953125,0.00043460554424262234,-0.0006105303764343262,0.0,0.0,0.0,0.0,0.0,0.0,-0.13491851091384888,0.1328636258840561,0.41010236740112305,-0.07398194074630737,0.1328636258840561,0.41010236740112305,-0.07398194074630737,0.5023409128189087,0.11630633473396301,-0.8568117022514343,0.3007323145866394,0.043674811720848083,-0.9527080059051514,0.23531364131788418
2.4412,1787014375.2661,ramp,0,-0.047239,0.08321169164915154,0.18486986845727782,-0.21821918669449739,-0.08018219470977783,0.293645977973938,0.18933218717575073,0.933539628982544,-1.6905183792114258,0.4212455749511719,-1.7626607901596592,-16.439559936523438,0.0,-0.1425623893737793,0.11599540710449219,-0.1582853092454938,-2.5494537353515625,0.0,-0.11667680740356445,0.018314361572265625,-0.10836708444238462,0.7912063598632812,0.0,0.015819072723388672,0.05494499206542969,-0.022626195308715,-4.1904754638671875,-2.2626195308715005,0.16250371932983398,0.0061054229736328125,0.15285116006156954,-0.7325973510742188,0.0,-0.16212034225463867,-0.06715583801269531,-0.15922060749067343,0.380950927734375,0.0,-1.6770968437194824,0.45787620544433594,-1.7548099207146635,-17.201461791992188,0.0,-0.1394944190979004,0.128204345703125,-0.1543486890614349,-2.25640869140625,0.0,-0.12779808044433594,0.07936477661132812,-0.11686867484471468,0.7912063598632812,0.0,0.048415184020996094,0.09157562255859375,0.0070869564462421545,-4.542121887207031,0.0,-0.13355016708374023,0.03052520751953125,-0.13273606183801195,-0.26373291015625,0.0,0.05225086212158203,-0.16483497619628906,0.05028440739522113,0.5567779541015625,0.0,-0.02502298355102539,-0.10378456115722656,0.09080247986108232,4.835166931152344,0.0,0.08710113202515783,-0.1613336784173648,0.33762346012588457,16.650742687590146,1.4174076075530735,0.110394082965634,-0.010873869168853878,0.17325242261806595,4.018775429364032,0.0,-0.7630486488342285,-0.0061054229736328125,-0.7807482629239224,-0.4395599365234375,0.0,-0.049757957458496094,0.018314361572265625,0.07205187155507932,2.3150177001953125,0.0,1.171656608581543,-0.22588539123535156,1.1225815063764324,-0.380950927734375,0.0,-0.8989958763122559,0.11599540710449219,-0.9584362619037502,-1.4945068359375,0.0,0.9599709510803223,-0.05494499206542969,0.9382933923636928,-0.20513153076171875,0.0,0.14095497131347656,-0.10988998413085938,0.11348457504043696,-0.3047618865966797,0.0,-0.46978759765625,-0.13919448852539062,-0.5076127158739202,-0.4923076629638672,0.0,-0.21791791915893555,0.0061054229736328125,-0.09318032500448017,2.5494537353515625,0.0,-0.33334875106811523,0.0061054229736328125,-0.4902746795197307,-3.3113555908203125,0.0,-1.1887221336364746,0.05494499206542969,-1.1910544067746212,-0.14652252197265625,0.0,-0.4171409606933594,0.03052520751953125,-0.4552992293125076,-0.7912063598632812,0.0,-1.1478805541992188,0.21367454528808594,-1.121950700238306,0.14652252197265625,0.0,0.2527275085449219,0.021978378295898438,0.26743035068604376,0.27350425720214844,0.0,0.9126806259155273,0.09523773193359375,0.9466861414148873,0.39853668212890625,0.0,0.0005273818969726562,0.0030689239501953125,0.00043305022226977353,-0.0006105303764343262,0.0,0.0,0.0,0.0,0.0,0.0,-0.13441912829875946,0.08584460616111755,0.3670864701271057,-0.10017875581979752,0.08584460616111755,0.3670864701271057,-0.10017875581979752,0.5094039440155029,0.11532333493232727,-0.852764904499054,0.3007323145866394,0.043674811720848083,-0.9527080059051514,0.2428066359908299
2.4611,1787014375.2843,ramp,0,-0.049499,0.05797201102041351,0.17772717054514442,-0.22207442862276652,-0.08064520359039307,0.2955453097820282,0.1866295486688614,0.9334445595741272,-1.6822738647460938,0.4334545135498047,-1.7562876874971685,-16.79120635986328,0.0,-0.14045286178588867,0.10378456115722656,-0.1579609942792219,-2.5494537353515625,0.0,-0.11629343032836914,0.03052520751953125,-0.10787146844776266,0.6739959716796875,0.0,0.017353057861328125,0.07936477661132812,-0.022222764820191945,-4.717948913574219,-2.222276482019195,0.16250371932983398,0.0061054229736328125,0.15228346762737527,-0.8498153686523438,0.0,-0.16135311126708984,-0.07936477661132812,-0.15840258261137238,0.615386962890625,0.0,-1.6686596870422363,0.4456653594970703,-1.7485450119435069,-17.670333862304688,0.0,-0.1371932029724121,0.11599540710449219,-0.15363969113340367,-2.3150177001953125,0.0,-0.12626409530639648,0.07936477661132812,-0.11629995092552238,0.5567779541015625,0.0,0.05033302307128906,0.10378456115722656,0.007291353099848987,-4.659339904785156,0.0,-0.13259172439575195,0.03052520751953125,-0.1321559856288025,-0.3223419189453125,0.0,0.051867008209228516,0.0061054229736328125,0.05012733589982644,0.02930450439453125,0.0,-0.0267486572265625,-0.09157562255859375,0.09053622713722204,5.0695953369140625,0.0,0.08239504151664671,-0.19391260547662437,0.3375386920127298,17.124786599816247,1.4123215207637863,0.10999151324757223,-0.02921257900013564,0.17260400751267643,4.0190137539097615,0.0,-0.7630486488342285,0.0061054229736328125,-0.7779709213288469,-0.4395599365234375,0.0,-0.049757957458496094,-0.0061054229736328125,0.07157444102162318,2.3150177001953125,0.0,1.166287899017334,-0.23809432983398438,1.1187822648710992,-0.26373291015625,0.0,-0.8963117599487305,0.14041519165039062,-0.9558918773938956,-1.611724853515625,0.0,0.9582452774047852,-0.04273414611816406,0.9366983744665524,-0.20513153076171875,0.0,0.13866615295410156,-0.08058547973632812,0.1110750845278628,-0.33601951599121094,0.0,-0.473602294921875,-0.1978015899658203,-0.5103000660192225,-0.3829059600830078,0.0,-0.21791791915893555,0.0061054229736328125,-0.09310740868611,2.5494537353515625,0.0,-0.33277320861816406,0.03052520751953125,-0.4882965385118731,-3.25274658203125,0.0,-1.187380313873291,0.05494499206542969,-1.1894487610657531,-0.08791351318359375,0.0,-0.4165654182434082,0.03052520751953125,-0.4543121981883066,-0.7325973510742188,0.0,-1.1434707641601562,0.16483497619628906,-1.1185724559484047,0.20513153076171875,0.0,0.2531089782714844,0.021978378295898438,0.26839208289981553,0.27350425720214844,0.0,0.9145879745483398,0.09523773193359375,0.9486690095325888,0.39853668212890625,0.0,0.0005273818969726562,0.0030689239501953125,0.0004314963065288676,-0.0003663301467895508,0.0,0.0,0.0,0.0,0.0,0.0,-0.13520440459251404,0.0808655321598053,0.3929206132888794,-0.11614052206277847,0.0808655321598053,0.3929206132888794,-0.11614052206277847,0.5170625448226929,0.11537562310695648,-0.8481361865997314,0.3007323145866394,0.043674811720848083,-0.9527080059051514,0.25141054958657993
2.4809,1787014375.3042,ramp,0,-0.051785,0.04694193015460507,0.16266776023955973,-0.2252275114848795,-0.08116886764764786,0.2972505986690521,0.18423275649547577,0.9333337545394897,-1.6734533309936523,0.4334545135498047,-1.7499584249042437,-17.435897827148438,0.0,-0.1385354995727539,0.07936477661132812,-0.15763891024997323,-2.373626708984375,0.0,-0.11552619934082031,0.03052520751953125,-0.10737926175640049,0.8498153686523438,0.0,0.019078731536865234,0.06715583801269531,-0.02182210949811741,-4.835166931152344,-2.1822109498117417,0.16250371932983398,0.0061054229736328125,0.15171968030457259,-0.9084243774414062,0.0,-0.16039466857910156,0.21367454528808594,-0.1575901848605697,-0.380950927734375,0.0,-1.6600313186645508,0.4456653594970703,-1.7423231989846886,-17.904754638671875,0.0,-0.13489246368408203,0.10378456115722656,-0.15293557034608918,-1.9633712768554688,0.0,-0.12473011016845703,0.05494499206542969,-0.11573513921322548,0.7912063598632812,0.0,0.052634239196777344,0.10378456115722656,0.007494343725028578,-4.9523773193359375,0.0,-0.13182449340820312,0.03052520751953125,-0.1315798997179944,-0.26373291015625,0.0,0.051867008209228516,0.14041519165039062,0.04997134488683561,-0.5567779541015625,0.0,-0.028666019439697266,-0.09157562255859375,0.09027180594480794,5.0695953369140625,0.0,0.07805102445423501,-0.184304668717257,0.3374545070127265,17.37033058072884,1.4072704207635915,0.1095276346175455,-0.017944269066294746,0.1719600528035544,3.95807376504074,0.0,-0.7628569602966309,-0.0061054229736328125,-0.775212684847118,-0.380950927734375,0.0,-0.049757957458496094,-0.0061054229736328125,0.07110029469507662,2.3150177001953125,0.0,1.160919189453125,-0.27472496032714844,1.1150091580478374,-0.20513153076171875,0.0,-0.8928604125976562,0.1770458221435547,-0.9533649955040084,-1.7289352416992188,0.0,0.9569029808044434,-0.03052520751953125,0.9351143285714764,-0.20513153076171875,0.0,0.13599586486816406,-0.13919448852539062,0.108682168710109,-0.2422466278076172,0.0,-0.476654052734375,-0.1831493377685547,-0.5129689300952494,-0.39853477478027344,0.0,-0.21791791915893555,0.0061054229736328125,-0.09303499395333151,2.6080551147460938,0.0,-0.3316230773925781,0.05494499206542969,-0.4863320049796814,-3.3113555908203125,0.0,-1.1862297058105469,0.05494499206542969,-1.1878541604668267,-0.14652252197265625,0.0,-0.4157986640930176,0.04273414611816406,-0.4533319567732066,-0.7912063598632812,0.0,-1.1407861709594727,0.14041519165039062,-1.1152174503340004,0.26373291015625,0.0,0.2538719177246094,0.05128288269042969,0.26934719943369184,0.28913307189941406,0.0,0.9164953231811523,0.09523773193359375,0.9506382376572093,0.4141654968261719,0.0,0.0005273818969726562,0.0030689239501953125,0.00042995308005154163,0.0001221001148223877,0.0,0.0,0.0,0.0,0.0,0.0,-0.1358165591955185,0.05922159552574158,0.36907124519348145,-0.11895312368869781,0.05922159552574158,0.36907124519348145,-0.11895312368869781,0.5240870118141174,0.11531488597393036,-0.8438217639923096,0.3007323145866394,0.043674811720848083,-0.9527080059051514,0.2593297078706928
2.5010,1787014375.3248,ramp,0,-0.054668,0.01587463096298777,0.15150343941005448,-0.22426581072573823,-0.08191485702991486,0.2987366020679474,0.1818891018629074,0.933253824710846,-1.6650166511535645,0.4334545135498047,-1.7435447647777356,-17.670326232910156,0.0,-0.1368098258972168,0.07936477661132812,-0.15731253139217602,-2.4908447265625,0.0,-0.11533451080322266,0.018314361572265625,-0.10688049173634807,0.8498153686523438,0.0,0.020804405212402344,0.07936477661132812,-0.021416111638819336,-4.835166931152344,-2.141611163881933,0.16250371932983398,-0.0061054229736328125,0.15114837516135848,-0.9084243774414062,0.0,-0.15943574905395508,0.018314361572265625,-0.15676695419432862,0.02930450439453125,0.0,-1.650252342224121,0.4822959899902344,-1.736018421279119,-18.608062744140625,0.0,-0.13316679000854492,0.09157562255859375,-0.15222206046219006,-2.1977996826171875,0.0,-0.1239628791809082,0.04273414611816406,-0.11516279602079843,0.7912063598632812,0.0,0.0541682243347168,0.05494499206542969,0.007700041128107521,-4.776557922363281,0.0,-0.13124942779541016,0.03052520751953125,-0.13099613199128896,-0.26373291015625,0.0,0.05167531967163086,-0.15262603759765625,0.04981327381213708,0.4395599365234375,0.0,-0.03020000457763672,-0.09157562255859375,0.0900038588287749,5.1868133544921875,0.0,0.0740078258455892,-0.17917536120812783,0.33736919944808613,17.541886134799775,1.4021519668851674,0.1094167959592164,-0.0017401241036993358,0.17130751128224192,3.829680573579714,0.0,-0.7626652717590332,-0.0061054229736328125,-0.772417668669069,-0.3223419189453125,0.0,-0.049757957458496094,-0.018314361572265625,0.07061982586572174,2.373626708984375,0.0,1.1553587913513184,-0.2625160217285156,1.1111857387426463,-0.20513153076171875,0.0,-0.8896002769470215,0.128204345703125,-0.9508044189149312,-1.6703262329101562,0.0,0.9559440612792969,-0.03052520751953125,0.9335091602210328,-0.26373291015625,0.0,0.13332557678222656,-0.10988998413085938,0.10625734456336328,-0.3203907012939453,0.0,-0.4800872802734375,-0.13919448852539062,-0.5156733821315131,-0.39853477478027344,0.0,-0.21791791915893555,0.0061054229736328125,-0.09296161360651001,2.6080551147460938,0.0,-0.330472469329834,0.04273414611816406,-0.48434127538083493,-3.25274658203125,0.0,-1.1850790977478027,0.05494499206542969,-1.1862382966708653,-0.02930450439453125,0.0,-0.41503143310546875,0.04273414611816406,-0.45233864433181614,-0.7912063598632812,0.0,-1.1379098892211914,0.15262603759765625,-1.111817707407017,0.20513153076171875,0.0,0.2546348571777344,0.05128288269042969,0.2703150519662032,0.21098899841308594,0.0,0.9191656112670898,0.124542236328125,0.9526337244485137,0.3516502380371094,0.0,0.0005273818969726562,0.0030689239501953125,0.00042838927542525513,-0.001098930835723877,0.0,0.0,0.0,0.0,0.0,0.0,-0.137551948428154,0.013002733699977398,0.35403111577033997,-0.11554261296987534,0.013002733699977398,0.35403111577033997,-0.11554261296987534,0.5305005311965942,0.11623331904411316,-0.8396779298782349,0.3007323145866394,0.043674811720848083,-0.9527080059051514,0.2669383533011943
2.5214,1787014375.3449,ramp,0,-0.057950,0.021433765437284213,0.1800982161531556,-0.2327806358105077,-0.08281376212835312,0.3002757132053375,0.17949724197387695,0.933143675327301,-1.6565799713134766,0.3846149444580078,-1.7370378222923026,-17.72893524169922,0.0,-0.1350841522216797,0.07936477661132812,-0.1569814055741162,-2.7838821411132812,0.0,-0.11495113372802734,0.03052520751953125,-0.10637446744289893,0.7912063598632812,0.0,0.023105144500732422,0.09157562255859375,-0.021004208814604724,-5.0695953369140625,-2.1004208814604723,0.16231203079223633,-0.0061054229736328125,0.1505687607703243,-0.9084243774414062,0.0,-0.15828514099121094,0.06715583801269531,-0.15593175019352173,0.20513153076171875,0.0,-1.6412405967712402,0.39682579040527344,-1.7296219448359689,-18.783889770507812,0.0,-0.1314411163330078,0.07936477661132812,-0.15149817305847024,-2.7252731323242188,0.0,-0.12357950210571289,0.03052520751953125,-0.11458212848282597,0.9084243774414062,0.0,0.055893898010253906,0.09157562255859375,0.007908730261119986,-5.1868133544921875,0.0,-0.13048219680786133,0.03052520751953125,-0.13040387375689574,-0.3223419189453125,0.0,0.05129194259643555,0.09157562255859375,0.04965290370031547,-0.20513153076171875,0.0,-0.031350135803222656,-0.06715583801269531,0.0897320146027364,4.9523773193359375,0.0,0.06967357708396468,-0.20248946094852638,0.33728265114247935,18.08119187045059,1.3969590685487585,0.10911631795773209,-0.019393730962510264,0.17064547898480414,4.0293150312355746,0.0,-0.762089729309082,0.0061054229736328125,-0.7695820008666467,-0.380950927734375,0.0,-0.04994964599609375,-0.0061054229736328125,0.07013236894144012,2.25640869140625,0.0,1.1497983932495117,-0.25030517578125,1.1073067103835126,-0.14652252197265625,0.0,-0.8869156837463379,0.128204345703125,-0.9482066004671141,-1.5531158447265625,0.0,0.9544100761413574,-0.07936477661132812,0.9318806457800191,-0.20513153076171875,0.0,0.13103675842285156,-0.13919448852539062,0.10379725298555253,-0.3203907012939453,0.0,-0.4831390380859375,-0.1831493377685547,-0.5184171685978163,-0.39853477478027344,0.0,-0.2177262306213379,0.018314361572265625,-0.09288716599205735,2.5494537353515625,0.0,-0.329129695892334,0.05494499206542969,-0.4823215919632175,-3.25274658203125,0.0,-1.1839284896850586,0.06715583801269531,-1.184598931226295,-0.08791351318359375,0.0,-0.4142646789550781,0.04273414611816406,-0.451330884831203,-0.7912063598632812,0.0,-1.1350336074829102,0.1770458221435547,-1.1083685175131364,0.20513153076171875,0.0,0.2557792663574219,0.0659332275390625,0.2712969812607417,0.2422466278076172,0.0,0.9210729598999023,0.09523773193359375,0.9546582342487434,0.39853668212890625,0.0,0.0005273818969726562,0.0030689239501953125,0.00042680272631585603,-0.001098930835723877,0.0,0.0,0.0,0.0,0.0,0.0,-0.13972383737564087,0.0387251153588295,0.40585196018218994,-0.1469561606645584,0.0387251153588295,0.40585196018218994,-0.1469561606645584,0.537224531173706,0.11746548116207123,-0.8352195620536804,0.3007323145866394,0.043674811720848083,-0.9527080059051514,0.27505074293850107
2.5402,1787014375.3638,ramp,0,-0.060934,0.015245052399211931,0.17447115650689993,-0.25642983918554757,-0.08361674845218658,0.3017754554748535,0.17726223170757294,0.9330155253410339,-1.6494855880737305,0.372406005859375,-1.7310104188287054,-17.72893524169922,0.0,-0.13355016708374023,0.09157562255859375,-0.1566746825767748,-2.9011001586914062,0.0,-0.11437606811523438,0.04273414611816406,-0.10590573537928723,0.8498153686523438,0.0,0.02502298355102539,0.09157562255859375,-0.020622661795417965,-5.1868133544921875,-2.0622661795417967,0.16192865371704102,-0.018314361572265625,0.15003186194328058,-1.0256423950195312,0.0,-0.1575183868408203,0.22588539123535156,-0.15515809782168294,-0.4981689453125,0.0,-1.6341452598571777,0.39682579040527344,-1.7236968664516783,-19.194137573242188,0.0,-0.12990713119506836,0.07936477661132812,-0.1508276336378125,-2.8424911499023438,0.0,-0.12300443649291992,0.018314361572265625,-0.11404425412210911,0.9670333862304688,0.0,0.05781126022338867,0.06715583801269531,0.008102039731113049,-5.0695953369140625,0.0,-0.1297154426574707,0.018314361572265625,-0.12985526289375723,-0.3223419189453125,0.0,0.05110025405883789,0.16483497619628906,0.0495043523077659,-0.5567779541015625,0.0,-0.03230905532836914,-0.03052520751953125,0.08948020435034035,4.776557922363281,0.0,0.06498748268585075,-0.16559043232814585,0.3372024811458718,17.86966533767421,1.392148868752308,0.10903788629594244,-0.016930352685241755,0.1700322361643055,3.8451529785894953,0.0,-0.7617063522338867,-0.0061054229736328125,-0.7669553119152391,-0.20513153076171875,0.0,-0.050141334533691406,-0.0061054229736328125,0.06968083589648899,2.3150177001953125,0.0,1.1451964378356934,-0.23809432983398438,1.103713552918301,-0.20513153076171875,0.0,-0.8851900100708008,0.05494499206542969,-0.9458002322004171,-1.377288818359375,0.0,0.9526844024658203,-0.07936477661132812,0.930372147187284,-0.20513153076171875,0.0,0.12912940979003906,-0.09523773193359375,0.10151846159772981,-0.35164833068847656,0.0,-0.4861907958984375,-0.16849899291992188,-0.5209587475478975,-0.3829059600830078,0.0,-0.21734285354614258,0.0061054229736328125,-0.0928182049077673,2.5494537353515625,0.0,-0.3277878761291504,0.05494499206542969,-0.480450752186476,-3.3113555908203125,0.0,-1.1823949813842773,0.07936477661132812,-1.1830803813112123,-0.08791351318359375,0.0,-0.4134974479675293,0.018314361572265625,-0.45039739369952836,-0.7325973510742188,0.0,-1.1317739486694336,0.20146560668945312,-1.1051735209138083,0.14652252197265625,0.0,0.2565422058105469,0.05128288269042969,0.27220654578265935,0.22661781311035156,0.0,0.9233617782592773,0.10988998413085938,0.9565335447204908,0.367279052734375,0.0,0.0005273818969726562,0.0030689239501953125,0.00042533310035580387,-0.0013431310653686523,0.0,0.0,0.0,0.0,0.0,0.0,-0.1419723778963089,0.02863074280321598,0.3661969006061554,-0.20698697865009308,0.02863074280321598,0.3661969006061554,-0.20698697865009308,0.5440855026245117,0.11871930211782455,-0.8305882215499878,0.3007323145866394,0.043674811720848083,-0.9527080059051514,0.2833753962005026
2.5609,1787014375.3841,ramp,0,-0.066788,-0.14021175290141621,0.06790315510715755,-0.3453155536623027,-0.08530568331480026,0.30233895778656006,0.1745195835828781,0.9331972002983093,-1.6416234970092773,0.372406005859375,-1.7244182298820054,-17.846153259277344,0.0,-0.13048219680786133,0.20146560668945312,-0.15633921872986548,-3.6630020141601562,0.0,-0.11399269104003906,0.0061054229736328125,-0.10539308173873253,0.8498153686523438,0.0,0.027898788452148438,0.15262603759765625,-0.020205362695113794,-5.714286804199219,-2.0205362695113793,0.1611614227294922,-0.03052520751953125,0.14944465411249405,-0.9084243774414062,0.0,-0.1567516326904297,-0.09157562255859375,-0.15431195194062058,0.615386962890625,0.0,-1.623983383178711,0.4945049285888672,-1.7172165907460364,-20.24908447265625,0.0,-0.12683916091918945,0.22588539123535156,-0.15009426269560114,-3.6630020141601562,0.0,-0.12281274795532227,0.018314361572265625,-0.11345597934726684,0.9670333862304688,0.0,0.05953693389892578,0.10378456115722656,0.008313462868634394,-5.538459777832031,0.0,-0.12913990020751953,0.03052520751953125,-0.12925524557454784,-0.380950927734375,0.0,0.05110025405883789,-0.20146560668945312,0.04934188121156392,0.615386962890625,0.0,-0.0325007438659668,0.018314361572265625,0.08920479873454967,4.659339904785156,0.0,0.061000549821832194,-0.151157708185692,0.3371147989841109,18.126069230249566,1.3868879390466518,0.11074491232512142,0.17372068792302636,0.16936153068269133,2.487162073321576,0.0,-0.7594056129455566,0.1892547607421875,-0.7640824944613444,-0.615386962890625,0.0,-0.050141334533691406,-0.0061054229736328125,0.06918699287337396,2.25640869140625,0.0,1.141169548034668,-0.14041519165039062,1.099783706000142,-0.3223419189453125,0.0,-0.8840394020080566,0.05494499206542969,-0.943168380129253,-1.4358978271484375,0.0,0.9507665634155273,-0.10378456115722656,0.9287222978269084,-0.14652252197265625,0.0,0.12684059143066406,-0.10988998413085938,0.09902614073529409,-0.33601951599121094,0.0,-0.4896240234375,-0.15384674072265625,-0.5237384799422994,-0.3672771453857422,0.0,-0.2163839340209961,0.11599540710449219,-0.09274278196647012,2.3150177001953125,0.0,-0.32625389099121094,0.07936477661132812,-0.4784046092043831,-3.3113555908203125,0.0,-1.1806693077087402,0.04273414611816406,-1.181419538789937,-0.08791351318359375,0.0,-0.41292238235473633,0.04273414611816406,-0.4493764316953695,-0.7325973510742188,0.0,-1.1281309127807617,0.1770458221435547,-1.1016791437090896,0.20513153076171875,0.0,0.2576866149902344,0.0659332275390625,0.2732013391831526,0.22661781311035156,0.0,0.9264135360717773,0.124542236328125,0.9585845773148987,0.2891349792480469,0.0,0.0005273818969726562,0.0030689239501953125,0.00042372576610845317,-0.001098930835723877,0.0,0.0,0.0,0.0,0.0,0.0,-0.14925643801689148,-0.32529217004776,0.26752036809921265,-0.3342474102973938,-0.32529217004776,0.26752036809921265,-0.3342474102973938,0.5490135550498962,0.12428786605596542,-0.8265206813812256,0.3007323145866394,0.043674811720848083,-0.9527080059051514,0.29096545513213945
2.5813,1787014375.4045,ramp,0,-0.078931,-0.22665869425468807,-0.022661948753001506,-0.3954546211891155,-0.08916321396827698,0.3012920618057251,0.17100974917411804,0.9338247776031494,-1.634720802307129,0.3235645294189453,-1.7179075044444756,-18.02198028564453,0.0,-0.12549686431884766,0.22588539123535156,-0.1560079004046319,-4.24908447265625,0.0,-0.1138005256652832,0.018314361572265625,-0.10488676325708882,0.7912063598632812,0.0,0.03154182434082031,0.15262603759765625,-0.019793220402261478,-6.1831512451171875,-1.9793220402261475,0.16039466857910156,-0.03052520751953125,0.14886470275006652,-0.8498153686523438,0.0,-0.15521764755249023,0.1770458221435547,-0.153476262375859,-0.26373291015625,0.0,-1.6153545379638672,0.47008514404296875,-1.710816395572618,-20.424911499023438,0.0,-0.1222372055053711,0.25030517578125,-0.14936995444424392,-4.131866455078125,0.0,-0.12262105941772461,0.03052520751953125,-0.11287497422563118,1.0256423950195312,0.0,0.06241321563720703,0.1770458221435547,0.008522273327599111,-5.479850769042969,0.0,-0.12856483459472656,0.018314361572265625,-0.12866264301798874,-0.3223419189453125,0.0,0.05110025405883789,0.14041519165039062,0.04918141786510068,-0.3223419189453125,0.0,-0.03192567825317383,0.04273414611816406,0.08893279646597625,4.542121887207031,0.0,0.057369420455674225,-0.16012197220143867,0.33702820036177017,18.386253369343155,1.3816920217062112,0.11478012939404217,0.1721871346327882,0.16869911349842337,2.1301940851937546,0.0,-0.7540364265441895,0.2625160217285156,-0.7612451780819623,-0.8498153686523438,0.0,-0.049757957458496094,0.06715583801269531,0.06869925255544042,2.0805892944335938,0.0,1.138101577758789,-0.11599540710449219,1.095902422483767,-0.4395599365234375,0.0,-0.8836560249328613,-0.0061054229736328125,-0.9405690513833557,-1.3186798095703125,0.0,0.9486575126647949,-0.09157562255859375,0.9270928366137151,-0.14652252197265625,0.0,0.12417030334472656,-0.16849899291992188,0.09656461892990509,-0.3047618865966797,0.0,-0.491912841796875,-0.124542236328125,-0.5264838615683551,-0.46105003356933594,0.0,-0.2136998176574707,0.128204345703125,-0.09266829107028264,2.25640869140625,0.0,-0.323760986328125,0.09157562255859375,-0.4763837516000202,-3.3113555908203125,0.0,-1.179518699645996,0.07936477661132812,-1.1797792202647215,-0.14652252197265625,0.0,-0.41158008575439453,0.07936477661132812,-0.44836808631192054,-0.8498153686523438,0.0,-1.1252546310424805,0.11599540710449219,-1.098227948553879,0.26373291015625,0.0,0.2588310241699219,0.03663063049316406,0.27418383934357654,0.2422466278076172,0.0,0.9287023544311523,0.124542236328125,0.9606102641077959,0.3516502380371094,0.0,0.0005273818969726562,0.0030689239501953125,0.00042213829462432994,-0.0006105303764343262,0.0,0.0,0.0,0.0,0.0,0.0,-0.16552606225013733,-0.4148111641407013,0.19624075293540955,-0.41466251015663147,-0.4148111641407013,0.19624075293540955,-0.41466251015663147,0.5515990257263184,0.13743723928928375,-0.8227087259292603,0.3007323145866394,0.043674811720848083,-0.9527080059051514,0.2988104617676541
2.6012,1787014375.4249,ramp,0,-0.089550,-0.2346710141312732,-0.12001136810516416,-0.41144394076832863,-0.09242261201143265,0.29931068420410156,0.16805832087993622,0.9346804618835449,-1.6272430419921875,0.3113555908203125,-1.7115456589400349,-17.96337127685547,0.0,-0.12147045135498047,0.20146560668945312,-0.15568415829353377,-4.542121887207031,0.0,-0.11360883712768555,0.018314361572265625,-0.10439202269596903,0.9084243774414062,0.0,0.03403472900390625,0.07936477661132812,-0.01939050251496455,-5.890106201171875,-1.9390502514964547,0.16001129150390625,-0.03052520751953125,0.14829801306191195,-0.8498153686523438,0.0,-0.1527247428894043,0.0061054229736328125,-0.15265968241841824,-0.20513153076171875,0.0,-1.6057672500610352,0.4822959899902344,-1.7045625528507538,-21.010986328125,0.0,-0.11801910400390625,0.20146560668945312,-0.14866220885783585,-4.3076934814453125,0.0,-0.12166213989257812,0.03052520751953125,-0.11230725487444669,0.8498153686523438,0.0,0.06490564346313477,0.09157562255859375,0.008726308944273637,-5.9487152099609375,0.0,-0.12779808044433594,0.0061054229736328125,-0.12808359142895476,-0.26373291015625,0.0,0.05071687698364258,-0.05494499206542969,0.049024623813635954,-0.02930450439453125,0.0,-0.03154182434082031,0.0061054229736328125,0.0886670140387913,4.659339904785156,0.0,0.05429582282091657,-0.1288741897173036,0.33694358197914664,18.314908131685662,1.3766149187487962,0.11801353257949607,0.13710196810173644,0.1680518437239205,2.055655400433845,0.0,-0.7477092742919922,0.3235645294189453,-0.758472742256486,-1.0256423950195312,0.0,-0.04803180694580078,0.07936477661132812,0.06822266533351674,2.0805892944335938,0.0,1.1354169845581055,-0.14041519165039062,1.092109891785455,-0.380950927734375,0.0,-0.8834643363952637,-0.0061054229736328125,-0.9380291611583234,-1.26007080078125,0.0,0.9469318389892578,-0.07936477661132812,0.9255006360834855,-0.14652252197265625,0.0,0.12150001525878906,-0.13919448852539062,0.09415938443154506,-0.3047618865966797,0.0,-0.49420166015625,-0.13919448852539062,-0.5291664649008532,-0.4454212188720703,0.0,-0.21044015884399414,0.21367454528808594,-0.09259550354797362,1.9633712768554688,0.0,-0.3214602470397949,0.10378456115722656,-0.47440910469027303,-3.369964599609375,0.0,-1.1785597801208496,0.03052520751953125,-1.1781764106952466,-0.02930450439453125,0.0,-0.41023826599121094,0.04273414611816406,-0.44738279863450736,-0.7912063598632812,0.0,-1.122570514678955,0.1770458221435547,-1.0948556714407076,0.20513153076171875,0.0,0.2595939636230469,0.05128288269042969,0.2751438727974027,0.2578754425048828,0.0,0.9309911727905273,0.09523773193359375,0.9625896297776356,0.3516502380371094,0.0,0.0005273818969726562,0.0030689239501953125,0.00042058712364935957,-0.0008547306060791016,0.0,0.0,0.0,0.0,0.0,0.0,-0.17959415912628174,-0.39213573932647705,0.0705425962805748,-0.40801894664764404,-0.39213573932647705,0.0705425962805748,-0.40801894664764404,0.5518327951431274,0.14896957576274872,-0.8205417990684509,0.3007323145866394,0.043674811720848083,-0.9527080059051514,0.3038327113426371
2.6201,1787014375.4437,ramp,0,-0.099475,-0.23358967086016014,-0.24188879654139003,-0.41818513385661893,-0.09539645165205002,0.2968015670776367,0.16528868675231934,0.9356751441955566,-1.6207237243652344,0.372406005859375,-1.7054894139812302,-18.315017700195312,0.0,-0.1178274154663086,0.1770458221435547,-0.1553759676078401,-4.776557922363281,0.0,-0.11360883712768555,0.018314361572265625,-0.10392104772068765,1.0842514038085938,0.0,0.03576040267944336,0.04273414611816406,-0.019007129769892373,-5.831504821777344,-1.9007129769892366,0.15962743759155273,-0.03052520751953125,0.14775854514105516,-0.8498153686523438,0.0,-0.15157413482666016,-0.1770458221435547,-0.15188232807253554,0.615386962890625,0.0,-1.5984811782836914,0.45787620544433594,-1.6986091226030353,-21.069595336914062,0.0,-0.11437606811523438,0.1770458221435547,-0.14798846086492906,-4.3076934814453125,0.0,-0.12108707427978516,0.03052520751953125,-0.1117668067519283,0.9084243774414062,0.0,0.06682300567626953,0.09157562255859375,0.008920543411935442,-6.24176025390625,0.0,-0.12741422653198242,0.018314361572265625,-0.1275323554291923,-0.3223419189453125,0.0,0.05071687698364258,-0.128204345703125,0.048875361593563024,0.380950927734375,0.0,-0.031350135803222656,0.0061054229736328125,0.08841399885889514,4.542121887207031,0.0,0.05128564320655546,-0.0977079048087019,0.33686302836418885,18.149687500284465,1.3717817018513294,0.12082652030520584,0.10232802946269524,0.1674356664989183,2.1897703330176252,0.0,-0.7409982681274414,0.3235645294189453,-0.7558334844373628,-1.0842514038085938,0.0,-0.046114444732666016,0.14041519165039062,0.06776897167525499,1.9633712768554688,0.0,1.1329245567321777,-0.11599540710449219,1.08849954084142,-0.4981689453125,0.0,-0.8834643363952637,-0.0061054229736328125,-0.9356112782718982,-1.2014617919921875,0.0,0.9452061653137207,-0.06715583801269531,0.9239849192324745,-0.20513153076171875,0.0,0.11882972717285156,-0.15384674072265625,0.09186968888718328,-0.2578754425048828,0.0,-0.49725341796875,-0.15384674072265625,-0.5317202054620745,-0.39853477478027344,0.0,-0.20564651489257812,0.23809432983398438,-0.09252621248066617,1.8461532592773438,0.0,-0.318967342376709,0.10378456115722656,-0.4725293128304695,-3.3113555908203125,0.0,-1.1779847145080566,0.018314361572265625,-1.176650594425694,0.02930450439453125,0.0,-0.40889596939086914,0.05494499206542969,-0.44644484069052076,-0.7912063598632812,0.0,-1.1195025444030762,0.1770458221435547,-1.0916453865867166,0.20513153076171875,0.0,0.2603569030761719,0.08058547973632812,0.2760577896413374,0.22661781311035156,0.0,0.9328985214233398,0.08058547973632812,0.9644739137249949,0.3516502380371094,0.0,0.0005273818969726562,0.0030689239501953125,0.0004191104654389628,-0.0008547306060791016,0.0,0.0,0.0,0.0,0.0,0.0,-0.19258910417556763,-0.3609599173069,-0.08073774725198746,-0.43259286880493164,-0.3609599173069,-0.08073774725198746,-0.43259286880493164,0.5509607791900635,0.15972989797592163,-0.81910240650177,0.3007323145866394,0.043674811720848083,-0.9527080059051514,0.30769816416680335
2.6402,1787014375.4654,ramp,0,-0.109206,-0.19025339866660257,-0.28851718525071945,-0.3567392164477112,-0.09819754213094711,0.29338568449020386,0.16251468658447266,0.936947762966156,-1.6134371757507324,0.3235645294189453,-1.699082133432819,-18.373626708984375,0.0,-0.11571836471557617,0.03052520751953125,-0.1550499133945316,-4.1904754638671875,0.0,-0.11322546005249023,0.03052520751953125,-0.10342277382020389,0.8498153686523438,0.0,0.03614377975463867,-0.0061054229736328125,-0.018601535750991133,-5.538459777832031,-1.8601535750991136,0.15905237197875977,-0.03052520751953125,0.14718780826708303,-0.8498153686523438,0.0,-0.1513824462890625,0.1892547607421875,-0.1510599162623335,-0.6739959716796875,0.0,-1.5910029411315918,0.372406005859375,-1.6923106161717405,-21.304031372070312,0.0,-0.11188316345214844,0.04273414611816406,-0.14727566069934017,-3.9560470581054688,0.0,-0.12070322036743164,0.03052520751953125,-0.1111950328612763,0.7325973510742188,0.0,0.06816530227661133,0.04273414611816406,0.009126036210682165,-5.831504821777344,0.0,-0.1266474723815918,0.03052520751953125,-0.12694916836808648,-0.380950927734375,0.0,0.05052518844604492,0.07936477661132812,0.04871744774995345,-0.26373291015625,0.0,-0.030966758728027344,-0.0061054229736328125,0.08814631826611385,4.600730895996094,0.0,0.049247610205500905,-0.08560290194037024,0.3367778056537909,18.04531785373341,1.3666683392274557,0.1223906622328749,0.04542332177302605,0.16678377405153777,2.530630838118543,0.0,-0.7342867851257324,0.3113555908203125,-0.7530412484228457,-1.1428604125976562,0.0,-0.04477214813232422,0.04273414611816406,0.06728898076153011,2.0805892944335938,0.0,1.1304316520690918,-0.09157562255859375,1.08467992463798,-0.4981689453125,0.0,-0.8834643363952637,0.0061054229736328125,-0.93305324865257,-1.1428604125976562,0.0,0.9438638687133789,-0.06715583801269531,0.922381347520557,-0.20513153076171875,0.0,0.11615943908691406,-0.124542236328125,0.08944727667912944,-0.3047618865966797,0.0,-0.50030517578125,-0.15384674072265625,-0.5344219674176925,-0.35164833068847656,0.0,-0.1995100975036621,0.34798622131347656,-0.09245290512425015,1.5531158447265625,0.0,-0.31743335723876953,0.018314361572265625,-0.4705405633825346,-3.1941375732421875,0.0,-1.1774096488952637,0.03052520751953125,-1.1750363379068687,0.02930450439453125,0.0,-0.40793704986572266,0.04273414611816406,-0.4454525162831342,-0.7912063598632812,0.0,-1.115476131439209,0.21367454528808594,-1.0882490253365114,0.14652252197265625,0.0,0.2615013122558594,0.0659332275390625,0.2770246794644604,0.21098899841308594,0.0,0.9348058700561523,0.08058547973632812,0.9664674156334749,0.367279052734375,0.0,0.0005273818969726562,0.0030689239501953125,0.00041754821630728394,-0.0008547306060791016,0.0,0.0,0.0,0.0,0.0,0.0,-0.2043784111738205,-0.2593003213405609,-0.14924658834934235,-0.37111514806747437,-0.2593003213405609,-0.14924658834934235,-0.37111514806747437,0.5475335717201233,0.16983240842819214,-0.8193680047988892,0.3007323145866394,0.043674811720848083,-0.9527080059051514,0.30880669123299814
2.6609,1787014375.4841,ramp,0,-0.115611,-0.07859815621237437,-0.379829555467998,-0.3289306215031583,-0.0997072085738182,0.289480596780777,0.16023972630500793,0.9383937120437622,-1.6067261695861816,0.3113555908203125,-1.6924520037769812,-18.432235717773438,0.0,-0.11552667617797852,-0.04273414611816406,-0.15471251881773201,-3.8974380493164062,0.0,-0.11226701736450195,0.07936477661132812,-0.10290716965095198,0.5567779541015625,0.0,0.03633546829223633,-0.018314361572265625,-0.018181834925870506,-5.597068786621094,-1.8181834925870506,0.15866899490356445,-0.05494499206542969,0.14659722081813154,-0.7912063598632812,0.0,-0.1509990692138672,-0.11599540710449219,-0.15020890047007457,0.4981689453125,0.0,-1.5852508544921875,0.25030517578125,-1.6857930438628506,-20.366302490234375,0.0,-0.11169147491455078,-0.04273414611816406,-0.1465380689112408,-3.4871826171875,0.0,-0.12012815475463867,0.03052520751953125,-0.1106033723275752,0.7912063598632812,0.0,0.0687403678894043,0.018314361572265625,0.009338676173726948,-5.538459777832031,0.0,-0.12588071823120117,0.03052520751953125,-0.12634569770693407,-0.380950927734375,0.0,0.05052518844604492,-0.15262603759765625,0.04855404156699135,0.5567779541015625,0.0,-0.030966758728027344,-0.0061054229736328125,0.08786932757980287,4.717948913574219,0.0,0.047955570870967947,-0.027674943795623585,0.33668961884578535,17.617720785884927,1.361377130747119,0.12245020347766733,-0.007492927891295211,0.16610920838906407,3.0229457043023364,0.0,-0.7289180755615234,0.1892547607421875,-0.7501518967445369,-0.9670333862304688,0.0,-0.044388771057128906,0.0061054229736328125,0.06679229547241648,2.0805892944335938,0.0,1.127939224243164,-0.11599540710449219,1.0807274598640395,-0.615386962890625,0.0,-0.882697582244873,0.06715583801269531,-0.9304062492100649,-1.26007080078125,0.0,0.9421381950378418,-0.07936477661132812,0.9207220026109474,-0.20513153076171875,0.0,0.11387062072753906,-0.10988998413085938,0.08694061150379795,-0.3047618865966797,0.0,-0.50335693359375,-0.15384674072265625,-0.5372176982944058,-0.39853477478027344,0.0,-0.19222402572631836,0.2991447448730469,-0.09237704809347204,1.4358978271484375,0.0,-0.3172416687011719,-0.018314361572265625,-0.46848264402140194,-3.0769195556640625,0.0,-1.177217960357666,0.018314361572265625,-1.1733659365662799,0.08791351318359375,0.0,-0.4073619842529297,0.018314361572265625,-0.4444256782304043,-0.7325973510742188,0.0,-1.1116409301757812,0.15262603759765625,-1.0847345365800436,0.20513153076171875,0.0,0.2630271911621094,0.0659332275390625,0.2780251983026444,0.1953601837158203,0.0,0.9359502792358398,0.0659332275390625,0.9685302527486156,0.4766807556152344,0.0,0.0005273818969726562,0.0030689239501953125,0.0004159316312023412,-0.0015873312950134277,0.0,0.0,0.0,0.0,0.0,0.0,-0.2112571746110916,-0.09842614084482193,-0.30623289942741394,-0.3629190921783447,-0.09842614084482193,-0.30623289942741394,-0.3629190921783447,0.542195737361908,0.17619189620018005,-0.8215718269348145,0.3007323145866394,0.043674811720848083,-0.9527080059051514,0.30625620319860447
