t_s,wall_time,phase,frame,roll,base_ang_vel_x,base_ang_vel_y,base_ang_vel_z,base_quat_x,base_quat_y,base_quat_z,base_quat_w,left_hip_pitch_joint__pos_meas,left_hip_pitch_joint__vel_meas,left_hip_pitch_joint__tgt,left_hip_pitch_joint__eff_meas,left_hip_pitch_joint__eff_cmd,left_hip_roll_joint__pos_meas,left_hip_roll_joint__vel_meas,left_hip_roll_joint__tgt,left_hip_roll_joint__eff_meas,left_hip_roll_joint__eff_cmd,left_hip_yaw_joint__pos_meas,left_hip_yaw_joint__vel_meas,left_hip_yaw_joint__tgt,left_hip_yaw_joint__eff_meas,left_hip_yaw_joint__eff_cmd,left_knee_joint__pos_meas,left_knee_joint__vel_meas,left_knee_joint__tgt,left_knee_joint__eff_meas,left_knee_joint__eff_cmd,left_ankle_pitch_joint__pos_meas,left_ankle_pitch_joint__vel_meas,left_ankle_pitch_joint__tgt,left_ankle_pitch_joint__eff_meas,left_ankle_pitch_joint__eff_cmd,left_ankle_roll_joint__pos_meas,left_ankle_roll_joint__vel_meas,left_ankle_roll_joint__tgt,left_ankle_roll_joint__eff_meas,left_ankle_roll_joint__eff_cmd,right_hip_pitch_joint__pos_meas,right_hip_pitch_joint__vel_meas,right_hip_pitch_joint__tgt,right_hip_pitch_joint__eff_meas,right_hip_pitch_joint__eff_cmd,right_hip_roll_joint__pos_meas,right_hip_roll_joint__vel_meas,right_hip_roll_joint__tgt,right_hip_roll_joint__eff_meas,right_hip_roll_joint__eff_cmd,right_hip_yaw_joint__pos_meas,right_hip_yaw_joint__vel_meas,right_hip_yaw_joint__tgt,right_hip_yaw_joint__eff_meas,right_hip_yaw_joint__eff_cmd,right_knee_joint__pos_meas,right_knee_joint__vel_meas,right_knee_joint__tgt,right_knee_joint__eff_meas,right_knee_joint__eff_cmd,right_ankle_pitch_joint__pos_meas,right_ankle_pitch_joint__vel_meas,right_ankle_pitch_joint__tgt,right_ankle_pitch_joint__eff_meas,right_ankle_pitch_joint__eff_cmd,right_ankle_roll_joint__pos_meas,right_ankle_roll_joint__vel_meas,right_ankle_roll_joint__tgt,right_ankle_roll_joint__eff_meas,right_ankle_roll_joint__eff_cmd,waist_yaw_joint__pos_meas,waist_yaw_joint__vel_meas,waist_yaw_joint__tgt,waist_yaw_joint__eff_meas,waist_yaw_joint__eff_cmd,waist_pitch_joint__pos_meas,waist_pitch_joint__vel_meas,waist_pitch_joint__tgt,waist_pitch_joint__eff_meas,waist_pitch_joint__eff_cmd,waist_roll_joint__pos_meas,waist_roll_joint__vel_meas,waist_roll_joint__tgt,waist_roll_joint__eff_meas,waist_roll_joint__eff_cmd,left_shoulder_pitch_joint__pos_meas,left_shoulder_pitch_joint__vel_meas,left_shoulder_pitch_joint__tgt,left_shoulder_pitch_joint__eff_meas,left_shoulder_pitch_joint__eff_cmd,left_shoulder_roll_joint__pos_meas,left_shoulder_roll_joint__vel_meas,left_shoulder_roll_joint__tgt,left_shoulder_roll_joint__eff_meas,left_shoulder_roll_joint__eff_cmd,left_shoulder_yaw_joint__pos_meas,left_shoulder_yaw_joint__vel_meas,left_shoulder_yaw_joint__tgt,left_shoulder_yaw_joint__eff_meas,left_shoulder_yaw_joint__eff_cmd,left_elbow_joint__pos_meas,left_elbow_joint__vel_meas,left_elbow_joint__tgt,left_elbow_joint__eff_meas,left_elbow_joint__eff_cmd,left_wrist_yaw_joint__pos_meas,left_wrist_yaw_joint__vel_meas,left_wrist_yaw_joint__tgt,left_wrist_yaw_joint__eff_meas,left_wrist_yaw_joint__eff_cmd,left_wrist_pitch_joint__pos_meas,left_wrist_pitch_joint__vel_meas,left_wrist_pitch_joint__tgt,left_wrist_pitch_joint__eff_meas,left_wrist_pitch_joint__eff_cmd,left_wrist_roll_joint__pos_meas,left_wrist_roll_joint__vel_meas,left_wrist_roll_joint__tgt,left_wrist_roll_joint__eff_meas,left_wrist_roll_joint__eff_cmd,right_shoulder_pitch_joint__pos_meas,right_shoulder_pitch_joint__vel_meas,right_shoulder_pitch_joint__tgt,right_shoulder_pitch_joint__eff_meas,right_shoulder_pitch_joint__eff_cmd,right_shoulder_roll_joint__pos_meas,right_shoulder_roll_joint__vel_meas,right_shoulder_roll_joint__tgt,right_shoulder_roll_joint__eff_meas,right_shoulder_roll_joint__eff_cmd,right_shoulder_yaw_joint__pos_meas,right_shoulder_yaw_joint__vel_meas,right_shoulder_yaw_joint__tgt,right_shoulder_yaw_joint__eff_meas,right_shoulder_yaw_joint__eff_cmd,right_elbow_joint__pos_meas,right_elbow_joint__vel_meas,right_elbow_joint__tgt,right_elbow_joint__eff_meas,right_elbow_joint__eff_cmd,right_wrist_yaw_joint__pos_meas,right_wrist_yaw_joint__vel_meas,right_wrist_yaw_joint__tgt,right_wrist_yaw_joint__eff_meas,right_wrist_yaw_joint__eff_cmd,right_wrist_pitch_joint__pos_meas,right_wrist_pitch_joint__vel_meas,right_wrist_pitch_joint__tgt,right_wrist_pitch_joint__eff_meas,right_wrist_pitch_joint__eff_cmd,right_wrist_roll_joint__pos_meas,right_wrist_roll_joint__vel_meas,right_wrist_roll_joint__tgt,right_wrist_roll_joint__eff_meas,right_wrist_roll_joint__eff_cmd,head_yaw_joint__pos_meas,head_yaw_joint__vel_meas,head_yaw_joint__tgt,head_yaw_joint__eff_meas,head_yaw_joint__eff_cmd,head_pitch_joint__pos_meas,head_pitch_joint__vel_meas,head_pitch_joint__tgt,head_pitch_joint__eff_meas,head_pitch_joint__eff_cmd,pelvis_roll,pelvis_ang_vel_x,pelvis_ang_vel_y,pelvis_ang_vel_z,obs_ang_vel_x,obs_ang_vel_y,obs_ang_vel_z
0.0000,1787703912.1878,ramp,0,-0.005456,-0.002190481985732173,-0.011704289224086414,-0.0012502350177512594,-0.020116768777370453,0.016861842945218086,0.6953086853027344,0.7182318568229675,-0.18992328643798828,-0.0061054229736328125,-0.18992374964254263,-1.3186798095703125,0.0,0.1164851188659668,-0.0061054229736328125,0.11648525871097101,-9.406593322753906,0.0,-0.0616459846496582,0.0061054229736328125,-0.06164466468119577,5.010986328125,0.0,0.48099184036254883,0.0061054229736328125,0.4777306765581444,-6.652015686035156,0.0,-0.3519477844238281,0.0061054229736328125,-0.3519465611410693,12.278388977050781,0.0,-0.053017616271972656,0.0061054229736328125,-0.05301811115069068,4.3076934814453125,0.0,-0.19855165481567383,0.0061054229736328125,-0.19893674870806113,-0.20513153076171875,0.0,-0.14754772186279297,-0.0061054229736328125,-0.14773931441829977,11.5164794921875,0.0,0.0514836311340332,0.0061054229736328125,0.050332601065317464,-4.0732574462890625,0.0,0.4620094299316406,0.0061054229736328125,0.46162619277083583,-5.010986328125,0.0,-0.3258700370788574,-0.0061054229736328125,-0.32721189892096486,10.051284790039062,0.0,0.08657312393188477,0.0061054229736328125,0.08657310506829327,-6.8278350830078125,0.0,0.0023965835571289062,-0.0061054229736328125,0.0023962736873890567,-0.20513153076171875,0.0,-0.06304045987455954,2.5178903665096124e-06,-0.06289828286700147,3.0326008372886797,0.0,0.002185617739844584,0.004799302155767517,0.002336366278194612,0.0729683235026295,0.0,0.16077804565429688,-0.0061054229736328125,0.16058470970648708,0.5567779541015625,0.0,0.08657312393188477,-0.0061054229736328125,0.08657286747350665,1.6703262329101562,0.0,-0.0016298294067382812,0.0061054229736328125,-0.0016295863335155354,0.08791351318359375,0.0,-0.2997932434082031,-0.0061054229736328125,-0.29979373379701624,-0.08791351318359375,0.0,-0.002780437469482422,0.0061054229736328125,-0.002780363143760836,0.08791351318359375,0.0,-0.00896453857421875,-0.0073261260986328125,-0.00896612222195249,0.10158920288085938,0.0,0.00820159912109375,-0.0073261260986328125,0.008202030513361885,-0.16410255432128906,0.0,0.15866899490356445,0.0061054229736328125,0.15866721436072673,0.7325973510742188,0.0,-0.07027435302734375,-0.0061054229736328125,-0.07027413745822829,-2.0219802856445312,0.0,0.03173398971557617,0.0061054229736328125,0.03173416318086423,-0.4395599365234375,0.0,-0.29749250411987305,0.0061054229736328125,-0.29749325012701483,0.02930450439453125,0.0,0.008532524108886719,0.0061054229736328125,0.00853248450380613,-0.08791351318359375,0.0,-0.00934600830078125,0.0073261260986328125,-0.009347749973430963,0.1797313690185547,0.0,0.01316070556640625,-0.0073261260986328125,0.013161813891305524,-0.2422466278076172,0.0,4.792213439941406e-05,0.0030689239501953125,4.792196020245544e-05,-0.005982935428619385,0.0,0.0,0.0,-2.600818691965251e-40,0.0,0.0,-0.0079596983268857,-0.006867455784231424,-0.011720539070665836,0.004391796886920929,-0.006867455784231424,-0.011720539070665836,0.004391796886920929
0.0210,1787703912.2087,ramp,0,-0.005247,0.026197459467055224,-0.028254347773788716,0.009499508091880252,-0.01998702995479107,0.016875077039003372,0.695360541343689,0.7181848287582397,-0.19011497497558594,-0.128204345703125,-0.19045904238379172,-1.4358978271484375,0.0,0.1164851188659668,-0.03052520751953125,0.11664686769117384,-9.523811340332031,0.0,-0.06222105026245117,0.27472496032714844,-0.06011927048992563,4.3076934814453125,0.0,0.48310136795043945,0.06715583801269531,0.47599146499011236,-7.23809814453125,0.0,-0.3532896041870117,-0.20146560668945312,-0.3505328997789017,12.805862426757812,0.0,-0.0541682243347168,0.04273414611816406,-0.053590007482575315,4.3076934814453125,0.0,-0.19855165481567383,-0.0061054229736328125,-0.20092075290717804,-0.20513153076171875,0.0,-0.14754772186279297,0.06715583801269531,-0.14762839470464614,11.633697509765625,0.0,0.05244255065917969,-0.128204345703125,0.04984491861222977,-3.9560470581054688,0.0,0.4633517265319824,-0.04273414611816406,0.4617878819358647,-5.362640380859375,0.0,-0.32625389099121094,-0.1892547607421875,-0.32670947957975627,10.578750610351562,0.0,0.09117460250854492,0.06715583801269531,0.0865513057498264,-7.23809814453125,0.0,0.0023965835571289062,-0.0061054229736328125,0.0020381791459887196,-0.14652252197265625,0.0,-0.06261833874314697,-0.06279303555111175,-0.061367750512783,3.2714197869473387,0.0,0.001281788211989056,-0.07207525494337595,0.002103007171514318,0.44618463819720944,0.0,0.16077804565429688,0.09157562255859375,0.15868091424487077,0.4395599365234375,0.0,0.08657312393188477,0.20146560668945312,0.08627649666510671,1.377288818359375,0.0,-0.001438140869140625,0.05494499206542969,-0.0013486838024453426,0.08791351318359375,0.0,-0.2997932434082031,-0.0061054229736328125,-0.30036044146332813,-0.08791351318359375,0.0,-0.002780437469482422,0.03052520751953125,-0.0026944701643481822,0.08791351318359375,0.0,-0.00896453857421875,-0.0073261260986328125,-0.010796231897161208,0.0547027587890625,0.0,0.00820159912109375,-0.0073261260986328125,0.008700560045469242,-0.1328449249267578,0.0,0.15866899490356445,0.15262603759765625,0.15660956694013725,0.5567779541015625,0.0,-0.06989097595214844,-0.15262603759765625,-0.07002501947860476,-1.9047622680664062,0.0,0.03173398971557617,-0.07936477661132812,0.0319346247451563,-0.3223419189453125,0.0,-0.29749250411987305,-0.0061054229736328125,-0.29835535781605643,0.02930450439453125,0.0,0.008532524108886719,-0.03052520751953125,0.008486715713419664,-0.02930450439453125,0.0,-0.00934600830078125,0.0073261260986328125,-0.011360477867001777,0.11721611022949219,0.0,0.01316070556640625,-0.0073261260986328125,0.01444262658608744,-0.14847373962402344,0.0,4.792213439941406e-05,0.0030689239501953125,4.772065309824932e-05,-0.005982935428619385,0.0,0.0,0.0,-3.0081830262889562e-37,0.0,0.0,-0.006839429959654808,0.09740489721298218,0.03476007282733917,0.0216998141258955,0.09740489721298218,0.03476007282733917,0.0216998141258955
0.0404,1787703912.2282,ramp,0,-0.005208,0.06174734147122346,-0.03198184119351812,0.03297336519567905,-0.019569087773561478,0.016479697078466415,0.6952102780342102,0.7183509469032288,-0.1903066635131836,-0.018314361572265625,-0.19095234746081147,-0.8498153686523438,0.0,0.1164851188659668,0.07936477661132812,0.11679580027382012,-8.293037414550781,0.0,-0.06222105026245117,-0.14041519165039062,-0.05871352622884307,4.659339904785156,0.0,0.4882783889770508,0.372406005859375,0.4743886749083343,-7.882781982421875,0.0,-0.35846710205078125,-0.2625160217285156,-0.34923012416958416,12.864471435546875,0.0,-0.05627727508544922,-0.15262603759765625,-0.05411704501233775,4.717948913574219,0.0,-0.19855165481567383,-0.06715583801269531,-0.2027491344054384,0.02930450439453125,0.0,-0.14927339553833008,-0.09157562255859375,-0.14752617538861496,10.578750610351562,0.0,0.05340099334716797,0.1892547607421875,0.049395489334484934,-4.0146484375,0.0,0.4677615165710449,0.3113555908203125,0.46193688841374386,-5.831504821777344,0.0,-0.33200645446777344,-0.1770458221435547,-0.3262464693561676,10.285720825195312,0.0,0.0978856086730957,0.8974361419677734,0.08653121634145856,-10.22711181640625,0.0,0.0023965835571289062,0.0061054229736328125,0.0017081730732113223,-0.14652252197265625,0.0,-0.06332244416534238,0.004483318717830999,-0.05995727111955004,2.55371727549458,0.0,0.0009795729189498866,3.5845304575482133e-06,0.0018879524486993416,0.3722817096568265,0.0,0.16096973419189453,0.03052520751953125,0.1569264500153894,0.3223419189453125,0.0,0.08580589294433594,-0.018314361572265625,0.08600337279624384,1.377288818359375,0.0,-0.0010547637939453125,0.05494499206542969,-0.0010898148994198972,0.02930450439453125,0.0,-0.2997932434082031,0.0061054229736328125,-0.30088269731967576,-0.08791351318359375,0.0,-0.002780437469482422,0.03052520751953125,-0.002615314518176433,0.08791351318359375,0.0,-0.00934600830078125,-0.021978378295898438,-0.01248279015718326,-0.07032966613769531,0.0,0.00820159912109375,0.0073261260986328125,0.009159985571507566,-0.023443222045898438,0.0,0.15866899490356445,-0.0061054229736328125,0.15471331869861454,0.615386962890625,0.0,-0.06816530227661133,-0.0061054229736328125,-0.0697954419882797,-1.7875442504882812,0.0,0.03173398971557617,-0.0061054229736328125,0.03211936236588669,-0.3223419189453125,0.0,-0.29749250411987305,0.04273414611816406,-0.299149842902758,-0.02930450439453125,0.0,0.008532524108886719,0.018314361572265625,0.008444536967236757,-0.08791351318359375,0.0,-0.00972747802734375,-0.0073261260986328125,-0.013215330010598852,0.007814407348632812,0.0,0.01316070556640625,0.021978378295898438,0.015622974004161815,-0.007814407348632812,0.0,4.792213439941406e-05,-0.0030689239501953125,4.753513626065255e-05,-0.005250334739685059,0.0,0.0,0.0,-5.778011286893011e-37,0.0,0.0,-0.006495038513094187,0.059622734785079956,-0.036354657262563705,0.030677728354930878,0.059622734785079956,-0.036354657262563705,0.030677728354930878
0.0612,1787703912.2487,ramp,0,-0.003997,0.11436540001516893,-0.043589784323387115,-0.083790954153379,-0.01808612048625946,0.015827294439077377,0.6950227618217468,0.7185859084129333,-0.19145727157592773,-0.03052520751953125,-0.19148244537891387,-0.8498153686523438,0.0,0.11591005325317383,-0.20146560668945312,0.11695584089711024,-7.1794891357421875,0.0,-0.0616459846496582,0.018314361572265625,-0.057202935438482344,4.131866455078125,0.0,0.49901580810546875,0.5555553436279297,0.4726663417617983,-9.582420349121094,0.0,-0.3644113540649414,0.2991447448730469,-0.3478301818814855,11.457878112792969,0.0,-0.057044029235839844,0.6043949127197266,-0.05468339129641968,2.6666641235351562,0.0,-0.20008563995361328,-0.06715583801269531,-0.2047138845587922,0.26373291015625,0.0,-0.15195798873901367,0.22588539123535156,-0.14741633211080943,10.22711181640625,0.0,0.05455160140991211,-0.018314361572265625,0.048912539663854955,-3.4871826171875,0.0,0.47638988494873047,0.3846149444580078,0.4620970084436951,-6.9450531005859375,0.0,-0.33680009841918945,0.47008514404296875,-0.32574892581360504,8.5274658203125,0.0,0.10843133926391602,-0.0061054229736328125,0.08650962857752142,-8.820510864257812,0.0,0.002780437469482422,0.0061054229736328125,0.0013535537102862677,-0.02930450439453125,0.0,-0.06268875493821487,0.0717107619471924,-0.05844159203026073,1.9154963821423598,0.0,-0.0012059568301515885,0.09113535491381337,0.0016568580080521434,0.22415597960189182,0.0,0.1615447998046875,0.04273414611816406,0.15504113020264418,0.3223419189453125,0.0,0.08523082733154297,-0.06715583801269531,0.08570987815973422,1.4358978271484375,0.0,-0.0012464523315429688,0.07936477661132812,-0.0008116384261829514,0.02930450439453125,0.0,-0.29921817779541016,0.018314361572265625,-0.30144390529231446,-0.14652252197265625,0.0,-0.002780437469482422,0.04273414611816406,-0.0025302550991751316,0.08791351318359375,0.0,-0.00934600830078125,-0.03663063049316406,-0.014295139277523367,-0.1328449249267578,0.0,0.00820159912109375,0.021978378295898438,0.00965367705416436,0.007816314697265625,0.0,0.1584773063659668,0.018314361572265625,0.15267564000471326,0.5567779541015625,0.0,-0.06548070907592773,0.15262603759765625,-0.06954874160887203,-2.139190673828125,0.0,0.03173398971557617,0.0061054229736328125,0.03231787852293902,-0.26373291015625,0.0,-0.29710865020751953,0.05494499206542969,-0.30000358414736106,-0.02930450439453125,0.0,0.008532524108886719,-0.018314361572265625,0.008399212346466975,-0.02930450439453125,0.0,-0.00934600830078125,-0.0073261260986328125,-0.015208525105303239,-0.07033157348632812,0.0,0.01316070556640625,0.021978378295898438,0.016891356873316207,0.039073944091796875,0.0,4.792213439941406e-05,-0.0030689239501953125,4.733578276934632e-05,-0.005006134510040283,0.0,0.0,0.0,-8.754425402307732e-37,0.0,0.0,-0.003113525453954935,0.028751185163855553,-0.1153220683336258,-0.08822395652532578,0.028751185163855553,-0.1153220683336258,-0.08822395652532578
0.0805,1787703912.2683,ramp,0,-0.003817,0.08070784584890789,-0.08315182878127361,-0.030994549120776902,-0.016692716628313065,0.01453529205173254,0.6946094036102295,0.7190464735031128,-0.19107389450073242,0.018314361572265625,-0.1919739399951296,-1.26007080078125,0.0,0.11552619934082031,0.03052520751953125,0.11710422688776734,-8.058609008789062,0.0,-0.06068706512451172,-0.128204345703125,-0.05580235034766529,4.483512878417969,0.0,0.5087947845458984,0.6166057586669922,0.47106943402089885,-10.695968627929688,0.0,-0.37169742584228516,-0.2625160217285156,-0.3465321875409751,14.036628723144531,0.0,-0.0585780143737793,0.4456653594970703,-0.055208494565145004,2.9597091674804688,0.0,-0.19931840896606445,-0.07936477661132812,-0.20653555578142066,0.26373291015625,0.0,-0.1527247428894043,0.04273414611816406,-0.14731448794612723,10.22711181640625,0.0,0.05512666702270508,0.1770458221435547,0.04846475981995836,-4.1904754638671875,0.0,0.4846348762512207,0.4456653594970703,0.46224546805838496,-7.9413909912109375,0.0,-0.3423604965209961,0.03052520751953125,-0.32528761486679403,10.402923583984375,0.0,0.11610174179077148,0.7387065887451172,0.08648961289855173,-11.399261474609375,0.0,0.0033555030822753906,0.0061054229736328125,0.0010247587806486603,-0.20513153076171875,0.0,-0.06304010089208978,0.12993777782055793,-0.05703628918552747,1.436725894046433,0.0,-0.0027883291014168406,0.11487952950708007,0.0014425925496589533,0.07551682334303711,0.0,0.16365432739257812,0.14041519165039062,0.15329310496774756,0.14652252197265625,0.0,0.08350515365600586,-0.09157562255859375,0.08543775667272846,1.5531158447265625,0.0,-0.001438140869140625,0.05494499206542969,-0.0005537195883892317,0.02930450439453125,0.0,-0.2990264892578125,0.07936477661132812,-0.3019642444366685,-0.20513153076171875,0.0,-0.002780437469482422,0.018314361572265625,-0.0024513899592265853,0.08791351318359375,0.0,-0.00934600830078125,-0.03663063049316406,-0.0159755077621595,-0.1797313690185547,0.0,0.00820159912109375,0.0073261260986328125,0.010111416459491563,0.039073944091796875,0.0,0.15905237197875977,-0.0061054229736328125,0.15078635111405864,0.5567779541015625,0.0,-0.06145429611206055,0.3113555908203125,-0.06932000668244319,-2.4322357177734375,0.0,0.03173398971557617,-0.0061054229736328125,0.03250193814492797,-0.3223419189453125,0.0,-0.29653358459472656,0.10378456115722656,-0.3007951534235918,-0.08791351318359375,0.0,0.008532524108886719,-0.018314361572265625,0.008357188398947784,-0.08791351318359375,0.0,-0.00934600830078125,-0.021978378295898438,-0.017056569824327385,-0.13284683227539062,0.0,0.01316070556640625,0.03663063049316406,0.01806737234178148,0.08596038818359375,0.0,4.792213439941406e-05,0.009205818176269531,4.715094679026612e-05,-0.006959736347198486,0.0,0.0,0.0,-1.151408821817317e-36,0.0,0.0,-0.0013942018849775195,-0.03145032376050949,-0.21328243613243103,-0.038959652185440063,-0.03145032376050949,-0.21328243613243103,-0.038959652185440063
0.1009,1787703912.2885,ramp,0,-0.003465,0.07870202781726587,-0.05515064983920515,-0.06313411602985497,-0.015492822974920273,0.013561843894422054,0.6942459344863892,0.7194432616233826,-0.18973159790039062,0.018314361572265625,-0.19249501420428694,-1.26007080078125,0.0,0.11571836471557617,-0.018314361572265625,0.11726154318418379,-7.76556396484375,0.0,-0.06011199951171875,-0.06715583801269531,-0.05431747392282419,4.3076934814453125,0.0,0.5168485641479492,0.5311355590820312,0.46937641967092847,-10.989013671875,0.0,-0.3780250549316406,-0.20146560668945312,-0.3451560760798166,14.153846740722656,0.0,-0.05876970291137695,0.6410255432128906,-0.05576520009446231,2.5494537353515625,0.0,-0.19893503189086914,-0.14041519165039062,-0.20846686054114405,0.02930450439453125,0.0,-0.15330028533935547,0.06715583801269531,-0.14720651449978991,10.5201416015625,0.0,0.05685234069824219,0.09157562255859375,0.047990031266812616,-4.3076934814453125,0.0,0.4926886558532715,0.3601951599121094,0.4624028624097451,-8.351654052734375,0.0,-0.3477292060852051,0.03052520751953125,-0.3247985408691255,10.813186645507812,0.0,0.12204551696777344,0.4212455749511719,0.08646839261709639,-10.871795654296875,0.0,0.0031638145446777344,0.0061054229736328125,0.0006761760041881723,-0.380950927734375,0.0,-0.06458769376443652,0.06269702952528751,-0.055546411078450646,2.156937867955054,0.0,-0.003989115134963077,0.052518522984725306,0.0012154319651919159,0.4499611713322931,0.0,0.16614675521850586,0.21367454528808594,0.15143987842810822,-0.02930450439453125,0.0,0.08120393753051758,-0.11599540710449219,0.08514925811352143,1.611724853515625,0.0,-0.0012464523315429688,0.0061054229736328125,-0.0002802784356357815,0.14652252197265625,0.0,-0.29825878143310547,0.11599540710449219,-0.3025158991225846,-0.3223419189453125,0.0,-0.002780437469482422,0.0061054229736328125,-0.0023677784829805575,0.14652252197265625,0.0,-0.00934600830078125,-0.05128288269042969,-0.017757005769129277,-0.2422466278076172,0.0,0.00820159912109375,0.021978378295898438,0.010596703969795306,0.039073944091796875,0.0,0.16058635711669922,-0.07936477661132812,0.14878335925598404,0.615386962890625,0.0,-0.057044029235839844,0.33577537536621094,-0.06907750581475663,-2.4908447265625,0.0,0.03173398971557617,0.04273414611816406,0.03269707501683137,-0.380950927734375,0.0,-0.29576683044433594,0.05494499206542969,-0.30163436166921004,-0.08791351318359375,0.0,0.008532524108886719,0.0061054229736328125,0.008312635326550301,-0.08791351318359375,0.0,-0.00972747802734375,-0.03663063049316406,-0.019015835315101832,-0.19536209106445312,0.0,0.01316070556640625,0.03663063049316406,0.01931416388327494,0.10158920288085938,0.0,0.0001437664031982422,0.027618408203125,4.695498683781619e-05,-0.009157538414001465,0.0,0.0,0.0,-1.4439835666618959e-36,0.0,0.0,0.0001913580490509048,0.030563022941350937,-0.1180029809474945,-0.06719789654016495,0.030563022941350937,-0.1180029809474945,-0.06719789654016495
0.1205,1787703912.3080,ramp,0,-0.003538,0.04261249991067971,-0.03580940913299106,-0.014800361713520244,-0.014512624591588974,0.012501809746026993,0.6940431594848633,0.719678521156311,-0.18838930130004883,-0.10378456115722656,-0.19299430110619376,-1.3186798095703125,0.0,0.11686849594116211,-0.16483497619628906,0.11741228172559853,-7.355308532714844,0.0,-0.059345245361328125,-0.0061054229736328125,-0.05289468358539355,4.0732574462890625,0.0,0.5235595703125,0.2991447448730469,0.46775419413217567,-10.871795654296875,0.0,-0.3837771415710449,0.23809432983398438,-0.3438375029935926,13.626373291015625,0.0,-0.05896139144897461,0.7020759582519531,-0.05629862848934819,2.4322357177734375,0.0,-0.19816827774047852,-0.04273414611816406,-0.21031741302133594,-0.26373291015625,0.0,-0.15291643142700195,0.23809432983398438,-0.14710305567077367,10.22711181640625,0.0,0.057044029235839844,0.0061054229736328125,0.04753515220279187,-3.6630020141601562,0.0,0.4997830390930176,0.23809432983398438,0.4625536757424475,-8.410263061523438,0.0,-0.35271453857421875,0.372406005859375,-0.3243299161765045,10.22711181640625,0.0,0.12530517578125,-0.03052520751953125,0.08644805960425633,-9.699630737304688,0.0,0.002780437469482422,0.0061054229736328125,0.0003421682727395435,-0.14652252197265625,0.0,-0.0672601910653344,0.12095009834982895,-0.05411882819058494,2.318881771341048,0.0,-0.005182085569249147,-0.0005140377678446958,0.000997769485528409,0.6013732988066454,0.0,0.16825580596923828,-0.04273414611816406,0.14966413953862384,0.14652252197265625,0.0,0.07832813262939453,-0.23809432983398438,0.0848728223404595,1.9047622680664062,0.0,-0.001438140869140625,0.0061054229736328125,-1.8270484344388516e-05,0.14652252197265625,0.0,-0.29710865020751953,-0.03052520751953125,-0.30304448786141086,-0.14652252197265625,0.0,-0.002780437469482422,-0.0061054229736328125,-0.0022876629942361728,0.14652252197265625,0.0,-0.00934600830078125,-0.021978378295898438,-0.01946401526033309,-0.3203907012939453,0.0,0.00820159912109375,0.0073261260986328125,0.011061700496768806,0.07033157348632812,0.0,0.1615447998046875,-0.14041519165039062,0.14686411707936603,0.7325973510742188,0.0,-0.052825927734375,0.372406005859375,-0.06884514446428272,-2.6666641235351562,0.0,0.032117366790771484,-0.0061054229736328125,0.03288405276876806,-0.26373291015625,0.0,-0.29480743408203125,0.018314361572265625,-0.30243848069418916,-0.02930450439453125,0.0,0.008532524108886719,0.0061054229736328125,0.008269945120247936,-0.08791351318359375,0.0,-0.00934600830078125,-0.021978378295898438,-0.02089317942407945,-0.2891349792480469,0.0,0.01316070556640625,0.021978378295898438,0.020508824212141685,0.13284683227539062,0.0,4.792213439941406e-05,0.02148151397705078,4.6767220420217514e-05,-0.008669137954711914,0.0,0.0,0.0,-1.7243250906952157e-36,0.0,0.0,0.001358038280159235,0.0444471649825573,-0.15671274065971375,-0.017788462340831757,0.0444471649825573,-0.15671274065971375,-0.017788462340831757
0.1408,1787703912.3287,ramp,0,-0.003617,0.03863086186036189,-0.04196159421193992,-0.026478142081787365,-0.014070660807192326,0.011992758139967918,0.6938737630844116,0.7198593020439148,-0.18685531616210938,-0.10378456115722656,-0.19351228368299536,-2.0805892944335938,0.0,0.11744403839111328,-0.3601951599121094,0.1175686646345175,-7.0622711181640625,0.0,-0.0585780143737793,0.1770458221435547,-0.051418617214703394,3.369964599609375,0.0,0.5281610488891602,0.20146560668945312,0.4660712247582397,-10.75457763671875,0.0,-0.3881874084472656,0.5555553436279297,-0.3424695562633759,13.216117858886719,0.0,-0.0585780143737793,0.5799751281738281,-0.05685203097891258,3.0183181762695312,0.0,-0.1974010467529297,-0.018314361572265625,-0.21223725898271723,-0.4981689453125,0.0,-0.1527247428894043,0.34798622131347656,-0.14699572285142265,10.930404663085938,0.0,0.05742788314819336,-0.10378456115722656,0.04706324030441297,-3.8974380493164062,0.0,0.5053434371948242,0.10378456115722656,0.4627101362431954,-8.410263061523438,0.0,-0.35674095153808594,0.4945049285888672,-0.3238437439478527,10.637359619140625,0.0,0.12607240676879883,-0.75091552734375,0.08642696522676553,-7.8241729736328125,0.0,0.0023965835571289062,0.0061054229736328125,-4.346295831502648e-06,-0.20513153076171875,0.0,-0.07042300469066162,0.031398037017311135,-0.052637789813590734,3.041517002613803,0.0,-0.0065918468867628656,-0.0383318679984721,0.0007719566879994856,0.8298372529869946,0.0,0.16978979110717773,0.09157562255859375,0.14782190854440164,0.14652252197265625,0.0,0.07468461990356445,0.018314361572265625,0.08458603549805703,1.6703262329101562,0.0,-0.001438140869140625,0.0061054229736328125,0.0002535482900598927,0.08791351318359375,0.0,-0.29614973068237305,0.07936477661132812,-0.3035928694751882,-0.26373291015625,0.0,-0.002780437469482422,-0.0061054229736328125,-0.0022045476007759206,0.14652252197265625,0.0,-0.00972747802734375,-0.021978378295898438,-0.02123494330090793,-0.3203907012939453,0.0,0.00820159912109375,0.0073261260986328125,0.011544108704005285,0.07033157348632812,0.0,0.16269540786743164,-0.07936477661132812,0.144873009352818,0.615386962890625,0.0,-0.04822349548339844,0.04273414611816406,-0.06860408240035132,-2.373626708984375,0.0,0.032117366790771484,0.03052520751953125,0.033078031856508705,-0.380950927734375,0.0,-0.2942323684692383,0.0061054229736328125,-0.3032727097577259,-0.08791351318359375,0.0,0.008532524108886719,0.0061054229736328125,0.008225656389699947,-0.08791351318359375,0.0,-0.00972747802734375,-0.021978378295898438,-0.022840820220178287,-0.3203926086425781,0.0,0.01316070556640625,0.03663063049316406,0.021748218302364633,0.16410446166992188,0.0,4.792213439941406e-05,0.009205818176269531,4.65724231354237e-05,-0.006959736347198486,0.0,0.0,0.0,-2.015163933950843e-36,0.0,0.0,0.0027317057829350233,0.07879159599542618,-0.0733446404337883,-0.026825975626707077,0.07879159599542618,-0.0733446404337883,-0.026825975626707077
0.1610,1787703912.3485,ramp,0,-0.003570,0.03462090483692135,0.012134637330891805,-0.03785413012249426,-0.013802070170640945,0.011753969825804234,0.6937130093574524,0.7200233936309814,-0.18512964248657227,-0.10378456115722656,-0.19402719017378459,-1.6703262329101562,0.0,0.1182107925415039,0.0061054229736328125,0.11772411884949918,-8.293037414550781,0.0,-0.057427406311035156,0.0061054229736328125,-0.04995131659660707,4.0146484375,0.0,0.5306539535522461,0.11599540710449219,0.4643982498489483,-10.871795654296875,0.0,-0.39259767532348633,-0.018314361572265625,-0.3411097332075661,14.622711181640625,0.0,-0.06049537658691406,0.3846149444580078,-0.057402147038134364,3.4871826171875,0.0,-0.19663429260253906,-0.07936477661132812,-0.21414570376658382,-0.5567779541015625,0.0,-0.15234136581420898,0.10378456115722656,-0.1468890274376506,9.934066772460938,0.0,0.05742788314819336,-0.0061054229736328125,0.04659413089718856,-4.0146484375,0.0,0.5091781616210938,0.1892547607421875,0.46286566758921993,-8.76190185546875,0.0,-0.3613433837890625,0.15262603759765625,-0.3233604588966063,11.457870483398438,0.0,0.12952375411987305,-0.11599540710449219,0.0864059961201283,-9.465194702148438,0.0,0.00220489501953125,-0.0061054229736328125,-0.0003488030565433828,-0.08791351318359375,0.0,-0.0739348075199156,-0.008814868555290758,-0.05116554671589596,3.5253459086431205,0.0,-0.007917256502950411,-0.07128798653666925,0.0005474849000314925,0.9844816763809223,0.0,0.17017364501953125,-0.018314361572265625,0.1459906178042471,0.20513153076171875,0.0,0.07065773010253906,-0.07936477661132812,0.08430095176505234,1.8461532592773438,0.0,-0.001438140869140625,0.04273414611816406,0.0005237528442813269,0.08791351318359375,0.0,-0.2955746650695801,0.03052520751953125,-0.30413799447554435,-0.26373291015625,0.0,-0.002780437469482422,0.0061054229736328125,-0.0021219257955379057,0.14652252197265625,0.0,-0.00972747802734375,-0.03663063049316406,-0.02299535452640357,-0.3829059600830078,0.0,0.00820159912109375,0.0073261260986328125,0.012023652086815276,0.08596038818359375,0.0,0.16269540786743164,-0.14041519165039062,0.14289372599817168,0.6739959716796875,0.0,-0.044005393981933594,0.09157562255859375,-0.06836445190511771,-2.373626708984375,0.0,0.03230905532836914,0.05494499206542969,0.03327085898203052,-0.380950927734375,0.0,-0.2940406799316406,-0.018314361572265625,-0.30410198467711114,-0.08791351318359375,0.0,0.008532524108886719,0.018314361572265625,0.008181630671752467,-0.02930450439453125,0.0,-0.01010894775390625,-0.03663063049316406,-0.024776894776642314,-0.3829078674316406,0.0,0.01354217529296875,0.03663063049316406,0.022980252139568547,0.19536209106445312,0.0,0.0001437664031982422,0.009205818176269531,4.637878267178533e-05,-0.008669137954711914,0.0,0.0,0.0,-2.304275604638026e-36,0.0,0.0,0.004127089865505695,0.10837695747613907,0.0208884384483099,-0.0239166971296072,0.10837695747613907,0.0208884384483099,-0.0239166971296072
0.1924,1787703912.3802,ramp,0,-0.003257,-0.034300243596918994,-0.09468467284899698,0.018000884213144823,-0.013865449465811253,0.01205403171479702,0.693478524684906,0.7202430367469788,-0.18302059173583984,0.14041519165039062,-0.1948258572016633,-3.3113555908203125,0.0,0.11897754669189453,0.07936477661132812,0.11796524254491099,-10.285713195800781,0.0,-0.05455160140991211,0.0061054229736328125,-0.04767539923176031,4.366302490234375,0.0,0.5321879386901855,-0.0061054229736328125,0.46180331286054227,-10.637359619140625,0.0,-0.39374828338623047,-0.05494499206542969,-0.33900052336490166,15.677658081054688,0.0,-0.059153079986572266,0.1892547607421875,-0.058255427324684174,4.1904754638671875,0.0,-0.1964426040649414,0.16483497619628906,-0.21710587605158455,-0.8498153686523438,0.0,-0.15080738067626953,0.11599540710449219,-0.14672353309929997,11.692306518554688,0.0,0.0572357177734375,-0.018314361572265625,0.045866499331613256,-4.4249114990234375,0.0,0.5128216743469238,0.14041519165039062,0.4631069109219288,-8.879119873046875,0.0,-0.36287736892700195,-0.09157562255859375,-0.3226108396115484,13.098907470703125,0.0,0.12549686431884766,-0.10378456115722656,0.08637347111923047,-9.23077392578125,0.0,0.0016298294067382812,-0.04273414611816406,-0.0008830869745588628,-0.08791351318359375,0.0,-0.07996840901237863,-0.29026802091073645,-0.04888196311346652,5.213501604520818,0.0,-0.01025607615778259,-0.08271192077582995,0.00019930864095148507,1.0708337731935464,0.0,0.16883134841918945,-0.07936477661132812,0.1431501184926553,0.4981689453125,0.0,0.06643962860107422,-0.3113555908203125,0.0838587608394992,2.5494537353515625,0.0,-0.0016298294067382812,-0.0061054229736328125,0.0009428648036363893,0.14652252197265625,0.0,-0.29576635360717773,-0.09157562255859375,-0.30498353317362814,-0.02930450439453125,0.0,-0.002780437469482422,0.018314361572265625,-0.0019937718242677574,0.14652252197265625,0.0,-0.00972747802734375,0.08058547973632812,-0.025725913232617994,0.1797332763671875,0.0,0.00820159912109375,-0.021978378295898438,0.012767467702152918,-0.22661781311035156,0.0,0.16173696517944336,-0.04273414611816406,0.1398236766154922,0.615386962890625,0.0,-0.0399785041809082,0.21367454528808594,-0.06799276310561558,-3.0183181762695312,0.0,0.03230905532836914,-0.06715583801269531,0.03356995147744429,-0.3223419189453125,0.0,-0.29480743408203125,-0.05494499206542969,-0.3053882658699245,0.02930450439453125,0.0,0.008532524108886719,-0.018314361572265625,0.008113342759418243,-0.02930450439453125,0.0,-0.00972747802734375,0.13919448852539062,-0.027779923364206944,0.2422466278076172,0.0,0.01277923583984375,-0.09523773193359375,0.024891249224684695,-0.2422466278076172,0.0,-4.792213439941406e-05,-0.0030689239501953125,4.607842861461651e-05,-0.002319931983947754,0.0,0.0,0.0,-2.7527142296762306e-36,0.0,0.0,0.006851574406027794,0.046422362327575684,0.19584886729717255,0.06551181524991989,0.046422362327575684,0.19584886729717255,0.06551181524991989
0.2001,1787703912.3878,ramp,0,-0.003737,-0.06781337328890827,-0.016295519646436874,0.006008057609556485,-0.013995754532516003,0.011845028027892113,0.6934261322021484,0.7202944159507751,-0.18206167221069336,0.06715583801269531,-0.1950229006471081,-2.9011001586914062,0.0,0.11993646621704102,0.15262603759765625,0.11802473147091375,-1.9047622680664062,0.0,-0.05455160140991211,-0.0061054229736328125,-0.04711389539666634,1.2014617919921875,0.0,0.5316123962402344,-0.128204345703125,0.46116310197533056,-6.8278350830078125,0.0,-0.39374828338623047,-0.25030517578125,-0.3384801488407792,7.413917541503906,0.0,-0.05876970291137695,-0.28693580627441406,-0.0584659447014168,1.611724853515625,0.0,-0.19567537307739258,0.0061054229736328125,-0.21783619610460572,-3.1941375732421875,0.0,-0.1500406265258789,0.10378456115722656,-0.1466827030994478,0.9670333862304688,0.0,0.057044029235839844,-0.018314361572265625,0.04568698142779276,-1.3186798095703125,0.0,0.5130133628845215,-0.018314361572265625,0.46316642936429364,-4.9523773193359375,0.0,-0.36287736892700195,-0.25030517578125,-0.32242589699899055,5.597068786621094,0.0,0.12338781356811523,0.09157562255859375,0.08636544670102325,-4.3076934814453125,0.0,0.001438140869140625,-0.0061054229736328125,-0.0010149030385462813,-0.02930450439453125,0.0,-0.0801786934128922,0.03573714048456077,-0.04831856789959497,2.0083017078554946,0.0,-0.01032857272589542,0.00442494307357688,0.00011340820019657477,0.7609525108902657,0.0,0.1686391830444336,-0.018314361572265625,0.14244932360366866,0.4981689453125,0.0,0.06452226638793945,-0.1770458221435547,0.08374966553385371,2.3150177001953125,0.0,-0.0023965835571289062,-0.05494499206542969,0.0010462661731880714,0.20513153076171875,0.0,-0.296724796295166,-0.06715583801269531,-0.30519214058136074,-0.02930450439453125,0.0,-0.002780437469482422,-0.0061054229736328125,-0.0019621542675575844,0.08791351318359375,0.0,-0.00896453857421875,0.10988998413085938,-0.026399584082522434,0.02344512939453125,0.0,0.00743865966796875,-0.08058547973632812,0.01295097846008546,-0.07032966613769531,0.0,0.1615447998046875,-0.04273414611816406,0.1390662481917153,0.7325973510742188,0.0,-0.03863668441772461,0.11599540710449219,-0.06790106175933407,-2.7838821411132812,0.0,0.03230905532836914,0.03052520751953125,0.03364374219841538,-0.4981689453125,0.0,-0.2955751419067383,0.03052520751953125,-0.3057056112331304,-0.02930450439453125,0.0,0.008532524108886719,0.0061054229736328125,0.008096495080649902,-0.02930450439453125,0.0,-0.00896453857421875,0.124542236328125,-0.028520816726531575,0.03907203674316406,0.0,0.01239776611328125,-0.08058547973632812,0.02536272161147688,-0.11721611022949219,0.0,0.0001437664031982422,0.02148151397705078,4.600432664694789e-05,-0.0064713358879089355,0.0,0.0,0.0,-2.8633509389225554e-36,0.0,0.0,0.006463410798460245,-0.07242608815431595,-0.05207395181059837,0.0064758555963635445,-0.07242608815431595,-0.05207395181059837,0.0064758555963635445
0.2203,1787703912.4078,ramp,0,-0.003486,0.08060324187471662,0.0538505320457313,-0.019983957184601886,-0.014881516806781292,0.012951466254889965,0.6932780742645264,0.7204001545906067,-0.1832122802734375,-0.09157562255859375,-0.19553801099887252,-2.3150177001953125,0.0,0.12108707427978516,-0.28693580627441406,0.1181802472330859,-7.1794891357421875,0.0,-0.054743289947509766,0.11599540710449219,-0.04564601384719652,3.5457839965820312,0.0,0.5300788879394531,0.03052520751953125,0.4594894647044209,-10.520149230957031,0.0,-0.39509057998657227,0.5799751281738281,-0.3371197874059449,13.274726867675781,0.0,-0.06222105026245117,0.5311355590820312,-0.05901627856173124,3.1941375732421875,0.0,-0.19759273529052734,-0.0061054229736328125,-0.21974539647695626,-0.5567779541015625,0.0,-0.15023231506347656,0.07936477661132812,-0.14657596544299387,10.578750610351562,0.0,0.0572357177734375,-0.04273414611816406,0.04521768629150308,-3.9560470581054688,0.0,0.5130133628845215,0.10378456115722656,0.4633220222880463,-8.76190185546875,0.0,-0.36594533920288086,0.47008514404296875,-0.32194242060628003,11.047622680664062,0.0,0.1270308494567871,-0.47008514404296875,0.08634446929233003,-8.586074829101562,0.0,0.0010547637939453125,-0.05494499206542969,-0.0013594961760419284,-0.08791351318359375,0.0,-0.0814382569095509,-0.1292780359833446,-0.04684574191370787,4.338880181847406,0.0,-0.011653905330155378,-0.1027404881357287,-0.00011115246029180749,1.449837571607918,0.0,0.16691350936889648,-0.1892547607421875,0.14061730782173884,0.4981689453125,0.0,0.061070919036865234,-0.14041519165039062,0.08346446893094185,2.0219802856445312,0.0,-0.0020132064819335938,-0.0061054229736328125,0.001316577706375422,0.08791351318359375,0.0,-0.29710865020751953,0.0061054229736328125,-0.3057374814067573,-0.14652252197265625,0.0,-0.002780437469482422,-0.0061054229736328125,-0.0018794997508232293,0.14652252197265625,0.0,-0.01163482666015625,-0.1978015899658203,-0.02816069228728637,0.007816314697265625,0.0,0.00820159912109375,0.021978378295898438,0.013430711702964065,-0.07032966613769531,0.0,0.16058635711669922,-0.1770458221435547,0.1370861812022885,0.7325973510742188,0.0,-0.03576040267944336,0.07936477661132812,-0.06766133638996834,-2.5494537353515625,0.0,0.03230905532836914,0.04273414611816406,0.03383664566775216,-0.3223419189453125,0.0,-0.2963418960571289,-0.03052520751953125,-0.3065352144777491,0.02930450439453125,0.0,0.008532524108886719,0.018314361572265625,0.008052451932108799,-0.02930450439453125,0.0,-0.01125335693359375,-0.13919448852539062,-0.030457657810616077,0.023443222045898438,0.0,0.01354217529296875,0.021978378295898438,0.026595243233597146,-0.007814407348632812,0.0,4.792213439941406e-05,-0.0030689239501953125,4.5810609517479e-05,-0.004761934280395508,0.0,0.0,0.0,-3.152577074251734e-36,0.0,0.0,0.008093414828181267,0.18421967327594757,0.18308643996715546,0.04931784048676491,0.18421967327594757,0.18308643996715546,0.04931784048676491
0.2409,1787703912.4298,ramp,0,-0.003266,0.031430009248518485,0.05099383404580896,-0.024255765361035263,-0.01477506011724472,0.013006636872887611,0.693096399307251,0.7205761075019836,-0.1828289031982422,-0.14041519165039062,-0.19606165736316764,-2.1977996826171875,0.0,0.12166213989257812,-0.23809432983398438,0.11833834008284728,-7.589744567871094,0.0,-0.05340099334716797,0.128204345703125,-0.0441538076937717,3.1941375732421875,0.0,0.5308456420898438,0.0061054229736328125,0.4577880932040063,-10.051284790039062,0.0,-0.3958573341369629,0.5799751281738281,-0.33573688310779165,13.098899841308594,0.0,-0.06241273880004883,0.7264957427978516,-0.05957573213146637,2.7838821411132812,0.0,-0.19797658920288086,-0.10378456115722656,-0.22168623464933562,-0.02930450439453125,0.0,-0.1500406265258789,0.27472496032714844,-0.1464674590121989,9.289382934570312,0.0,0.0572357177734375,-0.06715583801269531,0.04474061435719289,-3.8388290405273438,0.0,0.5151224136352539,-0.03052520751953125,0.46348019357805054,-8.644683837890625,0.0,-0.3670954704284668,0.5677661895751953,-0.32145093241467565,10.75457763671875,0.0,0.1283731460571289,-0.7020759582519531,0.08632314426215558,-7.76556396484375,0.0,0.0008625984191894531,-0.0061054229736328125,-0.0017097996459538491,-0.02930450439453125,0.0,-0.08248652535700574,0.11192535443701138,-0.0453485093884687,3.2182937894199295,0.0,-0.013052904475154944,-0.0862358203094481,-0.00033943436731552696,1.297534669620541,0.0,0.1628870964050293,-0.04273414611816406,0.13875493328344293,0.4395599365234375,0.0,0.057427406311035156,0.03052520751953125,0.08317454626929748,1.8461532592773438,0.0,-0.0023965835571289062,0.04273414611816406,0.0015913686343692693,0.02930450439453125,0.0,-0.2984504699707031,-0.05494499206542969,-0.3062918592008405,-0.02930450439453125,0.0,-0.002780437469482422,0.0061054229736328125,-0.0017954755470147496,0.08791351318359375,0.0,-0.01163482666015625,-0.08058547973632812,-0.02995098422258921,-0.6173381805419922,0.0,0.00820159912109375,0.03663063049316406,0.013918394716136658,0.10158920288085938,0.0,0.1575183868408203,-0.11599540710449219,0.13507330206576468,0.7325973510742188,0.0,-0.03326749801635742,-0.018314361572265625,-0.06741763847617632,-2.4322357177734375,0.0,0.0325007438659668,-0.0061054229736328125,0.034032745785002975,-0.3223419189453125,0.0,-0.29615020751953125,-0.0061054229736328125,-0.3073785652692133,0.02930450439453125,0.0,0.008532524108886719,-0.0061054229736328125,0.008007678934387714,-0.08791351318359375,0.0,-0.01163482666015625,-0.08058547973632812,-0.03242659473534325,-0.5548248291015625,0.0,0.01392364501953125,0.09523773193359375,0.027848189255993343,0.3203926086425781,0.0,4.792213439941406e-05,0.0030689239501953125,4.561368225674623e-05,-0.003540933132171631,0.0,0.0,0.0,-3.446596042625141e-36,0.0,0.0,0.009746836498379707,0.11937172710895538,-0.061149515211582184,-0.009034303948283195,0.11937172710895538,-0.061149515211582184,-0.009034303948283195
0.2609,1787703912.4484,ramp,0,-0.003503,0.0022208032710846213,0.16881952919958826,-0.013375089912974878,-0.015117657370865345,0.013187415897846222,0.6932036876678467,0.720462441444397,-0.18397951126098633,-0.22588539123535156,-0.1965718371031538,-1.8461532592773438,0.0,0.12262105941772461,-0.3113555908203125,0.11849236725554332,-7.472526550292969,0.0,-0.052825927734375,0.14041519165039062,-0.04269997663665202,3.3113555908203125,0.0,0.5306539535522461,-0.14041519165039062,0.4561304759094226,-9.816848754882812,0.0,-0.3945150375366211,0.628814697265625,-0.334389542987886,13.157508850097656,0.0,-0.06279659271240234,0.6410255432128906,-0.060120798222254614,3.135528564453125,0.0,-0.1995100975036621,-0.16483497619628906,-0.2235771602465612,0.14652252197265625,0.0,-0.14927339553833008,0.40903472900390625,-0.146361743043514,8.996337890625,0.0,0.057044029235839844,-0.128204345703125,0.04427581129161884,-3.5457839965820312,0.0,0.5155057907104492,-0.09157562255859375,0.4636342971737401,-8.23443603515625,0.0,-0.3661370277404785,0.7264957427978516,-0.3209720838349925,10.402923583984375,0.0,0.12683916091918945,-0.7753353118896484,0.08630236764822025,-7.648353576660156,0.0,0.0006709098815917969,0.0061054229736328125,-0.0020510943543330298,-0.02930450439453125,0.0,-0.08206327775978894,0.2100756996211751,-0.04388978122284187,2.898417189689115,0.0,-0.013799460447495396,-0.04021774559111272,-0.0005618455438462459,1.2966071422637815,0.0,0.16096973419189453,-0.06715583801269531,0.13694045346941097,0.4395599365234375,0.0,0.05435991287231445,-0.018314361572265625,0.0828920795546991,2.0219802856445312,0.0,-0.002780437469482422,0.09157562255859375,0.0018590927584222947,0.02930450439453125,0.0,-0.2999849319458008,-0.05494499206542969,-0.3068319800498035,0.02930450439453125,0.0,-0.002780437469482422,0.0061054229736328125,-0.0017136121953818975,0.08791351318359375,0.0,-0.01201629638671875,0.0659332275390625,-0.031695235183410164,-0.5391941070556641,0.0,0.00820159912109375,-0.0073261260986328125,0.014393535975239997,0.1797332763671875,0.0,0.15655994415283203,-0.04273414611816406,0.1331121881833496,0.6739959716796875,0.0,-0.03154182434082031,-0.06715583801269531,-0.0671802077466401,-2.4908447265625,0.0,0.0325007438659668,-0.09157562255859375,0.03422380279150955,-0.26373291015625,0.0,-0.29615020751953125,-0.018314361572265625,-0.30820022759104676,0.08791351318359375,0.0,0.008532524108886719,-0.03052520751953125,0.007964057364768887,-0.02930450439453125,0.0,-0.01125335693359375,0.0659332275390625,-0.034344896468725225,-0.617340087890625,0.0,0.01354217529296875,-0.0073261260986328125,0.02906891323978969,0.4766807556152344,0.0,4.792213439941406e-05,-0.0030689239501953125,4.542181937842361e-05,-0.004029333591461182,0.0,0.0,0.0,-3.733053719148245e-36,0.0,0.0,0.01028295885771513,0.04361075907945633,-0.04142755642533302,-0.01827719807624817,0.04361075907945633,-0.04142755642533302,-0.01827719807624817
0.2811,1787703912.4688,ramp,0,-0.003493,0.03181702481155584,0.12512551957022738,-0.021537791006176227,-0.015591233968734741,0.013685583136975765,0.6932361125946045,0.7204118967056274,-0.18417119979858398,-0.20146560668945312,-0.19708817969371814,-1.9047622680664062,0.0,0.12338781356811523,-0.3846149444580078,0.11864825504005105,-7.8241729736328125,0.0,-0.05167531967163086,0.22588539123535156,-0.04122858364425998,3.0183181762695312,0.0,0.5291199684143066,-0.11599540710449219,0.45445283499002276,-9.816848754882812,0.0,-0.39336490631103516,0.6898651123046875,-0.3330259273180394,12.923080444335938,0.0,-0.06279659271240234,0.75091552734375,-0.06067244858248647,2.8424911499023438,0.0,-0.20027732849121094,-0.14041519165039062,-0.2254909277777108,0.4395599365234375,0.0,-0.14850664138793945,0.3846149444580078,-0.14625475005093402,9.934066772460938,0.0,0.05627727508544922,-0.15262603759765625,0.04380539351495987,-3.7216110229492188,0.0,0.5151224136352539,-0.11599540710449219,0.463790262304413,-8.117218017578125,0.0,-0.3657536506652832,0.7387065887451172,-0.3204874508777364,10.344329833984375,0.0,0.1256885528564453,-0.9340667724609375,0.08628134005770322,-7.120880126953125,0.0,0.0006709098815917969,-0.0061054229736328125,-0.0023965118220575996,-0.14652252197265625,0.0,-0.08227097783365869,0.17437262809112758,-0.0424134319660303,2.980427217884041,0.0,-0.014613218075369274,-0.04936688277373972,-0.0007869433947790255,1.3733614969570238,0.0,0.15962743759155273,-0.03052520751953125,0.1351040551684331,0.4395599365234375,0.0,0.05225038528442383,-0.0061054229736328125,0.0826062007090047,2.0219802856445312,0.0,-0.002780437469482422,0.04273414611816406,0.0021300509265648635,0.08791351318359375,0.0,-0.3011355400085449,-0.0061054229736328125,-0.30737862543085864,-0.08791351318359375,0.0,-0.002780437469482422,0.0061054229736328125,-0.0016307599538257528,0.08791351318359375,0.0,-0.01277923583984375,-0.05128288269042969,-0.03346055628324259,-0.4923076629638672,0.0,0.00820159912109375,-0.0073261260986328125,0.014874416828360638,0.16410446166992188,0.0,0.1567516326904297,-0.04273414611816406,0.13112738450912825,0.5567779541015625,0.0,-0.030391693115234375,-0.06715583801269531,-0.06693990891005432,-2.4908447265625,0.0,0.0325007438659668,-0.0061054229736328125,0.034417167721461,-0.380950927734375,0.0,-0.29615020751953125,0.04273414611816406,-0.3090318153993672,-0.08791351318359375,0.0,0.008532524108886719,-0.0061054229736328125,0.007919908856907562,-0.02930450439453125,0.0,-0.01201629638671875,-0.021978378295898438,-0.03628637083328024,-0.5548248291015625,0.0,0.01392364501953125,0.03663063049316406,0.030304383280553168,0.3829078674316406,0.0,4.792213439941406e-05,0.0030689239501953125,4.522763884191521e-05,-0.0032967329025268555,0.0,0.0,0.0,-4.022971736643387e-36,0.0,0.0,0.011113262735307217,0.08286256343126297,-0.0495196096599102,-0.01050791796296835,0.08286256343126297,-0.0495196096599102,-0.01050791796296835
0.3006,1787703912.4882,ramp,0,-0.003443,0.0230737337947712,0.09491699204221436,-0.0201850632976057,-0.015896257013082504,0.01403889898210764,0.6932159066200256,0.7204177975654602,-0.18436288833618164,-0.1892547607421875,-0.1975855272785776,-1.611724853515625,0.0,0.1239628791809082,-0.018314361572265625,0.1187984080867894,-8.351646423339844,0.0,-0.05052471160888672,0.07936477661132812,-0.039811319671622075,3.25274658203125,0.0,0.5275859832763672,-0.03052520751953125,0.4528369104570242,-9.99267578125,0.0,-0.3939399719238281,0.128204345703125,-0.3317124757987032,14.212455749511719,0.0,-0.06509733200073242,0.14041519165039062,-0.0612038050488363,4.483512878417969,0.0,-0.20066070556640625,-0.14041519165039062,-0.22733429239065017,0.08791351318359375,0.0,-0.14793109893798828,0.04273414611816406,-0.1461516930739793,9.641021728515625,0.0,0.05570220947265625,0.0061054229736328125,0.04335228128023099,-3.8388290405273438,0.0,0.5149307250976562,0.0061054229736328125,0.46394048985193664,-8.644683837890625,0.0,-0.36728763580322266,0.23809432983398438,-0.3200206464048162,11.575088500976562,0.0,0.12779808044433594,0.1770458221435547,0.08626108602181662,-10.168502807617188,0.0,0.0006709098815917969,-0.0061054229736328125,-0.0027292222094640176,-0.14652252197265625,0.0,-0.08289943574705153,0.16539514219700485,-0.04099139405805563,2.9817117266154076,0.0,-0.01542112701282752,-0.03990313604749542,-0.001003760435566074,1.3745957670416786,0.0,0.1588606834411621,-0.05494499206542969,0.1333352135572207,0.380950927734375,0.0,0.05052471160888672,-0.09157562255859375,0.082330838660499,2.139190673828125,0.0,-0.002780437469482422,0.09157562255859375,0.002391041193465702,0.02930450439453125,0.0,-0.3007521629333496,-0.03052520751953125,-0.3079051610392136,-0.02930450439453125,0.0,-0.002780437469482422,0.0061054229736328125,-0.0015509556475547812,0.08791351318359375,0.0,-0.01316070556640625,0.021978378295898438,-0.03516093545309484,-0.6485958099365234,0.0,0.00820159912109375,-0.0073261260986328125,0.015337607228058873,0.16410446166992188,0.0,0.1567516326904297,-0.1892547607421875,0.12921559700247431,0.7912063598632812,0.0,-0.029624462127685547,-0.0061054229736328125,-0.0667084500914241,-2.4322357177734375,0.0,0.0325007438659668,-0.018314361572265625,0.034603419219333305,-0.26373291015625,0.0,-0.2959585189819336,0.04273414611816406,-0.30983281108638716,-0.08791351318359375,0.0,0.008532524108886719,0.0061054229736328125,0.007877384466781268,-0.02930450439453125,0.0,-0.01201629638671875,0.05128288269042969,-0.03815642301166572,-0.6642265319824219,0.0,0.01392364501953125,0.021978378295898438,0.031494403341203965,0.4454231262207031,0.0,4.792213439941406e-05,-0.009205818176269531,4.504060174169534e-05,-0.0018315315246582031,0.0,0.0,0.0,-4.3022243655052937e-36,0.0,0.0,0.01197737641632557,0.06460049748420715,-0.07075737416744232,-0.010251802392303944,0.06460049748420715,-0.07075737416744232,-0.010251802392303944
0.3202,1787703912.5078,ramp,0,-0.003375,-0.013197039909048965,0.11508734969717578,-0.005615370865783748,-0.0159319918602705,0.014126566238701344,0.6931866407394409,0.7204435467720032,-0.18474626541137695,-0.20146560668945312,-0.1980834546910468,-1.9047622680664062,0.0,0.12492179870605469,-0.23809432983398438,0.11894873618792601,-7.76556396484375,0.0,-0.04937458038330078,0.14041519165039062,-0.03839240339623531,3.0183181762695312,0.0,0.5270109176635742,-0.018314361572265625,0.45121910201488846,-9.99267578125,0.0,-0.3931732177734375,0.47008514404296875,-0.33039749300530813,13.333335876464844,0.0,-0.06509733200073242,0.6898651123046875,-0.0617357809917035,2.9011001586914062,0.0,-0.20123577117919922,-0.14041519165039062,-0.2291798060714244,0.08791351318359375,0.0,-0.1473560333251953,0.22588539123535156,-0.14604851594909898,9.406600952148438,0.0,0.055318355560302734,-0.06715583801269531,0.042898640789224216,-3.4871826171875,0.0,0.5151224136352539,-0.03052520751953125,0.46409089254071445,-8.644683837890625,0.0,-0.36690378189086914,0.5799751281738281,-0.3195532977126618,10.578750610351562,0.0,0.12741422653198242,-0.628814697265625,0.08624080837296885,-7.8241729736328125,0.0,0.0006709098815917969,-0.0061054229736328125,-0.003062320483882524,-0.20513153076171875,0.0,-0.08324721703813562,0.1564957099572291,-0.03956769828168827,2.9828307292969924,0.0,-0.016231999323211024,-0.04932568275066461,-0.0012208302502889662,1.3755153388388255,0.0,0.15905237197875977,-0.07936477661132812,0.131564309760055,0.4395599365234375,0.0,0.04937458038330078,-0.018314361572265625,0.08205515558395728,2.0805892944335938,0.0,-0.002780437469482422,0.05494499206542969,0.0026523357332075576,0.02930450439453125,0.0,-0.30017662048339844,0.03052520751953125,-0.30843231050373787,-0.14652252197265625,0.0,-0.002780437469482422,0.018314361572265625,-0.0014710583022472092,0.14652252197265625,0.0,-0.01392364501953125,0.0073261260986328125,-0.03686329699266134,-0.5548229217529297,0.0,0.00820159912109375,0.0073261260986328125,0.015801337633560862,0.1797332763671875,0.0,0.1567516326904297,-0.1892547607421875,0.12730158065785266,0.7325973510742188,0.0,-0.02943277359008789,-0.07936477661132812,-0.06647672142889068,-2.4322357177734375,0.0,0.0325007438659668,-0.018314361572265625,0.034789887856614965,-0.3223419189453125,0.0,-0.29576683044433594,0.018314361572265625,-0.31063474060606006,-0.02930450439453125,0.0,0.008532524108886719,0.0061054229736328125,0.007834810500028419,-0.08791351318359375,0.0,-0.01277923583984375,0.0073261260986328125,-0.040028655371312075,-0.6017112731933594,0.0,0.01430511474609375,0.03663063049316406,0.03268581077460633,0.4454231262207031,0.0,4.792213439941406e-05,-0.009205818176269531,4.485334658617963e-05,-0.0015873312950134277,0.0,0.0,0.0,-4.5818025581966665e-36,0.0,0.0,0.012863239273428917,0.036653563380241394,-0.041490085422992706,0.0016528251580893993,0.036653563380241394,-0.041490085422992706,0.0016528251580893993
0.3402,1787703912.5276,ramp,0,-0.003263,0.05494155840412031,0.08348387503493605,-0.0450943621483626,-0.016071125864982605,0.014354473911225796,0.6931194067001343,0.7205007076263428,-0.18474626541137695,-0.20146560668945312,-0.19859235896830266,-1.7289352416992188,0.0,0.12549686431884766,-0.128204345703125,0.11910237828865068,-8.293037414550781,0.0,-0.04822397232055664,0.06715583801269531,-0.03694220695488773,3.0183181762695312,0.0,0.5266275405883789,0.0061054229736328125,0.4495656288070152,-9.99267578125,0.0,-0.39298105239868164,0.22588539123535156,-0.3290535212710386,13.919410705566406,0.0,-0.06624794006347656,0.4822959899902344,-0.062279484402969446,3.6043930053710938,0.0,-0.2018117904663086,-0.1770458221435547,-0.23106600430506408,0.08791351318359375,0.0,-0.14697265625,0.07936477661132812,-0.14594306427310838,9.934066772460938,0.0,0.05493497848510742,-0.018314361572265625,0.04243499974350439,-3.6630020141601562,0.0,0.5155057907104492,0.0061054229736328125,0.46424461087337315,-8.820510864257812,0.0,-0.36728763580322266,0.23809432983398438,-0.31907564626698653,11.575088500976562,0.0,0.12856483459472656,-0.018314361572265625,0.08622008370111328,-9.699630737304688,0.0,0.0008625984191894531,-0.0061054229736328125,-0.0034027619465396963,-0.20513153076171875,0.0,-0.08359406753007674,0.10309281363105255,-0.038112616974733254,3.306774941419411,0.0,-0.01719078397427894,-0.09586436556439461,-0.00144268539304523,1.5294323687521962,0.0,0.1598191261291504,-0.018314361572265625,0.1297543661931461,0.380950927734375,0.0,0.0484156608581543,0.16483497619628906,0.08177339504355362,1.8461532592773438,0.0,-0.0025882720947265625,0.03052520751953125,0.00291939053992891,0.08791351318359375,0.0,-0.2994098663330078,0.03052520751953125,-0.30897108103641285,-0.20513153076171875,0.0,-0.002780437469482422,0.0061054229736328125,-0.0013893996111404515,0.08791351318359375,0.0,-0.01468658447265625,-0.05128288269042969,-0.038603187280334156,-0.6485958099365234,0.0,0.00858306884765625,0.021978378295898438,0.016275291027055022,0.19536209106445312,0.0,0.1567516326904297,0.0061054229736328125,0.12534536961157733,0.5567779541015625,0.0,-0.029049396514892578,-0.16483497619628906,-0.06623988428240533,-2.373626708984375,0.0,0.0325007438659668,-0.05494499206542969,0.034980467215594474,-0.3223419189453125,0.0,-0.2959585189819336,0.10378456115722656,-0.3114543487505394,-0.14652252197265625,0.0,0.008532524108886719,-0.018314361572265625,0.007791297985477693,-0.02930450439453125,0.0,-0.01354217529296875,-0.05128288269042969,-0.041942161300049734,-0.7267417907714844,0.0,0.01506805419921875,0.05128288269042969,0.033903482916427544,0.4766807556152344,0.0,4.792213439941406e-05,0.0030689239501953125,4.466196337008477e-05,-0.0028083324432373047,0.0,0.0,0.0,-4.867544083015601e-36,0.0,0.0,0.013917571865022182,0.1541813611984253,-0.02026345394551754,-0.027663100510835648,0.1541813611984253,-0.02026345394551754,-0.027663100510835648
0.3601,1787703912.5476,ramp,0,-0.003191,0.04559625150054485,0.06499491661776377,-0.033889500933044714,-0.016116207465529442,0.014451439492404461,0.6931499242782593,0.720468282699585,-0.1849379539489746,-0.1892547607421875,-0.19910069154792162,-1.9047622680664062,0.0,0.12588024139404297,-0.27472496032714844,0.1192558477894782,-7.8241729736328125,0.0,-0.04726552963256836,0.128204345703125,-0.0354936396487539,2.7838821411132812,0.0,0.5266275405883789,0.0061054229736328125,0.447914013093307,-9.99267578125,0.0,-0.39240598678588867,0.5555553436279297,-0.3277110593402799,12.923080444335938,0.0,-0.06586408615112305,0.7631263732910156,-0.06282257702362257,2.9011001586914062,0.0,-0.20238685607910156,-0.14041519165039062,-0.2329500836037271,0.14652252197265625,0.0,-0.14678096771240234,0.25030517578125,-0.14583773106040576,9.641021728515625,0.0,0.05455160140991211,-0.06715583801269531,0.041971879547189915,-3.6630020141601562,0.0,0.516273021697998,-0.018314361572265625,0.46439815652049654,-8.703292846679688,0.0,-0.3670954704284668,0.5921859741210938,-0.31859853140985045,10.637359619140625,0.0,0.1283731460571289,-0.7142848968505859,0.086199382311133,-7.76556396484375,0.0,0.0008625984191894531,-0.0061054229736328125,-0.003742820960889026,-0.20513153076171875,0.0,-0.08408107781345288,0.12076959531762319,-0.0366591702905979,3.2270118314820646,0.0,-0.0181467473523043,-0.04900603689473965,-0.0016642913061005308,1.4545392218447657,0.0,0.1602029800415039,-0.09157562255859375,0.12794645589753456,0.3223419189453125,0.0,0.04784059524536133,0.06715583801269531,0.08149195102993562,1.9633712768554688,0.0,-0.0025882720947265625,0.06715583801269531,0.003186145340128922,0.02930450439453125,0.0,-0.2994098663330078,0.04273414611816406,-0.30950924632001825,-0.14652252197265625,0.0,-0.002780437469482422,0.018314361572265625,-0.0013078326545362734,0.08791351318359375,0.0,-0.01506805419921875,-0.05128288269042969,-0.04034112299381628,-0.7267398834228516,0.0,0.00820159912109375,0.021978378295898438,0.016748711986362335,0.21099090576171875,0.0,0.15694332122802734,-0.09157562255859375,0.12339135615192554,0.5567779541015625,0.0,-0.028857707977294922,-0.11599540710449219,-0.06600331319624414,-2.4908447265625,0.0,0.0325007438659668,-0.018314361572265625,0.0351708324797549,-0.3223419189453125,0.0,-0.2959585189819336,0.06715583801269531,-0.3122730361559715,-0.08791351318359375,0.0,0.008532524108886719,-0.0061054229736328125,0.0077478343524216885,-0.08791351318359375,0.0,-0.01354217529296875,-0.021978378295898438,-0.04385351761663739,-0.7579994201660156,0.0,0.01506805419921875,0.05128288269042969,0.03511978713835288,0.5079383850097656,0.0,4.792213439941406e-05,0.009205818176269531,4.447079515185348e-05,-0.00305253267288208,0.0,0.0,0.0,-5.1529646088534044e-36,0.0,0.0,0.01495287474244833,0.09726138412952423,-0.05631645396351814,-0.02088911645114422,0.09726138412952423,-0.05631645396351814,-0.02088911645114422
0.3803,1787703912.5681,ramp,0,-0.003002,0.054460874472117816,0.08055572941639394,-0.03339438599688536,-0.01610930636525154,0.014575657434761524,0.6932596564292908,0.720360279083252,-0.18532133102416992,-0.20146560668945312,-0.1996158125017822,-1.5531158447265625,0.0,0.12626409530639648,-0.15262603759765625,0.11941136675250441,-8.293037414550781,0.0,-0.04649829864501953,0.10378456115722656,-0.034025727887075655,2.8424911499023438,0.0,0.5266275405883789,0.0061054229736328125,0.44624034137528673,-9.934066772460938,0.0,-0.39202260971069336,0.2991447448730469,-0.32635066990623596,13.5091552734375,0.0,-0.06701469421386719,0.5189247131347656,-0.06337292221100987,3.4871826171875,0.0,-0.20334577560424805,-0.22588539123535156,-0.23485932327159137,0.20513153076171875,0.0,-0.14639759063720703,0.09157562255859375,-0.1457309912070577,9.641021728515625,0.0,0.05397653579711914,-0.04273414611816406,0.0415025747517813,-3.5457839965820312,0.0,0.516848087310791,0.05494499206542969,0.46455375264669146,-8.937728881835938,0.0,-0.3674793243408203,0.3235645294189453,-0.31811504506613975,11.340652465820312,0.0,0.12952375411987305,-0.372406005859375,0.08617840447067887,-8.586074829101562,0.0,0.0012464523315429688,-0.018314361572265625,-0.0040874211908641,-0.20513153076171875,0.0,-0.08421764980620473,0.10295680428635766,-0.035186313990735074,3.149224965597592,0.0,-0.01903384076666375,-0.05824099379040948,-0.0018888565885377892,1.530824964328631,0.0,0.16039466857910156,0.04273414611816406,0.12611440240871852,0.26373291015625,0.0,0.04726552963256836,0.10378456115722656,0.08120674855705473,1.9047622680664062,0.0,-0.0025882720947265625,0.05494499206542969,0.0034564624369180373,0.08791351318359375,0.0,-0.29921817779541016,0.09157562255859375,-0.31005459836972005,-0.20513153076171875,0.0,-0.002780437469482422,0.0061054229736328125,-0.0012251764365914305,0.08791351318359375,0.0,-0.01583099365234375,-0.03663063049316406,-0.04210226744603367,-0.7736263275146484,0.0,0.00858306884765625,0.021978378295898438,0.017228455103198908,0.22661972045898438,0.0,0.157135009765625,0.018314361572265625,0.12141124840839522,0.4395599365234375,0.0,-0.029049396514892578,-0.10378456115722656,-0.0657635828928067,-2.373626708984375,0.0,0.0325007438659668,-0.0061054229736328125,0.03536373991946642,-0.3223419189453125,0.0,-0.29576683044433594,0.03052520751953125,-0.31310265647563695,-0.14652252197265625,0.0,0.008724212646484375,-0.0061054229736328125,0.007703790297376389,-0.02930450439453125,0.0,-0.01468658447265625,-0.021978378295898438,-0.045790398565141825,-0.74237060546875,0.0,0.01544952392578125,0.05128288269042969,0.03635233412846018,0.5235671997070312,0.0,4.792213439941406e-05,0.009205818176269531,4.427707403526295e-05,-0.00305253267288208,0.0,0.0,0.0,-5.442196697088173e-36,0.0,0.0,0.015987727791070938,0.11526860296726227,-0.022907592356204987,-0.007003128062933683,0.11526860296726227,-0.022907592356204987,-0.007003128062933683
0.4001,1787703912.5877,ramp,0,-0.002641,0.05184401493430313,0.068812591329906,-0.049082741325189694,-0.01601182483136654,0.01473198551684618,0.693324625492096,0.7202968597412109,-0.18570518493652344,-0.1892547607421875,-0.2001213144237157,-1.8461532592773438,0.0,0.12645578384399414,-0.28693580627441406,0.1195639816560871,-8.468864440917969,0.0,-0.04592323303222656,0.128204345703125,-0.032585226949973525,2.7838821411132812,0.0,0.5262436866760254,-0.018314361572265625,0.4445979227087498,-9.816848754882812,0.0,-0.3910636901855469,0.5677661895751953,-0.3250156834951156,12.805862426757812,0.0,-0.06682300567626953,0.7997550964355469,-0.0639129906121614,2.7838821411132812,0.0,-0.20430421829223633,-0.1892547607421875,-0.23673291104608174,0.4981689453125,0.0,-0.14639759063720703,0.22588539123535156,-0.14562624454394885,9.875457763671875,0.0,0.053592681884765625,-0.06715583801269531,0.0410420334473096,-3.4871826171875,0.0,0.518190860748291,-0.018314361572265625,0.46470644327254823,-8.820510864257812,0.0,-0.36728763580322266,0.6043949127197266,-0.31764058703032766,10.637359619140625,0.0,0.12894821166992188,-0.6043949127197266,0.08615781835670291,-8.117218017578125,0.0,0.0016298294067382812,-0.03052520751953125,-0.004425586581430339,-0.20513153076171875,0.0,-0.08428290932159907,0.11199036303426517,-0.033740960846521895,3.232056826413418,0.0,-0.02014372186202862,-0.07735510369329282,-0.002109228485702532,1.607886268220446,0.0,0.16039466857910156,-0.03052520751953125,0.12431655948902999,0.26373291015625,0.0,0.0470733642578125,-0.018314361572265625,0.08092687176869856,2.0805892944335938,0.0,-0.0023965835571289062,0.04273414611816406,0.00372173180896412,0.08791351318359375,0.0,-0.2994098663330078,0.06715583801269531,-0.310589766871775,-0.20513153076171875,0.0,-0.002780437469482422,0.0061054229736328125,-0.0011440636868231904,0.14652252197265625,0.0,-0.01583099365234375,0.0073261260986328125,-0.0438305254381155,-0.7579975128173828,0.0,0.00858306884765625,0.0073261260986328125,0.01769923981070836,0.22661972045898438,0.0,0.157135009765625,-0.20146560668945312,0.11946811590235305,0.615386962890625,0.0,-0.029049396514892578,-0.03052520751953125,-0.06552832915632965,-2.5494537353515625,0.0,0.0325007438659668,0.0061054229736328125,0.03555304513176386,-0.26373291015625,0.0,-0.2955751419067383,0.04273414611816406,-0.31391678500782527,-0.08791351318359375,0.0,0.008724212646484375,0.018314361572265625,0.007660568692220781,-0.08791351318359375,0.0,-0.01544952392578125,-0.021978378295898438,-0.04769111146506848,-0.7736282348632812,0.0,0.01583099365234375,0.03663063049316406,0.037561865341863704,0.5548248291015625,0.0,4.792213439941406e-05,0.015343666076660156,4.4086970340156584e-05,-0.002319931983947754,0.0,0.0,0.0,-5.7260278543955105e-36,0.0,0.0,0.01742059923708439,0.13306011259555817,-0.04396356642246246,-0.008878120221197605,0.13306011259555817,-0.04396356642246246,-0.008878120221197605
0.4205,1787703912.6081,ramp,0,-0.002283,0.0607802353273072,0.0685913908342397,-0.019604340215967905,-0.01582333818078041,0.014788425527513027,0.6934514045715332,0.7201778292655945,-0.18608856201171875,-0.22588539123535156,-0.2006404428424295,-1.5531158447265625,0.0,0.12645578384399414,-0.2625160217285156,0.11972071050345924,-7.9413909912109375,0.0,-0.04534769058227539,0.15262603759765625,-0.031105895336805228,2.7252731323242188,0.0,0.5260519981384277,-0.0061054229736328125,0.4429112303971477,-9.934066772460938,0.0,-0.38991355895996094,0.628814697265625,-0.3236447106965187,12.454216003417969,0.0,-0.06701469421386719,0.7997550964355469,-0.0644676172968923,2.8424911499023438,0.0,-0.2048797607421875,-0.15262603759765625,-0.23865700394561506,0.4395599365234375,0.0,-0.14639759063720703,0.23809432983398438,-0.14551867429104606,9.75823974609375,0.0,0.05320930480957031,-0.07936477661132812,0.04056907762109174,-3.6043930053710938,0.0,0.5191493034362793,-0.0061054229736328125,0.46486324988339206,-8.76190185546875,0.0,-0.36690378189086914,0.6166057586669922,-0.3171533393282119,10.5201416015625,0.0,0.12856483459472656,-0.7020759582519531,0.08613667731582433,-7.8241729736328125,0.0,0.0020132064819335938,-0.03052520751953125,-0.0047728676833436925,0.02930450439453125,0.0,-0.08392832861609167,0.09859306434205642,-0.03225664622835294,3.232890656987268,0.0,-0.020964687156020814,-0.07250259551339822,-0.0023355408092373578,1.6079895146255043,0.0,0.1602029800415039,-0.0061054229736328125,0.12247025325062072,0.20513153076171875,0.0,0.04668998718261719,0.018314361572265625,0.08063945051811597,2.0219802856445312,0.0,-0.0023965835571289062,0.05494499206542969,0.003994151880319652,0.02930450439453125,0.0,-0.2994098663330078,0.05494499206542969,-0.31113936157391686,-0.26373291015625,0.0,-0.002780437469482422,0.018314361572265625,-0.0010607644317705992,0.08791351318359375,0.0,-0.01659393310546875,-0.0073261260986328125,-0.04560537099187175,-0.7579975128173828,0.0,0.00858306884765625,0.0073261260986328125,0.01818271516492505,0.24224853515625,0.0,0.15694332122802734,-0.14041519165039062,0.1174726035977614,0.4981689453125,0.0,-0.028666019439697266,-0.04273414611816406,-0.0652867338331176,-2.4908447265625,0.0,0.0325007438659668,0.0061054229736328125,0.03574745332538331,-0.3223419189453125,0.0,-0.2955751419067383,0.0061054229736328125,-0.3147528594898532,-0.02930450439453125,0.0,0.008724212646484375,-0.0061054229736328125,0.007616181989489997,-0.02930450439453125,0.0,-0.01621246337890625,-0.0073261260986328125,-0.049643060684952216,-0.8048858642578125,0.0,0.01659393310546875,0.03663063049316406,0.038804001126031384,0.5548248291015625,0.0,4.792213439941406e-05,0.0030689239501953125,4.389174213953028e-05,-0.0020757317543029785,0.0,0.0,0.0,-6.017510069361345e-36,0.0,0.0,0.018558498471975327,0.13463827967643738,-0.03015672229230404,0.020734412595629692,0.13463827967643738,-0.03015672229230404,0.020734412595629692
0.4409,1787703912.6285,ramp,0,-0.001934,0.06020813839088775,0.06674586181070681,-0.030243273457860154,-0.015592550858855247,0.014792870730161667,0.6936310529708862,0.7200097441673279,-0.18666362762451172,-0.20146560668945312,-0.20116107994449944,-1.4358978271484375,0.0,0.12645578384399414,-0.4334545135498047,0.11987789483389674,-8.058609008789062,0.0,-0.04477214813232422,0.22588539123535156,-0.02962226451191463,2.373626708984375,0.0,0.5252852439880371,-0.03052520751953125,0.4412196362452189,-9.582420349121094,0.0,-0.38684511184692383,0.7753353118896484,-0.32226975359698873,12.219779968261719,0.0,-0.06624794006347656,0.7387065887451172,-0.0650238558295167,3.135528564453125,0.0,-0.20545482635498047,-0.07936477661132812,-0.24058668861556337,0.615386962890625,0.0,-0.14620542526245117,0.34798622131347656,-0.14541079141906033,10.402923583984375,0.0,0.052634239196777344,-0.128204345703125,0.04009474729762518,-3.3113555908203125,0.0,0.519340991973877,-0.06715583801269531,0.46502051220329627,-8.820510864257812,0.0,-0.36460304260253906,0.75091552734375,-0.31666467559400846,10.285720825195312,0.0,0.1266474723815918,-0.873016357421875,0.08611547483516446,-7.413917541503906,0.0,0.0020132064819335938,-0.03052520751953125,-0.005121158048474966,-0.20513153076171875,0.0,-0.08364421400418856,0.0985647107367617,-0.03076801791692603,3.315168538490361,0.0,-0.021710951439666608,-0.06314161286539581,-0.0025625108383099957,1.6843484171839718,0.0,0.15962743759155273,0.09157562255859375,0.12061858130424413,0.26373291015625,0.0,0.046306610107421875,0.1770458221435547,0.08035119396813278,1.8461532592773438,0.0,-0.0023965835571289062,0.04273414611816406,0.004267363654869881,0.02930450439453125,0.0,-0.2994098663330078,0.128204345703125,-0.31169055350007857,-0.26373291015625,0.0,-0.002780437469482422,0.018314361572265625,-0.0009772230936511733,0.08791351318359375,0.0,-0.01773834228515625,-0.021978378295898438,-0.04738537457560725,-0.7736263275146484,0.0,0.00858306884765625,0.0073261260986328125,0.0186675955880876,0.24224853515625,0.0,0.15617609024047852,0.03052520751953125,0.11547129196473284,0.4981689453125,0.0,-0.028857707977294922,-0.16483497619628906,-0.06504443638913941,-2.373626708984375,0.0,0.0325007438659668,-0.05494499206542969,0.03594242650522861,-0.3223419189453125,0.0,-0.29576683044433594,0.07936477661132812,-0.31559136375921343,-0.14652252197265625,0.0,0.008724212646484375,-0.03052520751953125,0.0075716662907781935,-0.08791351318359375,0.0,-0.01735687255859375,0.0073261260986328125,-0.051600682630878414,-0.867401123046875,0.0,0.01735687255859375,0.05128288269042969,0.04004974678690044,0.5860824584960938,0.0,4.792213439941406e-05,0.015343666076660156,4.3695946569585844e-05,-0.002319931983947754,0.0,0.0,0.0,-6.309839385642575e-36,0.0,0.0,0.019662126898765564,0.12563085556030273,-0.03223828226327896,0.009256301447749138,0.12563085556030273,-0.03223828226327896,0.009256301447749138
0.4609,1787703912.6484,ramp,0,-0.001847,0.04005185387781171,0.06095741460239233,-0.028551983073334893,-0.015434988774359226,0.014685236848890781,0.6937958002090454,0.7198565602302551,-0.18685531616210938,-0.23809432983398438,-0.2016699646231693,-1.2014617919921875,0.0,0.1266474723815918,-0.21367454528808594,0.12003153101765811,-8.0,0.0,-0.044005393981933594,0.128204345703125,-0.02817212391957624,2.9011001586914062,0.0,0.5245180130004883,-0.018314361572265625,0.4395662267148156,-9.875457763671875,0.0,-0.38627004623413086,0.5433464050292969,-0.3209258336208724,12.454216003417969,0.0,-0.06778192520141602,0.7264957427978516,-0.06556753830203534,3.0183181762695312,0.0,-0.20564651489257812,-0.15262603759765625,-0.24247281420918024,0.5567779541015625,0.0,-0.14601373672485352,0.22588539123535156,-0.1453053438041551,9.289382934570312,0.0,0.05205869674682617,-0.09157562255859375,0.03963112410734362,-3.369964599609375,0.0,0.519340991973877,0.018314361572265625,0.4651742246160559,-8.937728881835938,0.0,-0.36460304260253906,0.628814697265625,-0.31618704254333074,10.168502807617188,0.0,0.12741422653198242,-0.7264957427978516,0.08609475096144377,-7.531135559082031,0.0,0.0023965835571289062,-0.03052520751953125,-0.005461586400274993,-0.08791351318359375,0.0,-0.08301165827812595,0.13421921356903743,-0.029312992647102912,3.073329395436175,0.0,-0.021944829306869196,-0.04495768981231264,-0.0027843574371272783,1.6066582200329467,0.0,0.15943574905395508,0.0061054229736328125,0.1188087074406885,0.3223419189453125,0.0,0.04592323303222656,0.16483497619628906,0.08006944427870524,1.9047622680664062,0.0,-0.0023965835571289062,0.06715583801269531,0.004534408176952593,0.02930450439453125,0.0,-0.3003687858581543,0.018314361572265625,-0.312229303283978,-0.08791351318359375,0.0,-0.002780437469482422,0.018314361572265625,-0.000895567547330087,0.08791351318359375,0.0,-0.01811981201171875,0.021978378295898438,-0.049125197857772473,-0.9142856597900391,0.0,0.00858306884765625,0.0073261260986328125,0.019141530729001162,0.2891349792480469,0.0,0.15521764755249023,-0.128204345703125,0.11351515625476752,0.6739959716796875,0.0,-0.028666019439697266,-0.21367454528808594,-0.0648076083635701,-2.373626708984375,0.0,0.0325007438659668,-0.10378456115722656,0.0361329985247415,-0.26373291015625,0.0,-0.2967252731323242,0.05494499206542969,-0.31641094033948425,-0.02930450439453125,0.0,0.008724212646484375,-0.04273414611816406,0.007528155451952737,-0.02930450439453125,0.0,-0.01735687255859375,0.05128288269042969,-0.053514114867937376,-0.9611740112304688,0.0,0.01735687255859375,0.021978378295898438,0.04126737203453497,0.6798553466796875,0.0,0.0001437664031982422,0.027618408203125,4.3504570723915206e-05,-0.0020757317543029785,0.0,0.0,0.0,-6.595569906172304e-36,0.0,0.0,0.019936954602599144,0.08737144619226456,-0.07369381189346313,0.007794088684022427,0.08737144619226456,-0.07369381189346313,0.007794088684022427
0.4813,1787703912.6690,ramp,0,-0.001769,0.052310505049933335,0.057076889288524245,-0.032070451637006704,-0.015274027362465858,0.014568869955837727,0.6939167380332947,0.7197458148002625,-0.1872386932373047,-0.25030517578125,-0.20218949181831616,-1.3186798095703125,0.0,0.1266474723815918,-0.21367454528808594,0.12018838025869098,-7.8241729736328125,0.0,-0.043238162994384766,0.15262603759765625,-0.026691655935208097,2.7252731323242188,0.0,0.5237512588500977,-0.04273414611816406,0.43787823874472226,-9.641029357910156,0.0,-0.3837771415710449,0.5555553436279297,-0.31955380768855607,12.219779968261719,0.0,-0.06778192520141602,0.75091552734375,-0.06612259103173518,2.9597091674804688,0.0,-0.20602989196777344,-0.1770458221435547,-0.2443983851300966,0.5567779541015625,0.0,-0.14582204818725586,0.20146560668945312,-0.14519769091951762,9.699630737304688,0.0,0.05129194259643555,-0.09157562255859375,0.039157804972875646,-3.4285736083984375,0.0,0.5189576148986816,0.0061054229736328125,0.46533115168029565,-8.996337890625,0.0,-0.3630690574645996,0.6410255432128906,-0.3156994205544419,10.109893798828125,0.0,0.1266474723815918,-0.7020759582519531,0.08607359368075138,-7.589744567871094,0.0,0.002780437469482422,-0.03052520751953125,-0.005809134271477227,-0.08791351318359375,0.0,-0.08216838151803928,0.09860235135949907,-0.027827537829962633,3.233390727658169,0.0,-0.02225719820833365,-0.06326071235403166,-0.003010843605934081,1.6065903149105896,0.0,0.1588606834411621,0.16483497619628906,0.11696098293390944,0.20513153076171875,0.0,0.04553985595703125,0.21367454528808594,0.07978180224109392,1.8461532592773438,0.0,-0.0023965835571289062,0.04273414611816406,0.004807037511951648,0.08791351318359375,0.0,-0.30017662048339844,0.1770458221435547,-0.31277932016569443,-0.26373291015625,0.0,-0.002780437469482422,0.0061054229736328125,-0.0008122043046809569,0.08791351318359375,0.0,-0.01926422119140625,-0.021978378295898438,-0.050901406786280884,-0.8673992156982422,0.0,0.00896453857421875,0.021978378295898438,0.019625377472204254,0.2578773498535156,0.0,0.15368366241455078,0.05494499206542969,0.11151811106688475,0.4981689453125,0.0,-0.029049396514892578,-0.1770458221435547,-0.06456582745521616,-2.3150177001953125,0.0,0.0325007438659668,-0.06715583801269531,0.036327556055987656,-0.26373291015625,0.0,-0.2969169616699219,0.05494499206542969,-0.31724765706491037,-0.08791351318359375,0.0,0.008724212646484375,-0.018314361572265625,0.007483734652897511,-0.02930450439453125,0.0,-0.01888275146484375,-0.021978378295898438,-0.05546756350746259,-0.8830299377441406,0.0,0.01773834228515625,0.05128288269042969,0.042510461984299364,0.6642265319824219,0.0,0.0001437664031982422,0.027618408203125,4.330919255576126e-05,-0.0025641322135925293,0.0,0.0,0.0,-6.887276027658764e-36,0.0,0.0,0.020281488075852394,0.11803413182497025,-0.04192531481385231,0.00679051224142313,0.11803413182497025,-0.04192531481385231,0.00679051224142313
0.5008,1787703912.6883,ramp,0,-0.001612,0.06918222976683058,0.07347738013409957,-0.03188212453604607,-0.015045499429106712,0.014442811720073223,0.6939808130264282,0.7196913957595825,-0.18819761276245117,-0.2625160217285156,-0.20268654091339555,-0.9084243774414062,0.0,0.1266474723815918,-0.21367454528808594,0.12033844318907759,-7.9413909912109375,0.0,-0.04208803176879883,0.15262603759765625,-0.02527524255242803,2.6080551147460938,0.0,0.5227923393249512,-0.03052520751953125,0.4362632840303639,-9.641029357910156,0.0,-0.38147640228271484,0.5799751281738281,-0.31824114445465057,11.9853515625,0.0,-0.06778192520141602,0.7387065887451172,-0.06665362859742155,3.0183181762695312,0.0,-0.20718050003051758,-0.21367454528808594,-0.24624064342320118,0.7325973510742188,0.0,-0.14582204818725586,0.1892547607421875,-0.14509469579358084,9.99267578125,0.0,0.05071687698364258,-0.07936477661132812,0.038704964679492034,-3.369964599609375,0.0,0.5185742378234863,0.03052520751953125,0.46548128906675484,-9.113555908203125,0.0,-0.36115169525146484,0.6654453277587891,-0.31523289624044615,9.699630737304688,0.0,0.12607240676879883,-0.6043949127197266,0.08605335180059429,-7.8241729736328125,0.0,0.0031638145446777344,-0.03052520751953125,-0.006141644978311368,-0.20513153076171875,0.0,-0.08090446838551457,0.13393669088289117,-0.026406353376986703,2.9039809848232236,0.0,-0.022429009132880758,0.021149163337051007,-0.003227530521085073,1.1495744986506613,0.0,0.15809345245361328,0.04273414611816406,0.11519320291655932,0.26373291015625,0.0,0.04534769058227539,0.09157562255859375,0.07950660545479077,1.9633712768554688,0.0,-0.0023965835571289062,0.05494499206542969,0.005067871142066182,0.02930450439453125,0.0,-0.30056047439575195,0.018314361572265625,-0.3133055397666881,-0.20513153076171875,0.0,-0.002780437469482422,0.0061054229736328125,-0.0007324478940277646,0.14652252197265625,0.0,-0.01926422119140625,0.05128288269042969,-0.052600765450917256,-0.8986568450927734,0.0,0.00896453857421875,-0.0073261260986328125,0.020088289882012226,0.3047637939453125,0.0,0.15253305435180664,-0.1770458221435547,0.10960747094497697,0.7325973510742188,0.0,-0.029241085052490234,-0.11599540710449219,-0.06433450754968008,-2.4322357177734375,0.0,0.0325007438659668,-0.04273414611816406,0.036513695772541765,-0.26373291015625,0.0,-0.29749250411987305,0.0061054229736328125,-0.31804817202369573,-0.02930450439453125,0.0,0.008724212646484375,-0.018314361572265625,0.007441235784350577,-0.02930450439453125,0.0,-0.01926422119140625,0.05128288269042969,-0.05733649334911527,-0.9611740112304688,0.0,0.01773834228515625,-0.0073261260986328125,0.043699767838554074,0.74237060546875,0.0,4.792213439941406e-05,0.009205818176269531,4.31222677083493e-05,-0.0028083324432373047,0.0,0.0,0.0,-7.166361059334494e-36,0.0,0.0,0.02056683972477913,0.05077842250466347,-0.06103247031569481,0.0009947167709469795,0.05077842250466347,-0.06103247031569481,0.0009947167709469795
0.5202,1787703912.7077,ramp,0,-0.001358,0.08116102432027691,0.07358726881857898,-0.0314019732362616,-0.0147416852414608,0.014309458434581757,0.6940125226974487,0.7196696996688843,-0.18915653228759766,-0.25030517578125,-0.20318020483058785,-0.8498153686523438,0.0,0.1266474723815918,-0.21367454528808594,0.12048748410832155,-7.76556396484375,0.0,-0.04093742370605469,0.16483497619628906,-0.023868475724303943,2.6080551147460938,0.0,0.5218338966369629,-0.03052520751953125,0.4346593280463963,-9.582420349121094,0.0,-0.37840843200683594,0.5799751281738281,-0.3169374211797886,11.575088500976562,0.0,-0.06758975982666016,0.7753353118896484,-0.06718104950503051,2.8424911499023438,0.0,-0.20852279663085938,-0.22588539123535156,-0.24807035492344787,1.3186798095703125,0.0,-0.14601373672485352,0.15262603759765625,-0.14499240212113473,10.109893798828125,0.0,0.05052518844604492,-0.06715583801269531,0.03825520847772579,-3.3113555908203125,0.0,0.5185742378234863,0.05494499206542969,0.4656304039349846,-8.996337890625,0.0,-0.3590421676635742,0.628814697265625,-0.31476954921377903,9.582412719726562,0.0,0.12530517578125,-0.4945049285888672,0.08603324777878116,-8.117218017578125,0.0,0.0033555030822753906,-0.018314361572265625,-0.006471891104235607,-0.20513153076171875,0.0,-0.07900825123983306,0.25430688325279105,-0.024994847972280534,2.2598482580841996,0.0,-0.022687753728286717,0.08996238953829812,-0.003442741679090834,0.9935767725251429,0.0,0.157135009765625,0.09157562255859375,0.11343746245402031,0.14652252197265625,0.0,0.044963836669921875,0.018314361572265625,0.07923328291005614,2.0805892944335938,0.0,-0.0023965835571289062,0.04273414611816406,0.0053269283516105565,0.08791351318359375,0.0,-0.2999849319458008,0.10378456115722656,-0.31382817552259556,-0.3223419189453125,0.0,-0.002780437469482422,0.018314361572265625,-0.0006532346684248438,0.08791351318359375,0.0,-0.02040863037109375,-0.0073261260986328125,-0.05428855054781004,-0.8361415863037109,0.0,0.00896453857421875,0.0073261260986328125,0.020548049603546822,0.27350616455078125,0.0,0.1509990692138672,-0.16483497619628906,0.10770984333381498,0.6739959716796875,0.0,-0.02943277359008789,-0.07936477661132812,-0.06410476306000698,-2.4908447265625,0.0,0.0325007438659668,-0.04273414611816406,0.036698567775184654,-0.26373291015625,0.0,-0.2976841926574707,0.03052520751953125,-0.3188432350350505,-0.02930450439453125,0.0,0.008724212646484375,-0.018314361572265625,0.007399026356487584,-0.02930450439453125,0.0,-0.02040863037109375,-0.0073261260986328125,-0.05919269474998585,-0.8361434936523438,0.0,0.01773834228515625,0.021978378295898438,0.04488097386541007,0.6954841613769531,0.0,0.0001437664031982422,0.027618408203125,4.29366159220218e-05,-0.00305253267288208,0.0,0.0,0.0,-7.443545368350825e-36,0.0,0.0,0.021061936393380165,-0.005555461626499891,-0.181470587849617,-0.015340432524681091,-0.005555461626499891,-0.181470587849617,-0.015340432524681091
0.5401,1787703912.7276,ramp,0,-0.000898,0.08835086018370471,0.0730973720136805,-0.02613329809073033,-0.014456101693212986,0.014342710375785828,0.694052517414093,0.7196362614631653,-0.1903066635131836,-0.25030517578125,-0.2036880146708059,-0.6739959716796875,0.0,0.12626409530639648,-0.128204345703125,0.1206407957901185,-8.293037414550781,0.0,-0.03978681564331055,0.14041519165039062,-0.022421398039800047,2.139190673828125,0.0,0.5206832885742188,0.018314361572265625,0.4330094107573874,-9.641029357910156,0.0,-0.37610769271850586,0.3235645294189453,-0.315596339758117,12.161170959472656,0.0,-0.06816530227661133,0.5921859741210938,-0.06772358364109587,3.25274658203125,0.0,-0.20986509323120117,-0.2625160217285156,-0.2499524967454994,1.2014617919921875,0.0,-0.14620542526245117,-0.018314361572265625,-0.14488717722692815,10.344329833984375,0.0,0.05033302307128906,0.0061054229736328125,0.03779256452704986,-3.6043930053710938,0.0,0.5183825492858887,0.07936477661132812,0.465783791684773,-9.113555908203125,0.0,-0.3573164939880371,0.34798622131347656,-0.31429292499356964,10.285720825195312,0.0,0.12511348724365234,0.16483497619628906,0.08601256767689579,-9.99267578125,0.0,0.0033555030822753906,-0.0061054229736328125,-0.006811600421845898,-0.26373291015625,0.0,-0.07641062163090145,0.22304796645067074,-0.023542895927441174,2.258614941161536,0.0,-0.02266217352686457,0.10501774036972379,-0.003664119705626805,0.9915018466033637,0.0,0.15617609024047852,0.128204345703125,0.11163141130728638,0.20513153076171875,0.0,0.044963836669921875,0.1892547607421875,0.07895212831694941,1.8461532592773438,0.0,-0.0023965835571289062,0.04273414611816406,0.005593408836824592,0.08791351318359375,0.0,-0.3003687858581543,0.14041519165039062,-0.3143657873885975,-0.26373291015625,0.0,-0.002780437469482422,0.0061054229736328125,-0.0005717515904932902,0.02930450439453125,0.0,-0.02155303955078125,-0.05128288269042969,-0.056024699070169395,-0.9924297332763672,0.0,0.00896453857421875,0.03663063049316406,0.02102098372451527,0.3047637939453125,0.0,0.14984893798828125,-0.10378456115722656,0.1057578392669628,0.8498153686523438,0.0,-0.02943277359008789,-0.128204345703125,-0.06386843524967112,-2.4322357177734375,0.0,0.03230905532836914,-0.10378456115722656,0.03688873727887619,-0.20513153076171875,0.0,-0.29883432388305664,0.07936477661132812,-0.31966108055038744,-0.02930450439453125,0.0,0.008724212646484375,-0.05494499206542969,0.007355607418881795,0.02930450439453125,0.0,-0.02155303955078125,-0.05128288269042969,-0.06110208553987712,-0.992431640625,0.0,0.01811981201171875,0.08058547973632812,0.046096027311434355,0.74237060546875,0.0,4.792213439941406e-05,-0.0030689239501953125,4.274564428997027e-05,-0.0015873312950134277,0.0,0.0,0.0,-7.728672384465527e-36,0.0,0.0,0.02150150015950203,-0.013992107473313808,-0.1506093442440033,-0.022868789732456207,-0.013992107473313808,-0.1506093442440033,-0.022868789732456207
0.5601,1787703912.7477,ramp,0,-0.000463,0.0344392231551183,0.12429185028049171,0.02259157056000696,-0.013970541767776012,0.014149092137813568,0.6941303610801697,0.7195746898651123,-0.19260787963867188,-0.25030517578125,-0.2041986877905423,-0.4395599365234375,0.0,0.12588024139404297,-0.2991447448730469,0.1207949719179416,-7.648353576660156,0.0,-0.03863668441772461,0.16483497619628906,-0.020966161025627122,2.25640869140625,0.0,0.5201082229614258,0.03052520751953125,0.4313501904301023,-9.347984313964844,0.0,-0.372464656829834,0.6776561737060547,-0.31424769666539654,10.871795654296875,0.0,-0.06701469421386719,0.9218559265136719,-0.06826917684919329,2.373626708984375,0.0,-0.21254920959472656,-0.27472496032714844,-0.2518452510009914,1.8461532592773438,0.0,-0.14639759063720703,0.14041519165039062,-0.14478135902345393,10.22711181640625,0.0,0.05052518844604492,-0.05494499206542969,0.03732731196416647,-3.4871826171875,0.0,0.5185742378234863,0.03052520751953125,0.46593804430949604,-8.937728881835938,0.0,-0.35405683517456055,0.7264957427978516,-0.3138136133335755,8.820510864257812,0.0,0.12453842163085938,-0.4822959899902344,0.08599177097051108,-8.058609008789062,0.0,0.0033555030822753906,-0.0061054229736328125,-0.007153225186251968,-0.380950927734375,0.0,-0.0733207584073047,0.25903347622970924,-0.022082757068912176,1.7772205423364107,0.0,-0.022421238339444396,0.09516894041187504,-0.003886745969433885,0.9864248814754992,0.0,0.15483379364013672,0.05494499206542969,0.1098151767634459,0.20513153076171875,0.0,0.04477214813232422,0.05494499206542969,0.07866938843713848,1.9633712768554688,0.0,-0.0023965835571289062,0.018314361572265625,0.005861391868966488,0.02930450439453125,0.0,-0.30017662048339844,0.05494499206542969,-0.3149064305724724,-0.20513153076171875,0.0,-0.002780437469482422,0.0061054229736328125,-0.0004898090712322136,0.14652252197265625,0.0,-0.02155303955078125,-0.021978378295898438,-0.057770636844550284,-1.039316177368164,0.0,0.00896453857421875,0.03663063049316406,0.021496584478689414,0.3203926086425781,0.0,0.14850664138793945,-0.21367454528808594,0.10379482884926483,0.8498153686523438,0.0,-0.02943277359008789,-0.06715583801269531,-0.06363077490789266,-2.4908447265625,0.0,0.03230905532836914,-0.06715583801269531,0.03707997905096785,-0.20513153076171875,0.0,-0.2990264892578125,0.03052520751953125,-0.3204835374775714,-0.02930450439453125,0.0,0.008724212646484375,-0.03052520751953125,0.0073119436641320475,-0.02930450439453125,0.0,-0.02193450927734375,-0.021978378295898438,-0.06302224240617782,-1.0862045288085938,0.0,0.01811981201171875,0.05128288269042969,0.04731793182132187,0.8048858642578125,0.0,4.792213439941406e-05,0.009205818176269531,4.2553595866727756e-05,-0.002319931983947754,0.0,0.0,0.0,-8.0154070857425e-36,0.0,0.0,0.02170039713382721,-0.0615660734474659,-0.13447372615337372,0.021402815356850624,-0.0615660734474659,-0.13447372615337372,0.021402815356850624
0.5808,1787703912.7683,ramp,0,0.000019,0.0867405798305883,0.13867239585707997,-0.018620784891131205,-0.01371694728732109,0.014231160283088684,0.6941922307014465,0.71951824426651,-0.19490861892700195,-0.23809432983398438,-0.204724905468943,-0.20513153076171875,0.0,0.12549686431884766,-0.2991447448730469,0.12095384106713386,-7.589744567871094,0.0,-0.03786945343017578,0.20146560668945312,-0.019466627540261586,2.1977996826171875,0.0,0.519340991973877,0.03052520751953125,0.4296404645118283,-9.289375305175781,0.0,-0.36901283264160156,0.6654453277587891,-0.31285800175134115,10.578758239746094,0.0,-0.06701469421386719,0.8974361419677734,-0.06883137756080387,2.25640869140625,0.0,-0.21484994888305664,-0.2991447448730469,-0.2537956194688328,2.3150177001953125,0.0,-0.14678096771240234,0.11599540710449219,-0.14467231978247436,10.637359619140625,0.0,0.05052518844604492,-0.04273414611816406,0.03684789741492049,-3.4285736083984375,0.0,0.5189576148986816,0.03052520751953125,0.4660969922841043,-8.937728881835938,0.0,-0.3511805534362793,0.7997550964355469,-0.31331971173741807,8.410263061523438,0.0,0.12434673309326172,-0.47008514404296875,0.08597034122586782,-8.117218017578125,0.0,0.003547191619873047,0.018314361572265625,-0.007505248786990411,-0.26373291015625,0.0,-0.06959690787869005,0.25471707032747903,-0.020578172530226542,1.6130503329777088,0.0,-0.022115137599600543,0.10041453243184627,-0.004116148832369081,0.8326582514777726,0.0,0.15368366241455078,0.16483497619628906,0.10794365721766641,0.20513153076171875,0.0,0.04477214813232422,0.128204345703125,0.07837804213870364,1.9047622680664062,0.0,-0.0023965835571289062,0.04273414611816406,0.006137532130857053,0.08791351318359375,0.0,-0.2999849319458008,0.11599540710449219,-0.31546353058433263,-0.3223419189453125,0.0,-0.002780437469482422,-0.0061054229736328125,-0.00040537227481315854,0.14652252197265625,0.0,-0.02269744873046875,-0.0073261260986328125,-0.05956971983278549,-1.0236873626708984,0.0,0.00896453857421875,0.021978378295898438,0.021986662211459673,0.33602142333984375,0.0,0.1473560333251953,-0.10378456115722656,0.10177206566719141,0.6739959716796875,0.0,-0.029241085052490234,-0.018314361572265625,-0.06338588033940015,-2.5494537353515625,0.0,0.03230905532836914,-0.03052520751953125,0.037277042098608285,-0.26373291015625,0.0,-0.29921817779541016,-0.0061054229736328125,-0.32133102946036995,0.02930450439453125,0.0,0.008724212646484375,-0.018314361572265625,0.007266950812997591,0.02930450439453125,0.0,-0.02307891845703125,-0.0073261260986328125,-0.06500084760253401,-1.117462158203125,0.0,0.01850128173828125,0.05128288269042969,0.048577030312255236,0.7892570495605469,0.0,0.0001437664031982422,0.02148151397705078,4.2355701613998437e-05,-0.0020757317543029785,0.0,0.0,0.0,-8.310869805418765e-36,0.0,0.0,0.021860690787434578,-0.011719726957380772,-0.11653265357017517,-0.040895506739616394,-0.011719726957380772,-0.11653265357017517,-0.040895506739616394
0.6010,1787703912.7885,ramp,0,0.000163,0.08928371557928902,0.18345751090742474,-0.016745558500552038,-0.013326207175850868,0.0139266736805439,0.6942788362503052,0.7194479703903198,-0.19682598114013672,-0.1892547607421875,-0.2052392484175531,0.08791351318359375,0.0,0.12492179870605469,-0.4212455749511719,0.12110912514441356,-7.531135559082031,0.0,-0.03729438781738281,0.20146560668945312,-0.01800093281722124,1.9047622680664062,0.0,0.5183825492858887,-0.0061054229736328125,0.4279693205989275,-8.937728881835938,0.0,-0.36383581161499023,0.8608055114746094,-0.311499666961191,9.875457763671875,0.0,-0.0660562515258789,0.8974361419677734,-0.06938089154254486,2.4908447265625,0.0,-0.21715116500854492,-0.20146560668945312,-0.2557019755450376,2.4322357177734375,0.0,-0.14697265625,0.25030517578125,-0.14456574114207196,10.871795654296875,0.0,0.05052518844604492,-0.11599540710449219,0.03637930142701075,-3.3113555908203125,0.0,0.5189576148986816,-0.0061054229736328125,0.4662523534080104,-8.76190185546875,0.0,-0.34696245193481445,0.9706954956054688,-0.3128369556200963,7.9413909912109375,0.0,0.1222372055053711,-0.7264957427978516,0.08594939506898218,-7.413917541503906,0.0,0.003547191619873047,0.03052520751953125,-0.007849328555147255,-0.20513153076171875,0.0,-0.06530870712227173,0.3707806864118645,-0.01910754073691113,0.7237979020983603,0.0,-0.02151582951404585,0.2330489037493132,-0.0043403749459810115,0.302374925284533,0.0,0.15195798873901367,0.20146560668945312,0.10611437074351529,0.20513153076171875,0.0,0.04458045959472656,0.04273414611816406,0.07809327041712438,1.9047622680664062,0.0,-0.00220489501953125,0.04273414611816406,0.006407440958250343,0.08791351318359375,0.0,-0.2999849319458008,0.1770458221435547,-0.3160080589696992,-0.380950927734375,0.0,-0.002780437469482422,0.0061054229736328125,-0.0003228408954544142,0.08791351318359375,0.0,-0.02384185791015625,-0.021978378295898438,-0.061328204366743876,-0.9768009185791016,0.0,0.00934600830078125,0.021978378295898438,0.02246568075543427,0.3203926086425781,0.0,0.14620542526245117,0.0061054229736328125,0.09979494854986168,0.4981689453125,0.0,-0.029049396514892578,0.04273414611816406,-0.06314651210905135,-2.5494537353515625,0.0,0.03230905532836914,-0.018314361572265625,0.0374696581834451,-0.20513153076171875,0.0,-0.2994098663330078,-0.07936477661132812,-0.32215939677535793,-0.02930450439453125,0.0,0.008724212646484375,-0.03052520751953125,0.007222973279233989,-0.02930450439453125,0.0,-0.02422332763671875,0.021978378295898438,-0.06693480321178309,-1.0549468994140625,0.0,0.01926422119140625,0.03663063049316406,0.04980771574339733,0.7736282348632812,0.0,0.0001437664031982422,0.027618408203125,4.216227308120733e-05,-0.0025641322135925293,0.0,0.0,0.0,-8.599665056282464e-36,0.0,0.0,0.021410416811704636,-0.1414417177438736,-0.1882288157939911,-0.060552164912223816,-0.1414417177438736,-0.1882288157939911,-0.060552164912223816
0.6207,1787703912.8083,ramp,0,0.000518,0.08873123448877368,0.16664026447957642,0.005595521993284252,-0.012857146561145782,0.013692529872059822,0.6943768262863159,0.7193663716316223,-0.19835996627807617,-0.15262603759765625,-0.20574309078014957,-0.20513153076171875,0.0,0.12453842163085938,-0.09157562255859375,0.12126123901431622,-8.175827026367188,0.0,-0.0369110107421875,0.14041519165039062,-0.01656516103479961,2.139190673828125,0.0,0.5162734985351562,0.04273414611816406,0.42633229398158967,-9.406593322753906,0.0,-0.36115169525146484,0.3235645294189453,-0.3101690633012873,10.813186645507812,0.0,-0.06778192520141602,0.4334545135498047,-0.06991918690284558,3.7216110229492188,0.0,-0.21926021575927734,-0.3601951599121094,-0.2575694123437356,2.6080551147460938,0.0,-0.14716434478759766,0.0061054229736328125,-0.1444613383615385,10.402923583984375,0.0,0.05033302307128906,-0.05494499206542969,0.0359202720764778,-3.4871826171875,0.0,0.518765926361084,0.128204345703125,0.4664045427515915,-8.937728881835938,0.0,-0.3461952209472656,0.45787620544433594,-0.3123640552267563,8.820510864257812,0.0,0.12377119064331055,0.018314361572265625,0.08592887653907698,-9.465194702148438,0.0,0.003738880157470703,0.018314361572265625,-0.008186383751059408,-0.380950927734375,0.0,-0.06108773296904273,0.3354615271209021,-0.017666932677141055,0.8040427468009215,0.0,-0.02083503286454059,0.18662913334932937,-0.00456002336372128,0.3760784178166534,0.0,0.15042400360107422,0.16483497619628906,0.10432243012978122,0.20513153076171875,0.0,0.044388771057128906,0.04273414611816406,0.07781431246234166,2.0805892944335938,0.0,-0.0023965835571289062,0.05494499206542969,0.006671839452770356,0.02930450439453125,0.0,-0.2997932434082031,0.11599540710449219,-0.3165414705172384,-0.26373291015625,0.0,-0.002780437469482422,0.018314361572265625,-0.00024199443828643247,0.08791351318359375,0.0,-0.02460479736328125,0.05128288269042969,-0.06305078849971055,-1.0549449920654297,0.0,0.00896453857421875,-0.0073261260986328125,0.02293491987998318,0.367279052734375,0.0,0.14582204818725586,-0.10378456115722656,0.09785819533448784,0.615386962890625,0.0,-0.028666019439697266,0.04273414611816406,-0.06291203070897501,-2.5494537353515625,0.0,0.0325007438659668,-0.04273414611816406,0.03765834190803107,-0.20513153076171875,0.0,-0.29960155487060547,0.05494499206542969,-0.322970852529168,-0.08791351318359375,0.0,0.008724212646484375,-0.03052520751953125,0.007179893570311183,-0.02930450439453125,0.0,-0.02498626708984375,0.09523773193359375,-0.06882927608431688,-1.1330909729003906,0.0,0.01926422119140625,0.0073261260986328125,0.05101327607413653,0.8361434936523438,0.0,4.792213439941406e-05,0.015343666076660156,4.1972793495226025e-05,-0.0025641322135925293,0.0,0.0,0.0,-8.882564397850234e-36,0.0,0.0,0.021072061732411385,-0.09721329063177109,-0.16910549998283386,-0.022172359749674797,-0.09721329063177109,-0.16910549998283386,-0.022172359749674797
0.6408,1787703912.8283,ramp,0,0.001104,0.08119555386828546,0.11939115949917672,0.008788763452100445,-0.012281862087547779,0.013518230989575386,0.6943832039833069,0.7193735241889954,-0.1991267204284668,-0.04273414611816406,-0.20625509563527994,-0.26373291015625,0.0,0.12415456771850586,-0.23809432983398438,0.12141581720325903,-7.76556396484375,0.0,-0.03633546829223633,0.14041519165039062,-0.015106129047749786,2.139190673828125,0.0,0.5141639709472656,0.06715583801269531,0.4246687467329319,-8.937728881835938,0.0,-0.3559741973876953,0.5921859741210938,-0.30881690321174243,9.816848754882812,0.0,-0.06758975982666016,0.8608055114746094,-0.07046620291108234,2.5494537353515625,0.0,-0.22136926651000977,-0.27472496032714844,-0.2594671025313076,3.135528564453125,0.0,-0.14754772186279297,0.10378456115722656,-0.14435524420493215,10.461532592773438,0.0,0.05033302307128906,-0.05494499206542969,0.03545380622610938,-3.4871826171875,0.0,0.5189576148986816,0.07936477661132812,0.4665591976369231,-8.996337890625,0.0,-0.3427438735961914,0.7264957427978516,-0.3118834936159077,7.882781982421875,0.0,0.12300443649291992,-0.28693580627441406,0.08590802559895862,-8.586074829101562,0.0,0.003930568695068359,0.04273414611816406,-0.008528899405885644,-0.26373291015625,0.0,-0.05700766042727154,0.2910680894140894,-0.016202986062685942,0.6435102732935748,0.0,-0.019388795879327056,0.14978809635518744,-0.0047832301931850915,0.3738617493593006,0.0,0.14850664138793945,0.21367454528808594,0.10250145920226933,0.20513153076171875,0.0,0.04458045959472656,0.05494499206542969,0.077530835252347,2.0219802856445312,0.0,-0.00220489501953125,0.018314361572265625,0.006940521332129949,0.08791351318359375,0.0,-0.2997932434082031,0.1770458221435547,-0.31708352359255987,-0.380950927734375,0.0,-0.002780437469482422,0.018314361572265625,-0.00015983822899752432,0.08791351318359375,0.0,-0.02613067626953125,-0.03663063049316406,-0.0648012793375677,-0.9455432891845703,0.0,0.00934600830078125,0.021978378295898438,0.023411760907696786,0.3203926086425781,0.0,0.14505529403686523,0.05494499206542969,0.09589006577041051,0.380950927734375,0.0,-0.02847433090209961,0.06715583801269531,-0.06267375059561145,-2.6666641235351562,0.0,0.0325007438659668,-0.018314361572265625,0.037850082401177064,-0.26373291015625,0.0,-0.2994098663330078,0.03052520751953125,-0.32379545426279976,-0.14652252197265625,0.0,0.008724212646484375,-0.018314361572265625,0.007136115949048033,0.02930450439453125,0.0,-0.02651214599609375,0.021978378295898438,-0.07075444034333506,-0.9768028259277344,0.0,0.02002716064453125,0.03663063049316406,0.05223836707146769,0.8205146789550781,0.0,0.0001437664031982422,0.027618408203125,4.178024424734109e-05,-0.002319931983947754,0.0,0.0,0.0,-9.1700468470223e-36,0.0,0.0,0.020200215280056,-0.06817515194416046,-0.17179827392101288,-0.04018043726682663,-0.06817515194416046,-0.17179827392101288,-0.04018043726682663
0.6612,1787703912.8486,ramp,0,0.001861,0.08236801053819286,0.0711544878075484,0.0005000098925618749,-0.011327173560857773,0.013071361929178238,0.6944678425788879,0.7193158268928528,-0.19970226287841797,-0.06715583801269531,-0.20677339382832358,-0.02930450439453125,0.0,0.1239628791809082,-0.47008514404296875,0.12157229539913986,-8.117218017578125,0.0,-0.03576040267944336,0.20146560668945312,-0.013629163282867965,1.8461532592773438,0.0,0.512054443359375,0.018314361572265625,0.42298475189502655,-8.644691467285156,0.0,-0.3498382568359375,0.75091552734375,-0.3074481229666052,9.641029357910156,0.0,-0.0660562515258789,0.7020759582519531,-0.07101994259888839,3.25274658203125,0.0,-0.22232818603515625,0.03052520751953125,-0.2613881182898883,2.7252731323242188,0.0,-0.14754772186279297,0.23809432983398438,-0.14424784598573442,11.457870483398438,0.0,0.050141334533691406,-0.14041519165039062,0.034981606783194,-3.0769195556640625,0.0,0.5189576148986816,0.0061054229736328125,0.46671575347191097,-8.586074829101562,0.0,-0.33775854110717773,0.9829063415527344,-0.3113970251536398,7.413917541503906,0.0,0.1208953857421875,-0.5677661895751953,0.08588691836827844,-8.058609008789062,0.0,0.004122257232666016,0.0061054229736328125,-0.008875625112110447,-0.380950927734375,0.0,-0.05151609693797311,0.3232432655573505,-0.014721045261965854,0.2470407086642524,0.0,-0.017192640985382854,0.06820478198967247,-0.005009180582574742,0.591823476363944,0.0,0.14678096771240234,0.3113555908203125,0.10065810570306444,0.14652252197265625,0.0,0.04458045959472656,0.11599540710449219,0.07724387366548491,1.9633712768554688,0.0,-0.00220489501953125,0.0061054229736328125,0.007212505730676707,0.14652252197265625,0.0,-0.2997932434082031,0.15262603759765625,-0.3176322393452675,-0.26373291015625,0.0,-0.002780437469482422,0.0061054229736328125,-7.667219181040465e-05,0.08791351318359375,0.0,-0.02765655517578125,-0.03663063049316406,-0.06657328643693364,-1.0549449920654297,0.0,0.00934600830078125,0.021978378295898438,0.02389446305506239,0.3516502380371094,0.0,0.14447975158691406,0.09157562255859375,0.09389774482556837,0.4395599365234375,0.0,-0.028090476989746094,-0.018314361572265625,-0.06243254164816285,-2.6080551147460938,0.0,0.03269243240356445,-0.09157562255859375,0.0380441796839178,-0.26373291015625,0.0,-0.2994098663330078,0.03052520751953125,-0.32463019163733736,-0.02930450439453125,0.0,0.008724212646484375,-0.04273414611816406,0.007091800232567839,-0.02930450439453125,0.0,-0.02765655517578125,-0.0073261260986328125,-0.07270326787253359,-1.1487197875976562,0.0,0.02040863037109375,0.03663063049316406,0.05347851634714033,0.867401123046875,0.0,0.0001437664031982422,0.033756256103515625,4.158532826900478e-05,-0.0037851333618164062,0.0,0.0,0.0,-9.461062903695649e-36,0.0,0.0,0.018757062032818794,0.015220745466649532,-0.2520301043987274,-0.0060984892770648,0.015220745466649532,-0.2520301043987274,-0.0060984892770648
0.6802,1787703912.8678,ramp,0,0.002157,0.09200940269833628,-0.129899984838251,0.04789051900656687,-0.010683272033929825,0.012614394538104534,0.6945661306381226,0.7192388772964478,-0.19931840896606445,-0.06715583801269531,-0.20725980940341726,-0.26373291015625,0.0,0.12377119064331055,0.10378456115722656,0.12171914798836464,-8.879119873046875,0.0,-0.03518486022949219,0.06715583801269531,-0.012243051655312753,2.4322357177734375,0.0,0.5095620155334473,0.04273414611816406,0.4214043463899941,-8.996337890625,0.0,-0.34792089462280273,0.06715583801269531,-0.30616354192995227,10.75457763671875,0.0,-0.06854867935180664,-0.16483497619628906,-0.07153961951906952,5.479850769042969,0.0,-0.22271156311035156,-0.6166057586669922,-0.26319096460020786,2.9011001586914062,0.0,-0.14754772186279297,-0.11599540710449219,-0.1441470542653383,10.461532592773438,0.0,0.04956626892089844,0.0061054229736328125,0.034538454237676146,-3.25274658203125,0.0,0.5185742378234863,0.0061054229736328125,0.46686267892434735,-9.23077392578125,0.0,-0.3379502296447754,0.03052520751953125,-0.3109404813338564,9.875457763671875,0.0,0.12281274795532227,0.75091552734375,0.08586710952871902,-11.5164794921875,0.0,0.004122257232666016,0.0061054229736328125,-0.009201022317921068,-0.3223419189453125,0.0,-0.046373629795702406,0.3592814275179758,-0.013330264633146766,-0.07955105037658561,0.0,-0.014284367314495536,0.1564311366814668,-0.00522123184972695,-0.00027776996415899285,0.0,0.14620542526245117,0.05494499206542969,0.0989281443324656,0.380950927734375,0.0,0.044388771057128906,0.018314361572265625,0.07697456424635761,1.9633712768554688,0.0,-0.00220489501953125,0.06715583801269531,0.007467759268912534,0.02930450439453125,0.0,-0.30017662048339844,-0.04273414611816406,-0.31814720137291597,-0.14652252197265625,0.0,-0.002780437469482422,0.0061054229736328125,1.3779660901608835e-06,0.08791351318359375,0.0,-0.02803802490234375,0.021978378295898438,-0.06823629021328592,-1.211233139038086,0.0,0.00934600830078125,0.0073261260986328125,0.024347472241204815,0.39853668212890625,0.0,0.14447975158691406,-0.27472496032714844,0.092027979599366,0.7912063598632812,0.0,-0.027898788452148438,0.06715583801269531,-0.06220617043856639,-2.6080551147460938,0.0,0.0325007438659668,-0.03052520751953125,0.03822633725783105,-0.26373291015625,0.0,-0.2994098663330078,-0.05494499206542969,-0.3254135809401314,0.02930450439453125,0.0,0.008724212646484375,-0.018314361572265625,0.007050210555029475,-0.02930450439453125,0.0,-0.02765655517578125,0.0659332275390625,-0.07453221513898423,-1.3206367492675781,0.0,0.02002716064453125,0.0073261260986328125,0.05464237902546826,0.9455451965332031,0.0,4.792213439941406e-05,0.02148151397705078,4.1402402360773e-05,-0.0032967329025268555,0.0,0.0,0.0,-9.734177385799077e-36,0.0,0.0,0.016155963763594627,-0.06464410573244095,-0.4887547194957733,0.04059581086039543,-0.06464410573244095,-0.4887547194957733,0.04059581086039543
0.7007,1787703912.8883,ramp,0,0.003151,0.11161858237734756,-0.06409790986716545,-0.00562031747944911,-0.0101669542491436,0.01279675867408514,0.6945119500160217,0.7192955017089844,-0.2008523941040039,-0.14041519165039062,-0.20778179534185692,0.08791351318359375,0.0,0.12357950210571289,-0.09157562255859375,0.12187673954283745,-8.117218017578125,0.0,-0.034801483154296875,0.07936477661132812,-0.010755577125838231,2.25640869140625,0.0,0.5068774223327637,0.07936477661132812,0.41970836975417053,-8.879119873046875,0.0,-0.3437027931213379,0.3113555908203125,-0.30478502267141516,9.582420349121094,0.0,-0.06950759887695312,0.5677661895751953,-0.07209729912218245,3.4871826171875,0.0,-0.22616291046142578,-0.3601951599121094,-0.26512564858513865,3.5457839965820312,0.0,-0.1483149528503418,-0.06715583801269531,-0.1440388918966728,10.813186645507812,0.0,0.04956626892089844,0.05494499206542969,0.034062895046752806,-3.5457839965820312,0.0,0.5195331573486328,0.05494499206542969,0.46702034867033754,-9.5238037109375,0.0,-0.3356494903564453,0.3113555908203125,-0.31045055159802804,8.410263061523438,0.0,0.12357950210571289,0.25030517578125,0.08584585211790353,-10.285720825195312,0.0,0.004122257232666016,0.018314361572265625,-0.009550215013504455,-0.380950927734375,0.0,-0.0428491527722266,0.25159820458685694,-0.011837779669938021,0.317316582366127,0.0,-0.011566629009224243,0.15866149456200299,-0.005448789899570339,-0.07244859942229126,0.0,0.14601373672485352,0.128204345703125,0.09707167518194035,0.26373291015625,0.0,0.044388771057128906,0.05494499206542969,0.07668556089804433,1.9633712768554688,0.0,-0.00220489501953125,0.03052520751953125,0.007741678864662352,0.08791351318359375,0.0,-0.29960155487060547,0.10378456115722656,-0.3186998212951113,-0.20513153076171875,0.0,-0.002780437469482422,0.0061054229736328125,8.513573825698556e-05,0.08791351318359375,0.0,-0.02956390380859375,0.021978378295898438,-0.07002090532693805,-1.0236873626708984,0.0,0.00972747802734375,0.0073261260986328125,0.024833608864409787,0.367279052734375,0.0,0.14447975158691406,-0.07936477661132812,0.09002148308437846,0.5567779541015625,0.0,-0.028090476989746094,0.10378456115722656,-0.06196324526444101,-2.5494537353515625,0.0,0.03269243240356445,-0.018314361572265625,0.03842181556286825,-0.3223419189453125,0.0,-0.29921817779541016,-0.06715583801269531,-0.32625425755765924,-0.02930450439453125,0.0,0.008724212646484375,-0.04273414611816406,0.007005579527630558,-0.02930450439453125,0.0,-0.02918243408203125,0.03663063049316406,-0.0764949087781652,-1.1018333435058594,0.0,0.02079010009765625,0.021978378295898438,0.055891352091852725,0.8517723083496094,0.0,4.792213439941406e-05,0.02148151397705078,4.120609953503616e-05,-0.003540933132171631,0.0,0.0,0.0,-1.0027264051896824e-35,0.0,0.0,0.014439895749092102,-0.04548873007297516,-0.315947026014328,-0.025203576311469078,-0.04548873007297516,-0.315947026014328,-0.025203576311469078
0.7201,1787703912.9076,ramp,0,0.003401,0.07203968926437711,-0.07759480194930861,0.08714074475150793,-0.009427920915186405,0.012211175635457039,0.6945315003395081,0.719296932220459,-0.20104408264160156,-0.05494499206542969,-0.20827559700983952,-1.0256423950195312,0.0,0.12357950210571289,0.11599540710449219,0.12202582205010049,-0.615386962890625,0.0,-0.034226417541503906,0.11599540710449219,-0.009348417756887134,1.7875442504882812,0.0,0.5053434371948242,0.06715583801269531,0.4181039662061888,-8.76190185546875,0.0,-0.340059757232666,0.04273414611816406,-0.30348093560875106,3.3113555908203125,0.0,-0.06969928741455078,-0.16483497619628906,-0.07262486720005099,0.9084243774414062,0.0,-0.2269296646118164,-0.5677661895751953,-0.2669558706436749,-4.483512878417969,0.0,-0.14793109893798828,-0.09157562255859375,-0.14393656968044677,0.5567779541015625,0.0,0.04956626892089844,0.0061054229736328125,0.03361301334609941,-1.4358978271484375,0.0,0.5199165344238281,0.018314361572265625,0.4671695051472209,-5.479850769042969,0.0,-0.3335404396057129,-0.03052520751953125,-0.30998707528012276,2.1977996826171875,0.0,0.12492179870605469,0.8241748809814453,0.08582574248631256,-7.23809814453125,0.0,0.003930568695068359,0.0061054229736328125,-0.009880553290512156,-0.4981689453125,0.0,-0.03847440767141262,0.3462790866730152,-0.010425880402163835,-0.32264620934140453,0.0,-0.007763355412408048,0.3013498067219509,-0.005664061109579215,-0.8047072471029166,0.0,0.1452469825744629,-0.04273414611816406,0.09531544480181199,-1.1428604125976562,0.0,0.04419708251953125,-0.09157562255859375,0.07641216208604522,0.6739959716796875,0.0,-0.0020132064819335938,0.05494499206542969,0.008000808360906447,0.20513153076171875,0.0,-0.2997932434082031,-0.11599540710449219,-0.3192226028860411,-0.3223419189453125,0.0,-0.002780437469482422,0.018314361572265625,0.00016437106732756536,0.08791351318359375,0.0,-0.03032684326171875,-0.03663063049316406,-0.07170916137931864,-1.1018314361572266,0.0,0.00972747802734375,0.0073261260986328125,0.025293496876189585,0.367279052734375,0.0,0.14409637451171875,-0.1770458221435547,0.08812332596377895,-0.7912063598632812,0.0,-0.028282642364501953,0.09157562255859375,-0.06173343666741893,-0.9670333862304688,0.0,0.03269243240356445,-0.018314361572265625,0.03860673915174942,0.20513153076171875,0.0,-0.2990264892578125,-0.09157562255859375,-0.3270495424214815,-0.380950927734375,0.0,0.008724212646484375,-0.04273414611816406,0.00696335832175049,0.08791351318359375,0.0,-0.03032684326171875,-0.021978378295898438,-0.07835162812900334,-1.2112350463867188,0.0,0.02155303955078125,0.05128288269042969,0.057072887719593096,0.867401123046875,0.0,4.792213439941406e-05,0.015343666076660156,4.102039594488141e-05,-0.002319931983947754,0.0,0.0,0.0,-1.0304525705755044e-35,0.0,0.0,0.010913318023085594,-0.23085016012191772,-0.424105703830719,0.07274975627660751,-0.23085016012191772,-0.424105703830719,0.07274975627660751
0.7409,1787703912.9284,ramp,0,0.004171,0.08356905457792656,-0.007000850774424398,-0.02830162304432683,-0.009047810919582844,0.012372877448797226,0.694502055644989,0.7193273901939392,-0.20372867584228516,-0.09157562255859375,-0.20880521044273864,0.380950927734375,0.0,0.12377119064331055,-0.27472496032714844,0.12218571640359539,-7.531135559082031,0.0,-0.03365135192871094,0.1892547607421875,-0.007839207577279864,1.7289352416992188,0.0,0.5038094520568848,0.05494499206542969,0.4163832071932158,-8.351646423339844,0.0,-0.33545780181884766,0.6776561737060547,-0.30208227280374567,8.058609008789062,0.0,-0.06989097595214844,0.7387065887451172,-0.07319069586958436,3.135528564453125,0.0,-0.2322988510131836,-0.39682579040527344,-0.2689188251054311,5.010986328125,0.0,-0.14850664138793945,0.09157562255859375,-0.1438268267943631,10.5201416015625,0.0,0.04994964599609375,-0.018314361572265625,0.033130505069335264,-3.4871826171875,0.0,0.5226006507873535,0.10378456115722656,0.4673294788348029,-9.875457763671875,0.0,-0.3312397003173828,0.7387065887451172,-0.3094899864695562,7.003662109375,0.0,0.12607240676879883,-0.628814697265625,0.08580417445260233,-7.9413909912109375,0.0,0.003738880157470703,0.018314361572265625,-0.01023484854759136,-0.3223419189453125,0.0,-0.03564953716371547,0.35580969934509055,-0.008911586574100024,-0.24041036989882375,0.0,-0.003929000391208216,0.25398732336368857,-0.0058949443404984975,-0.7296200891833602,0.0,0.14505529403686523,0.0061054229736328125,0.09343184808497322,0.26373291015625,0.0,0.044005393981933594,0.0061054229736328125,0.07611893569018278,2.139190673828125,0.0,-0.0018215179443359375,0.03052520751953125,0.008278730593595414,0.08791351318359375,0.0,-0.2994098663330078,-0.14041519165039062,-0.3197832979403124,-0.08791351318359375,0.0,-0.002780437469482422,0.018314361572265625,0.00024935274591809074,0.14652252197265625,0.0,-0.032998085021972656,0.05128288269042969,-0.07351985409562097,-0.8830280303955078,0.0,0.01049041748046875,-0.0073261260986328125,0.02578673714745663,0.3047637939453125,0.0,0.14409637451171875,-0.04273414611816406,0.08608750961481904,0.4395599365234375,0.0,-0.028282642364501953,0.10378456115722656,-0.06148696176085201,-2.7252731323242188,0.0,0.03288412094116211,-0.0061054229736328125,0.03880507387413201,-0.26373291015625,0.0,-0.29883432388305664,-0.018314361572265625,-0.32790250338571314,-0.02930450439453125,0.0,0.008724212646484375,-0.04273414611816406,0.006918075125606908,-0.02930450439453125,0.0,-0.032998085021972656,0.08058547973632812,-0.08034300153473738,-0.9455451965332031,0.0,0.02307891845703125,0.0073261260986328125,0.058340111344933845,0.7736282348632812,0.0,4.792213439941406e-05,0.0030689239501953125,4.0821224653530046e-05,-0.0025641322135925293,0.0,0.0,0.0,-1.0601895086686987e-35,0.0,0.0,0.007866933010518551,-0.16794414818286896,-0.36355215311050415,-0.05264434218406677,-0.16794414818286896,-0.36355215311050415,-0.05264434218406677
0.7602,1787703912.9476,ramp,0,0.004531,0.04927900381396093,-0.02938688823626394,0.04607208764712555,-0.008498722687363625,0.012066234834492207,0.6944126486778259,0.7194256782531738,-0.20411205291748047,-0.09157562255859375,-0.20929641225251014,0.4395599365234375,0.0,0.12453842163085938,-0.20146560668945312,0.1223340139937434,-8.351646423339844,0.0,-0.033075809478759766,0.15262603759765625,-0.006439456880832049,1.8461532592773438,0.0,0.5034260749816895,0.0061054229736328125,0.4147872508053159,-8.175827026367188,0.0,-0.3329648971557617,0.5433464050292969,-0.3007850517394725,8.293037414550781,0.0,-0.07104110717773438,0.7753353118896484,-0.07371548630961149,3.1941375732421875,0.0,-0.23325777053833008,-0.39682579040527344,-0.2707394110728896,4.9523773193359375,0.0,-0.14793109893798828,0.21367454528808594,-0.14372504330303673,9.875457763671875,0.0,0.04994964599609375,-0.06715583801269531,0.032682991988938336,-3.25274658203125,0.0,0.5243263244628906,0.0061054229736328125,0.4674778500051223,-10.051284790039062,0.0,-0.329897403717041,0.6532363891601562,-0.3090289503473589,7.120880126953125,0.0,0.1270308494567871,-0.5921859741210938,0.08578417069791337,-8.0,0.0,0.003738880157470703,0.0061054229736328125,-0.010563447598635286,-0.26373291015625,0.0,-0.032040340397943796,0.43298879246997174,-0.007507120934323749,-0.9518167301541112,0.0,0.0001544623821485145,0.3198140767276384,-0.006109082150887167,-1.3818903486462026,0.0,0.1442880630493164,0.21367454528808594,0.0916848642308701,0.26373291015625,0.0,0.04342985153198242,0.0061054229736328125,0.07584697631873716,2.0805892944335938,0.0,-0.0018215179443359375,0.04273414611816406,0.008536495777014697,0.08791351318359375,0.0,-0.29960155487060547,0.128204345703125,-0.3203033270941811,-0.26373291015625,0.0,-0.002780437469482422,0.03052520751953125,0.0003281709021959317,0.08791351318359375,0.0,-0.033761024475097656,-0.03663063049316406,-0.07519922150576973,-1.1799755096435547,0.0,0.01049041748046875,0.021978378295898438,0.02624420385590531,0.3829078674316406,0.0,0.14371299743652344,-0.128204345703125,0.0841993462623574,0.615386962890625,0.0,-0.027898788452148438,-0.05494499206542969,-0.061258363102569886,-2.4908447265625,0.0,0.03326749801635742,-0.04273414611816406,0.038989023843152934,-0.26373291015625,0.0,-0.2994098663330078,0.03052520751953125,-0.32869360108692053,-0.14652252197265625,0.0,0.008724212646484375,-0.04273414611816406,0.006876076213728474,-0.02930450439453125,0.0,-0.033761024475097656,-0.021978378295898438,-0.08218994528666018,-1.2581214904785156,0.0,0.02346038818359375,0.0659332275390625,0.0595154262057092,0.867401123046875,0.0,4.792213439941406e-05,0.0030689239501953125,4.06364987899303e-05,-0.0018315315246582031,0.0,0.0,0.0,-1.0877696962188558e-35,0.0,0.0,0.004154153633862734,-0.2701413035392761,-0.4633960723876953,0.03127192705869675,-0.2701413035392761,-0.4633960723876953,0.03127192705869675
0.7803,1787703912.9679,ramp,0,0.005305,0.08211225552738279,-0.024572558775673197,0.026230584613707687,-0.007883432321250439,0.011982408352196217,0.694517970085144,0.7193323969841003,-0.2048797607421875,-0.07936477661132812,-0.20980938019082543,0.380950927734375,0.0,0.12530517578125,-0.25030517578125,0.12248888294487925,-8.058609008789062,0.0,-0.032117366790771484,0.15262603759765625,-0.004977680448765877,2.0219802856445312,0.0,0.5020837783813477,-0.03052520751953125,0.4131205744176149,-8.0,0.0,-0.33008909225463867,0.6410255432128906,-0.299430348231379,7.648353576660156,0.0,-0.07219171524047852,0.7631263732910156,-0.07426353125715253,3.3113555908203125,0.0,-0.2353668212890625,-0.47008514404296875,-0.2726406708233116,5.1868133544921875,0.0,-0.14754772186279297,0.1892547607421875,-0.1436187495828965,10.285720825195312,0.0,0.049757957458496094,-0.06715583801269531,0.03221564871443548,-3.369964599609375,0.0,0.5262436866760254,0.018314361572265625,0.46763279579691325,-10.109893798828125,0.0,-0.32893800735473633,0.6776561737060547,-0.3085474847981939,7.120880126953125,0.0,0.12818145751953125,-0.628814697265625,0.08576328053709306,-8.058609008789062,0.0,0.003547191619873047,-0.018314361572265625,-0.010906607526781267,-0.14652252197265625,0.0,-0.028636772923694563,0.2574855278258101,-0.006040420630418444,-0.1544931667709306,0.0,0.004802444163469711,0.19826573638205114,-0.0063327088332919505,-1.0878938874858597,0.0,0.1442880630493164,0.10378456115722656,0.08986046804974397,0.380950927734375,0.0,0.04304647445678711,-0.0061054229736328125,0.07556296588697413,2.0805892944335938,0.0,-0.0018215179443359375,0.04273414611816406,0.00880568304806641,0.08791351318359375,0.0,-0.2997932434082031,0.16483497619628906,-0.3208463997735101,-0.380950927734375,0.0,-0.002780437469482422,0.018314361572265625,0.0004104816476438451,0.08791351318359375,0.0,-0.034142494201660156,-0.0073261260986328125,-0.07695300502390995,-1.289377212524414,0.0,0.01049041748046875,0.03663063049316406,0.026721941823503518,0.4141654968261719,0.0,0.14371299743652344,-0.0061054229736328125,0.08222751463868055,0.380950927734375,0.0,-0.027898788452148438,-0.0061054229736328125,-0.06101963478335792,-2.4908447265625,0.0,0.03326749801635742,-0.0061054229736328125,0.03918112500093515,-0.26373291015625,0.0,-0.29921817779541016,0.128204345703125,-0.3295197538997188,-0.26373291015625,0.0,0.008724212646484375,-0.0061054229736328125,0.00683221624658424,0.02930450439453125,0.0,-0.034142494201660156,-0.0073261260986328125,-0.08411873078736683,-1.4300384521484375,0.0,0.02384185791015625,0.09523773193359375,0.06074282160411727,0.9768028259277344,0.0,4.792213439941406e-05,0.015343666076660156,4.044358735613824e-05,-0.0032967329025268555,0.0,0.0,0.0,-1.1165720166999926e-35,0.0,0.0,0.00030087269260548055,-0.11585183441638947,-0.28259649872779846,0.04109012335538864,-0.11585183441638947,-0.28259649872779846,0.04109012335538864
0.8009,1787703912.9888,ramp,0,0.005905,0.07847456057065948,0.022300145835346633,0.02070743610364094,-0.00709704402834177,0.011599422432482243,0.6945667266845703,0.7192997932434082,-0.20468759536743164,-0.07936477661132812,-0.2103340597497626,0.26373291015625,0.0,0.12607240676879883,-0.3601951599121094,0.12264728772401981,-8.76190185546875,0.0,-0.031350135803222656,0.1770458221435547,-0.003482530057573527,1.7875442504882812,0.0,0.5005497932434082,-0.018314361572265625,0.4114158459800796,-7.882781982421875,0.0,-0.3260617256164551,0.8241748809814453,-0.2980447153564442,7.120880126953125,0.0,-0.07238340377807617,0.7875461578369141,-0.07482408867190626,3.4285736083984375,0.0,-0.2370924949645996,-0.1770458221435547,-0.27458533841901467,4.600730895996094,0.0,-0.14716434478759766,0.3235645294189453,-0.14351002906054935,10.637359619140625,0.0,0.049757957458496094,-0.10378456115722656,0.03173763548042377,-3.1941375732421875,0.0,0.528928279876709,0.04273414611816406,0.46779127917106533,-10.461532592773438,0.0,-0.32759571075439453,0.8119659423828125,-0.30805502686250114,7.003662109375,0.0,0.1283731460571289,-0.628814697265625,0.08574191343099025,-8.4688720703125,0.0,0.0033555030822753906,-0.03052520751953125,-0.011257602172442493,-0.20513153076171875,0.0,-0.025793586036611735,0.14935652309024053,-0.004540233949992686,0.08746646643021316,0.0,0.009160384494032031,0.1493695233002644,-0.006561441158115357,-1.158210576521935,0.0,0.14409637451171875,0.11599540710449219,0.08799441890292269,0.3223419189453125,0.0,0.04285478591918945,0.09157562255859375,0.07527247118556962,1.9047622680664062,0.0,-0.0018215179443359375,0.018314361572265625,0.009081016159743471,0.02930450439453125,0.0,-0.29960155487060547,0.07936477661132812,-0.32140187139771526,-0.26373291015625,0.0,-0.002780437469482422,0.0061054229736328125,0.0004946716376834511,0.08791351318359375,0.0,-0.036049842834472656,0.03663063049316406,-0.07874682934320591,-1.164346694946289,0.0,0.01049041748046875,-0.0073261260986328125,0.02721058707285418,0.4297943115234375,0.0,0.14371299743652344,0.128204345703125,0.08021066393645743,0.380950927734375,0.0,-0.02770709991455078,-0.07936477661132812,-0.060775456034796525,-2.373626708984375,0.0,0.03326749801635742,-0.0061054229736328125,0.03937761203883369,-0.26373291015625,0.0,-0.2990264892578125,0.16483497619628906,-0.3303647686873044,-0.26373291015625,0.0,0.008724212646484375,0.0061054229736328125,0.006787354908287321,-0.02930450439453125,0.0,-0.035286903381347656,0.05128288269042969,-0.08609155257642213,-1.3831520080566406,0.0,0.02498626708984375,0.03663063049316406,0.061998239785599096,0.9299163818359375,0.0,0.0001437664031982422,0.033756256103515625,4.0246271542739887e-05,-0.0032967329025268555,0.0,0.0,0.0,-1.1460319257462408e-35,0.0,0.0,-0.0034340182319283485,-0.07098330557346344,-0.12748590111732483,0.04960066080093384,-0.07098330557346344,-0.12748590111732483,0.04960066080093384
0.8202,1787703913.0076,ramp,0,0.006356,0.03426162568051825,-0.027365020497864982,0.030182370292681403,-0.006221760530024767,0.011013869196176529,0.6947316527366638,0.7191576957702637,-0.20372867584228516,-0.14041519165039062,-0.21082630787936743,0.3223419189453125,0.0,0.12683916091918945,0.03052520751953125,0.1227959012061428,-8.820510864257812,0.0,-0.030966758728027344,0.07936477661132812,-0.0020797977212249144,2.1977996826171875,0.0,0.49901580810546875,-0.09157562255859375,0.40981649001019826,-7.648353576660156,0.0,-0.32529497146606445,0.1892547607421875,-0.2967447310529063,8.586082458496094,0.0,-0.07583475112915039,-0.06715583801269531,-0.07534999697965047,6.0659332275390625,0.0,-0.23690080642700195,-0.5921859741210938,-0.2764098024568877,5.010986328125,0.0,-0.14620542526245117,0.07936477661132812,-0.14340802875795813,9.5238037109375,0.0,0.049757957458496094,-0.0061054229736328125,0.03128916914252176,-3.4285736083984375,0.0,0.5310373306274414,0.07936477661132812,0.4679399663900945,-10.5201416015625,0.0,-0.32874631881713867,0.2625160217285156,-0.30759300867706846,8.351654052734375,0.0,0.13029050827026367,0.09157562255859375,0.08572186706586124,-10.285720825195312,0.0,0.0031638145446777344,-0.05494499206542969,-0.011586901179588917,-0.08791351318359375,0.0,-0.023369584976054715,0.3396812166426894,-0.0031327766269106105,-0.7746238352845707,0.0,0.013533230253992624,0.25120816155435033,-0.006776035108187576,-1.6587856098222118,0.0,0.14371299743652344,0.10378456115722656,0.08624371375989387,0.3223419189453125,0.0,0.042279720306396484,0.09157562255859375,0.07499993250745507,1.9047622680664062,0.0,-0.00220489501953125,0.03052520751953125,0.009339330414478002,0.08791351318359375,0.0,-0.2999849319458008,0.14041519165039062,-0.3219230082771802,-0.3223419189453125,0.0,-0.002780437469482422,0.018314361572265625,0.0005736576862582997,0.08791351318359375,0.0,-0.036431312561035156,0.09523773193359375,-0.08042977401099842,-1.2581195831298828,0.0,0.01049041748046875,-0.021978378295898438,0.027669028241251087,0.4297943115234375,0.0,0.14352130889892578,0.018314361572265625,0.07831847856549978,0.4395599365234375,0.0,-0.027898788452148438,-0.10378456115722656,-0.06054637043345909,-2.4322357177734375,0.0,0.033075809478759766,-0.018314361572265625,0.03956195384374995,-0.26373291015625,0.0,-0.2990264892578125,0.07936477661132812,-0.3311575515232128,-0.20513153076171875,0.0,0.008724212646484375,0.0061054229736328125,0.006745266533598284,-0.02930450439453125,0.0,-0.036049842834472656,0.15384674072265625,-0.08794243054405866,-1.3831520080566406,0.0,0.02574920654296875,0.0073261260986328125,0.0631760582105404,0.9455451965332031,0.0,4.792213439941406e-05,0.015343666076660156,4.006115219049462e-05,-0.0020757317543029785,0.0,0.0,0.0,-1.1736708624635744e-35,0.0,0.0,-0.007334328256547451,-0.2164202332496643,-0.36813873052597046,0.07967664301395416,-0.2164202332496643,-0.36813873052597046,0.07967664301395416
0.8409,1787703913.0283,ramp,0,0.006918,0.07811536671863503,0.07651382486284546,0.001300687226208887,-0.005467827897518873,0.010636224411427975,0.6948109269142151,0.7190930843353271,-0.2035369873046875,-0.14041519165039062,-0.21135422421233493,0.4395599365234375,0.0,0.12818145751953125,-0.28693580627441406,0.12295528319216452,-9.172164916992188,0.0,-0.03020000457763672,0.16483497619628906,-0.0005754236736594254,1.6703262329101562,0.0,0.49690675735473633,-0.06715583801269531,0.4081012450190038,-7.531135559082031,0.0,-0.32126855850219727,0.7631263732910156,-0.29535055014054795,7.003662109375,0.0,-0.07583475112915039,0.6898651123046875,-0.07591401250069343,4.0732574462890625,0.0,-0.2397770881652832,-0.05494499206542969,-0.27836646680272936,4.776557922363281,0.0,-0.14543867111206055,0.28693580627441406,-0.14329863753335603,10.461532592773438,0.0,0.04956626892089844,-0.09157562255859375,0.03080820702133568,-3.4285736083984375,0.0,0.5335302352905273,0.1770458221435547,0.46809942745598415,-11.164840698242188,0.0,-0.3274040222167969,0.7997550964355469,-0.30709751274412544,7.120880126953125,0.0,0.13048219680786133,-0.5921859741210938,0.08570036814502892,-8.703292846679688,0.0,0.002972126007080078,-0.04273414611816406,-0.011940061128499544,-0.14652252197265625,0.0,-0.021436828106845003,0.06872759691344626,-0.0016233352209954893,0.3394717402623273,0.0,0.017838479635549596,0.20929870776976664,-0.0070061784939838626,-1.6603094136796175,0.0,0.14352130889892578,0.27472496032714844,0.08436615286401572,0.14652252197265625,0.0,0.04189586639404297,0.22588539123535156,0.07470764572993584,1.8461532592773438,0.0,-0.0020132064819335938,0.0061054229736328125,0.009616362069676313,0.14652252197265625,0.0,-0.2997932434082031,0.2625160217285156,-0.3224819066331822,-0.4395599365234375,0.0,-0.002780437469482422,0.018314361572265625,0.0006583670484913372,0.08791351318359375,0.0,-0.038338661193847656,0.021978378295898438,-0.08223466452083446,-1.1330890655517578,0.0,0.01087188720703125,0.021978378295898438,0.028160687967202176,0.39853668212890625,0.0,0.14371299743652344,0.20146560668945312,0.07628918581200017,0.26373291015625,0.0,-0.028090476989746094,-0.1892547607421875,-0.060300685334176304,-2.3150177001953125,0.0,0.033075809478759766,-0.10378456115722656,0.039759653019858815,-0.26373291015625,0.0,-0.29883432388305664,0.23809432983398438,-0.3320077792486251,-0.3223419189453125,0.0,0.008724212646484375,-0.03052520751953125,0.006700128443496779,-0.02930450439453125,0.0,-0.037575721740722656,0.021978378295898438,-0.08992742276785744,-1.2737503051757812,0.0,0.02689361572265625,0.05128288269042969,0.06443922112859105,0.9455451965332031,0.0,4.792213439941406e-05,0.0030689239501953125,3.986261912612907e-05,-0.0028083324432373047,0.0,0.0,0.0,-1.2033125111391115e-35,0.0,0.0,-0.01105970237404108,-0.13123278319835663,0.007360846269875765,0.04258689284324646,-0.13123278319835663,0.007360846269875765,0.04258689284324646
0.8601,1787703913.0475,ramp,0,0.007520,0.021793481518553655,0.0556159082428312,0.07154390853794523,-0.004766424652189016,0.010338950902223587,0.6950058341026306,0.7189138531684875,-0.20276975631713867,-0.09157562255859375,-0.21184351119691983,0.14652252197265625,0.0,0.1293315887451172,-0.16483497619628906,0.12310300268191657,-8.996337890625,0.0,-0.029624462127685547,0.09157562255859375,0.0008188704510999345,2.0219802856445312,0.0,0.4953727722167969,-0.018314361572265625,0.406511510060723,-7.413917541503906,0.0,-0.3203096389770508,0.4822959899902344,-0.29405838596229816,7.355308532714844,0.0,-0.07851982116699219,0.372406005859375,-0.07643675717881117,5.0695953369140625,0.0,-0.23996877670288086,-0.33577537536621094,-0.2801799556793477,5.479850769042969,0.0,-0.14467191696166992,0.2625160217285156,-0.1431972508190547,8.820510864257812,0.0,0.04937458038330078,-0.09157562255859375,0.030362438456737827,-3.0769195556640625,0.0,0.5354475975036621,0.10378456115722656,0.46824722023907406,-11.22344970703125,0.0,-0.32874631881713867,0.5677661895751953,-0.30663827385386244,7.648353576660156,0.0,0.13201618194580078,-0.5677661895751953,0.08568044236988431,-8.644683837890625,0.0,0.0023965835571289062,-0.05494499206542969,-0.01226737921981019,-0.14652252197265625,0.0,-0.0200683200249503,0.24536138087121206,-0.00022434453291374223,-0.44223954092819495,0.0,0.021834718656726464,0.22760488752234578,-0.00721948154264206,-1.9426169958377075,0.0,0.14352130889892578,0.16483497619628906,0.08262597918165443,0.20513153076171875,0.0,0.041512489318847656,0.04273414611816406,0.07443674652285406,2.0805892944335938,0.0,-0.0018215179443359375,-0.0061054229736328125,0.009873122421159676,0.14652252197265625,0.0,-0.29960155487060547,0.16483497619628906,-0.32299990858580335,-0.380950927734375,0.0,-0.002780437469482422,0.018314361572265625,0.000736877952255445,0.08791351318359375,0.0,-0.038720130920410156,-0.03663063049316406,-0.08390748534473183,-1.336263656616211,0.0,0.01087188720703125,0.05128288269042969,0.0286163713581672,0.4454231262207031,0.0,0.14352130889892578,0.04273414611816406,0.07440838298360786,0.380950927734375,0.0,-0.028282642364501953,-0.14041519165039062,-0.06007297780955817,-2.373626708984375,0.0,0.033075809478759766,-0.04273414611816406,0.039942885906762475,-0.26373291015625,0.0,-0.29921817779541016,0.22588539123535156,-0.33279579305687207,-0.3223419189453125,0.0,0.008724212646484375,-0.03052520751953125,0.006658293253682626,0.02930450439453125,0.0,-0.037957191467285156,-0.03663063049316406,-0.09176716667982837,-1.5238113403320312,0.0,0.02727508544921875,0.08058547973632812,0.06560995432363792,0.992431640625,0.0,4.792213439941406e-05,-0.009205818176269531,3.9678613369274055e-05,-0.0015873312950134277,0.0,0.0,0.0,-1.230785184350515e-35,0.0,0.0,-0.0144236134365201,-0.20677053928375244,-0.19181683659553528,0.1235414519906044,-0.20677053928375244,-0.19181683659553528,0.1235414519906044
0.8803,1787703913.0682,ramp,0,0.008229,0.06021479213242374,0.11580227529180755,-0.000692464925721423,-0.00447903061285615,0.010547456331551075,0.6951923370361328,0.7187324166297913,-0.20276975631713867,-0.10378456115722656,-0.2123594459890757,0.26373291015625,0.0,0.13086557388305664,-0.15262603759765625,0.12325876734896006,-9.113555908203125,0.0,-0.029816150665283203,0.11599540710449219,0.0022891013628666343,2.0219802856445312,0.0,0.4934554100036621,-0.06715583801269531,0.40483519411297847,-7.1794891357421875,0.0,-0.31820058822631836,0.5677661895751953,-0.29269584725241987,6.9450531005859375,0.0,-0.0802454948425293,0.5311355590820312,-0.07698797185517142,4.717948913574219,0.0,-0.24188613891601562,-0.28693580627441406,-0.2820922117501458,5.655677795410156,0.0,-0.14371299743652344,0.22588539123535156,-0.14309034232768167,9.5238037109375,0.0,0.04879951477050781,-0.09157562255859375,0.02989239220786708,-3.135528564453125,0.0,0.5375566482543945,0.16483497619628906,0.4684030621911961,-11.692306518554688,0.0,-0.32893800735473633,0.5799751281738281,-0.30615402365129724,7.589744567871094,0.0,0.13335847854614258,-0.5799751281738281,0.08565943138659297,-8.76190185546875,0.0,0.0012464523315429688,-0.04273414611816406,-0.01261252388281911,-0.14652252197265625,0.0,-0.019263547229875,0.032426140564396674,0.0012508387289009437,0.6687602346189825,0.0,0.025828212551994703,0.11991924171807493,-0.00744440161520242,-1.8039581508431823,0.0,0.14371299743652344,0.1892547607421875,0.080791031236154,0.26373291015625,0.0,0.04093742370605469,0.11599540710449219,0.07415109345930589,1.9633712768554688,0.0,-0.0018215179443359375,0.05494499206542969,0.010143866591247948,0.08791351318359375,0.0,-0.2997932434082031,0.3235645294189453,-0.3235461222358325,-0.4395599365234375,0.0,-0.002780437469482422,0.0061054229736328125,0.0008196647585504619,0.08791351318359375,0.0,-0.040246009826660156,0.0073261260986328125,-0.08567141222462556,-1.3518924713134766,0.0,0.01125335693359375,0.03663063049316406,0.02909687241994358,0.4766807556152344,0.0,0.14313793182373047,0.15262603759765625,0.07242514687284968,0.26373291015625,0.0,-0.028857707977294922,-0.07936477661132812,-0.059832868756819216,-2.4322357177734375,0.0,0.03288412094116211,-0.05494499206542969,0.04013609812045125,-0.26373291015625,0.0,-0.2994098663330078,0.20146560668945312,-0.3336267240915872,-0.3223419189453125,0.0,0.008724212646484375,-0.05494499206542969,0.006614179613545893,0.02930450439453125,0.0,-0.039483070373535156,0.021978378295898438,-0.09370710770165623,-1.4612960815429688,0.0,0.02803802490234375,0.0659332275390625,0.06684444861162495,1.0549468994140625,0.0,4.792213439941406e-05,0.0030689239501953125,3.9484586193180215e-05,-0.0018315315246582031,0.0,0.0,0.0,-1.2597540888786332e-35,0.0,0.0,-0.01766086369752884,-0.059841498732566833,0.08328086882829666,0.04388207197189331,-0.059841498732566833,0.08328086882829666,0.04388207197189331
0.9009,1787703913.0885,ramp,0,0.008711,0.046191164237365724,0.12688264829032644,0.004684255367435039,-0.004131209570914507,0.010534602217376232,0.6952199935913086,0.7187079787254333,-0.2035369873046875,-0.1892547607421875,-0.2128822604711233,-0.9084243774414062,0.0,0.13259124755859375,0.06715583801269531,0.12341660904709673,-1.5531158447265625,0.0,-0.029241085052490234,0.11599540710449219,0.0037789369473478496,2.4322357177734375,0.0,0.49230527877807617,-0.09157562255859375,0.40313652546862105,-8.23443603515625,0.0,-0.31685829162597656,0.10378456115722656,-0.2913151398826024,2.0219802856445312,0.0,-0.08292961120605469,-0.15262603759765625,-0.07754653665812675,1.611724853515625,0.0,-0.24457073211669922,-0.4822959899902344,-0.28402996664164915,-4.1904754638671875,0.0,-0.1425623893737793,-0.0061054229736328125,-0.1429820082738565,-0.14652252197265625,0.0,0.04860687255859375,-0.03052520751953125,0.029416078166096565,-1.7875442504882812,0.0,0.5410079956054688,0.3601951599121094,0.4685609822049628,-8.996337890625,0.0,-0.3295135498046875,-0.0061054229736328125,-0.30566331625438437,2.373626708984375,0.0,0.1350841522216797,0.22588539123535156,0.08563814023407958,-6.00732421875,0.0,0.0004792213439941406,-0.05494499206542969,-0.012962270848842676,-0.4395599365234375,0.0,-0.018603518168713768,0.04128139524984939,0.002745692700133001,0.8501975417282959,0.0,0.028886825586209836,0.08047809339214362,-0.0076723208659015205,-2.667971928124451,0.0,0.14332962036132812,0.09157562255859375,0.07893161532876282,-1.4358978271484375,0.0,0.040554046630859375,0.0061054229736328125,0.07386163137856462,0.4981689453125,0.0,-0.0018215179443359375,0.018314361572265625,0.010418220977120328,0.26373291015625,0.0,-0.2994098663330078,0.14041519165039062,-0.32409961932668396,-0.6739959716796875,0.0,-0.002780437469482422,0.0061054229736328125,0.0009035554786793565,0.14652252197265625,0.0,-0.041390419006347656,0.0659332275390625,-0.08745886004187405,-1.289377212524414,0.0,0.01125335693359375,0.0073261260986328125,0.0295837806834593,0.46105194091796875,0.0,0.14198684692382812,0.07936477661132812,0.07041546546390347,-1.377288818359375,0.0,-0.029241085052490234,-0.0061054229736328125,-0.059589557989739285,-0.6739959716796875,0.0,0.033075809478759766,-0.018314361572265625,0.04033188670645236,0.20513153076171875,0.0,-0.29960155487060547,0.1770458221435547,-0.3344687351075853,-0.7912063598632812,0.0,0.008724212646484375,-0.04273414611816406,0.006569477743716664,0.14652252197265625,0.0,-0.041008949279785156,0.021978378295898438,-0.09567291670688317,-1.3987808227539062,0.0,0.02918243408203125,0.03663063049316406,0.0680954041617785,0.9768028259277344,0.0,4.792213439941406e-05,0.0030689239501953125,3.9287971777725135e-05,-0.002319931983947754,0.0,0.0,0.0,-1.2891092768725843e-35,0.0,0.0,-0.02020561322569847,-0.034477200359106064,0.08539651334285736,0.06265275180339813,-0.034477200359106064,0.08539651334285736,0.06265275180339813
0.9202,1787703913.1078,ramp,0,0.010032,0.04193766737402124,-0.0019202639816232282,-0.029142480788411123,-0.003990394063293934,0.011346251703798771,0.6948696970939636,0.7190350294113159,-0.20296192169189453,0.018314361572265625,-0.21337411548214458,-0.20513153076171875,0.0,0.13355016708374023,-0.05494499206542969,0.12356510384370711,-9.75823974609375,0.0,-0.02828216552734375,-0.0061054229736328125,0.005180549035358431,2.1977996826171875,0.0,0.4909629821777344,-0.0061054229736328125,0.4015384467743972,-7.1794891357421875,0.0,-0.3153243064880371,0.14041519165039062,-0.29001619377089743,7.9413909912109375,0.0,-0.0846552848815918,-0.1892547607421875,-0.07807202496563823,7.23809814453125,0.0,-0.24667978286743164,-0.6410255432128906,-0.28585297362834183,6.8278350830078125,0.0,-0.14217853546142578,0.04273414611816406,-0.1428800894306189,9.406600952148438,0.0,0.049182891845703125,0.10378456115722656,0.028967969981818498,-3.8388290405273438,0.0,0.5463767051696777,0.16483497619628906,0.4687095506795917,-11.75091552734375,0.0,-0.3308558464050293,0.1892547607421875,-0.305201667045335,8.937728881835938,0.0,0.1368098258972168,-0.1770458221435547,0.08561810987835351,-9.99267578125,0.0,9.584426879882812e-05,-0.03052520751953125,-0.01329130687162928,-0.26373291015625,0.0,-0.019229138822208384,0.19491913502501798,0.0041520260014140595,-0.038475127784365015,0.0,0.03066811694104192,0.06423365923510654,-0.007886743437222645,-1.7270021182206854,0.0,0.1425623893737793,-0.2625160217285156,0.07718230833167822,0.5567779541015625,0.0,0.04036235809326172,-0.07936477661132812,0.07358931035494713,2.3150177001953125,0.0,-0.0012464523315429688,-0.03052520751953125,0.010676328937248925,0.20513153076171875,0.0,-0.29921817779541016,-0.10378456115722656,-0.3246203400164682,-0.20513153076171875,0.0,-0.002780437469482422,0.018314361572265625,0.000982478447515219,0.20513153076171875,0.0,-0.044442176818847656,0.124542236328125,-0.08914046067850802,-0.7736263275146484,0.0,0.01201629638671875,-0.0073261260986328125,0.03004185573214564,0.33602142333984375,0.0,0.14026117324829102,-0.4334545135498047,0.06852479122765207,0.9084243774414062,0.0,-0.02943277359008789,-0.03052520751953125,-0.059360655340457286,-2.5494537353515625,0.0,0.03365135192871094,0.0061054229736328125,0.04051608129254772,-0.26373291015625,0.0,-0.2994098663330078,-0.22588539123535156,-0.33526088481226024,0.08791351318359375,0.0,0.008724212646484375,0.0061054229736328125,0.0065274229815926,-0.02930450439453125,0.0,-0.044060707092285156,0.09523773193359375,-0.09752231652868,-0.9142875671386719,0.0,0.031853675842285156,-0.0073261260986328125,0.06927228195884744,0.6642265319824219,0.0,-4.792213439941406e-05,-0.015343666076660156,3.9103000265264625e-05,-0.0015873312950134277,0.0,0.0,0.0,-1.3167261406169633e-35,0.0,0.0,-0.02065211907029152,-0.021711871027946472,-0.19594697654247284,0.000914238509722054,-0.021711871027946472,-0.19594697654247284,0.000914238509722054
0.9410,1787703913.1290,ramp,0,0.010130,0.042114967323593266,0.026581578842407118,0.0009179054131115087,-0.0035126821603626013,0.01091835368424654,0.6950486898422241,0.7188712358474731,-0.20296192169189453,-0.14041519165039062,-0.21390602462562586,0.3223419189453125,0.0,0.135467529296875,-0.20146560668945312,0.12372569128981742,-10.227104187011719,0.0,-0.02828216552734375,0.09157562255859375,0.006696301174751389,1.7289352416992188,0.0,0.4900040626525879,-0.15262603759765625,0.3998102288028141,-6.593406677246094,0.0,-0.3128318786621094,0.6776561737060547,-0.2886114681948163,6.534797668457031,0.0,-0.08523082733154297,0.6166057586669922,-0.07864030632761412,5.010986328125,0.0,-0.24917221069335938,-0.16483497619628906,-0.2878244368911408,6.1831512451171875,0.0,-0.14045286178588867,0.3846149444580078,-0.14276987084303444,8.937728881835938,0.0,0.04879951477050781,-0.128204345703125,0.028483370180768665,-3.0769195556640625,0.0,0.5490617752075195,0.10378456115722656,0.4688702178036779,-12.630035400390625,0.0,-0.3312397003173828,0.5799751281738281,-0.3047024235083741,8.23443603515625,0.0,0.1368098258972168,-0.45787620544433594,0.08559644835388162,-9.406600952148438,0.0,-0.0010547637939453125,-0.05494499206542969,-0.013647137889171405,0.02930450439453125,0.0,-0.01722043784331013,0.17279167523814187,0.005672883825308797,-0.027988725888196786,0.0,0.03321716179510518,0.10893954909470921,-0.008118627475605511,-2.011649219694837,0.0,0.1408367156982422,0.10378456115722656,0.07529054680509953,0.380950927734375,0.0,0.03844451904296875,0.07936477661132812,0.073294812913265,2.0219802856445312,0.0,-0.0012464523315429688,0.018314361572265625,0.01095545587693919,0.08791351318359375,0.0,-0.30017662048339844,0.23809432983398438,-0.3251834655105462,-0.380950927734375,0.0,-0.002780437469482422,0.018314361572265625,0.0010678284954232678,0.02930450439453125,0.0,-0.045586585998535156,-0.03663063049316406,-0.09095900218823513,-1.3050060272216797,0.0,0.01201629638671875,0.021978378295898438,0.030537234047578386,0.4766807556152344,0.0,0.13757658004760742,0.04273414611816406,0.06648015024388257,0.615386962890625,0.0,-0.029049396514892578,-0.09157562255859375,-0.05911311204133066,-2.373626708984375,0.0,0.03365135192871094,-0.09157562255859375,0.04071527573466681,-0.20513153076171875,0.0,-0.3007521629333496,0.28693580627441406,-0.33611754309870867,-0.26373291015625,0.0,0.008724212646484375,-0.06715583801269531,0.0064819434967861534,0.02930450439453125,0.0,-0.045968055725097656,-0.05128288269042969,-0.09952232192279754,-1.3831520080566406,0.0,0.032998085021972656,0.10988998413085938,0.0705449986070345,0.9455451965332031,0.0,4.792213439941406e-05,-0.015343666076660156,3.8902965627908784e-05,-0.0018315315246582031,0.0,0.0,0.0,-1.3465919791481378e-35,0.0,0.0,-0.02305932343006134,-0.0669998973608017,-0.14618465304374695,0.05559423565864563,-0.0669998973608017,-0.14618465304374695,0.05559423565864563
0.9603,1787703913.1478,ramp,0,0.010404,0.00589543970510841,0.07827769470945378,-0.006310529771402787,-0.0029894388280808926,0.010571781545877457,0.6952033042907715,0.7187291979789734,-0.2021946907043457,-0.14041519165039062,-0.21439669551505247,-0.08791351318359375,0.0,0.13757658004760742,0.03052520751953125,0.12387382859104518,-10.227104187011719,0.0,-0.02828216552734375,0.10378456115722656,0.008094538936784697,2.139190673828125,0.0,0.48885345458984375,-0.10378456115722656,0.39821599742019503,-6.534797668457031,0.0,-0.31244802474975586,0.128204345703125,-0.28731564924478853,7.8241729736328125,0.0,-0.08714818954467773,-0.03052520751953125,-0.07916452954269243,7.0622711181640625,0.0,-0.24878883361816406,-0.4945049285888672,-0.2896430550602109,6.652015686035156,0.0,-0.1385354995727539,-0.07936477661132812,-0.1426681973654035,9.406600952148438,0.0,0.04803180694580078,-0.018314361572265625,0.02803634079932041,-3.369964599609375,0.0,0.5502119064331055,0.14041519165039062,0.4690184286055472,-12.5128173828125,0.0,-0.33238983154296875,0.20146560668945312,-0.30424188570163924,8.996337890625,0.0,0.13700151443481445,-0.2625160217285156,0.0855764662204492,-9.641021728515625,0.0,-0.00220489501953125,-0.09157562255859375,-0.013975381770673952,0.20513153076171875,0.0,-0.01691575594301776,0.19105835811705274,0.007075831434477327,-0.10155961428699767,0.0,0.035571112982773455,0.11973567399389448,-0.008332533833019297,-2.0821372303933194,0.0,0.1394944190979004,0.05494499206542969,0.07354545119581116,0.3223419189453125,0.0,0.03671884536743164,-0.05494499206542969,0.07302314749180164,2.25640869140625,0.0,-0.001438140869140625,0.018314361572265625,0.01121294245230502,0.08791351318359375,0.0,-0.30017662048339844,0.16483497619628906,-0.3257029325857494,-0.3223419189453125,0.0,-0.002780437469482422,0.0061054229736328125,0.001146561460315654,0.14652252197265625,0.0,-0.044823646545410156,0.1978015899658203,-0.09263655443747282,-1.4456653594970703,0.0,0.01163482666015625,0.0073261260986328125,0.030994206298600845,0.5079383850097656,0.0,0.13565921783447266,-0.14041519165039062,0.0645940277314958,0.7325973510742188,0.0,-0.029624462127685547,-0.10378456115722656,-0.058884760466174184,-2.373626708984375,0.0,0.03326749801635742,-0.05494499206542969,0.04089902687954041,-0.26373291015625,0.0,-0.3007521629333496,0.1892547607421875,-0.3369077857341244,-0.20513153076171875,0.0,0.008724212646484375,-0.0061054229736328125,0.006439989979847914,0.02930450439453125,0.0,-0.045586585998535156,0.15384674072265625,-0.10136726938725925,-1.6019554138183594,0.0,0.032998085021972656,0.0073261260986328125,0.07171904311709291,1.0862045288085938,0.0,4.792213439941406e-05,-0.0030689239501953125,3.87184394270897e-05,-0.0020757317543029785,0.0,0.0,0.0,-1.374142356379208e-35,0.0,0.0,-0.025098906829953194,-0.11401236802339554,-0.11235464364290237,0.08612782508134842,-0.11401236802339554,-0.11235464364290237,0.08612782508134842
0.9801,1787703913.1681,ramp,0,0.010791,0.041032101057231825,0.3067867033552585,-0.06772075770081154,-0.002760563511401415,0.010612334124743938,0.6952775716781616,0.7186576724052429,-0.20161962509155273,-0.1892547607421875,-0.21490231892783127,-0.02930450439453125,0.0,0.1394944190979004,0.11599540710449219,0.12402648017364497,-10.637359619140625,0.0,-0.028090476989746094,0.14041519165039062,0.009535386079645679,1.9047622680664062,0.0,0.48616933822631836,-0.128204345703125,0.39657318401958597,-6.0659332275390625,0.0,-0.3105306625366211,0.03052520751953125,-0.28598034198696026,8.058609008789062,0.0,-0.08944892883300781,-0.23809432983398438,-0.0797047277422952,7.8241729736328125,0.0,-0.2503228187561035,-0.5067157745361328,-0.2915170931272769,6.886444091796875,0.0,-0.1368098258972168,-0.09157562255859375,-0.14256342552778972,8.937728881835938,0.0,0.04745674133300781,-0.05494499206542969,0.027575688809706008,-3.3113555908203125,0.0,0.5517458915710449,0.1770458221435547,0.4691711559286199,-12.74725341796875,0.0,-0.3329653739929199,0.018314361572265625,-0.3037673136359781,9.816848754882812,0.0,0.13700151443481445,-0.14041519165039062,0.08555587515886716,-10.109893798828125,0.0,-0.002972126007080078,-0.07936477661132812,-0.01431362843491565,0.26373291015625,0.0,-0.016757975406637166,-0.013296283845251678,0.008521531950614544,0.9273333949133676,0.0,0.03729607331314252,0.029506705656664266,-0.008552958693717713,-2.0194736459572185,0.0,0.1385354995727539,0.06715583801269531,0.07174717618784257,0.3223419189453125,0.0,0.03537702560424805,0.018314361572265625,0.07274320343868125,2.25640869140625,0.0,-0.001438140869140625,0.10378456115722656,0.01147827557841185,0.02930450439453125,0.0,-0.30094385147094727,0.23809432983398438,-0.32623822970862826,-0.380950927734375,0.0,-0.002780437469482422,0.04273414611816406,0.0012276937044836287,0.08791351318359375,0.0,-0.046730995178222656,-0.0073261260986328125,-0.09436522779399784,-1.336263656616211,0.0,0.01163482666015625,0.021978378295898438,0.03146510415312237,0.4923095703125,0.0,0.13450908660888672,0.11599540710449219,0.06265042821870172,0.380950927734375,0.0,-0.03020000457763672,-0.10378456115722656,-0.05864945018950598,-2.25640869140625,0.0,0.033075809478759766,-0.03052520751953125,0.04108837758889585,-0.26373291015625,0.0,-0.3007521629333496,0.16483497619628906,-0.3377221099315698,-0.3223419189453125,0.0,0.008724212646484375,-0.04273414611816406,0.006396757986938833,0.08791351318359375,0.0,-0.047112464904785156,-0.021978378295898438,-0.10326843909893446,-1.5394401550292969,0.0,0.034523963928222656,0.05128288269042969,0.07292886502567116,1.0236892700195312,0.0,-4.792213439941406e-05,-0.015343666076660156,3.852829004302033e-05,-0.0015873312950134277,0.0,0.0,0.0,-1.4025322936245043e-35,0.0,0.0,-0.02641020156443119,0.013424248434603214,0.32235631346702576,0.023331429809331894,0.013424248434603214,0.32235631346702576,0.023331429809331894
1.0001,1787703913.1879,ramp,0,0.011455,0.029959143297873123,0.06056706592680317,-0.026896555897957832,-0.0027551932726055384,0.011086911894381046,0.6951032876968384,0.7188190817832947,-0.20142793655395508,-0.128204345703125,-0.2154116211150025,-1.9047622680664062,0.0,0.14141225814819336,0.14041519165039062,0.12418024240642203,-2.5494537353515625,0.0,-0.027132034301757812,0.09157562255859375,0.010986716422925383,3.4285736083984375,0.0,0.48406028747558594,-0.09157562255859375,0.3949184179686111,-8.175827026367188,0.0,-0.30899667739868164,-0.0061054229736328125,-0.2846353194073688,2.373626708984375,0.0,-0.0917501449584961,-0.3601951599121094,-0.08024885627275946,3.1941375732421875,0.0,-0.2516651153564453,-0.75091552734375,-0.2934047661706462,-4.0732574462890625,0.0,-0.13527584075927734,-0.11599540710449219,-0.1424578913996183,-0.08791351318359375,0.0,0.047265052795410156,0.0061054229736328125,0.02711168524518351,-1.7875442504882812,0.0,0.5546221733093262,0.05494499206542969,0.4693249944529364,-9.23077392578125,0.0,-0.3335404396057129,-0.018314361572265625,-0.30328928871683286,3.0183181762695312,0.0,0.13661813735961914,0.05494499206542969,0.08553513428248591,-5.597068786621094,0.0,-0.003738880157470703,-0.05494499206542969,-0.014654336087187747,-0.3223419189453125,0.0,-0.01731890912386753,0.12626221576113905,0.00997775097895566,1.0223970351968,0.0,0.03806214818285511,-0.04113679493844558,-0.008774987303990412,-2.5242333915712147,0.0,0.13738489151000977,0.03052520751953125,0.06993581743437752,-1.377288818359375,0.0,0.033843040466308594,-0.07936477661132812,0.07246122259100604,0.7912063598632812,0.0,-0.001438140869140625,0.03052520751953125,0.011745539194059145,0.26373291015625,0.0,-0.3007521629333496,0.11599540710449219,-0.3267774215035064,-0.6739959716796875,0.0,-0.002780437469482422,0.03052520751953125,0.001309416244145645,0.14652252197265625,0.0,-0.048256874084472656,0.124542236328125,-0.09610647849388974,-1.2581195831298828,0.0,0.01239776611328125,0.021978378295898438,0.03193942812859653,0.4297943115234375,0.0,0.1323995590209961,-0.04273414611816406,0.06069268762000042,-1.26007080078125,0.0,-0.030966758728027344,-0.04273414611816406,-0.058412427861144346,-0.5567779541015625,0.0,0.033843040466308594,-0.04273414611816406,0.041279105961000206,0.26373291015625,0.0,-0.3007521629333496,0.05494499206542969,-0.3385423589238903,-0.6739959716796875,0.0,0.008724212646484375,-0.03052520751953125,0.00635321145015297,0.14652252197265625,0.0,-0.049019813537597656,0.10988998413085938,-0.105183441189163,-1.4300384521484375,0.0,0.036431312561035156,0.03663063049316406,0.07414748925974342,0.8517723083496094,0.0,4.792213439941406e-05,-0.009205818176269531,3.833675718526843e-05,-0.0018315315246582031,0.0,0.0,0.0,-1.4311287881048916e-35,0.0,0.0,-0.026481786742806435,0.07126835733652115,-0.06498244404792786,0.031607601791620255,0.07126835733652115,-0.06498244404792786,0.031607601791620255
1.0209,1787703913.2084,ramp,0,0.012195,-0.039076246424353214,0.002359933412318221,-0.0037079678196161366,-0.002922274637967348,0.01179884560406208,0.6947605013847351,0.7191384434700012,-0.2021946907043457,-0.10378456115722656,-0.21594145392973396,0.08791351318359375,0.0,0.14352130889892578,0.21367454528808594,0.12434020299297312,-11.164833068847656,0.0,-0.026364803314208984,0.05494499206542969,0.012496551762836448,1.9047622680664062,0.0,0.4829096794128418,-0.05494499206542969,0.3931969461654371,-6.476188659667969,0.0,-0.30803823471069336,0.22588539123535156,-0.2832360772341111,7.1794891357421875,0.0,-0.09405088424682617,0.04273414611816406,-0.08081491932556677,7.23809814453125,0.0,-0.25626707077026367,-0.5433464050292969,-0.29536853374725164,7.706962585449219,0.0,-0.1337418556213379,-0.1770458221435547,-0.14234810305472653,9.406600952148438,0.0,0.048415184020996094,0.06715583801269531,0.026628977098961174,-3.6630020141601562,0.0,0.5586485862731934,0.09157562255859375,0.46948503440643724,-13.333328247070312,0.0,-0.3348827362060547,0.2991447448730469,-0.30279199399711193,8.879119873046875,0.0,0.13700151443481445,-0.372406005859375,0.08551355731464662,-9.289382934570312,0.0,-0.004314422607421875,-0.05494499206542969,-0.015008778104031457,0.08791351318359375,0.0,-0.0185947009175959,0.06813853202742946,0.011492672073123565,0.6045332958276276,0.0,0.03833735063824455,0.03184561289298976,-0.009005966173696617,-1.7316691312410464,0.0,0.13604259490966797,-0.06715583801269531,0.06805144047505715,0.4395599365234375,0.0,0.0325007438659668,-0.14041519165039062,0.0721678747319404,2.4908447265625,0.0,-0.0012464523315429688,-0.03052520751953125,0.012023576550506069,0.14652252197265625,0.0,-0.3007521629333496,0.09157562255859375,-0.32733834881455365,-0.26373291015625,0.0,-0.002780437469482422,0.018314361572265625,0.0013944331247065286,0.08791351318359375,0.0,-0.050927162170410156,0.09523773193359375,-0.09791792125364124,-0.9924297332763672,0.0,0.01277923583984375,0.0073261260986328125,0.032432872714837066,0.4454231262207031,0.0,0.1293320655822754,-0.23809432983398438,0.05865602797460344,0.9084243774414062,0.0,-0.03154182434082031,-0.04273414611816406,-0.05816585085724894,-2.4322357177734375,0.0,0.034226417541503906,-0.018314361572265625,0.04147752283959733,-0.3223419189453125,0.0,-0.3013272285461426,-0.018314361572265625,-0.33939567321023884,-0.08791351318359375,0.0,0.008724212646484375,-0.0061054229736328125,0.006307909496345915,-0.02930450439453125,0.0,-0.052071571350097656,0.10988998413085938,-0.10717563948172866,-1.0862045288085938,0.0,0.038338661193847656,0.0073261260986328125,0.07541523780727016,0.8048858642578125,0.0,0.0001437664031982422,0.027618408203125,3.813750339117047e-05,-0.0028083324432373047,0.0,0.0,0.0,-1.4608780441333236e-35,0.0,0.0,-0.025986185297369957,-0.07112491875886917,-0.06533195823431015,0.05001213029026985,-0.07112491875886917,-0.06533195823431015,0.05001213029026985
1.0401,1787703913.2277,ramp,0,0.011901,-0.095654313157138,0.07776990479098132,0.040010450045239385,-0.00253662234172225,0.011186132207512856,0.6948757171630859,0.7190384268760681,-0.2018113136291504,-0.14041519165039062,-0.21643095129966064,0.08791351318359375,0.0,0.14582204818725586,0.15262603759765625,0.1244879859996719,-11.516487121582031,0.0,-0.026364803314208984,0.04273414611816406,0.013891445411096777,1.9633712768554688,0.0,0.48271799087524414,0.0061054229736328125,0.391606527647317,-6.593406677246094,0.0,-0.3070793151855469,0.06715583801269531,-0.28194335744655463,7.706962585449219,0.0,-0.0948176383972168,-0.05494499206542969,-0.08133788877528324,7.648353576660156,0.0,-0.256075382232666,-0.39682579040527344,-0.29718280239420747,7.531135559082031,0.0,-0.1314411163330078,-0.25030517578125,-0.1422466727458085,9.465194702148438,0.0,0.047840118408203125,0.128204345703125,0.02618301686122511,-3.6043930053710938,0.0,0.5605659484863281,0.128204345703125,0.46963289073798875,-12.923080444335938,0.0,-0.3356494903564453,0.3235645294189453,-0.3023325576416926,8.820510864257812,0.0,0.135467529296875,-0.5555553436279297,0.085493622971747,-8.5274658203125,0.0,-0.005847930908203125,-0.14041519165039062,-0.015336236936728406,0.380950927734375,0.0,-0.017808005069413064,0.12312262246623511,0.012892264304151128,0.13901834358090737,0.0,0.038907608920441546,0.1032102734495176,-0.00921936093915131,-2.0136135361913325,0.0,0.13355016708374023,0.1770458221435547,0.06631051854668388,0.380950927734375,0.0,0.030391693115234375,0.05494499206542969,0.07189685904266296,2.3150177001953125,0.0,-0.0012464523315429688,-0.04273414611816406,0.012280447304710135,0.14652252197265625,0.0,-0.3011355400085449,0.25030517578125,-0.32785657349947966,-0.380950927734375,0.0,-0.002780437469482422,0.0061054229736328125,0.0014729777868656936,0.08791351318359375,0.0,-0.052453041076660156,0.05128288269042969,-0.09959146136293115,-1.2424907684326172,0.0,0.01316070556640625,0.021978378295898438,0.03288875204215227,0.4923095703125,0.0,0.1256885528564453,0.11599540710449219,0.056774416431983374,0.615386962890625,0.0,-0.032117366790771484,-0.2625160217285156,-0.05793804542214697,-2.139190673828125,0.0,0.034226417541503906,-0.16483497619628906,0.041660834513623374,-0.20513153076171875,0.0,-0.3026695251464844,0.16483497619628906,-0.3401840258514398,-0.08791351318359375,0.0,0.008724212646484375,-0.05494499206542969,0.006266056318089428,0.08791351318359375,0.0,-0.053597450256347656,0.03663063049316406,-0.10901617445326973,-1.4300384521484375,0.0,0.039864540100097656,0.05128288269042969,0.07658647439830166,0.9142875671386719,0.0,-4.792213439941406e-05,-0.027618408203125,3.795341851487171e-05,-0.0013431310653686523,0.0,0.0,0.0,-1.4883625301415623e-35,0.0,0.0,-0.026801390573382378,-0.19987010955810547,-0.0457998551428318,0.17987242341041565,-0.19987010955810547,-0.0457998551428318,0.17987242341041565
1.0611,1787703913.2486,ramp,0,0.011294,-0.059749874946312356,0.30901450418613696,-0.0025629497712406487,-0.0025329370982944965,0.010743048042058945,0.6950438618659973,0.7188825607299805,-0.20276975631713867,-0.15262603759765625,-0.2169656747644243,0.4981689453125,0.0,0.14773941040039062,-0.11599540710449219,0.12464942311094175,-11.340660095214844,0.0,-0.026364803314208984,0.10378456115722656,0.01541521736657496,1.7875442504882812,0.0,0.48137521743774414,-0.06715583801269531,0.38986916570692315,-6.124542236328125,0.0,-0.30497026443481445,0.6898651123046875,-0.28053119949384836,6.00732421875,0.0,-0.09558486938476562,0.3601951599121094,-0.08190917690326609,6.652015686035156,0.0,-0.25818443298339844,-0.05494499206542969,-0.29916469663208173,6.9450531005859375,0.0,-0.12952375411987305,0.20146560668945312,-0.1421358709937484,7.648353576660156,0.0,0.047265052795410156,-0.09157562255859375,0.025695853051734614,-2.9597091674804688,0.0,0.5615248680114746,0.07936477661132812,0.46979440794880917,-13.216110229492188,0.0,-0.3348827362060547,0.5433464050292969,-0.3018306726165595,8.76190185546875,0.0,0.1323995590209961,-0.4945049285888672,0.08547184683655619,-8.76190185546875,0.0,-0.007573604583740234,-0.09157562255859375,-0.0156939506494975,0.3223419189453125,0.0,-0.017736237040112703,-0.05920395501821562,0.014421168958211841,1.0798472733477682,0.0,0.0389879092236149,-0.04158548977788539,-0.00945247187162365,-1.735217391684319,0.0,0.1323995590209961,0.11599540710449219,0.06440874774541841,0.380950927734375,0.0,0.02828216552734375,0.0061054229736328125,0.07160080342055115,2.4322357177734375,0.0,-0.001438140869140625,0.06715583801269531,0.012561051099792893,0.02930450439453125,0.0,-0.3017106056213379,0.3113555908203125,-0.3284226784799644,-0.4981689453125,0.0,-0.002780437469482422,0.018314361572265625,0.001558779420273309,0.02930450439453125,0.0,-0.052834510803222656,-0.0073261260986328125,-0.10141962474161183,-1.5550670623779297,0.0,0.01277923583984375,0.03663063049316406,0.03338675139494272,0.5704536437988281,0.0,0.1239628791809082,0.04273414611816406,0.054718957291192055,0.615386962890625,0.0,-0.03269243240356445,-0.15262603759765625,-0.057689192376076545,-2.25640869140625,0.0,0.03345966339111328,-0.09157562255859375,0.041861082889792414,-0.20513153076171875,0.0,-0.30420351028442383,0.1892547607421875,-0.34104521670078336,-0.08791351318359375,0.0,0.008724212646484375,-0.09157562255859375,0.0062203362021835285,0.08791351318359375,0.0,-0.053597450256347656,0.0073261260986328125,-0.11102676183834305,-1.7582435607910156,0.0,0.040246009826660156,0.08058547973632812,0.07786592496635712,1.1018333435058594,0.0,4.792213439941406e-05,0.015343666076660156,3.775232549800871e-05,-0.002319931983947754,0.0,0.0,0.0,-1.5183863882631606e-35,0.0,0.0,-0.027428558096289635,-0.015541507862508297,0.3682118058204651,0.10073575377464294,-0.015541507862508297,0.3682118058204651,0.10073575377464294
1.0804,1787703913.2682,ramp,0,0.011195,-0.07426677437071269,0.1614218835473502,0.008031355756744055,-0.0024128693621605635,0.010544395074248314,0.6951949000358582,0.7187398672103882,-0.20142793655395508,-0.16483497619628906,-0.21745702500353958,0.08791351318359375,0.0,0.1496567726135254,-0.018314361572265625,0.12479776551304597,-11.340660095214844,0.0,-0.026173114776611328,0.10378456115722656,0.016815391033934472,2.0219802856445312,0.0,0.480224609375,0.03052520751953125,0.38827272705948224,-6.124542236328125,0.0,-0.30458688735961914,0.372406005859375,-0.2792335864406463,6.593406677246094,0.0,-0.0965433120727539,0.4334545135498047,-0.0824341259223112,6.593406677246094,0.0,-0.2574172019958496,-0.2625160217285156,-0.3009858327367243,7.589744567871094,0.0,-0.12779808044433594,-0.0061054229736328125,-0.14203405674590497,8.4688720703125,0.0,0.04630613327026367,-0.018314361572265625,0.025248204743674584,-3.0183181762695312,0.0,0.5619082450866699,0.05494499206542969,0.46994282395331893,-13.333328247070312,0.0,-0.3356494903564453,0.47008514404296875,-0.3013694971803618,8.586074829101562,0.0,0.13163280487060547,-0.8241748809814453,0.08545183703721487,-7.882781982421875,0.0,-0.009107589721679688,-0.10378456115722656,-0.016022648995251944,0.380950927734375,0.0,-0.017598719936158306,0.16730622583436694,0.015826058993641992,0.1256930114044592,0.0,0.0385231012178052,-0.005026899533561289,-0.009666674389295636,-1.5820619272531016,0.0,0.1310572624206543,0.018314361572265625,0.06266123599491535,0.380950927734375,0.0,0.02655649185180664,-0.16483497619628906,0.07132876186954057,2.6080551147460938,0.0,-0.0016298294067382812,0.09157562255859375,0.012818894173635744,0.02930450439453125,0.0,-0.30190229415893555,0.06715583801269531,-0.3289428647741052,-0.20513153076171875,0.0,-0.002780437469482422,0.018314361572265625,0.001637621393497627,0.08791351318359375,0.0,-0.052071571350097656,0.2417583465576172,-0.10309949961610144,-1.5706958770751953,0.0,0.01239776611328125,-0.021978378295898438,0.03384435633880091,0.6017112731933594,0.0,0.12204551696777344,-0.4945049285888672,0.052830223381289954,1.26007080078125,0.0,-0.03365135192871094,-0.11599540710449219,-0.05746052464079152,-2.25640869140625,0.0,0.03365135192871094,-0.04273414611816406,0.04204508844405884,-0.26373291015625,0.0,-0.3047785758972168,-0.06715583801269531,-0.34183655345264224,0.08791351318359375,0.0,0.008724212646484375,-0.05494499206542969,0.006178324599246542,-0.02930450439453125,0.0,-0.052834510803222656,0.22710609436035156,-0.11287426369213682,-1.7269859313964844,0.0,0.040627479553222656,-0.0659332275390625,0.07904159497894592,1.0862045288085938,0.0,0.0001437664031982422,0.0030689239501953125,3.756754381470682e-05,-0.0028083324432373047,0.0,0.0,0.0,-1.5459749098810214e-35,0.0,0.0,-0.02701173536479473,-0.06953440606594086,-0.005680374801158905,0.11680621653795242,-0.06953440606594086,-0.005680374801158905,0.11680621653795242
1.1004,1787703913.2880,ramp,0,0.011554,-0.03458848293124424,0.2874306488154808,-0.060171328511195804,-0.0024063282180577517,0.010794958099722862,0.6952363848686218,0.7186960577964783,-0.20161962509155273,-0.1892547607421875,-0.21796881776577828,0.26373291015625,0.0,0.1513824462890625,0.018314361572265625,0.12495227966951963,-11.575088500976562,0.0,-0.026173114776611328,0.11599540710449219,0.01827381863157261,1.8461532592773438,0.0,0.4788827896118164,-0.0061054229736328125,0.38660986891863836,-5.890106201171875,0.0,-0.30362796783447266,0.47008514404296875,-0.27788198646989826,6.24176025390625,0.0,-0.0978856086730957,0.5067157745361328,-0.0829809153346362,6.476188659667969,0.0,-0.25818443298339844,-0.21367454528808594,-0.30288273682511124,7.648353576660156,0.0,-0.12626409530639648,-0.018314361572265625,-0.14192800653774212,8.175827026367188,0.0,0.0457310676574707,-0.0061054229736328125,0.02478193212212045,-3.4285736083984375,0.0,0.5622916221618652,0.15262603759765625,0.47009741477441075,-13.391937255859375,0.0,-0.33545780181884766,0.5311355590820312,-0.3008891346373554,8.4688720703125,0.0,0.13067388534545898,-0.7264957427978516,0.08543099473438995,-8.23443603515625,0.0,-0.010066509246826172,-0.09157562255859375,-0.016365022766393005,0.3223419189453125,0.0,-0.018175840680738548,0.022432351183785632,0.01728939918285017,0.7575278978844363,0.0,0.03756832340039479,-0.019257236562206258,-0.0098897887575622,-1.5887207766731137,0.0,0.1297154426574707,0.20146560668945312,0.06084101938640217,0.380950927734375,0.0,0.02502298355102539,0.018314361572265625,0.07104540208714562,2.5494537353515625,0.0,-0.0016298294067382812,0.05494499206542969,0.01308746475421338,0.02930450439453125,0.0,-0.3020944595336914,0.2991447448730469,-0.32948469330936025,-0.4395599365234375,0.0,-0.002780437469482422,0.0061054229736328125,0.001719743570398322,0.08791351318359375,0.0,-0.053978919982910156,0.09523773193359375,-0.10484926533063227,-1.3206348419189453,0.0,0.01316070556640625,0.0073261260986328125,0.03432099983988675,0.5391960144042969,0.0,0.1208953857421875,0.1770458221435547,0.05086290909520509,0.4981689453125,0.0,-0.03460979461669922,-0.14041519165039062,-0.05722234323258235,-2.25640869140625,0.0,0.033843040466308594,-0.10378456115722656,0.04223674951062277,-0.20513153076171875,0.0,-0.3055453300476074,0.1770458221435547,-0.3426608136032511,-0.26373291015625,0.0,0.008724212646484375,-0.06715583801269531,0.006134565112425265,0.02930450439453125,0.0,-0.055504798889160156,0.0659332275390625,-0.11479863047111055,-1.4456672668457031,0.0,0.042534828186035156,0.021978378295898438,0.08026617849458119,0.9455451965332031,0.0,4.792213439941406e-05,0.033756256103515625,3.7375074328422513e-05,-0.00305253267288208,0.0,0.0,0.0,-1.5747112461252266e-35,0.0,0.0,-0.025653816759586334,-0.011743090115487576,0.267187237739563,0.04197200387716293,-0.011743090115487576,0.267187237739563,0.04197200387716293
1.1208,1787703913.3083,ramp,0,0.011549,-0.04697717542715659,0.30279642251496547,-0.06699844599534402,-0.002423360710963607,0.010808630846440792,0.6952584385871887,0.7186744809150696,-0.20142793655395508,-0.25030517578125,-0.21848725865385876,-1.6703262329101562,0.0,0.1531081199645996,0.1892547607421875,0.12510880094612545,-3.6043930053710938,0.0,-0.02502298355102539,0.15262603759765625,0.019751191026628055,3.6043930053710938,0.0,0.4781155586242676,-0.06715583801269531,0.384925410452442,-8.351646423339844,0.0,-0.3026695251464844,0.07936477661132812,-0.2765128293796356,2.1977996826171875,0.0,-0.09980297088623047,-0.3235645294189453,-0.08353480747503847,3.5457839965820312,0.0,-0.25895118713378906,-0.5067157745361328,-0.3048042814672923,-4.893775939941406,0.0,-0.12473011016845703,-0.28693580627441406,-0.1418205787502514,-0.380950927734375,0.0,0.04553937911987305,0.018314361572265625,0.024309602675825152,-2.0805892944335938,0.0,0.5632505416870117,0.25030517578125,0.4702540137114988,-10.285720825195312,0.0,-0.33584117889404297,0.0061054229736328125,-0.3004025322432388,3.4871826171875,0.0,0.13029050827026367,-0.0061054229736328125,0.08540988169258193,-4.542121887207031,0.0,-0.011024951934814453,-0.11599540710449219,-0.016711843931251635,0.3223419189453125,0.0,-0.01833118958379627,0.04913010406241746,0.018771747983443665,1.7943477985448466,0.0,0.036157613847096724,-0.06828722576380857,-0.01011580135438296,-1.9576482517292406,0.0,0.12856483459472656,0.11599540710449219,0.0589971583851473,-1.4945068359375,0.0,0.02387237548828125,-0.05494499206542969,0.07075836149558169,0.9084243774414062,0.0,-0.001438140869140625,0.07936477661132812,0.013359524034024031,0.20513153076171875,0.0,-0.30228614807128906,0.28693580627441406,-0.3300335601315017,-0.9670333862304688,0.0,-0.002780437469482422,0.0061054229736328125,0.0018029325044060357,0.08791351318359375,0.0,-0.055123329162597656,0.0659332275390625,-0.10662176028934581,-1.5081806182861328,0.0,0.01316070556640625,0.021978378295898438,0.03480383488217968,0.5548248291015625,0.0,0.1195530891418457,0.05494499206542969,0.04887003963540684,-1.4358978271484375,0.0,-0.03537702560424805,-0.06715583801269531,-0.05698106787679951,-0.4395599365234375,0.0,0.033843040466308594,-0.04273414611816406,0.0424309002311707,0.26373291015625,0.0,-0.3061208724975586,0.03052520751953125,-0.34349578079313825,-0.7325973510742188,0.0,0.008724212646484375,-0.06715583801269531,0.006090237195183269,0.08791351318359375,0.0,-0.057030677795410156,0.05128288269042969,-0.1167479945408948,-1.617584228515625,0.0,0.043679237365722656,0.021978378295898438,0.0815066692014009,1.0549468994140625,0.0,4.792213439941406e-05,-0.009205818176269531,3.718010468688019e-05,-0.002319931983947754,0.0,0.0,0.0,-1.6038208638882014e-35,0.0,0.0,-0.024209551513195038,0.02515288256108761,0.2556286156177521,0.060386788100004196,0.02515288256108761,0.2556286156177521,0.060386788100004196
1.1410,1787703913.3285,ramp,0,0.012714,-0.058014197156556035,0.008284208338084869,0.04401893192710737,-0.0027052187360823154,0.011944710277020931,0.6949018836021423,0.7190002799034119,-0.2021946907043457,-0.10378456115722656,-0.21900304338557974,0.20513153076171875,0.0,0.15387535095214844,0.03052520751953125,0.12526452030877383,-12.395606994628906,0.0,-0.023488998413085938,-0.03052520751953125,0.021220994319452763,1.9633712768554688,0.0,0.47696542739868164,0.0061054229736328125,0.38324958206379195,-6.358970642089844,0.0,-0.3011355400085449,0.5433464050292969,-0.27515068696625533,6.124542236328125,0.0,-0.10018634796142578,0.5555553436279297,-0.08408586182975478,6.476188659667969,0.0,-0.2618274688720703,0.03052520751953125,-0.3067159813554451,6.886444091796875,0.0,-0.12415504455566406,0.10378456115722656,-0.14171370135337896,7.9413909912109375,0.0,0.046114444732666016,0.15262603759765625,0.02383969314063526,-3.4285736083984375,0.0,0.5657434463500977,0.16483497619628906,0.4704098103367472,-14.036636352539062,0.0,-0.3356494903564453,0.6532363891601562,-0.29991842288559645,8.410263061523438,0.0,0.1293320655822754,-0.7631263732910156,0.08538887682036769,-7.76556396484375,0.0,-0.012175559997558594,-0.06715583801269531,-0.017056888208399765,0.3223419189453125,0.0,-0.019131153723238207,-0.0007191194582318712,0.020246502185917642,0.4991930816374952,0.0,0.03402730626104753,-0.084533080961029,-0.010340656008591211,-0.9396726119932199,0.0,0.12741422653198242,0.16483497619628906,0.057162744137104066,0.4395599365234375,0.0,0.023105144500732422,0.06715583801269531,0.0704727915146703,2.4908447265625,0.0,-0.0012464523315429688,-0.0061054229736328125,0.013630189457750325,0.08791351318359375,0.0,-0.30190229415893555,0.1770458221435547,-0.3305796149144432,-0.26373291015625,0.0,-0.002780437469482422,0.0061054229736328125,0.0018856952320299826,0.14652252197265625,0.0,-0.058175086975097656,0.16849899291992188,-0.1083851741283695,-0.8986568450927734,0.0,0.01392364501953125,-0.03663063049316406,0.03528419618947667,0.4454231262207031,0.0,0.1178274154663086,0.09157562255859375,0.046887380351948865,0.7912063598632812,0.0,-0.0355687141418457,-0.14041519165039062,-0.056741028660151106,-2.25640869140625,0.0,0.03441810607910156,-0.14041519165039062,0.042624056248787325,-0.20513153076171875,0.0,-0.3065042495727539,0.10378456115722656,-0.3443264701502727,-0.02930450439453125,0.0,0.008724212646484375,-0.018314361572265625,0.00604613638556722,0.02930450439453125,0.0,-0.060463905334472656,0.1831493377685547,-0.1186873713278663,-1.117462158203125,0.0,0.045205116271972656,-0.124542236328125,0.08274080443480873,0.7892570495605469,0.0,0.0001437664031982422,0.039893150329589844,3.698613394389159e-05,-0.0037851333618164062,0.0,0.0,0.0,-1.6327813427654875e-35,0.0,0.0,-0.020836392417550087,0.0257564689964056,0.007187916897237301,0.11193032562732697,0.0257564689964056,0.007187916897237301,0.11193032562732697
1.1619,1787703913.3494,ramp,0,0.011881,-0.07724023533967819,0.19290918612941366,0.008382147127469835,-0.002232078230008483,0.01085184421390295,0.6951399445533752,0.7187890410423279,-0.2021946907043457,-0.128204345703125,-0.21953642367182258,0.14652252197265625,0.0,0.15521764755249023,-0.1770458221435547,0.12542555190415633,-12.161170959472656,0.0,-0.02329730987548828,0.09157562255859375,0.022740938693206737,1.5531158447265625,0.0,0.4767732620239258,-0.09157562255859375,0.3815165842244616,-5.714286804199219,0.0,-0.29960155487060547,0.5311355590820312,-0.27374207623067165,6.358970642089844,0.0,-0.10018634796142578,0.20146560668945312,-0.08465571493198457,7.23809814453125,0.0,-0.26163578033447266,0.2625160217285156,-0.308692897248537,6.593406677246094,0.0,-0.12262105941772461,0.33577537536621094,-0.14160317792561772,7.003662109375,0.0,0.04553937911987305,-0.14041519165039062,0.023353753043976057,-2.6666641235351562,0.0,0.566126823425293,0.06715583801269531,0.4705709218304772,-13.450546264648438,0.0,-0.33469104766845703,0.45787620544433594,-0.29941779855169925,9.289382934570312,0.0,0.1256885528564453,-0.09157562255859375,0.08536715538492168,-9.465194702148438,0.0,-0.013709545135498047,-0.06715583801269531,-0.01741370337564532,0.615386962890625,0.0,-0.01766298080822903,-0.031977143253530106,0.021771566365364765,0.5777792380196604,0.0,0.031173728808071816,-0.0405762863021153,-0.010573181386813369,-1.0108853849875383,0.0,0.1256885528564453,0.27472496032714844,0.05526575041756421,0.3223419189453125,0.0,0.022338390350341797,0.07936477661132812,0.07017747955835732,2.4908447265625,0.0,-0.001438140869140625,0.03052520751953125,0.0139100884006707,0.08791351318359375,0.0,-0.3030529022216797,0.34798622131347656,-0.3311442978887876,-0.4395599365234375,0.0,-0.002780437469482422,0.0061054229736328125,0.0019712813392476357,0.08791351318359375,0.0,-0.057793617248535156,0.0659332275390625,-0.11020874532072471,-1.789499282836914,0.0,0.01354217529296875,0.0073261260986328125,0.03578094461149985,0.6329689025878906,0.0,0.11629343032836914,0.23809432983398438,0.044837084344534414,0.5567779541015625,0.0,-0.03576040267944336,-0.16483497619628906,-0.056492800711141766,-2.3150177001953125,0.0,0.03326749801635742,-0.16483497619628906,0.04282380161857003,-0.14652252197265625,0.0,-0.30899667739868164,0.25030517578125,-0.3451854977636122,-0.14652252197265625,0.0,0.008532524108886719,-0.10378456115722656,0.0060005311145890266,0.02930450439453125,0.0,-0.060082435607910156,0.08058547973632812,-0.12069290829348392,-1.9457893371582031,0.0,0.045205116271972656,-0.0073261260986328125,0.08401704113507141,1.24249267578125,0.0,4.792213439941406e-05,-0.015343666076660156,3.678554605507838e-05,-0.0028083324432373047,0.0,0.0,0.0,-1.662729783584501e-35,0.0,0.0,-0.01880197785794735,-0.033830806612968445,0.2250162810087204,0.08089683204889297,-0.033830806612968445,0.2250162810087204,0.08089683204889297
1.1802,1787703913.3679,ramp,0,0.011714,-0.13110117868079602,-0.19906333528966644,0.08865286265131969,-0.00205938215367496,0.010553641244769096,0.6951336860656738,0.7188000679016113,-0.2004690170288086,-0.05494499206542969,-0.2200028305432103,-0.08791351318359375,0.0,0.15598440170288086,0.06715583801269531,0.12556636371241786,-11.868133544921875,0.0,-0.02329730987548828,0.09157562255859375,0.02407003262174226,1.7875442504882812,0.0,0.4761981964111328,0.14041519165039062,0.38000118869670924,-6.534797668457031,0.0,-0.30017662048339844,0.128204345703125,-0.2725103364323853,7.0622711181640625,0.0,-0.1005702018737793,-0.2991447448730469,-0.08515401494309624,8.937728881835938,0.0,-0.25895118713378906,-0.4945049285888672,-0.3104215834794971,8.058609008789062,0.0,-0.12147045135498047,-0.20146560668945312,-0.14150653227243795,8.351654052734375,0.0,0.04477214813232422,0.06715583801269531,0.022928829577529355,-3.25274658203125,0.0,0.5647845268249512,-0.018314361572265625,0.4707118035047223,-13.333328247070312,0.0,-0.33526611328125,0.27472496032714844,-0.2989800346610271,9.172164916992188,0.0,0.12645578384399414,-0.4456653594970703,0.08534816138193779,-8.23443603515625,0.0,-0.014476776123046875,-0.11599540710449219,-0.017725715368047495,0.4981689453125,0.0,-0.016687226996223933,0.18349153458369435,0.02310513723580654,-0.15346638708235089,0.0,0.028694487040771963,-0.2748560174254732,-0.010776509925516533,-0.2144082238921604,0.0,0.12434673309326172,0.09157562255859375,0.053606951004475586,0.5567779541015625,0.0,0.021571636199951172,-0.04273414611816406,0.06991924818164573,2.4322357177734375,0.0,-0.0016298294067382812,0.09157562255859375,0.0141548420851231,0.02930450439453125,0.0,-0.30324459075927734,0.21367454528808594,-0.33163807695446146,-0.380950927734375,0.0,-0.002780437469482422,0.018314361572265625,0.002046120904059488,0.08791351318359375,0.0,-0.057412147521972656,0.3003654479980469,-0.11180334144007185,-1.5706958770751953,0.0,0.01316070556640625,-0.0073261260986328125,0.0362153192656788,0.6485977172851562,0.0,0.115142822265625,-0.018314361572265625,0.0430442319071621,0.6739959716796875,0.0,-0.036527156829833984,-0.05494499206542969,-0.05627574128079808,-2.3150177001953125,0.0,0.033843040466308594,-0.14041519165039062,0.042998466141045674,-0.20513153076171875,0.0,-0.3099555969238281,0.128204345703125,-0.3459366623490069,-0.02930450439453125,0.0,0.008724212646484375,-0.10378456115722656,0.005960652228352797,0.08791351318359375,0.0,-0.059319496154785156,0.28571510314941406,-0.122446621817797,-1.7582435607910156,0.0,0.044442176818847656,-0.124542236328125,0.0851330283244604,1.2581214904785156,0.0,4.792213439941406e-05,0.027618408203125,3.661014480371486e-05,-0.00305253267288208,0.0,0.0,0.0,-1.688917775427484e-35,0.0,0.0,-0.016483433544635773,0.13676291704177856,-0.3870368003845215,0.20128776133060455,0.13676291704177856,-0.3870368003845215,0.20128776133060455
1.2010,1787703913.3884,ramp,0,0.011352,0.04352097073753299,0.4617117055548195,-0.15248486420601914,-0.002431247616186738,0.010678639635443687,0.6950995922088623,0.7188300490379333,-0.2021946907043457,-0.23809432983398438,-0.22053118890202544,0.5567779541015625,0.0,0.157135009765625,-0.20146560668945312,0.12572587914942995,-11.868133544921875,0.0,-0.02272176742553711,0.11599540710449219,0.02557566628597807,1.4358978271484375,0.0,0.4754314422607422,-0.09157562255859375,0.37828450752600346,-6.0659332275390625,0.0,-0.298642635345459,0.5433464050292969,-0.27111498816838236,5.9487152099609375,0.0,-0.10172033309936523,0.3601951599121094,-0.08571850271593973,7.1794891357421875,0.0,-0.2618274688720703,-0.05494499206542969,-0.31237988614596274,7.706962585449219,0.0,-0.12051153182983398,0.11599540710449219,-0.1413970494542523,7.355308532714844,0.0,0.044388771057128906,-0.04273414611816406,0.022447464745390763,-3.0769195556640625,0.0,0.5647845268249512,0.21367454528808594,0.47087139808781614,-13.450546264648438,0.0,-0.3339238166809082,0.5433464050292969,-0.2984841238479297,8.820510864257812,0.0,0.12530517578125,-0.2625160217285156,0.08532664445999791,-8.879119873046875,0.0,-0.015435218811035156,-0.05494499206542969,-0.01807917101878817,0.4395599365234375,0.0,-0.017130606601316222,-0.04176150692871803,0.02461584250130555,0.9564402159902841,0.0,0.026183065989885075,-0.16013307738688548,-0.01100684601102456,-0.3656170837850674,0.0,0.12377119064331055,0.28693580627441406,0.05172781802151721,0.26373291015625,0.0,0.021571636199951172,0.14041519165039062,0.06962671667157608,2.3150177001953125,0.0,-0.001438140869140625,0.04273414611816406,0.014432105699714528,0.14652252197265625,0.0,-0.3030529022216797,0.45787620544433594,-0.3321974432776472,-0.615386962890625,0.0,-0.002780437469482422,0.018314361572265625,0.0021309011936825415,0.08791351318359375,0.0,-0.059319496154785156,0.0659332275390625,-0.11360974318986711,-1.414407730102539,0.0,0.01316070556640625,-0.0073261260986328125,0.03670739065971733,0.617340087890625,0.0,0.11533451080322266,0.4212455749511719,0.0410132400210662,0.26373291015625,0.0,-0.037102699279785156,-0.04273414611816406,-0.05602985046868265,-2.25640869140625,0.0,0.033843040466308594,-0.11599540710449219,0.043196330851237204,-0.14652252197265625,0.0,-0.30976390838623047,0.2625160217285156,-0.3467876019725128,-0.20513153076171875,0.0,0.008532524108886719,-0.09157562255859375,0.005915476344000022,0.08791351318359375,0.0,-0.060845375061035156,0.05128288269042969,-0.12443327608123256,-1.6332130432128906,0.0,0.045205116271972656,-0.05128288269042969,0.08639724889241636,1.1018333435058594,0.0,4.792213439941406e-05,-0.015343666076660156,3.6411445507049655e-05,-0.0020757317543029785,0.0,0.0,0.0,-1.718584243139795e-35,0.0,0.0,-0.014282177202403545,0.2138337790966034,0.5040666460990906,-0.08189082145690918,0.2138337790966034,0.5040666460990906,-0.08189082145690918
1.2210,1787703913.4084,ramp,0,0.011882,-0.03422567092520758,0.31831146639354907,-0.036267701705890866,-0.002071850933134556,0.01068896148353815,0.6950563788414001,0.7188728451728821,-0.20200300216674805,-0.1770458221435547,-0.22104044949635876,0.4981689453125,0.0,0.15771007537841797,-0.16483497619628906,0.12587962882501055,-11.926742553710938,0.0,-0.021571636199951172,0.07936477661132812,0.02702687810444236,1.7289352416992188,0.0,0.47504758834838867,0.03052520751953125,0.37662987661369063,-5.890106201171875,0.0,-0.298067569732666,0.5189247131347656,-0.26977007543184195,6.00732421875,0.0,-0.1022958755493164,0.40903472900390625,-0.0862625868094266,7.0622711181640625,0.0,-0.26163578033447266,-0.04273414611816406,-0.3142674050300118,7.589744567871094,0.0,-0.12012815475463867,0.09157562255859375,-0.1412915239446653,7.472526550292969,0.0,0.04458045959472656,-0.05494499206542969,0.021983499074334143,-3.0769195556640625,0.0,0.5649762153625488,0.20146560668945312,0.4710252240487057,-13.74359130859375,0.0,-0.3335404396057129,0.45787620544433594,-0.2980061379673228,8.996337890625,0.0,0.12434673309326172,-0.5067157745361328,0.0853059052774478,-8.175827026367188,0.0,-0.01639413833618164,-0.09157562255859375,-0.018419850846718423,0.4981689453125,0.0,-0.01672979668026837,0.1030059329572745,0.026071942605590294,0.15940632524986761,0.0,0.02196887644512253,-0.18747578298504314,-0.011228856489036624,-0.07273550003790061,0.0,0.12242889404296875,0.14041519165039062,0.04991660719506473,0.4981689453125,0.0,0.021955013275146484,0.05494499206542969,0.06934475885224041,2.4322357177734375,0.0,-0.001438140869140625,0.06715583801269531,0.014699347488924545,0.02930450439453125,0.0,-0.30362796783447266,0.15262603759765625,-0.3327365910387131,-0.3223419189453125,0.0,-0.002780437469482422,0.04273414611816406,0.0022126170593650776,0.08791351318359375,0.0,-0.058938026428222656,0.21245384216308594,-0.11535085168821355,-1.7269840240478516,0.0,0.01316070556640625,-0.0073261260986328125,0.03718167589889557,0.617340087890625,0.0,0.11495113372802734,0.04273414611816406,0.03905565930384479,0.5567779541015625,0.0,-0.03748607635498047,-0.03052520751953125,-0.0557928474970635,-2.3150177001953125,0.0,0.033843040466308594,-0.128204345703125,0.043387043647256346,-0.20513153076171875,0.0,-0.3112978935241699,0.05494499206542969,-0.34760778397811243,0.08791351318359375,0.0,0.007573604583740234,-0.10378456115722656,0.005871933363499783,0.02930450439453125,0.0,-0.060845375061035156,0.22710609436035156,-0.1263481217802781,-1.8989028930664062,0.0,0.045205116271972656,-0.09523773193359375,0.08761577360592591,1.2737503051757812,0.0,0.0001437664031982422,0.033756256103515625,3.6219928291082356e-05,-0.0032967329025268555,0.0,0.0,0.0,-1.747178402249571e-35,0.0,0.0,-0.00951607245951891,0.15723900496959686,0.21347641944885254,0.06487687677145004,0.15723900496959686,0.21347641944885254,0.06487687677145004
1.2410,1787703913.4285,ramp,0,0.011881,-0.005267177117418099,0.4099555000350833,-0.10255304886866333,-0.001987447962164879,0.010601152665913105,0.6950196623802185,0.7189098000526428,-0.20257806777954102,-0.1770458221435547,-0.22155175458766785,0.4981689453125,0.0,0.15771007537841797,-0.1770458221435547,0.12603399574989385,-11.9853515625,0.0,-0.021187782287597656,0.11599540710449219,0.028483916013138537,1.4358978271484375,0.0,0.474855899810791,0.0061054229736328125,0.37496860295710516,-5.772895812988281,0.0,-0.2973008155822754,0.5067157745361328,-0.2684197633574121,6.00732421875,0.0,-0.1022958755493164,0.4456653594970703,-0.08680885520363514,7.003662109375,0.0,-0.26259422302246094,-0.06715583801269531,-0.31616250161925386,7.706962585449219,0.0,-0.11993646621704102,0.10378456115722656,-0.14118557478834887,7.531135559082031,0.0,0.044005393981933594,-0.05494499206542969,0.02151767074902562,-3.0769195556640625,0.0,0.5647845268249512,0.16483497619628906,0.47117966756515595,-13.626373291015625,0.0,-0.33277320861816406,0.5433464050292969,-0.2975262331463968,8.703292846679688,0.0,0.12377119064331055,-0.4945049285888672,0.08528508283458563,-8.117218017578125,0.0,-0.017160892486572266,-0.05494499206542969,-0.018761898380859753,0.380950927734375,0.0,-0.015967689439958764,0.008252344846295384,0.02753388842480535,0.5516209091930684,0.0,0.018147939707417626,-0.17424418592769408,-0.011451758258768385,0.14111219484426027,0.0,0.1208953857421875,0.34798622131347656,0.0480981250126533,0.4395599365234375,0.0,0.021955013275146484,0.14041519165039062,0.06906166907430562,2.4322357177734375,0.0,-0.001438140869140625,0.05494499206542969,0.014967662157198702,0.08791351318359375,0.0,-0.30286121368408203,0.5433464050292969,-0.3332779032829125,-0.7325973510742188,0.0,-0.002780437469482422,0.05494499206542969,0.002294660984673912,0.02930450439453125,0.0,-0.060463905334472656,0.10988998413085938,-0.11709895010704284,-1.4925518035888672,0.0,0.01354217529296875,0.0073261260986328125,0.03765786522165689,0.6017112731933594,0.0,0.11437606811523438,0.3113555908203125,0.03709021960852685,0.380950927734375,0.0,-0.037677764892578125,-0.14041519165039062,-0.05555489304428887,-2.25640869140625,0.0,0.03403472900390625,-0.20146560668945312,0.04357852208612917,-0.14652252197265625,0.0,-0.3118729591369629,0.3601951599121094,-0.34843125871762626,-0.14652252197265625,0.0,0.007765769958496094,-0.10378456115722656,0.00582821557369181,0.08791351318359375,0.0,-0.06313419342041016,0.08058547973632812,-0.12827065489178877,-1.6019554138183594,0.0,0.045968055725097656,-0.03663063049316406,0.08883919025515456,1.1956062316894531,0.0,4.792213439941406e-05,-0.009205818176269531,3.6027642202806415e-05,-0.002319931983947754,0.0,0.0,0.0,-1.7758873565594412e-35,0.0,0.0,-0.005685783922672272,0.1773727983236313,0.4005119204521179,-0.037441547960042953,0.1773727983236313,0.4005119204521179,-0.037441547960042953
1.2611,1787703913.4486,ramp,0,0.011611,0.010314175311119297,0.42424412494217184,-0.10340165682763867,-0.002033453667536378,0.010457195341587067,0.6948918104171753,0.7190353870391846,-0.2031536102294922,-0.09157562255859375,-0.22206406766815528,0.26373291015625,0.0,0.15771007537841797,-0.20146560668945312,0.1261886669944337,-12.571426391601562,0.0,-0.020229339599609375,0.09157562255859375,0.029943826332982787,1.377288818359375,0.0,0.474855899810791,0.03052520751953125,0.37330405425809093,-5.890106201171875,0.0,-0.29615020751953125,0.40903472900390625,-0.2670667892716283,6.534797668457031,0.0,-0.10172033309936523,0.28693580627441406,-0.08735620051383608,7.23809814453125,0.0,-0.26297807693481445,0.2625160217285156,-0.3180613342105155,6.886444091796875,0.0,-0.11974477767944336,0.3113555908203125,-0.14107941676338465,7.0622711181640625,0.0,0.044005393981933594,-0.07936477661132812,0.02105092408764175,-2.4322357177734375,0.0,0.5642094612121582,0.15262603759765625,0.47133441555225564,-13.5091552734375,0.0,-0.3312397003173828,0.4822959899902344,-0.29704538223892807,8.937728881835938,0.0,0.12262105941772461,-0.23809432983398438,0.0852642193422651,-8.879119873046875,0.0,-0.017736434936523438,-0.05494499206542969,-0.019104620229062765,0.3223419189453125,0.0,-0.015131437392424816,-0.005197104437536519,0.028998716330645546,0.5488992031468829,0.0,0.014089037047298143,-0.18946909374406087,-0.011675099458060957,0.42872485590566245,0.0,0.12012815475463867,0.2625160217285156,0.04627605786621164,0.4981689453125,0.0,0.022338390350341797,0.16483497619628906,0.06877802121189742,2.3150177001953125,0.0,-0.001438140869140625,0.06715583801269531,0.015236505782228026,0.02930450439453125,0.0,-0.30286121368408203,0.40903472900390625,-0.33382028267252767,-0.4981689453125,0.0,-0.002780437469482422,0.04273414611816406,0.0023768666517495745,0.08791351318359375,0.0,-0.059700965881347656,0.13919448852539062,-0.1188504947350313,-1.9301586151123047,0.0,0.01316070556640625,0.0073261260986328125,0.03813499330621098,0.6798553466796875,0.0,0.11475944519042969,0.21367454528808594,0.03512090523647057,0.4395599365234375,0.0,-0.03806114196777344,-0.09157562255859375,-0.055316469487025746,-2.373626708984375,0.0,0.03365135192871094,-0.20146560668945312,0.043770378006465674,-0.14652252197265625,0.0,-0.3126401901245117,0.25030517578125,-0.34925635685898,-0.08791351318359375,0.0,0.006998538970947266,-0.10378456115722656,0.005784411598434533,0.14652252197265625,0.0,-0.06275272369384766,0.13919448852539062,-0.13019697809380362,-2.0551910400390625,0.0,0.045205116271972656,-0.0659332275390625,0.09006501875351974,1.3987808227539062,0.0,0.0001437664031982422,0.027618408203125,3.583497704086308e-05,-0.00305253267288208,0.0,0.0,0.0,-1.8046529078321745e-35,0.0,0.0,-0.0018930773949250579,0.2088441550731659,0.4272191524505615,-0.03943536430597305,0.2088441550731659,0.4272191524505615,-0.03943536430597305
1.2803,1787703913.4679,ramp,0,0.011461,0.0443025502608224,0.47787100139060695,-0.12029865660775645,-0.0018002578290179372,0.010108636692166328,0.6948630213737488,0.7190688848495483,-0.20200300216674805,-0.1770458221435547,-0.22255307899824495,0.20513153076171875,0.0,0.15771007537841797,-0.0061054229736328125,0.12633630326198145,-11.75091552734375,0.0,-0.019845962524414062,0.15262603759765625,0.031337334940335575,1.377288818359375,0.0,0.47466421127319336,0.03052520751953125,0.37171521492467097,-5.9487152099609375,0.0,-0.29653358459472656,0.10378456115722656,-0.2657753530728171,6.8278350830078125,0.0,-0.10287094116210938,-0.07936477661132812,-0.08787865068806358,8.351646423339844,0.0,-0.26125240325927734,-0.5555553436279297,-0.3198738014037932,8.820510864257812,0.0,-0.1195530891418457,-0.2625160217285156,-0.14097808716832913,8.410263061523438,0.0,0.04362201690673828,-0.0061054229736328125,0.02060540666013223,-2.9011001586914062,0.0,0.5626754760742188,0.16483497619628906,0.47148212507184917,-13.391937255859375,0.0,-0.3316230773925781,0.15262603759765625,-0.29658640207466525,9.172164916992188,0.0,0.12377119064331055,-0.33577537536621094,0.08524430479290343,-8.5274658203125,0.0,-0.01831197738647461,-0.03052520751953125,-0.01943175391591122,0.380950927734375,0.0,-0.013651086668279026,0.06279286958028074,0.03039691885537095,0.1520398108597661,0.0,0.01010859081259632,-0.2240658095288054,-0.011888282336050271,0.7883358501526287,0.0,0.11878585815429688,0.34798622131347656,0.044536864562877726,0.380950927734375,0.0,0.02272176742553711,0.20146560668945312,0.06850727462400755,2.25640869140625,0.0,-0.0016298294067382812,0.09157562255859375,0.015493121480067786,0.02930450439453125,0.0,-0.3026695251464844,0.5433464050292969,-0.33433799279321513,-0.7325973510742188,0.0,-0.002780437469482422,0.07936477661132812,0.0024553333240417024,0.08791351318359375,0.0,-0.059319496154785156,0.21245384216308594,-0.12052237312515383,-1.836385726928711,0.0,0.01354217529296875,0.0073261260986328125,0.0385904199742729,0.6798553466796875,0.0,0.11495113372802734,0.39682579040527344,0.03324116201475215,0.20513153076171875,0.0,-0.038252830505371094,-0.10378456115722656,-0.055088890248269975,-2.25640869140625,0.0,0.03345966339111328,-0.1892547607421875,0.04395350766362781,-0.14652252197265625,0.0,-0.3126401901245117,0.33577537536621094,-0.3500439267160175,-0.20513153076171875,0.0,0.006998538970947266,-0.11599540710449219,0.005742599977729095,0.08791351318359375,0.0,-0.06275272369384766,0.1831493377685547,-0.13203568553087244,-1.9770469665527344,0.0,0.044823646545410156,-0.10988998413085938,0.09123509238091382,1.3987808227539062,0.0,4.792213439941406e-05,-0.009205818176269531,3.565107494916905e-05,-0.002319931983947754,0.0,0.0,0.0,-1.8321101034892877e-35,0.0,0.0,0.0019149171421304345,0.2774965167045593,0.41125747561454773,-0.08126261830329895,0.2774965167045593,0.41125747561454773,-0.08126261830329895
1.3001,1787703913.4875,ramp,0,0.011880,0.06964113819573248,0.5029787182261424,-0.20417512319926223,-0.002161828801035881,0.010790443047881126,0.6945278644561768,0.71938157081604,-0.2031536102294922,-0.22588539123535156,-0.22305724831826745,0.5567779541015625,0.0,0.157135009765625,-0.128204345703125,0.12648851584283632,-11.575088500976562,0.0,-0.01831197738647461,0.1770458221435547,0.032774038435295146,1.1428604125976562,0.0,0.47389745712280273,-0.04273414611816406,0.370077125994894,-5.831504821777344,0.0,-0.2955751419067383,0.39682579040527344,-0.26444388594691676,6.124542236328125,0.0,-0.10344600677490234,0.5677661895751953,-0.08841729536330589,6.476188659667969,0.0,-0.2635531425476074,-0.3846149444580078,-0.3217424500345528,8.937728881835938,0.0,-0.12012815475463867,-0.11599540710449219,-0.14087361663790618,8.293045043945312,0.0,0.044005393981933594,-0.03052520751953125,0.02014607943259235,-3.4285736083984375,0.0,0.5626754760742188,0.22588539123535156,0.4716344131753595,-12.923080444335938,0.0,-0.33028078079223633,0.5555553436279297,-0.29611319480301,7.9413909912109375,0.0,0.12415504455566406,-0.5677661895751953,0.08522377294794929,-8.117218017578125,0.0,-0.018695354461669922,-0.018314361572265625,-0.01976902783638382,0.20513153076171875,0.0,-0.01365962106686456,-0.03663089708136353,0.03183846176607484,0.7063486109675936,0.0,0.005877129429216214,-0.2845831560671398,-0.012108073289803055,1.1462497062724661,0.0,0.11801910400390625,0.23809432983398438,0.042743761108671716,0.4395599365234375,0.0,0.023488998413085938,0.128204345703125,0.06822813564559196,2.3150177001953125,0.0,-0.001438140869140625,0.018314361572265625,0.01575769155017897,0.14652252197265625,0.0,-0.30228614807128906,0.5433464050292969,-0.334871750486453,-0.7325973510742188,0.0,-0.002780437469482422,0.018314361572265625,0.002536232244740946,0.08791351318359375,0.0,-0.060082435607910156,0.05128288269042969,-0.12224607509122881,-1.6957263946533203,0.0,0.01354217529296875,0.021978378295898438,0.03905996360123716,0.6329689025878906,0.0,0.11571836471557617,0.07936477661132812,0.03130315198595175,0.4395599365234375,0.0,-0.03844499588012695,0.05494499206542969,-0.05485425668664328,-2.4322357177734375,0.0,0.03365135192871094,-0.03052520751953125,0.04414231383036931,-0.26373291015625,0.0,-0.31302356719970703,0.27472496032714844,-0.350855909046202,-0.3223419189453125,0.0,0.00795745849609375,-0.07936477661132812,0.005699492313176134,0.08791351318359375,0.0,-0.06351566314697266,0.03663063049316406,-0.1339313877799337,-1.867645263671875,0.0,0.045586585998535156,0.021978378295898438,0.09244143503352976,1.2737503051757812,0.0,0.0001437664031982422,0.039893150329589844,3.5461472404575444e-05,-0.005738735198974609,0.0,0.0,0.0,-1.860418395776984e-35,0.0,0.0,0.006606318522244692,0.3669871985912323,0.5340336561203003,-0.17804399132728577,0.3669871985912323,0.5340336561203003,-0.17804399132728577
1.3220,1787703913.5095,ramp,0,0.012560,0.10339430816750574,0.5700741989925169,-0.197118478679852,-0.002527309814468026,0.01166581828147173,0.6941155791282654,0.7197646498680115,-0.20468759536743164,-0.2991447448730469,-0.2236162953868877,0.8498153686523438,0.0,0.15636777877807617,-0.15262603759765625,0.12665729643648732,-11.047622680664062,0.0,-0.016202449798583984,0.20146560668945312,0.034367124022688066,0.7912063598632812,0.0,0.4737057685852051,-0.06715583801269531,0.36826073460025266,-6.24176025390625,0.0,-0.2946157455444336,0.4456653594970703,-0.26296749148153054,5.772895812988281,0.0,-0.10306262969970703,0.7020759582519531,-0.0890145703555816,5.890106201171875,0.0,-0.26604604721069336,-0.4822959899902344,-0.32381449705887533,9.230766296386719,0.0,-0.12108707427978516,-0.09157562255859375,-0.14075777471442788,8.058609008789062,0.0,0.04458045959472656,-0.018314361572265625,0.019636755421995774,-3.3113555908203125,0.0,0.5628671646118164,0.21367454528808594,0.4718032775121448,-12.864471435546875,0.0,-0.3295135498046875,0.4822959899902344,-0.29558847993528103,8.117218017578125,0.0,0.12492179870605469,-0.3601951599121094,0.08520100625573074,-8.586074829101562,0.0,-0.018695354461669922,0.0061054229736328125,-0.02014301329935057,0.3223419189453125,0.0,-0.013166671838938668,-0.06793252062729815,0.03343691352923106,0.8688324633539165,0.0,0.0007838426714421277,-0.17973838589692923,-0.012351788017226863,1.1467187013464883,0.0,0.11629343032836914,0.16483497619628906,0.04075548219125982,0.4981689453125,0.0,0.02444744110107422,0.1770458221435547,0.06791861298837454,2.3150177001953125,0.0,-0.0012464523315429688,0.07936477661132812,0.01605105950468619,0.08791351318359375,0.0,-0.3020944595336914,0.21367454528808594,-0.33546360655921986,-0.380950927734375,0.0,-0.002780437469482422,0.05494499206542969,0.002625936839358944,0.08791351318359375,0.0,-0.06313419342041016,0.08058547973632812,-0.12415739831745382,-1.7582416534423828,0.0,0.01430511474609375,0.021978378295898438,0.0395806160444123,0.617340087890625,0.0,0.11533451080322266,0.3846149444580078,0.029154193724252972,0.380950927734375,0.0,-0.038252830505371094,0.07936477661132812,-0.054594083765328934,-2.4908447265625,0.0,0.033843040466308594,-0.06715583801269531,0.04435167114320529,-0.26373291015625,0.0,-0.31244802474975586,0.25030517578125,-0.3517562739106107,-0.20513153076171875,0.0,0.006806850433349609,-0.06715583801269531,0.005651692471840449,0.02930450439453125,0.0,-0.06656742095947266,0.08058547973632812,-0.13603343315085614,-1.9614181518554688,0.0,0.047493934631347656,-0.03663063049316406,0.09377908549521662,1.3362655639648438,0.0,4.792213439941406e-05,0.0030689239501953125,3.5251232029867086e-05,-0.005250334739685059,0.0,0.0,0.0,-1.891807984934003e-35,0.0,0.0,0.012403765693306923,0.2975776195526123,0.6327086091041565,-0.19903214275836945,0.2975776195526123,0.6327086091041565,-0.19903214275836945
1.3408,1787703913.5282,ramp,0,0.013110,-0.013577629555659209,0.13759058653277617,-0.03167078605879147,-0.0019420684548094869,0.011456651613116264,0.6940611600875854,0.719822347164154,-0.20468759536743164,-0.20146560668945312,-0.22409348825984893,0.6739959716796875,0.0,0.1554093360900879,-0.09157562255859375,0.1268013646212704,-11.457878112792969,0.0,-0.015244007110595703,0.16483497619628906,0.03572695422481638,1.0256423950195312,0.0,0.4737057685852051,0.05494499206542969,0.3667102944375484,-6.0659332275390625,0.0,-0.29384899139404297,0.25030517578125,-0.2617072667954402,6.3003692626953125,0.0,-0.10191202163696289,0.45787620544433594,-0.08952439392055503,6.886444091796875,0.0,-0.26566267013549805,-0.21367454528808594,-0.32558316042900526,8.410255432128906,0.0,-0.12166213989257812,-0.06715583801269531,-0.140658894059512,7.9413909912109375,0.0,0.044963836669921875,-0.03052520751953125,0.019202005288192995,-3.135528564453125,0.0,0.5622916221618652,0.128204345703125,0.47194741717861355,-13.5091552734375,0.0,-0.3281712532043457,0.628814697265625,-0.2951405924330086,7.531135559082031,0.0,0.12415504455566406,-0.6654453277587891,0.08518157300247285,-7.648353576660156,0.0,-0.018887042999267578,-0.0061054229736328125,-0.020462240798314622,0.3223419189453125,0.0,-0.011600510943947982,0.06810449428519785,0.03480132420583643,-0.07518630372668844,0.0,-0.003924279937864268,-0.19011096805002883,-0.012559818677774559,1.2886345378194834,0.0,0.11418437957763672,0.1892547607421875,0.03905832182301103,0.4981689453125,0.0,0.025214672088623047,0.128204345703125,0.06765440982135194,2.25640869140625,0.0,-0.001438140869140625,0.03052520751953125,0.01630147329791394,0.14652252197265625,0.0,-0.3024778366088867,0.14041519165039062,-0.3359688046285707,-0.26373291015625,0.0,-0.002780437469482422,0.04273414611816406,0.0027025071240922667,0.08791351318359375,0.0,-0.06275272369384766,0.41758155822753906,-0.12578887064362274,-1.6175823211669922,0.0,0.01392364501953125,-0.0659332275390625,0.04002503593160749,0.6798553466796875,0.0,0.11456775665283203,-0.07936477661132812,0.027319880257044127,0.8498153686523438,0.0,-0.03748607635498047,-0.10378456115722656,-0.05437200467618334,-2.4908447265625,0.0,0.033843040466308594,-0.15262603759765625,0.044530374911090534,-0.26373291015625,0.0,-0.3132152557373047,0.07936477661132812,-0.35252480972892897,0.20513153076171875,0.0,0.00795745849609375,-0.07936477661132812,0.005610891357060686,0.02930450439453125,0.0,-0.06580448150634766,0.4468860626220703,-0.13782770258888563,-1.8520164489746094,0.0,0.046730995178222656,-0.28571510314941406,0.0949208807082845,1.2893791198730469,0.0,0.0001437664031982422,0.033756256103515625,3.507177449569715e-05,-0.0037851333618164062,0.0,0.0,0.0,-1.918601593328871e-35,0.0,0.0,0.01761789433658123,0.1781734973192215,0.06600754708051682,-0.024055063724517822,0.1781734973192215,0.06600754708051682,-0.024055063724517822
1.3601,1787703913.5476,ramp,0,0.012424,0.047576265997937524,0.566731798666413,-0.1979011983689831,-0.0022428908850997686,0.011278068646788597,0.6938756108283997,0.720003068447113,-0.20602989196777344,-0.21367454528808594,-0.22458658613725319,0.615386962890625,0.0,0.15521764755249023,-0.0061054229736328125,0.12695023464876515,-11.282051086425781,0.0,-0.014093399047851562,0.20146560668945312,0.037132108040586455,0.9670333862304688,0.0,0.4737057685852051,0.018314361572265625,0.3651081775649144,-6.124542236328125,0.0,-0.29308176040649414,0.1770458221435547,-0.26040503838220463,6.3003692626953125,0.0,-0.10210418701171875,0.28693580627441406,-0.09005121008228661,7.003662109375,0.0,-0.26662158966064453,-0.5677661895751953,-0.3274107739644755,9.641029357910156,0.0,-0.12185382843017578,-0.20146560668945312,-0.14055671767797306,8.351654052734375,0.0,0.04458045959472656,-0.06715583801269531,0.018752764781206608,-3.135528564453125,0.0,0.560758113861084,0.21367454528808594,0.4720963610703035,-12.688644409179688,0.0,-0.3272123336791992,0.372406005859375,-0.2946777766844918,8.0,0.0,0.12415504455566406,-0.4212455749511719,0.08516149203212418,-8.175827026367188,0.0,-0.01927042007446289,-0.018314361572265625,-0.020792108260859594,0.5567779541015625,0.0,-0.011169060660916,-0.004137066925068369,0.036211211164891184,0.561935275523358,0.0,-0.007379680245334189,-0.20994798749243057,-0.012774783072599924,1.5755783947668882,0.0,0.11284208297729492,0.4212455749511719,0.03730459450934635,0.3223419189453125,0.0,0.025981426239013672,0.2625160217285156,0.06738140067087177,2.1977996826171875,0.0,-0.0010547637939453125,0.0061054229736328125,0.01656023346997418,0.14652252197265625,0.0,-0.3026695251464844,0.5677661895751953,-0.3364908411253016,-0.7325973510742188,0.0,-0.002780437469482422,0.018314361572265625,0.0027816295230500433,0.08791351318359375,0.0,-0.06504154205322266,-0.0659332275390625,-0.12747472050991598,-1.6019535064697266,0.0,0.01392364501953125,0.0659332275390625,0.040484268488230404,0.617340087890625,0.0,0.11475944519042969,0.5677661895751953,0.02542442848392361,0.20513153076171875,0.0,-0.036719322204589844,0.018314361572265625,-0.054142523613748286,-2.4322357177734375,0.0,0.03403472900390625,-0.21367454528808594,0.0447150349377199,-0.14652252197265625,0.0,-0.3135986328125,0.6532363891601562,-0.3533189611134001,-0.5567779541015625,0.0,0.007765769958496094,-0.14041519165039062,0.00556873032693301,0.14652252197265625,0.0,-0.06809329986572266,-0.03663063049316406,-0.13968177565140527,-1.8363876342773438,0.0,0.048256874084472656,0.08058547973632812,0.09610073235296723,1.24249267578125,0.0,4.792213439941406e-05,-0.009205818176269531,3.488633557949063e-05,-0.002319931983947754,0.0,0.0,0.0,-1.9462882420114582e-35,0.0,0.0,0.020393723621964455,0.2706887125968933,0.5642818212509155,-0.18087485432624817,0.2706887125968933,0.5642818212509155,-0.18087485432624817
1.3812,1787703913.5688,ramp,0,0.012314,0.06187484446960021,0.5257599974019255,-0.17966302234152304,-0.002596101490780711,0.011573323979973793,0.6934788823127747,0.7203792929649353,-0.20737218856811523,-0.1892547607421875,-0.22512383198337205,0.8498153686523438,0.0,0.1544504165649414,-0.128204345703125,0.12711243328629362,-11.223442077636719,0.0,-0.012175559997558594,0.22588539123535156,0.038663067887046244,0.5567779541015625,0.0,0.4737057685852051,0.018314361572265625,0.3633626201933222,-6.358970642089844,0.0,-0.29212331771850586,0.34798622131347656,-0.25898621904071484,6.00732421875,0.0,-0.1005702018737793,0.7753353118896484,-0.09062519307334807,5.479850769042969,0.0,-0.26873064041137695,-0.372406005859375,-0.32940201713390593,9.406593322753906,0.0,-0.12262105941772461,-0.018314361572265625,-0.14044539325523933,8.0,0.0,0.04477214813232422,-0.03052520751953125,0.01826330293732834,-3.4871826171875,0.0,0.5597991943359375,0.20146560668945312,0.4722586401852257,-12.74725341796875,0.0,-0.3251032829284668,0.5677661895751953,-0.29417352418249776,7.355308532714844,0.0,0.12377119064331055,-0.6043949127197266,0.08513961317520705,-7.8241729736328125,0.0,-0.01927042007446289,-0.0061054229736328125,-0.021151509369935446,0.3223419189453125,0.0,-0.010516037547287808,-0.1397630935035389,0.03774732792174403,0.9650145441522492,0.0,-0.012489083060627957,-0.19875667573233494,-0.01300899362891244,1.7912937576902885,0.0,0.11149978637695312,0.4334545135498047,0.03539385273237654,0.380950927734375,0.0,0.026940345764160156,0.23809432983398438,0.06708394850413357,2.1977996826171875,0.0,-0.0008625984191894531,-0.0061054229736328125,0.01684216092079219,0.08791351318359375,0.0,-0.30324459075927734,0.5311355590820312,-0.33705961651907834,-0.615386962890625,0.0,-0.002780437469482422,-0.0061054229736328125,0.0028678358973276826,0.08791351318359375,0.0,-0.06580448150634766,0.021978378295898438,-0.12931150764559343,-1.9926738739013672,0.0,0.01430511474609375,0.0659332275390625,0.040984616988505765,0.6642265319824219,0.0,0.11437606811523438,0.4456653594970703,0.023359273393441057,0.380950927734375,0.0,-0.03614377975463867,0.0061054229736328125,-0.053892496685615535,-2.5494537353515625,0.0,0.034226417541503906,-0.1770458221435547,0.04491622791947246,-0.20513153076171875,0.0,-0.3135986328125,0.372406005859375,-0.3541842143461713,-0.3223419189453125,0.0,0.00795745849609375,-0.07936477661132812,0.005522794541479172,0.02930450439453125,0.0,-0.06847476959228516,0.0073261260986328125,-0.14170184731848084,-2.195850372314453,0.0,0.048638343811035156,0.03663063049316406,0.09738621830654512,1.5081825256347656,0.0,4.792213439941406e-05,0.027618408203125,3.468429397273057e-05,-0.0032967329025268555,0.0,0.0,0.0,-1.9764537277685106e-35,0.0,0.0,0.0253986194729805,0.2753066420555115,0.6580555438995361,-0.17735862731933594,0.2753066420555115,0.6580555438995361,-0.17735862731933594
1.4002,1787703913.5877,ramp,0,0.012234,0.030057682338800656,0.5036318917729979,-0.12447313664932044,-0.0023918827064335346,0.011306527070701122,0.6933217644691467,0.7205354571342468,-0.20813941955566406,-0.1892547607421875,-0.22560751637188808,0.8498153686523438,0.0,0.1540670394897461,-0.11599540710449219,0.1272584613093632,-11.516487121582031,0.0,-0.010833263397216797,0.1770458221435547,0.04004139660289764,0.5567779541015625,0.0,0.4737057685852051,0.09157562255859375,0.3617910885453857,-6.417579650878906,0.0,-0.2915477752685547,0.28693580627441406,-0.2577088508291952,6.124542236328125,0.0,-0.09980297088623047,0.6654453277587891,-0.09114195204702052,5.831504821777344,0.0,-0.26873064041137695,-0.372406005859375,-0.3311947405988718,9.406593322753906,0.0,-0.12300443649291992,-0.07936477661132812,-0.14034516747271192,8.293045043945312,0.0,0.044963836669921875,-0.06715583801269531,0.01782263865975697,-3.4285736083984375,0.0,0.558265209197998,0.25030517578125,0.4724047406623854,-12.805862426757812,0.0,-0.32356929779052734,0.5433464050292969,-0.2937195438216506,7.355308532714844,0.0,0.12281274795532227,-0.6043949127197266,0.08511991556078,-7.8241729736328125,0.0,-0.019654273986816406,-0.0061054229736328125,-0.02147507949510469,0.4395599365234375,0.0,-0.008722499706494273,-0.08978672823880071,0.039130299422771166,0.7360154633739782,0.0,-0.01667493179552088,-0.19422110719252728,-0.013219854244275775,2.003084929679758,0.0,0.11015748977661133,0.1770458221435547,0.033673604963720544,0.4395599365234375,0.0,0.02770709991455078,0.04273414611816406,0.0668161512369776,2.25640869140625,0.0,-0.001438140869140625,0.03052520751953125,0.017095981229762292,0.14652252197265625,0.0,-0.3038201332092285,-0.09157562255859375,-0.3375716870739822,-0.14652252197265625,0.0,-0.002780437469482422,-0.0061054229736328125,0.0029454478095088323,0.08791351318359375,0.0,-0.06427860260009766,0.21245384216308594,-0.13096517378181838,-2.1020755767822266,0.0,0.01392364501953125,0.0073261260986328125,0.04143508256241185,0.74237060546875,0.0,0.11418437957763672,-0.03052520751953125,0.02150000675723178,0.5567779541015625,0.0,-0.0355687141418457,0.03052520751953125,-0.053667396533199144,-2.4908447265625,0.0,0.03403472900390625,-0.03052520751953125,0.045097362692418055,-0.26373291015625,0.0,-0.3149409294128418,-0.06715583801269531,-0.35496320497742107,0.08791351318359375,0.0,0.00795745849609375,-0.05494499206542969,0.005481438386827159,0.02930450439453125,0.0,-0.06771183013916016,0.1831493377685547,-0.14352052518468786,-2.24273681640625,0.0,0.047493934631347656,-0.124542236328125,0.09854354598416984,1.5394401550292969,0.0,4.792213439941406e-05,0.009205818176269531,3.45023951796054e-05,-0.00305253267288208,0.0,0.0,0.0,-2.003611824267708e-35,0.0,0.0,0.029465986415743828,0.237005814909935,0.586728572845459,-0.12478674948215485,0.237005814909935,0.586728572845459,-0.12478674948215485
1.4209,1787703913.6084,ramp,0,0.012361,0.07373180356436462,0.5086135010395593,-0.22469797519163087,-0.002657941309735179,0.011680817231535912,0.6930078268051147,0.7208306193351746,-0.20852279663085938,-0.1770458221435547,-0.2261370702699399,1.0256423950195312,0.0,0.15349197387695312,-0.27472496032714844,0.12741833768883154,-11.106224060058594,0.0,-0.008724212646484375,0.23809432983398438,0.04155043712933534,0.20513153076171875,0.0,0.4737057685852051,0.07936477661132812,0.3600705229661866,-6.358970642089844,0.0,-0.2905893325805664,0.3846149444580078,-0.25631034525051993,6.124542236328125,0.0,-0.09731054306030273,0.9706954956054688,-0.09170771711068341,4.659339904785156,0.0,-0.27007293701171875,-0.07936477661132812,-0.3331574744012058,8.703300476074219,0.0,-0.12377119064331055,0.1892547607421875,-0.14023543692303359,8.293045043945312,0.0,0.04477214813232422,-0.03052520751953125,0.017340184622660435,-3.25274658203125,0.0,0.5571146011352539,0.10378456115722656,0.4725646963670228,-12.395599365234375,0.0,-0.3210768699645996,0.6898651123046875,-0.293222510889777,7.1794891357421875,0.0,0.12204551696777344,-0.5189247131347656,0.08509834995157321,-8.058609008789062,0.0,-0.019654273986816406,0.0061054229736328125,-0.02182933492518423,0.26373291015625,0.0,-0.007918042266187775,-0.14857079657251948,0.040644423026202886,0.9028322541798439,0.0,-0.021171676098832696,-0.17807404055379183,-0.013450711521174566,2.1461465565284827,0.0,0.10900735855102539,0.28693580627441406,0.031790219985549775,0.615386962890625,0.0,0.02847433090209961,0.21367454528808594,0.06652295780324868,2.1977996826171875,0.0,-0.0012464523315429688,-0.0061054229736328125,0.017373872220687647,0.14652252197265625,0.0,-0.3026695251464844,0.6043949127197266,-0.3381323190994625,-0.7912063598632812,0.0,-0.002780437469482422,0.04273414611816406,0.0030304199351482036,0.08791351318359375,0.0,-0.06771183013916016,0.15384674072265625,-0.1327756629547292,-1.6488399505615234,0.0,0.01468658447265625,0.03663063049316406,0.04192826738760751,0.6329689025878906,0.0,0.1138010025024414,0.45787620544433594,0.019464419258236526,0.20513153076171875,0.0,-0.03499317169189453,0.04273414611816406,-0.05342094933334246,-2.5494537353515625,0.0,0.03460979461669922,-0.128204345703125,0.04529567511961953,-0.20513153076171875,0.0,-0.3135986328125,0.4456653594970703,-0.3558160700586982,-0.380950927734375,0.0,0.008149147033691406,-0.09157562255859375,0.005436160281053268,0.08791351318359375,0.0,-0.07114505767822266,0.15384674072265625,-0.14551167473637253,-1.9145317077636719,0.0,0.049782752990722656,-0.05128288269042969,0.0998106271585071,1.2581214904785156,0.0,4.792213439941406e-05,0.015343666076660156,3.4303246277475444e-05,-0.0028083324432373047,0.0,0.0,0.0,-2.0333454195754712e-35,0.0,0.0,0.034091297537088394,0.26643288135528564,0.6472022533416748,-0.23951926827430725,0.26643288135528564,0.6472022533416748,-0.23951926827430725
1.4406,1787703913.6281,ramp,0,0.012509,0.020508098496048507,0.48989334278906527,-0.09997119741561557,-0.002555729355663061,0.011686136946082115,0.6927658915519714,0.7210633158683777,-0.20909786224365234,-0.128204345703125,-0.22663855494047075,1.0842514038085938,0.0,0.1531081199645996,-0.16483497619628906,0.12756973975343402,-11.047622680664062,0.0,-0.00795745849609375,0.20146560668945312,0.04297949032675725,0.3223419189453125,0.0,0.4737057685852051,0.15262603759765625,0.35844115669056187,-6.593406677246094,0.0,-0.29039764404296875,0.28693580627441406,-0.2549859680493748,6.0659332275390625,0.0,-0.09807729721069336,0.7753353118896484,-0.09224349355873263,5.3040313720703125,0.0,-0.2694973945617676,-0.3235645294189453,-0.3350161726712481,9.347984313964844,0.0,-0.1239628791809082,-0.04273414611816406,-0.1401315226873816,8.23443603515625,0.0,0.044963836669921875,-0.06715583801269531,0.01688330326510706,-3.25274658203125,0.0,0.5553889274597168,0.25030517578125,0.47271617355213036,-12.454208374023438,0.0,-0.32050132751464844,0.5677661895751953,-0.2927518233979079,7.003662109375,0.0,0.12204551696777344,-0.7387065887451172,0.0850779274365702,-7.23809814453125,0.0,-0.019654273986816406,-0.018314361572265625,-0.022164812896908626,0.4395599365234375,0.0,-0.006685772683355248,-0.16174512807062433,0.042078289869980745,0.9944332890286263,0.0,-0.025051908247307086,-0.22273404004028172,-0.013669332110827735,2.5019259395317883,0.0,0.10747289657592773,0.3113555908203125,0.03000666462180822,0.4395599365234375,0.0,0.029049396514892578,0.14041519165039062,0.06624530521102673,2.139190673828125,0.0,-0.0008625984191894531,-0.03052520751953125,0.017637033482535328,0.20513153076171875,0.0,-0.3030529022216797,0.47008514404296875,-0.33866323458818104,-0.6739959716796875,0.0,-0.002780437469482422,0.018314361572265625,0.0031108880774606777,0.08791351318359375,0.0,-0.06847476959228516,0.08058547973632812,-0.13449018638608704,-1.836385726928711,0.0,0.01506805419921875,0.0659332275390625,0.04239531074331483,0.6485977172851562,0.0,0.11245870590209961,0.128204345703125,0.01753672893242514,0.4395599365234375,0.0,-0.03441810607910156,0.0061054229736328125,-0.05318756517116739,-2.4322357177734375,0.0,0.03499317169189453,-0.14041519165039062,0.04548347591304805,-0.20513153076171875,0.0,-0.31474924087524414,0.33577537536621094,-0.3566237286669436,-0.20513153076171875,0.0,0.00795745849609375,-0.10378456115722656,0.005393282160356183,0.08791351318359375,0.0,-0.07152652740478516,0.124542236328125,-0.14739728256699672,-2.070819854736328,0.0,0.050164222717285156,-0.0073261260986328125,0.10101054616124869,1.4300384521484375,0.0,4.792213439941406e-05,-0.021480560302734375,3.411465334682454e-05,-0.0015873312950134277,0.0,0.0,0.0,-2.0615029731341648e-35,0.0,0.0,0.038091257214546204,0.2566942274570465,0.6440601348876953,-0.0922681912779808,0.2566942274570465,0.6440601348876953,-0.0922681912779808
1.4610,1787703913.6484,ramp,0,0.012365,0.10071638317813338,0.5102690218416934,-0.2931735226796413,-0.0029256599955260754,0.011974158696830273,0.692446231842041,0.7213641405105591,-0.20967340469360352,-0.27472496032714844,-0.22715772079783553,1.4945068359375,0.0,0.15234136581420898,-0.3235645294189453,0.12772647990382177,-10.813186645507812,0.0,-0.0054645538330078125,0.3113555908203125,0.044458928626783766,-0.26373291015625,0.0,0.47332191467285156,0.10378456115722656,0.35675434273760365,-6.534797668457031,0.0,-0.28943872451782227,0.372406005859375,-0.2536148963785715,6.0659332275390625,0.0,-0.09558486938476562,1.0073261260986328,-0.09279816024218857,4.4249114990234375,0.0,-0.27103137969970703,-0.10378456115722656,-0.3369404043330606,8.820510864257812,0.0,-0.12511348724365234,0.14041519165039062,-0.14002394467669665,9.289382934570312,0.0,0.04477214813232422,-0.03052520751953125,0.016410313330126342,-3.4871826171875,0.0,0.5546221733093262,0.10378456115722656,0.47287299147159795,-12.21978759765625,0.0,-0.3180088996887207,0.7142848968505859,-0.29226454055632367,6.8278350830078125,0.0,0.12147045135498047,-0.5921859741210938,0.08505678487103602,-7.76556396484375,0.0,-0.01927042007446289,0.0061054229736328125,-0.022512119044139304,0.380950927734375,0.0,-0.006297597752333019,-0.16165270488834915,0.04356271153437369,1.0062195683734347,0.0,-0.0297096063332286,-0.20218396454410673,-0.013895660755619104,2.6446153103307073,0.0,0.10728120803833008,0.3846149444580078,0.028160225230960303,0.5567779541015625,0.0,0.029624462127685547,0.27472496032714844,0.0659578632321166,2.139190673828125,0.0,-0.0006709098815917969,0.0061054229736328125,0.017909473200359082,0.08791351318359375,0.0,-0.3026695251464844,0.5677661895751953,-0.33921286892614994,-0.7325973510742188,0.0,-0.002780437469482422,0.04273414611816406,0.0031941933399126476,0.08791351318359375,0.0,-0.07000064849853516,0.03663063049316406,-0.13626515993865998,-2.0708179473876953,0.0,0.01506805419921875,0.08058547973632812,0.042878820964944685,0.7111129760742188,0.0,0.11245870590209961,0.4456653594970703,0.015541072714909288,0.26373291015625,0.0,-0.03345966339111328,0.04273414611816406,-0.05294595242451507,-2.6666641235351562,0.0,0.034801483154296875,-0.21367454528808594,0.04567789812705292,-0.14652252197265625,0.0,-0.31474924087524414,0.5189247131347656,-0.3574598634452289,-0.380950927734375,0.0,0.006423473358154297,-0.10378456115722656,0.00534889225653254,0.14652252197265625,0.0,-0.07305240631103516,0.05128288269042969,-0.1493493725581097,-2.2271080017089844,0.0,0.050927162170410156,0.021978378295898438,0.1022527715261183,1.5863265991210938,0.0,4.792213439941406e-05,0.027618408203125,3.3919411066675306e-05,-0.0032967329025268555,0.0,0.0,0.0,-2.09065329675048e-35,0.0,0.0,0.04260529205203056,0.31755393743515015,0.6569907069206238,-0.31239357590675354,0.31755393743515015,0.6569907069206238,-0.31239357590675354
1.4826,1787703913.6705,ramp,0,0.012039,0.06975139306486175,0.6304859443711196,-0.13307552147730467,-0.0034058941528201103,0.01224573701620102,0.6921430826187134,0.7216483950614929,-0.21159076690673828,-0.09157562255859375,-0.22770949100573867,1.4945068359375,0.0,0.15195798873901367,-0.2991447448730469,0.12789306355746416,-11.282051086425781,0.0,-0.004122257232666016,0.20146560668945312,0.0460312777456741,-0.08791351318359375,0.0,0.4735140800476074,0.1892547607421875,0.3549615944813106,-6.358970642089844,0.0,-0.28905534744262695,0.3235645294189453,-0.2521577194665742,6.1831512451171875,0.0,-0.09424257278442383,0.6532363891601562,-0.09338766077830027,5.3040313720703125,0.0,-0.2719902992248535,0.16483497619628906,-0.338985480466305,7.9413909912109375,0.0,-0.12549686431884766,0.3846149444580078,-0.1399096106147021,7.882781982421875,0.0,0.04515552520751953,-0.05494499206542969,0.015907618957878716,-2.8424911499023438,0.0,0.5532798767089844,0.07936477661132812,0.4730396577783285,-11.75091552734375,0.0,-0.31609153747558594,0.5677661895751953,-0.2917466556627114,7.413917541503906,0.0,0.12012815475463867,-0.3113555908203125,0.08503431452246646,-8.4688720703125,0.0,-0.019462108612060547,-0.018314361572265625,-0.022881236508905202,0.380950927734375,0.0,-0.006407248713597513,-0.28804324695284134,0.04514035697996485,1.6531084739216728,0.0,-0.03380604441903083,-0.2386347700339894,-0.014136203159591599,2.936048415652488,0.0,0.1067056655883789,0.4212455749511719,0.02619782683338462,0.380950927734375,0.0,0.030391693115234375,0.2625160217285156,0.06565236949015836,2.0805892944335938,0.0,-0.0006709098815917969,0.07936477661132812,0.018199022518004322,0.02930450439453125,0.0,-0.30324459075927734,0.5311355590820312,-0.3397970210783566,-0.7325973510742188,0.0,-0.002780437469482422,0.04273414611816406,0.0032827302907357642,0.08791351318359375,0.0,-0.07076358795166016,0.2564105987548828,-0.13815160434218235,-2.133333206176758,0.0,0.01544952392578125,0.021978378295898438,0.043392696312730766,0.7736282348632812,0.0,0.11226701736450195,0.5799751281738281,0.01342008646278725,0.08791351318359375,0.0,-0.0325007438659668,0.03052520751953125,-0.052689166055455525,-2.5494537353515625,0.0,0.03441810607910156,-0.16483497619628906,0.04588453033123324,-0.14652252197265625,0.0,-0.3149409294128418,0.6410255432128906,-0.3583485086708439,-0.4981689453125,0.0,0.005272865295410156,-0.06715583801269531,0.0053017146039305504,0.08791351318359375,0.0,-0.07305240631103516,0.2564105987548828,-0.15142405656315824,-2.4302825927734375,0.0,0.050927162170410156,-0.124542236328125,0.10357301040183278,1.6644706726074219,0.0,4.792213439941406e-05,-0.0030689239501953125,3.371190729503625e-05,-0.0025641322135925293,0.0,0.0,0.0,-2.121634301941883e-35,0.0,0.0,0.04640394449234009,0.3270907700061798,0.9074774384498596,-0.1340162456035614,0.3270907700061798,0.9074774384498596,-0.1340162456035614
1.5011,1787703913.6885,ramp,0,0.011465,-0.0714914692316059,0.07413503112053783,-0.07263201790270277,-0.002601712243631482,0.010989763773977757,0.6923035383224487,0.7215180397033691,-0.20948123931884766,-0.22588539123535156,-0.228179044915628,-2.1977996826171875,0.0,0.15157413482666016,0.16483497619628906,0.12803482548076317,-3.135528564453125,0.0,-0.004889488220214844,0.23809432983398438,0.04736933961619765,3.6043930053710938,0.0,0.47389745712280273,-0.04273414611816406,0.3534359739582512,-11.926742553710938,0.0,-0.2888636589050293,-0.018314361572265625,-0.25091766861455556,3.7802200317382812,0.0,-0.0965433120727539,-0.5311355590820312,-0.09388932302401126,2.8424911499023438,0.0,-0.2685389518737793,-0.7264957427978516,-0.3407258308524477,-8.644683837890625,0.0,-0.12492179870605469,-0.33577537536621094,-0.13981231285365206,-0.14652252197265625,0.0,0.04458045959472656,0.04273414611816406,0.015479828358481794,-2.8424911499023438,0.0,0.5507874488830566,0.22588539123535156,0.47318149003902543,-9.23077392578125,0.0,-0.31647491455078125,0.06715583801269531,-0.291305937999479,2.0805892944335938,0.0,0.12051153182983398,0.07936477661132812,0.08501519235915228,-3.8974380493164062,0.0,-0.019654273986816406,-0.018314361572265625,-0.023195353774221012,-0.20513153076171875,0.0,-0.003394010782119545,0.1423800142016191,0.046482926000158326,1.5765038053350477,0.0,-0.03641073524901159,-0.19506104611734873,-0.014340903639359612,2.858470471367242,0.0,0.10574722290039062,0.21367454528808594,0.024527834820144145,-2.139190673828125,0.0,0.031158447265625,-0.07936477661132812,0.06539239572041033,0.6739959716796875,0.0,-0.0012464523315429688,0.128204345703125,0.018445427655974338,0.26373291015625,0.0,-0.30401182174682617,0.128204345703125,-0.3402941318739562,-1.0256423950195312,0.0,-0.002780437469482422,0.03052520751953125,0.0033580748287938503,0.14652252197265625,0.0,-0.06885623931884766,0.6373634338378906,-0.13975695985571948,-1.8676433563232422,0.0,0.01506805419921875,-0.10988998413085938,0.04383000187090085,0.7736282348632812,0.0,0.11130809783935547,0.07936477661132812,0.011615136914513838,-2.373626708984375,0.0,-0.032117366790771484,0.1892547607421875,-0.05247064203608807,-0.8498153686523438,0.0,0.03441810607910156,-0.03052520751953125,0.046060373386897016,0.26373291015625,0.0,-0.31609153747558594,0.15262603759765625,-0.3591047416718567,-1.0256423950195312,0.0,0.005656242370605469,-0.04273414611816406,0.005261566638488829,0.14652252197265625,0.0,-0.07152652740478516,0.6666660308837891,-0.15318960311206947,-2.0864486694335938,0.0,0.049401283264160156,-0.40293121337890625,0.1046965276146151,1.4925537109375,0.0,0.0001437664031982422,0.033756256103515625,3.3535322539472544e-05,-0.003540933132171631,0.0,0.0,0.0,-2.1479989949092845e-35,0.0,0.0,0.048318177461624146,0.12240631133317947,-0.07335793972015381,-0.05654840171337128,0.12240631133317947,-0.07335793972015381,-0.05654840171337128
1.5208,1787703913.7082,ramp,0,0.011733,0.016018331390338165,0.4536580068127972,-0.1502378220362648,-0.003430440789088607,0.012059494853019714,0.6917241811752319,0.7220529317855835,-0.21120691299438477,-0.07936477661132812,-0.22868234328366022,1.26007080078125,0.0,0.15061569213867188,-0.05494499206542969,0.12818677511453858,-11.106224060058594,0.0,-0.00220489501953125,0.15262603759765625,0.04880356120732305,0.02930450439453125,0.0,0.4727468490600586,0.10378456115722656,0.35180071482544334,-6.769233703613281,0.0,-0.2882881164550781,0.2625160217285156,-0.2495885015967683,6.00732421875,0.0,-0.09558486938476562,0.7997550964355469,-0.094427037191122,4.835166931152344,0.0,-0.27275705337524414,-0.20146560668945312,-0.342591251394588,9.289375305175781,0.0,-0.12626409530639648,0.018314361572265625,-0.13970802279596473,8.410263061523438,0.0,0.04592275619506836,0.11599540710449219,0.01502129461826283,-3.6630020141601562,0.0,0.5517458915710449,0.27472496032714844,0.47333351506499094,-12.161178588867188,0.0,-0.3153243064880371,0.6532363891601562,-0.2908335481929069,6.24176025390625,0.0,0.12147045135498047,-0.628814697265625,0.08499469598293953,-7.531135559082031,0.0,-0.018503665924072266,-0.0061054229736328125,-0.023532045054337182,0.4395599365234375,0.0,-0.004988284944546328,-0.36017903977554167,0.04792197864694224,1.680868388364928,0.0,-0.040865629252832374,-0.2452872226089773,-0.014560314904462128,3.3622739640111936,0.0,0.10613059997558594,0.33577537536621094,0.022737828950341363,0.26373291015625,0.0,0.03173351287841797,0.22588539123535156,0.0651137389542976,1.7875442504882812,0.0,-0.0004792213439941406,-0.11599540710449219,0.018709540681557044,0.26373291015625,0.0,-0.30286121368408203,0.3601951599121094,-0.3408269675013189,-0.615386962890625,0.0,-0.0025882720947265625,0.0061054229736328125,0.0034388339966894233,0.08791351318359375,0.0,-0.07419681549072266,0.2564105987548828,-0.14147768412839176,-0.7111110687255859,0.0,0.01659393310546875,-0.0073261260986328125,0.044298734361724525,0.4141654968261719,0.0,0.11149978637695312,0.2991447448730469,0.009680474796077698,0.3223419189453125,0.0,-0.030966758728027344,-0.03052520751953125,-0.052236413803701726,-2.4322357177734375,0.0,0.035952091217041016,-0.04273414611816406,0.046248853391176466,-0.380950927734375,0.0,-0.31474924087524414,0.4334545135498047,-0.3599153213033872,-0.4395599365234375,0.0,0.008340835571289062,-0.03052520751953125,0.005218533442382776,0.02930450439453125,0.0,-0.07686710357666016,0.27106285095214844,-0.15508203053741318,-0.8830299377441406,0.0,0.052453041076660156,-0.1831493377685547,0.10590078631151899,0.74237060546875,0.0,4.792213439941406e-05,-0.0030689239501953125,3.334604753308292e-05,-0.00305253267288208,0.0,0.0,0.0,-2.17625838465069e-35,0.0,0.0,0.0530976839363575,0.27703621983528137,0.8023319244384766,-0.1612352728843689,0.27703621983528137,0.8023319244384766,-0.1612352728843689
1.5407,1787703913.7282,ramp,0,0.012597,0.03400846309058179,0.4175356554457758,-0.13281340816939202,-0.002928184112533927,0.012159341014921665,0.6917294859886169,0.7220483422279358,-0.21044015884399414,-0.21367454528808594,-0.22919043198958539,1.377288818359375,0.0,0.14984846115112305,-0.21367454528808594,0.1283401709880293,-10.520149230957031,0.0,-0.0018215179443359375,0.27472496032714844,0.05025143356004672,-0.20513153076171875,0.0,0.4731302261352539,0.14041519165039062,0.3501498914780736,-6.886444091796875,0.0,-0.2875213623046875,0.2625160217285156,-0.24824668371512823,6.00732421875,0.0,-0.09443426132202148,0.9462757110595703,-0.09496986926187373,4.4249114990234375,0.0,-0.2712230682373047,-0.2991447448730469,-0.3444744268019869,9.113555908203125,0.0,-0.1270308494567871,0.03052520751953125,-0.13960274011710688,8.996337890625,0.0,0.0457310676574707,-0.128204345703125,0.014558396604900013,-3.0183181762695312,0.0,0.5509791374206543,0.28693580627441406,0.4734869870482462,-12.043960571289062,0.0,-0.3145575523376465,0.5677661895751953,-0.29035666223269235,6.593406677246094,0.0,0.12127876281738281,-0.8241748809814453,0.08497400452449747,-6.9450531005859375,0.0,-0.018695354461669922,-0.04273414611816406,-0.023871940924612586,0.3223419189453125,0.0,-0.003529733226542823,-0.16517798378634044,0.049374728036774916,0.6647148508155059,0.0,-0.044070953945092355,-0.23608846000746506,-0.014781814501584207,3.419280941847684,0.0,0.10440492630004883,0.4334545135498047,0.02093078600374418,0.4395599365234375,0.0,0.03269243240356445,0.27472496032714844,0.06483242996407564,1.9633712768554688,0.0,-9.584426879882812e-05,-0.07936477661132812,0.018976167505544088,0.20513153076171875,0.0,-0.30362796783447266,0.5799751281738281,-0.34136487459892384,-0.7912063598632812,0.0,-0.0025882720947265625,-0.018314361572265625,0.0035203618213634465,0.08791351318359375,0.0,-0.07534122467041016,-0.09523773193359375,-0.14321478606332205,-1.9770450592041016,0.0,0.01697540283203125,0.124542236328125,0.044771928196266075,0.6485977172851562,0.0,0.10958194732666016,0.4822959899902344,0.007727398778760525,0.3223419189453125,0.0,-0.030008316040039062,-0.06715583801269531,-0.051999956213049085,-2.6666641235351562,0.0,0.0355687141418457,-0.25030517578125,0.04643912732717497,-0.14652252197265625,0.0,-0.3157076835632324,0.628814697265625,-0.3607336159417026,-0.4981689453125,0.0,0.007381916046142578,-0.11599540710449219,0.005175090661102096,0.08791351318359375,0.0,-0.07839298248291016,-0.09523773193359375,-0.15699246987652618,-2.1802215576171875,0.0,0.053597450256347656,0.10988998413085938,0.10711650700876912,1.4769248962402344,0.0,0.0001437664031982422,0.039893150329589844,3.315497102823258e-05,-0.004273533821105957,0.0,0.0,0.0,-2.2047867441208044e-35,0.0,0.0,0.05713161826133728,0.28135764598846436,0.5712969899177551,-0.10739123076200485,0.28135764598846436,0.5712969899177551,-0.10739123076200485
1.5610,1787703913.7485,ramp,0,0.012737,0.09718824401075321,0.6050042864290235,-0.19947619183765597,-0.0032629286870360374,0.012612799182534218,0.6916064620018005,0.7221570611000061,-0.21312475204467773,-0.28693580627441406,-0.22970745630001943,2.0219802856445312,0.0,0.14927339553833008,-0.2991447448730469,0.12849626458898927,-10.051284790039062,0.0,0.0006709098815917969,0.3846149444580078,0.051724769211939366,-0.9084243774414062,0.0,0.4731302261352539,0.10378456115722656,0.3484700355929321,-6.358970642089844,0.0,-0.28675413131713867,0.28693580627441406,-0.24688126768266622,5.890106201171875,0.0,-0.09328365325927734,0.9829063415527344,-0.09552224795832767,4.1904754638671875,0.0,-0.27486610412597656,-0.4334545135498047,-0.346390721053527,10.051284790039062,0.0,-0.1283731460571289,-0.0061054229736328125,-0.1394956058631816,9.054946899414062,0.0,0.04515552520751953,-0.04273414611816406,0.014087357742258028,-3.6630020141601562,0.0,0.5515542030334473,0.23809432983398438,0.47364315809749036,-12.27838134765625,0.0,-0.3135986328125,0.5555553436279297,-0.28987138942134993,6.652015686035156,0.0,0.12204551696777344,-0.5799751281738281,0.08495294917154801,-7.648353576660156,0.0,-0.018120288848876953,-0.04273414611816406,-0.02421781444216804,0.380950927734375,0.0,-0.0032749969401337027,-0.17889924803212745,0.05085302649677337,1.3861772986996792,0.0,-0.047636273094447755,-0.21007418357360508,-0.015007209546047836,3.4982766477075367,0.0,0.10440492630004883,0.16483497619628906,0.019091963131883674,0.615386962890625,0.0,0.03326749801635742,0.16483497619628906,0.06454617367655673,1.9633712768554688,0.0,-9.584426879882812e-05,0.09157562255859375,0.019247483415950156,0.02930450439453125,0.0,-0.3038201332092285,0.4456653594970703,-0.3419122417081974,-0.615386962890625,0.0,-0.0025882720947265625,0.0061054229736328125,0.003603323451570371,0.08791351318359375,0.0,-0.07572269439697266,0.0659332275390625,-0.1449824378918068,-2.242734909057617,0.0,0.01697540283203125,0.09523773193359375,0.0452534439496226,0.7736282348632812,0.0,0.10900688171386719,0.28693580627441406,0.005739974596126726,0.380950927734375,0.0,-0.028857707977294922,0.16483497619628906,-0.0517593401132846,-2.7252731323242188,0.0,0.0355687141418457,-0.07936477661132812,0.04663274755412741,-0.20513153076171875,0.0,-0.31609153747558594,0.5189247131347656,-0.3615663016837258,-0.380950927734375,0.0,0.005847930908203125,-0.11599540710449219,0.005130883864585954,0.14652252197265625,0.0,-0.07839298248291016,0.09523773193359375,-0.15893650754241465,-2.4771690368652344,0.0,0.053597450256347656,0.021978378295898438,0.10835360822327395,1.7738723754882812,0.0,4.792213439941406e-05,-0.009205818176269531,3.29605341178893e-05,-0.0018315315246582031,0.0,0.0,0.0,-2.233816823338948e-35,0.0,0.0,0.06083868071436882,0.32197633385658264,0.7680106163024902,-0.18431751430034637,0.32197633385658264,0.7680106163024902,-0.18431751430034637
1.5810,1787703913.7685,ramp,0,0.012960,0.0271325723077823,0.46453875092047947,-0.0495031213032587,-0.003407362150028348,0.012930399738252163,0.6913571357727051,0.7223894596099854,-0.21408319473266602,-0.15262603759765625,-0.2302154993353771,1.7875442504882812,0.0,0.1483149528503418,-0.1892547607421875,0.12864964667418574,-10.402931213378906,0.0,0.001438140869140625,0.22588539123535156,0.05317251141976665,-0.3223419189453125,0.0,0.47293853759765625,0.20146560668945312,0.346819360633114,-7.0622711181640625,0.0,-0.28598737716674805,0.20146560668945312,-0.24553957041300473,6.0659332275390625,0.0,-0.09328365325927734,0.8608055114746094,-0.09606503123553525,4.659339904785156,0.0,-0.2756333351135254,-0.3113555908203125,-0.34827372718794547,10.109893798828125,0.0,-0.12856483459472656,0.05494499206542969,-0.13939033264786752,8.351654052734375,0.0,0.04553937911987305,-0.06715583801269531,0.013624501337407089,-3.3113555908203125,0.0,0.5513625144958496,0.34798622131347656,0.4737966162856101,-12.454208374023438,0.0,-0.31302356719970703,0.6043949127197266,-0.2893945463269818,6.358970642089844,0.0,0.1222372055053711,-0.6898651123046875,0.084932259572999,-7.413917541503906,0.0,-0.017928600311279297,-0.05494499206542969,-0.024557679760224712,0.4395599365234375,0.0,-0.0035248429804487775,-0.2558241532630705,0.05230564530332744,1.2358184970500572,0.0,-0.05047257770795103,-0.21181225521705002,-0.01522868923323651,3.497421006799761,0.0,0.10325431823730469,0.4334545135498047,0.017285082614948613,0.3223419189453125,0.0,0.034226417541503906,0.1770458221435547,0.06426488997235484,1.9047622680664062,0.0,-9.584426879882812e-05,-0.04273414611816406,0.019514086273652934,0.20513153076171875,0.0,-0.3043951988220215,0.4212455749511719,-0.3424501004549492,-0.5567779541015625,0.0,-0.0025882720947265625,0.03052520751953125,0.003684843947953143,0.08791351318359375,0.0,-0.07686710357666016,0.373626708984375,-0.14671938368386242,-1.8832721710205078,0.0,0.01773834228515625,-0.0073261260986328125,0.045726595250191834,0.6954841613769531,0.0,0.10689735412597656,0.3235645294189453,0.003787074134945695,0.380950927734375,0.0,-0.027898788452148438,0.04273414611816406,-0.05152290377709446,-2.6666641235351562,0.0,0.03633546829223633,-0.16483497619628906,0.04682300438697339,-0.20513153076171875,0.0,-0.3166666030883789,0.128204345703125,-0.36238452276799427,-0.02930450439453125,0.0,0.007381916046142578,-0.07936477661132812,0.005087444988246381,0.08791351318359375,0.0,-0.08068180084228516,0.3296699523925781,-0.1608467751578744,-1.9770469665527344,0.0,0.054741859436035156,-0.1978015899658203,0.10956921964304261,1.3831520080566406,0.0,-4.792213439941406e-05,-0.033756256103515625,3.2769474788331986e-05,-0.0008547306060791016,0.0,0.0,0.0,-2.2623426184805285e-35,0.0,0.0,0.06390971690416336,0.25202080607414246,0.7128702402114868,-0.017088908702135086,0.25202080607414246,0.7128702402114868,-0.017088908702135086
1.6020,1787703913.7894,ramp,0,0.012662,0.061162070209786513,0.41572637038020327,-0.1741775429967187,-0.003257517470046878,0.012555290013551712,0.6915053129196167,0.7222550511360168,-0.21350812911987305,-0.372406005859375,-0.23075066072277334,2.0805892944335938,0.0,0.14773941040039062,-0.07936477661132812,0.12881121599765388,-10.285713195800781,0.0,0.0018215179443359375,0.2991447448730469,0.05469753129920947,-0.3223419189453125,0.0,0.47293853759765625,0.018314361572265625,0.34508057584490315,-6.769233703613281,0.0,-0.2852206230163574,0.09157562255859375,-0.24412625594488635,6.24176025390625,0.0,-0.09366750717163086,0.27472496032714844,-0.09663678723152358,6.24176025390625,0.0,-0.27486610412597656,-0.5433464050292969,-0.3502572445383242,10.227104187011719,0.0,-0.12875652313232422,-0.16483497619628906,-0.13927944015246405,8.937728881835938,0.0,0.04515552520751953,-0.04273414611816406,0.013136938555228864,-3.25274658203125,0.0,0.5507874488830566,0.3846149444580078,0.47395826577422795,-12.923080444335938,0.0,-0.31244850158691406,0.2991447448730469,-0.28889225027292265,7.003662109375,0.0,0.12204551696777344,-0.3235645294189453,0.08491046560380038,-8.175827026367188,0.0,-0.017928600311279297,-0.04273414611816406,-0.024915686429897912,0.26373291015625,0.0,-0.0012939598057150952,-0.10596949119222399,0.05383580208488044,0.45604838780157086,0.0,-0.0522191046546478,-0.22276070125199113,-0.015461991076637486,3.6235258473926857,0.0,0.10152864456176758,0.372406005859375,0.015381754319893068,0.380950927734375,0.0,0.03460979461669922,0.1770458221435547,0.06396859188948346,1.9047622680664062,0.0,-0.0002875328063964844,-0.03052520751953125,0.01979491987490793,0.20513153076171875,0.0,-0.30497026443481445,0.47008514404296875,-0.3430166690585956,-0.615386962890625,0.0,-0.0025882720947265625,0.018314361572265625,0.003770715850349598,0.08791351318359375,0.0,-0.07801151275634766,0.2564105987548828,-0.14854904427404073,-1.9301586151123047,0.0,0.01773834228515625,0.05128288269042969,0.04622500244965808,0.7111129760742188,0.0,0.10478830337524414,0.2991447448730469,0.0017299316341798654,0.4395599365234375,0.0,-0.026940345764160156,0.09157562255859375,-0.051273846927772,-2.7838821411132812,0.0,0.03633546829223633,-0.16483497619628906,0.04702341676061371,-0.20513153076171875,0.0,-0.31781721115112305,0.2625160217285156,-0.3632464189070599,-0.20513153076171875,0.0,0.006615161895751953,-0.128204345703125,0.0050416874289237685,0.14652252197265625,0.0,-0.08182621002197266,0.2417583465576172,-0.1628590091542873,-2.195850372314453,0.0,0.055504798889160156,-0.08058547973632812,0.11084971804310452,1.4769248962402344,0.0,4.792213439941406e-05,0.0030689239501953125,3.256821708226207e-05,-0.002319931983947754,0.0,0.0,0.0,-2.2923910652500052e-35,0.0,0.0,0.0653010830283165,0.29330962896347046,0.5068610310554504,-0.15253742039203644,0.29330962896347046,0.5068610310554504,-0.15253742039203644
1.6201,1787703913.8076,ramp,0,0.012278,-0.06399921894283199,0.3434453154972809,0.025363975350239088,-0.0030895755626261234,0.012100248597562313,0.6916100382804871,0.7221631407737732,-0.2150421142578125,-0.07936477661132812,-0.23121277063601908,1.4945068359375,0.0,0.14812278747558594,-0.16483497619628906,0.1289507305213274,-10.402931213378906,0.0,0.0025887489318847656,0.16483497619628906,0.056014380423202004,-0.20513153076171875,0.0,0.47293853759765625,0.21367454528808594,0.3435791414990088,-7.1794891357421875,0.0,-0.2844533920288086,0.15262603759765625,-0.24290586403763614,6.00732421875,0.0,-0.09251689910888672,0.6166057586669922,-0.09713049645630419,5.362640380859375,0.0,-0.2752499580383301,-0.39682579040527344,-0.3519700045622949,10.109893798828125,0.0,-0.12875652313232422,-0.0061054229736328125,-0.13918368488566532,8.586074829101562,0.0,0.044388771057128906,-0.06715583801269531,0.012715929864616029,-2.9597091674804688,0.0,0.5500202178955078,0.2991447448730469,0.47409784952021694,-12.688644409179688,0.0,-0.31110620498657227,0.5433464050292969,-0.28845851945558126,6.358970642089844,0.0,0.12051153182983398,-0.8608055114746094,0.08489164659059642,-6.593406677246094,0.0,-0.017928600311279297,-0.04273414611816406,-0.02522482388816822,0.4395599365234375,0.0,-0.00013868080788246684,-0.07109126895228397,0.05515708690517769,0.6107321498587064,0.0,-0.053373246165263954,-0.113246105717948,-0.015663446370597765,3.4806748768272593,0.0,0.10076189041137695,-0.10378456115722656,0.013738237253787755,0.6739959716796875,0.0,0.03518486022949219,-0.0061054229736328125,0.06371273957166819,2.1977996826171875,0.0,-0.0004792213439941406,0.0061054229736328125,0.020037418669045244,0.26373291015625,0.0,-0.30631256103515625,0.1770458221435547,-0.34350589898894,-0.4395599365234375,0.0,-0.0025882720947265625,0.0061054229736328125,0.00384486592601134,0.14652252197265625,0.0,-0.07610416412353516,0.4908428192138672,-0.15012894954469222,-2.133333206176758,0.0,0.01735687255859375,0.0073261260986328125,0.04665537525519063,0.7579994201660156,0.0,0.10325431823730469,-0.20146560668945312,-4.64034395970675e-05,0.7912063598632812,0.0,-0.025981426239013672,0.10378456115722656,-0.051058787243452065,-2.7252731323242188,0.0,0.03633546829223633,-0.05494499206542969,0.04719647211695566,-0.3223419189453125,0.0,-0.31858396530151367,0.1770458221435547,-0.36399066309102146,-0.08791351318359375,0.0,0.006423473358154297,-0.11599540710449219,0.005002175942731186,0.08791351318359375,0.0,-0.07991886138916016,0.5494499206542969,-0.1645965658977525,-2.3990249633789062,0.0,0.054360389709472656,-0.21245384216308594,0.11195542375824015,1.6488418579101562,0.0,-4.792213439941406e-05,-0.039893150329589844,3.23944317844391e-05,0.0001221001148223877,0.0,0.0,0.0,-2.3183377898397066e-35,0.0,0.0,0.06603274494409561,0.056685153394937515,0.414451003074646,0.04974674433469772,0.056685153394937515,0.414451003074646,0.04974674433469772
1.6407,1787703913.8282,ramp,0,0.012542,0.14181231271655384,0.4818816221237254,-0.3157478742387252,-0.00362824322655797,0.012854048982262611,0.691554605960846,0.7222006916999817,-0.21465826034545898,-0.372406005859375,-0.23173840191147166,2.4322357177734375,0.0,0.14754772186279297,-0.22588539123535156,0.1291094226309764,-10.051284790039062,0.0,0.004122257232666016,0.3846149444580078,0.05751224286843968,-0.9084243774414062,0.0,0.4717884063720703,0.0061054229736328125,0.3418713208537046,-6.3003692626953125,0.0,-0.2834949493408203,0.33577537536621094,-0.24151771776253383,5.538459777832031,0.0,-0.09194183349609375,1.2393169403076172,-0.09769207066643401,3.135528564453125,0.0,-0.27678394317626953,-0.39682579040527344,-0.35391819959152626,10.109893798828125,0.0,-0.12952375411987305,-0.0061054229736328125,-0.1390747671551081,9.5238037109375,0.0,0.04342985153198242,-0.04273414611816406,0.012237049562159125,-3.369964599609375,0.0,0.550595760345459,0.3113555908203125,0.474256620367441,-11.926742553710938,0.0,-0.3101472854614258,0.5921859741210938,-0.28796516825019164,6.124542236328125,0.0,0.12147045135498047,-0.7142848968505859,0.08487024072668911,-7.296699523925781,0.0,-0.016777515411376953,-0.04273414611816406,-0.025576455203193453,0.3223419189453125,0.0,-0.0007533402779295005,-0.1748265491576251,0.05665999477497634,1.013145132199591,0.0,-0.05532922159661718,-0.15423382668176472,-0.01589259359310002,3.558592198802821,0.0,0.10095357894897461,0.5799751281738281,0.01186880327948206,0.26373291015625,0.0,0.03576040267944336,0.3235645294189453,0.06342171794177894,1.8461532592773438,0.0,-9.584426879882812e-05,-0.06715583801269531,0.020313251207591823,0.20513153076171875,0.0,-0.3051619529724121,0.5921859741210938,-0.3440623781834032,-0.6739959716796875,0.0,-0.0025882720947265625,0.0061054229736328125,0.003929208628316153,0.14652252197265625,0.0,-0.07953739166259766,0.08058547973632812,-0.1519260276828217,-1.789499282836914,0.0,0.01850128173828125,0.08058547973632812,0.04714490685840445,0.6642265319824219,0.0,0.10267925262451172,0.5677661895751953,-0.0020669125083216527,0.380950927734375,0.0,-0.02502298355102539,0.03052520751953125,-0.05081416557893604,-2.7252731323242188,0.0,0.036527156829833984,-0.27472496032714844,0.0473933155627909,-0.14652252197265625,0.0,-0.31685829162597656,0.6410255432128906,-0.36483721065135455,-0.5567779541015625,0.0,0.007573604583740234,-0.15262603759765625,0.004957233230430204,0.14652252197265625,0.0,-0.08411502838134766,0.10988998413085938,-0.16657296618924158,-1.8989028930664062,0.0,0.057030677795410156,-0.0073261260986328125,0.11321311914339174,1.4300384521484375,0.0,-4.792213439941406e-05,-0.015343666076660156,3.219675805978775e-05,-0.0006105303764343262,0.0,0.0,0.0,-2.3478511362297665e-35,0.0,0.0,0.06827010959386826,0.30697402358055115,0.6334487199783325,-0.2989559471607208,0.30697402358055115,0.6334487199783325,-0.2989559471607208
1.6611,1787703913.8485,ramp,0,0.013411,0.01661057368398785,0.6186288854078144,-0.02534006931826642,-0.0032722102478146553,0.013114780187606812,0.6913878321647644,0.7223573923110962,-0.21695947647094727,-0.09157562255859375,-0.23225682646314982,1.8461532592773438,0.0,0.14754772186279297,-0.2991447448730469,0.12926593897549718,-10.871795654296875,0.0,0.006040096282958984,0.20146560668945312,0.0589895687105507,-0.5567779541015625,0.0,0.47198009490966797,0.2625160217285156,0.3401869154658666,-6.534797668457031,0.0,-0.28253602981567383,0.28693580627441406,-0.2401486038152825,5.597068786621094,0.0,-0.09002447128295898,1.0927963256835938,-0.09824594535334244,3.6630020141601562,0.0,-0.2781257629394531,-0.128204345703125,-0.35583968368461283,9.816848754882812,0.0,-0.1297154426574707,0.2625160217285156,-0.13896734275273537,8.293045043945312,0.0,0.044005393981933594,-0.11599540710449219,0.011764734999265291,-3.0183181762695312,0.0,0.5507874488830566,0.2991447448730469,0.47441321436999684,-11.9853515625,0.0,-0.308804988861084,0.6166057586669922,-0.28747858118922626,6.417579650878906,0.0,0.11974477767944336,-0.8241748809814453,0.08484912835016648,-7.003662109375,0.0,-0.01639413833618164,-0.03052520751953125,-0.02592326543949645,0.20513153076171875,0.0,-0.00023750037141834172,-0.2883915121977803,0.058142296865815714,1.3254586835062103,0.0,-0.05653899496489036,-0.14434184135591333,-0.01611859906812001,3.4199921977077636,0.0,0.09999465942382812,0.5433464050292969,0.010025000379460844,0.3223419189453125,0.0,0.0369110107421875,0.2625160217285156,0.06313468639504674,1.7875442504882812,0.0,9.584426879882812e-05,-0.018314361572265625,0.020585301914641422,0.14652252197265625,0.0,-0.3055458068847656,0.6043949127197266,-0.3446112277104018,-0.7325973510742188,0.0,-0.0025882720947265625,-0.0061054229736328125,0.00401239494098761,0.14652252197265625,0.0,-0.07991886138916016,0.021978378295898438,-0.15369846678909102,-2.3990230560302734,0.0,0.01888275146484375,0.124542236328125,0.047627726686257914,0.6954841613769531,0.0,0.10095357894897461,0.5677661895751953,-0.004059719171534887,0.3223419189453125,0.0,-0.024255752563476562,-0.018314361572265625,-0.05057289782589322,-2.7252731323242188,0.0,0.035952091217041016,-0.22588539123535156,0.04758746016552606,-0.20513153076171875,0.0,-0.3176250457763672,0.6776561737060547,-0.36567215153089416,-0.5567779541015625,0.0,0.006040096282958984,-0.10378456115722656,0.0049129067099890926,0.14652252197265625,0.0,-0.08411502838134766,0.021978378295898438,-0.16852226883332336,-2.6021995544433594,0.0,0.057793617248535156,0.10988998413085938,0.11445357076155978,1.7113571166992188,0.0,4.792213439941406e-05,0.02148151397705078,3.200179456186292e-05,-0.0018315315246582031,0.0,0.0,0.0,-2.3769598367301593e-35,0.0,0.0,0.07032931596040726,0.17577455937862396,0.9018396139144897,-0.029694166034460068,0.17577455937862396,0.9018396139144897,-0.029694166034460068
1.6802,1787703913.8677,ramp,0,0.013435,0.098182160696706,0.5529401529082468,-0.21279783959769355,-0.0031925225630402565,0.013045121915638447,0.6915328502655029,0.7222200632095337,-0.21561717987060547,-0.33577537536621094,-0.23274331790949238,2.6080551147460938,0.0,0.14697265625,-0.22588539123535156,0.12941281447083336,-10.285713195800781,0.0,0.006615161895751953,0.33577537536621094,0.06037589654421784,-0.8498153686523438,0.0,0.4710211753845215,0.09157562255859375,0.3386062634487043,-6.534797668457031,0.0,-0.28157711029052734,0.2625160217285156,-0.23886382240929008,5.479850769042969,0.0,-0.09155797958374023,1.0073261260986328,-0.09876570333288714,4.0732574462890625,0.0,-0.2777423858642578,-0.39682579040527344,-0.35764281120344643,10.402931213378906,0.0,-0.1297154426574707,0.03052520751953125,-0.1388665353108161,8.703292846679688,0.0,0.043238162994384766,-0.06715583801269531,0.011321513330679031,-3.4285736083984375,0.0,0.5509791374206543,0.40903472900390625,0.47456016273990975,-12.21978759765625,0.0,-0.3091888427734375,0.5555553436279297,-0.28702196615759945,6.3003692626953125,0.0,0.12127876281738281,-0.7753353118896484,0.08482931642081826,-7.0622711181640625,0.0,-0.016010284423828125,-0.03052520751953125,-0.02624871340086189,0.08791351318359375,0.0,0.001127691347659239,-0.1837511807716462,0.059533294429018946,0.7838596317663087,0.0,-0.057310407758279044,-0.16396417791249918,-0.01633068341109316,3.621249061053942,0.0,0.09941959381103516,0.15262603759765625,0.00829476916896292,0.4395599365234375,0.0,0.03786945343017578,0.0061054229736328125,0.06286533496895459,2.0805892944335938,0.0,-9.584426879882812e-05,0.03052520751953125,0.020840595267401535,0.20513153076171875,0.0,-0.30631256103515625,0.3113555908203125,-0.34512627006198343,-0.5567779541015625,0.0,-0.0025882720947265625,0.0061054229736328125,0.00409045727317547,0.14652252197265625,0.0,-0.07801151275634766,0.3150177001953125,-0.15536172996127653,-2.508424758911133,0.0,0.01850128173828125,0.05128288269042969,0.04808080653291053,0.867401123046875,0.0,0.0992279052734375,-0.11599540710449219,-0.005929776044284171,0.7325973510742188,0.0,-0.023488998413085938,0.11599540710449219,-0.050346491306846854,-2.8424911499023438,0.0,0.03633546829223633,-0.07936477661132812,0.047769646152432926,-0.26373291015625,0.0,-0.3193507194519043,0.1892547607421875,-0.3664556630269892,-0.14652252197265625,0.0,0.006040096282958984,-0.10378456115722656,0.004871310545280216,0.14652252197265625,0.0,-0.08220767974853516,0.3150177001953125,-0.17035150137952312,-2.7272300720214844,0.0,0.056267738342285156,-0.10988998413085938,0.11561761497954115,1.9301605224609375,0.0,4.792213439941406e-05,-0.027618408203125,3.1818840120792506e-05,-0.0008547306060791016,0.0,0.0,0.0,-2.4042755449884744e-35,0.0,0.0,0.07108799368143082,0.2734217643737793,0.7193095088005066,-0.21389061212539673,0.2734217643737793,0.7193095088005066,-0.21389061212539673
1.7007,1787703913.8882,ramp,0,0.013683,0.11858123395503478,0.6456231522700483,-0.1625707545968536,-0.0033925771713256836,0.013435711152851582,0.6914262771606445,0.7223141193389893,-0.2177262306213379,-0.2625160217285156,-0.23326754838301325,2.3150177001953125,0.0,0.1465892791748047,-0.07936477661132812,0.12957108366764566,-10.402931213378906,0.0,0.009107589721679688,0.33577537536621094,0.06186976720147653,-0.7325973510742188,0.0,0.47063779830932617,0.018314361572265625,0.3369029941278184,-6.358970642089844,0.0,-0.2804269790649414,0.1892547607421875,-0.23747937552970405,5.597068786621094,0.0,-0.09290027618408203,0.8852252960205078,-0.09932578095353478,4.24908447265625,0.0,-0.28119373321533203,-0.7753353118896484,-0.35958581431300385,11.340660095214844,0.0,-0.13029050827026367,-0.14041519165039062,-0.13875790784488828,9.289382934570312,0.0,0.04304647445678711,-0.07936477661132812,0.01084390923929264,-3.1941375732421875,0.0,0.5523214340209961,0.4212455749511719,0.47471851046446234,-12.630035400390625,0.0,-0.3095722198486328,0.3113555908203125,-0.28652992972808755,6.9450531005859375,0.0,0.12281274795532227,-0.34798622131347656,0.08480796760331764,-8.293045043945312,0.0,-0.01581859588623047,-0.018314361572265625,-0.026599407622056634,0.26373291015625,0.0,0.001644344560023165,-0.15318567586438797,0.06103219706483417,1.0959388123538556,0.0,-0.05852264052195171,-0.07928722019554303,-0.01655921995860913,3.4829221120673495,0.0,0.09961128234863281,0.2625160217285156,0.006430317216931616,0.5567779541015625,0.0,0.038828372955322266,0.1770458221435547,0.06257508890870962,1.7875442504882812,0.0,9.584426879882812e-05,0.03052520751953125,0.02111569271507573,0.14652252197265625,0.0,-0.3051619529724121,0.4212455749511719,-0.34568126624512874,-0.5567779541015625,0.0,-0.0025882720947265625,0.0061054229736328125,0.004174575203047908,0.08791351318359375,0.0,-0.08144474029541016,0.16849899291992188,-0.15715401890468933,-1.9457874298095703,0.0,0.01926422119140625,0.05128288269042969,0.048569033539447096,0.74237060546875,0.0,0.09769392013549805,0.2991447448730469,-0.007944900477164785,0.6739959716796875,0.0,-0.022530078887939453,0.128204345703125,-0.0501025215565456,-2.8424911499023438,0.0,0.03614377975463867,-0.09157562255859375,0.04796596501251377,-0.20513153076171875,0.0,-0.31781721115112305,0.3235645294189453,-0.36729995454679887,-0.3223419189453125,0.0,0.006231784820556641,-0.10378456115722656,0.004826487604844319,0.08791351318359375,0.0,-0.08602237701416016,0.1831493377685547,-0.17232263458460498,-2.2271080017089844,0.0,0.058556556701660156,-0.03663063049316406,0.11687195861945364,1.5394401550292969,0.0,4.792213439941406e-05,0.009205818176269531,3.1621693194580046e-05,-0.0018315315246582031,0.0,0.0,0.0,-2.4337102386145813e-35,0.0,0.0,0.07254832237958908,0.20998212695121765,0.7849716544151306,-0.1820651739835739,0.20998212695121765,0.7849716544151306,-0.1820651739835739
1.7209,1787703913.9083,ramp,0,0.014109,0.09700157306309547,0.41664599319412127,-0.17140422690605103,-0.003292110050097108,0.01364144030958414,0.6913076639175415,0.7224242091178894,-0.21715116500854492,-0.27472496032714844,-0.2337821484324512,2.5494537353515625,0.0,0.14620542526245117,-0.3235645294189453,0.12972644536563532,-10.461540222167969,0.0,0.01064157485961914,0.27472496032714844,0.06333619457056128,-1.1428604125976562,0.0,0.4692955017089844,0.1770458221435547,0.3352310148724973,-6.24176025390625,0.0,-0.27793407440185547,0.3601951599121094,-0.23612036175872983,5.0695953369140625,0.0,-0.08983230590820312,1.2637367248535156,-0.09987556961678942,3.135528564453125,0.0,-0.2817692756652832,0.07936477661132812,-0.3614931233054037,9.523811340332031,0.0,-0.13086557388305664,0.23809432983398438,-0.13865127592980456,9.465194702148438,0.0,0.04304647445678711,-0.03052520751953125,0.010375079017751872,-3.1941375732421875,0.0,0.5538554191589355,0.3601951599121094,0.4748739492475911,-12.336990356445312,0.0,-0.3078465461730957,0.5799751281738281,-0.2860469322990149,6.534797668457031,0.0,0.12108707427978516,-0.7142848968505859,0.08478701097623056,-7.413917541503906,0.0,-0.015435218811035156,-0.018314361572265625,-0.02694365938283727,0.20513153076171875,0.0,0.0022969624615721243,-0.2036916662544647,0.06250356397205098,0.46082673483560344,0.0,-0.05926551834609053,-0.041648290976077876,-0.0167835581544798,3.330436128650682,0.0,0.09769392013549805,0.40903472900390625,0.004600116350800862,0.4981689453125,0.0,0.0399785041809082,0.16483497619628906,0.062290174840383725,1.7875442504882812,0.0,0.0004792213439941406,-0.11599540710449219,0.02138573645981001,0.20513153076171875,0.0,-0.30592918395996094,0.33577537536621094,-0.34622606681989554,-0.4395599365234375,0.0,-0.0025882720947265625,-0.0061054229736328125,0.004257147836760424,0.14652252197265625,0.0,-0.08449649810791016,0.1831493377685547,-0.15891338243938205,-1.8207569122314453,0.0,0.02002716064453125,0.05128288269042969,0.049048291526899185,0.6954841613769531,0.0,0.09405088424682617,0.33577537536621094,-0.00992300588149081,0.6739959716796875,0.0,-0.021571636199951172,0.07936477661132812,-0.04986303367495949,-2.9011001586914062,0.0,0.03729438781738281,-0.11599540710449219,0.04815867737893667,-0.3223419189453125,0.0,-0.318967342376709,0.2991447448730469,-0.36812873593166584,-0.20513153076171875,0.0,0.007381916046142578,-0.06715583801269531,0.004782488088354269,0.08791351318359375,0.0,-0.08907413482666016,0.21245384216308594,-0.17425755690602462,-2.1020774841308594,0.0,0.061226844787597656,0.021978378295898438,0.11810325922427331,1.4144096374511719,0.0,4.792213439941406e-05,-0.009205818176269531,3.142816797409048e-05,-0.0020757317543029785,0.0,0.0,0.0,-2.462604199496813e-35,0.0,0.0,0.07370007783174515,0.1475900113582611,0.607248067855835,-0.17778517305850983,0.1475900113582611,0.607248067855835,-0.17778517305850983
1.7409,1787703913.9284,ramp,0,0.014017,0.07210494503346246,0.6821294315977182,-0.05193382588087685,-0.003038176102563739,0.013301367871463299,0.6916745901107788,0.7220803499221802,-0.21887683868408203,-0.128204345703125,-0.23429227291920615,2.1977996826171875,0.0,0.1465892791748047,-0.1770458221435547,0.12988045585695748,-10.285713195800781,0.0,0.01064157485961914,0.21367454528808594,0.0647898681755964,-0.9084243774414062,0.0,0.46891212463378906,0.1892547607421875,0.3335735771003534,-6.417579650878906,0.0,-0.276400089263916,0.2625160217285156,-0.23477316755778044,5.0695953369140625,0.0,-0.0917501449584961,0.9584865570068359,-0.1004205766761023,4.1904754638671875,0.0,-0.2831110954284668,-0.4822959899902344,-0.3633838441125503,11.047622680664062,0.0,-0.13067388534545898,0.05494499206542969,-0.13854557141031765,8.4688720703125,0.0,0.04304647445678711,-0.14041519165039062,0.009910326291047131,-2.7252731323242188,0.0,0.5538554191589355,0.40903472900390625,0.4750280361536301,-12.805862426757812,0.0,-0.308229923248291,0.4945049285888672,-0.2855681355793513,6.358970642089844,0.0,0.12204551696777344,-0.7631263732910156,0.08476623661243371,-7.120880126953125,0.0,-0.015626907348632812,-0.06715583801269531,-0.027284917128487518,0.380950927734375,0.0,0.004655466112028466,-0.2521778364924336,0.06396213415522906,0.7943622482712571,0.0,-0.05960761110878827,-0.14596488948085534,-0.017005945243546434,3.7532511377248623,0.0,0.09711885452270508,0.5921859741210938,0.0027858330476549092,0.3223419189453125,0.0,0.040554046630859375,0.372406005859375,0.062007738717354315,1.7875442504882812,0.0,0.0004792213439941406,-0.07936477661132812,0.021653431588938753,0.20513153076171875,0.0,-0.30669593811035156,0.5067157745361328,-0.34676612917296035,-0.615386962890625,0.0,-0.0025882720947265625,0.03052520751953125,0.0043390023224694815,0.02930450439453125,0.0,-0.08640384674072266,0.08058547973632812,-0.1606574444952072,-2.258363723754883,0.0,0.02040863037109375,0.09523773193359375,0.04952338132749135,0.7736282348632812,0.0,0.09155845642089844,0.7875461578369141,-0.01188390737233029,0.3223419189453125,0.0,-0.020612716674804688,-0.05494499206542969,-0.04962562865952748,-2.8424911499023438,0.0,0.036719322204589844,-0.3113555908203125,0.048349713693682815,-0.02930450439453125,0.0,-0.31915903091430664,0.5189247131347656,-0.3689503092662372,-0.3223419189453125,0.0,0.005272865295410156,-0.128204345703125,0.0047388712430168735,0.14652252197265625,0.0,-0.09136295318603516,0.13919448852539062,-0.176175650884451,-2.445911407470703,0.0,0.06313419342041016,0.08058547973632812,0.11932385100183086,1.5706977844238281,0.0,0.0001437664031982422,0.039893150329589844,3.123632587480542e-05,-0.0037851333618164062,0.0,0.0,0.0,-2.491246864769512e-35,0.0,0.0,0.07390112429857254,0.232142835855484,0.9264875650405884,-0.02633599564433098,0.232142835855484,0.9264875650405884,-0.02633599564433098
1.7601,1787703913.9475,ramp,0,0.015092,0.1002025428905594,0.5650703190413398,-0.20641760470564982,-0.002889786846935749,0.013918519020080566,0.6918576955795288,0.721893846988678,-0.21849346160888672,-0.2625160217285156,-0.23478078702118801,2.6666641235351562,0.0,0.14678096771240234,-0.2625160217285156,0.13002794200752954,-10.989013671875,0.0,0.011217117309570312,0.21367454528808594,0.06618195985944376,-1.2014617919921875,0.0,0.46718645095825195,0.11599540710449219,0.3319863533032753,-5.9487152099609375,0.0,-0.27448272705078125,0.3113555908203125,-0.23348304449496002,4.893775939941406,0.0,-0.09079122543334961,1.0073261260986328,-0.10094249562151043,4.1904754638671875,0.0,-0.28291940689086914,0.03052520751953125,-0.3651944683840438,9.875457763671875,0.0,-0.13048219680786133,0.20146560668945312,-0.13844434484748186,8.996337890625,0.0,0.04189634323120117,-0.07936477661132812,0.009465261866921867,-2.9597091674804688,0.0,0.5540471076965332,0.39682579040527344,0.475175595481765,-12.454208374023438,0.0,-0.3065042495727539,0.6532363891601562,-0.2851096221074217,6.1831512451171875,0.0,0.12051153182983398,-0.8363857269287109,0.08474634231224233,-7.0622711181640625,0.0,-0.0152435302734375,-0.05494499206542969,-0.027611718184875088,0.3223419189453125,0.0,0.006073788621070893,-0.15208812986016615,0.06535891498366055,0.6284534688300452,0.0,-0.05903274782588502,-0.160732324757076,-0.0172189113565806,3.6059332067757803,0.0,0.09596824645996094,0.3113555908203125,0.0010484081610060147,0.4395599365234375,0.0,0.04074573516845703,0.07936477661132812,0.06173726742536312,1.9047622680664062,0.0,0.0004792213439941406,0.0061054229736328125,0.021909786359208913,0.14652252197265625,0.0,-0.3070793151855469,0.3846149444580078,-0.3472833128845283,-0.5567779541015625,0.0,-0.0025882720947265625,0.018314361572265625,0.004417389209626608,0.08791351318359375,0.0,-0.08297061920166016,0.28571510314941406,-0.16232762291463942,-2.633455276489258,0.0,0.01926422119140625,0.05128288269042969,0.04997834491642512,0.9142875671386719,0.0,0.08925724029541016,-0.0061054229736328125,-0.013761739265807926,0.8498153686523438,0.0,-0.019654273986816406,0.06715583801269531,-0.04939828082398733,-2.9597091674804688,0.0,0.03786945343017578,-0.128204345703125,0.04853265714408999,-0.3223419189453125,0.0,-0.3214602470397949,0.25030517578125,-0.36973707832000957,-0.08791351318359375,0.0,0.005847930908203125,-0.128204345703125,0.00469710213648599,0.14652252197265625,0.0,-0.08792972564697266,0.3150177001953125,-0.1780124887185813,-2.821002960205078,0.0,0.061608314514160156,-0.03663063049316406,0.12049273489504106,1.8832740783691406,0.0,4.792213439941406e-05,-0.0030689239501953125,3.105261077527997e-05,-0.0018315315246582031,0.0,0.0,0.0,-2.518676141872183e-35,0.0,0.0,0.07438091188669205,0.27017682790756226,0.699958860874176,-0.186031773686409,0.27017682790756226,0.699958860874176,-0.186031773686409
1.7802,1787703913.9678,ramp,0,0.014998,0.02177280248880811,0.5657732604110662,-0.05999958791039932,-0.0023098934907466173,0.013240443542599678,0.692106306552887,0.721670389175415,-0.21926021575927734,-0.20146560668945312,-0.23529195943338255,2.139190673828125,0.0,0.14716434478759766,-0.1892547607421875,0.13018226887557152,-10.520149230957031,0.0,0.01236724853515625,0.27472496032714844,0.06763861967978732,-1.0256423950195312,0.0,0.46584415435791016,0.07936477661132812,0.33032551073239885,-5.831504821777344,0.0,-0.2729487419128418,0.2991447448730469,-0.23213308281447984,4.717948913574219,0.0,-0.0921335220336914,1.166055679321289,-0.10148862226393887,3.4871826171875,0.0,-0.28464508056640625,-0.4945049285888672,-0.3670890732126094,11.223442077636719,0.0,-0.13048219680786133,0.04273414611816406,-0.13833842318402728,9.23077392578125,0.0,0.041129112243652344,-0.09157562255859375,0.008999554419912438,-3.0769195556640625,0.0,0.5546221733093262,0.3846149444580078,0.4753299989214991,-12.630035400390625,0.0,-0.3070793151855469,0.4822959899902344,-0.28462984181751994,6.534797668457031,0.0,0.12166213989257812,-0.6654453277587891,0.08472552527261853,-7.355308532714844,0.0,-0.0152435302734375,-0.06715583801269531,-0.027953676960729538,0.3223419189453125,0.0,0.007281707887060168,-0.20699663645290434,0.06682048144096395,1.0933475969048314,0.0,-0.058686701133952496,-0.1382699411877029,-0.01744175528528955,3.4687665532797807,0.0,0.09558486938476562,0.372406005859375,-0.0007696021414848736,0.380950927734375,0.0,0.04093742370605469,0.09157562255859375,0.061454251106702905,1.9047622680664062,0.0,0.0006709098815917969,-0.05494499206542969,0.022178031402217795,0.20513153076171875,0.0,-0.3068876266479492,0.5067157745361328,-0.3478244846630244,-0.7325973510742188,0.0,-0.0025882720947265625,-0.03052520751953125,0.0044994118452679754,0.14652252197265625,0.0,-0.08449649810791016,0.15384674072265625,-0.16407526771750758,-2.258363723754883,0.0,0.01964569091796875,0.09523773193359375,0.05045441067230084,0.7892570495605469,0.0,0.08791494369506836,0.3846149444580078,-0.015726668947040362,0.4395599365234375,0.0,-0.019078731536865234,0.10378456115722656,-0.04916038811827262,-2.8424911499023438,0.0,0.03806114196777344,-0.128204345703125,0.04872408589601432,-0.20513153076171875,0.0,-0.3201179504394531,0.5189247131347656,-0.37056033937516697,-0.4395599365234375,0.0,0.006998538970947266,-0.128204345703125,0.004653395691054872,0.14652252197265625,0.0,-0.08945560455322266,0.124542236328125,-0.17993452294988257,-2.539684295654297,0.0,0.06275272369384766,0.05128288269042969,0.12171583407855195,1.6957283020019531,0.0,0.0001437664031982422,0.02148151397705078,3.086037458353034e-05,-0.008669137954711914,0.0,0.0,0.0,-2.547377646464255e-35,0.0,0.0,0.07389484345912933,0.17105300724506378,0.7657583355903625,-0.027087673544883728,0.17105300724506378,0.7657583355903625,-0.027087673544883728
1.8009,1787703913.9884,ramp,0,0.015667,0.1318720722702115,0.4744062953914411,-0.2037196727185882,-0.0029223421588540077,0.014366167597472668,0.6919143795967102,0.7218307256698608,-0.2190685272216797,-0.33577537536621094,-0.2358203180725415,3.0183181762695312,0.0,0.14716434478759766,-0.21367454528808594,0.13034178439722158,-10.227104187011719,0.0,0.01409292221069336,0.3235645294189453,0.06914425414290343,-1.26007080078125,0.0,0.46373510360717773,0.05494499206542969,0.32860882865083224,-5.655677795410156,0.0,-0.2706480026245117,0.33577537536621094,-0.23073773381011337,4.366302490234375,0.0,-0.09290027618408203,1.2637367248535156,-0.10205311033629623,3.3113555908203125,0.0,-0.28637075424194336,-0.3235645294189453,-0.36904737691813894,10.989013671875,0.0,-0.13048219680786133,0.05494499206542969,-0.13822894030775068,9.23077392578125,0.0,0.040554046630859375,-0.04273414611816406,0.008518189332364513,-2.9011001586914062,0.0,0.5561561584472656,0.4334545135498047,0.4754895935892729,-12.74725341796875,0.0,-0.3065042495727539,0.45787620544433594,-0.28413393074129517,6.652015686035156,0.0,0.1222372055053711,-0.6166057586669922,0.08470400833926188,-7.589744567871094,0.0,-0.015051841735839844,-0.0061054229736328125,-0.028307132799011685,-0.02930450439453125,0.0,0.0069912931043665544,-0.1498983627809616,0.06833118750803421,0.6838935570034788,0.0,-0.05835540668226919,-0.003736264131646005,-0.01767209149301254,3.111076643908059,0.0,0.09500932693481445,0.3846149444580078,-0.0026487361215000726,0.5567779541015625,0.0,0.041512489318847656,0.23809432983398438,0.06116171944141776,1.7289352416992188,0.0,0.0006709098815917969,-0.05494499206542969,0.022455295163923656,0.20513153076171875,0.0,-0.3070793151855469,0.3235645294189453,-0.34838385128300664,-0.4395599365234375,0.0,-0.0025882720947265625,0.018314361572265625,0.004584192179874948,0.08791351318359375,0.0,-0.08716678619384766,0.13919448852539062,-0.16588167042576893,-2.258363723754883,0.0,0.02040863037109375,0.08058547973632812,0.05094648232742953,0.7736282348632812,0.0,0.08695650100708008,0.4334545135498047,-0.01775766191076851,0.5567779541015625,0.0,-0.018503665924072266,0.128204345703125,-0.04891449717568898,-2.9597091674804688,0.0,0.03748607635498047,-0.16483497619628906,0.048921950711191695,-0.14652252197265625,0.0,-0.32050132751464844,0.47008514404296875,-0.3714112794501765,-0.26373291015625,0.0,0.006423473358154297,-0.11599540710449219,0.00460821978273204,0.20513153076171875,0.0,-0.09250736236572266,0.16849899291992188,-0.1819211782674251,-2.4927978515625,0.0,0.06542301177978516,0.05128288269042969,0.12298005531729586,1.6488418579101562,0.0,4.792213439941406e-05,0.009205818176269531,3.0661675181436466e-05,-0.0025641322135925293,0.0,0.0,0.0,-2.5770441299174185e-35,0.0,0.0,0.0742703527212143,0.14318017661571503,0.6095297336578369,-0.22587837278842926,0.14318017661571503,0.6095297336578369,-0.22587837278842926
1.8208,1787703914.0083,ramp,0,0.015736,0.034236918619623954,0.6865390937306713,-0.01929159147723553,-0.002424886217340827,0.013889811933040619,0.6922387480735779,0.7215308547019958,-0.22041082382202148,-0.11599540710449219,-0.23632789650162572,2.1977996826171875,0.0,0.14793109893798828,-0.16483497619628906,0.13049502621422407,-10.695968627929688,0.0,0.014284610748291016,0.1892547607421875,0.07059067238786676,-0.8498153686523438,0.0,0.4629678726196289,0.22588539123535156,0.32695966323624637,-6.24176025390625,0.0,-0.26873064041137695,0.22588539123535156,-0.22939726352502834,4.542121887207031,0.0,-0.09385919570922852,0.8363857269287109,-0.10259539723721642,4.835166931152344,0.0,-0.28694629669189453,-0.4822959899902344,-0.3709286610400464,11.516487121582031,0.0,-0.12990713119506836,0.06715583801269531,-0.1381237633649821,8.410263061523438,0.0,0.040554046630859375,-0.11599540710449219,0.008055756210531808,-2.6666641235351562,0.0,0.5563478469848633,0.45787620544433594,0.47564291143960236,-13.157516479492188,0.0,-0.30631256103515625,0.4456653594970703,-0.2836575237207981,6.476188659667969,0.0,0.12185382843017578,-0.7631263732910156,0.08468333766138811,-7.23809814453125,0.0,-0.015051841735839844,-0.05494499206542969,-0.02864668730962113,0.26373291015625,0.0,0.008698266054797019,-0.3165223970124013,0.06978247789206599,1.2422292765358158,0.0,-0.05794965101838934,-0.11359062814790952,-0.017893368636627244,3.3265914190209847,0.0,0.09424257278442383,0.4212455749511719,-0.0044539642429388265,0.380950927734375,0.0,0.04170417785644531,0.16483497619628906,0.06088069297167141,1.8461532592773438,0.0,0.0004792213439941406,-0.0061054229736328125,0.022721654212831524,0.20513153076171875,0.0,-0.3078465461730957,0.5311355590820312,-0.3489212181569631,-0.6739959716796875,0.0,-0.0025882720947265625,0.05494499206542969,0.004665638125616537,0.08791351318359375,0.0,-0.08754825592041016,0.3150177001953125,-0.16761702777776044,-2.3990230560302734,0.0,0.02040863037109375,0.05128288269042969,0.05141920093027978,0.8361434936523438,0.0,0.08465576171875,0.372406005859375,-0.019708776440950482,0.5567779541015625,0.0,-0.018120288848876953,0.05494499206542969,-0.04867827706095532,-2.8424911499023438,0.0,0.03786945343017578,-0.1770458221435547,0.04911203355382039,-0.14652252197265625,0.0,-0.3220353126525879,0.06715583801269531,-0.37222875226978547,-0.02930450439453125,0.0,0.006231784820556641,-0.11599540710449219,0.004564820631323338,0.14652252197265625,0.0,-0.09288883209228516,0.34432220458984375,-0.18382969893970022,-2.617828369140625,0.0,0.06580448150634766,-0.08058547973632812,0.12419455505822553,1.7113571166992188,0.0,4.792213439941406e-05,0.0030689239501953125,3.0470790575981122e-05,-0.003540933132171631,0.0,0.0,0.0,-2.605543838167819e-35,0.0,0.0,0.07388604432344437,0.16235508024692535,0.9984611868858337,-0.0053602480329573154,0.16235508024692535,0.9984611868858337,-0.0053602480329573154
1.8407,1787703914.0282,ramp,0,0.015646,0.09660311422974918,0.5442692665835988,-0.2204999012072844,-0.0022570472210645676,0.01364336721599102,0.6925292015075684,0.7212573289871216,-0.21926021575927734,-0.33577537536621094,-0.23683596833594642,2.7838821411132812,0.0,0.14850664138793945,-0.15262603759765625,0.1306484169940481,-10.578758239746094,0.0,0.015051841735839844,0.2625160217285156,0.07203849666251014,-1.2014617919921875,0.0,0.46143388748168945,0.03052520751953125,0.32530889470615204,-5.714286804199219,0.0,-0.26662158966064453,0.27472496032714844,-0.22805549019982152,4.131866455078125,0.0,-0.09443426132202148,0.9951152801513672,-0.10313821128267481,4.366302490234375,0.0,-0.28675413131713867,-0.4212455749511719,-0.37281177391468245,11.457878112792969,0.0,-0.12952375411987305,0.05494499206542969,-0.13801848418214316,8.703292846679688,0.0,0.03902006149291992,-0.06715583801269531,0.007592873568170316,-3.0769195556640625,0.0,0.5567312240600586,0.47008514404296875,0.47579637832666366,-12.981689453125,0.0,-0.3057374954223633,0.47008514404296875,-0.2831806535960689,6.358970642089844,0.0,0.12185382843017578,-0.7264957427978516,0.08466264689002705,-7.296699523925781,0.0,-0.015051841735839844,-0.06715583801269531,-0.028986571893307,0.26373291015625,0.0,0.010256005309698788,-0.2806722829608928,0.07123517904187135,0.6854704062057975,0.0,-0.05705731807547423,-0.08494784085876027,-0.01811486087862896,3.2444818418273678,0.0,0.09270858764648438,0.5433464050292969,-0.00626094718482928,0.3223419189453125,0.0,0.04170417785644531,0.28693580627441406,0.060599393322601794,1.7875442504882812,0.0,0.0006709098815917969,-0.05494499206542969,0.022988272183202547,0.20513153076171875,0.0,-0.30765485763549805,0.5555553436279297,-0.3494591073928134,-0.6739959716796875,0.0,-0.0025882720947265625,0.03052520751953125,0.004747163243075871,0.08791351318359375,0.0,-0.09021854400634766,0.15384674072265625,-0.16935407203044675,-2.086446762084961,0.0,0.02117156982421875,0.08058547973632812,0.051892379051936735,0.7736282348632812,0.0,0.08312177658081055,0.5921859741210938,-0.021661787604383684,0.4981689453125,0.0,-0.017928600311279297,0.0061054229736328125,-0.04844182732211848,-2.9597091674804688,0.0,0.038252830505371094,-0.27472496032714844,0.04930230117157851,-0.08791351318359375,0.0,-0.32184362411499023,0.22588539123535156,-0.3730470197357916,-0.14652252197265625,0.0,0.005847930908203125,-0.11599540710449219,0.004521379292604581,0.08791351318359375,0.0,-0.09517860412597656,0.15384674072265625,-0.18574007484072366,-2.414653778076172,0.0,0.06847476959228516,0.08058547973632812,0.1254102353862282,1.5238113403320312,0.0,0.0001437664031982422,0.039893150329589844,3.0279720416021285e-05,-0.004273533821105957,0.0,0.0,0.0,-2.6340712503246183e-35,0.0,0.0,0.07287052273750305,0.19115892052650452,0.8086959719657898,-0.1858716756105423,0.19115892052650452,0.8086959719657898,-0.1858716756105423
1.8619,1787703914.0496,ramp,0,0.016264,0.16155349363947058,0.4895836837333163,-0.19747833832214898,-0.0029193288646638393,0.014785205014050007,0.6922522187232971,0.7214981913566589,-0.22136926651000977,-0.09157562255859375,-0.23737535356270278,2.6666641235351562,0.0,0.14908170700073242,-0.3113555908203125,0.1308112615269838,-11.282051086425781,0.0,0.018120288848876953,0.1892547607421875,0.07357555298393763,-1.4945068359375,0.0,0.46009206771850586,0.16483497619628906,0.32355638630521366,-5.538459777832031,0.0,-0.2637448310852051,0.2625160217285156,-0.22663102094098148,4.4249114990234375,0.0,-0.09232521057128906,0.8974361419677734,-0.10371447994631283,4.4249114990234375,0.0,-0.29135608673095703,0.2625160217285156,-0.3748109464652557,10.051284790039062,0.0,-0.1293320655822754,0.1770458221435547,-0.13790671645153427,10.461532592773438,0.0,0.038828372955322266,-0.04273414611816406,0.007101462625570921,-2.4908447265625,0.0,0.5590324401855469,0.23809432983398438,0.4759593036574642,-13.098907470703125,0.0,-0.30420351028442383,0.3846149444580078,-0.2826743930970899,7.0622711181640625,0.0,0.12166213989257812,-0.28693580627441406,0.08464068090874555,-8.4688720703125,0.0,-0.014860153198242188,-0.03052520751953125,-0.029347404182873908,0.26373291015625,0.0,0.010108399977764275,-0.3188111706250198,0.0727774128091587,1.302711833091649,0.0,-0.05673167236837882,0.0386110281122125,-0.01835000409088084,2.972340501523807,0.0,0.09290027618408203,0.6654453277587891,-0.008179297776256214,0.3223419189453125,0.0,0.04170417785644531,0.3235645294189453,0.06030075666386481,1.8461532592773438,0.0,0.0010547637939453125,-0.03052520751953125,0.023271322304644862,0.08791351318359375,0.0,-0.3078465461730957,0.6410255432128906,-0.35003014772185836,-0.7912063598632812,0.0,-0.0025882720947265625,0.04273414611816406,0.00483371290199553,0.02930450439453125,0.0,-0.09174442291259766,0.03663063049316406,-0.17119817348388347,-2.539682388305664,0.0,0.02117156982421875,0.10988998413085938,0.052394720002970414,0.8361434936523438,0.0,0.08273792266845703,0.7997550964355469,-0.023735166402589603,0.4395599365234375,0.0,-0.01754474639892578,0.0061054229736328125,-0.04819080475526135,-2.9011001586914062,0.0,0.0369110107421875,-0.3846149444580078,0.049504295329129214,0.02930450439453125,0.0,-0.3210763931274414,0.5677661895751953,-0.3739157185159339,-0.380950927734375,0.0,0.003738880157470703,-0.15262603759765625,0.004475260585066414,0.26373291015625,0.0,-0.09708595275878906,0.0659332275390625,-0.18776819068765135,-2.867889404296875,0.0,0.07038211822509766,0.13919448852539062,0.1267008403068093,1.7738723754882812,0.0,4.792213439941406e-05,-0.009205818176269531,3.007687425413139e-05,-0.0028083324432373047,0.0,0.0,0.0,-2.6643568588459816e-35,0.0,0.0,0.07319892942905426,0.13248364627361298,0.7945290207862854,-0.19562667608261108,0.13248364627361298,0.7945290207862854,-0.19562667608261108
1.8835,1787703914.0713,ramp,0,0.015881,0.06799763074682812,0.6263181638441728,-0.20513439382390877,-0.002233575563877821,0.013786493800580502,0.6926275491714478,0.7211601138114929,-0.22002744674682617,-0.07936477661132812,-0.23792617478107136,2.6080551147460938,0.0,0.15023231506347656,-0.10378456115722656,0.13097755867341415,-11.868133544921875,0.0,0.017736434936523438,0.09157562255859375,0.07514519781970945,-1.2014617919921875,0.0,0.4589414596557617,0.20146560668945312,0.3217667213964971,-5.010986328125,0.0,-0.26201915740966797,0.23809432983398438,-0.22517635022743365,4.3076934814453125,0.0,-0.09385919570922852,0.33577537536621094,-0.1043029666005016,6.00732421875,0.0,-0.28867197036743164,0.5921859741210938,-0.37685250527222897,8.996337890625,0.0,-0.12818145751953125,0.5189247131347656,-0.13779257903268335,9.5238037109375,0.0,0.03806114196777344,-0.128204345703125,0.006599632837332212,-2.25640869140625,0.0,0.558840274810791,0.21367454528808594,0.47612568331482763,-12.805862426757812,0.0,-0.303436279296875,0.1770458221435547,-0.2821573989136629,7.531135559082031,0.0,0.12012815475463867,0.11599540710449219,0.08461824920692662,-9.582412719726562,0.0,-0.015435218811035156,-0.05494499206542969,-0.02971588680254292,0.4981689453125,0.0,0.010657404807528144,-0.3003387278664939,0.07435234486247949,0.6582540884721562,0.0,-0.055157062824043854,0.017155641137958137,-0.018590132785992794,2.6807600192779932,0.0,0.09194183349609375,0.8363857269287109,-0.010138321044991502,0.14652252197265625,0.0,0.041512489318847656,0.25030517578125,0.05999578834056788,2.139190673828125,0.0,0.0012464523315429688,-0.018314361572265625,0.023560373626442824,0.08791351318359375,0.0,-0.308229923248291,0.4945049285888672,-0.35061329519082707,-0.5567779541015625,0.0,-0.0025882720947265625,0.018314361572265625,0.0049220975781243065,0.08791351318359375,0.0,-0.09098148345947266,-0.8571434020996094,-0.17308137339183347,-1.6175823211669922,0.0,0.02117156982421875,0.21245384216308594,0.05290771153658868,0.16410446166992188,0.0,0.08139610290527344,0.9340667724609375,-0.025852504770633458,0.3223419189453125,0.0,-0.01754474639892578,0.03052520751953125,-0.047934460033056535,-3.0183181762695312,0.0,0.03614377975463867,-0.47008514404296875,0.0497105721465988,0.14652252197265625,0.0,-0.32261037826538086,0.75091552734375,-0.37480283536069947,-0.5567779541015625,0.0,0.0033555030822753906,-0.16483497619628906,0.0044281640733052,0.20513153076171875,0.0,-0.09594154357910156,-0.9010982513427734,-0.18983930644385252,-1.7738723754882812,0.0,0.07038211822509766,0.6666660308837891,0.12801880850379152,0.8517723083496094,0.0,-4.792213439941406e-05,0.015343666076660156,2.9869727368211873e-05,-0.0032967329025268555,0.0,0.0,0.0,-2.6952845798091385e-35,0.0,0.0,0.07120655477046967,0.06239587441086769,0.913541316986084,-0.18493403494358063,0.06239587441086769,0.913541316986084,-0.18493403494358063
1.9008,1787703914.0883,ramp,0,0.016080,-0.09293368604416191,-0.03478584189337052,0.04236287433156602,-0.0007937295595183969,0.01242100726813078,0.6932026743888855,0.7206352949142456,-0.21791791915893555,-0.25030517578125,-0.23836651629753652,2.5494537353515625,0.0,0.15176630020141602,0.07936477661132812,0.13111050115130177,-11.575088500976562,0.0,0.014284610748291016,0.07936477661132812,0.07640001474441438,-0.5567779541015625,0.0,0.4595165252685547,-0.06715583801269531,0.32033601442009774,-5.538459777832031,0.0,-0.2618274688720703,0.1770458221435547,-0.22401344675421914,4.4249114990234375,0.0,-0.0948176383972168,0.07936477661132812,-0.1047734188944283,7.648353576660156,0.0,-0.2840700149536133,-0.3113555908203125,-0.3784845831062638,10.637359619140625,0.0,-0.12626409530639648,-0.018314361572265625,-0.13770133446470706,8.586074829101562,0.0,0.037102699279785156,-0.0061054229736328125,0.006198456407319388,-2.6080551147460938,0.0,0.5561561584472656,0.21367454528808594,0.4762586917542073,-14.446884155273438,0.0,-0.30401182174682617,0.4212455749511719,-0.28174409965222896,6.417579650878906,0.0,0.11916971206665039,-0.7875461578369141,0.08460031669222595,-6.769233703613281,0.0,-0.01639413833618164,-0.06715583801269531,-0.030010461866329836,0.3223419189453125,0.0,0.015487141321914442,0.22187132831347703,0.07561138853320612,-1.4836888230447718,0.0,-0.053106086231407584,0.08335282655042257,-0.0187820982191066,2.2923709941402683,0.0,0.09117460250854492,0.03052520751953125,-0.011704417716975918,0.5567779541015625,0.0,0.041129112243652344,-0.128204345703125,0.05975198833890466,2.25640869140625,0.0,0.0002875328063964844,0.05494499206542969,0.023791449142657968,0.08791351318359375,0.0,-0.3091888427734375,0.16483497619628906,-0.35107947919435745,-0.3223419189453125,0.0,-0.0025882720947265625,0.03052520751953125,0.004992754700655097,0.08791351318359375,0.0,-0.08678531646728516,0.8131866455078125,-0.17458685479963007,-2.164590835571289,0.0,0.02002716064453125,-0.09523773193359375,0.053317810970514454,0.8986587524414062,0.0,0.08043718338012695,-0.10378456115722656,-0.027545162854168692,0.9084243774414062,0.0,-0.01831197738647461,0.11599540710449219,-0.047729531065273056,-2.9011001586914062,0.0,0.03786945343017578,-0.128204345703125,0.04987547546474835,-0.26373291015625,0.0,-0.32261037826538086,-0.2991447448730469,-0.37551202077999546,0.4395599365234375,0.0,0.0050811767578125,-0.10378456115722656,0.004390513836318007,0.08791351318359375,0.0,-0.09136295318603516,0.8131866455078125,-0.1914950129098483,-2.5240554809570312,0.0,0.06733036041259766,-0.41758155822753906,0.12907242825400903,1.6332130432128906,0.0,4.792213439941406e-05,0.02148151397705078,2.9704128493595178e-05,-0.0028083324432373047,0.0,0.0,0.0,-2.7200090441100303e-35,0.0,0.0,0.06922302395105362,-0.17972786724567413,-0.2514469027519226,0.11403023451566696,-0.17972786724567413,-0.2514469027519226,0.11403023451566696
1.9202,1787703914.1077,ramp,0,0.015114,0.12041475378652708,0.5757504605399117,-0.2873832445480774,-0.0010653557255864143,0.012004419229924679,0.6933087706565857,0.7205399870872498,-0.2177262306213379,-0.3846149444580078,-0.2388612797234423,1.9047622680664062,0.0,0.1531081199645996,0.20146560668945312,0.1312598740206512,-11.575088500976562,0.0,0.015435218811035156,0.33577537536621094,0.07780991478185656,-0.6739959716796875,0.0,0.45798254013061523,-0.128204345703125,0.31872848603896076,-4.659339904785156,0.0,-0.26067686080932617,0.07936477661132812,-0.22270681977290682,4.366302490234375,0.0,-0.09961128234863281,-0.628814697265625,-0.1053020144957173,9.347984313964844,0.0,-0.28464508056640625,-0.8852252960205078,-0.3803183698157118,11.164833068847656,0.0,-0.12530517578125,-0.14041519165039062,-0.1375988129595589,8.410263061523438,0.0,0.03499317169189453,0.0061054229736328125,0.005747698489921193,-2.6080551147460938,0.0,0.5567312240600586,0.5921859741210938,0.4764081387372448,-13.567764282226562,0.0,-0.30362796783447266,0.04273414611816406,-0.2812797206398821,7.472526550292969,0.0,0.12012815475463867,0.06715583801269531,0.08458016789390316,-9.289382934570312,0.0,-0.015435218811035156,-0.06715583801269531,-0.03034144353009753,0.26373291015625,0.0,0.014831916793921802,-0.14413183623410825,0.0770260377011843,0.42843716781895846,0.0,-0.05219978823622864,-0.11188334735552666,-0.018997788704312957,3.0202330011433407,0.0,0.09194183349609375,0.3601951599121094,-0.01346406863735869,0.4981689453125,0.0,0.04093742370605469,0.10378456115722656,0.059478057038883175,1.9047622680664062,0.0,0.0010547637939453125,-0.07936477661132812,0.024051083335144104,0.26373291015625,0.0,-0.3068876266479492,0.4456653594970703,-0.3516032789862569,-0.6739959716796875,0.0,-0.0025882720947265625,0.018314361572265625,0.005072144353233414,0.14652252197265625,0.0,-0.09174442291259766,0.0073261260986328125,-0.17627839900136297,-1.836385726928711,0.0,0.02117156982421875,0.10988998413085938,0.053778594687934354,0.7111129760742188,0.0,0.0819711685180664,0.5067157745361328,-0.029447016940105805,0.5567779541015625,0.0,-0.018503665924072266,0.06715583801269531,-0.04749927487916141,-2.7838821411132812,0.0,0.037677764892578125,-0.14041519165039062,0.05006075922196901,-0.14652252197265625,0.0,-0.32050132751464844,0.3113555908203125,-0.37630885458860386,-0.26373291015625,0.0,0.006423473358154297,-0.128204345703125,0.004348210397869856,0.14652252197265625,0.0,-0.09632301330566406,0.021978378295898438,-0.19335534851932346,-2.195850372314453,0.0,0.07076358795166016,0.09523773193359375,0.13025626511182856,1.4300384521484375,0.0,0.0001437664031982422,0.009205818176269531,2.9518063215923406e-05,-0.0020757317543029785,0.0,0.0,0.0,-2.7477892106484785e-35,0.0,0.0,0.06735523790121078,0.23841097950935364,0.7005072236061096,-0.25328680872917175,0.23841097950935364,0.7005072236061096,-0.25328680872917175
1.9402,1787703914.1276,ramp,0,0.015928,0.14516030568094695,0.5400997217124298,-0.20375156407264192,-0.0018418735126033425,0.013411873020231724,0.6926553249359131,0.7211416363716125,-0.21964359283447266,-0.2625160217285156,-0.23937038725001458,2.6080551147460938,0.0,0.1531081199645996,0.07936477661132812,0.13141357748390187,-11.047622680664062,0.0,0.018695354461669922,0.3235645294189453,0.07926069041156757,-1.0256423950195312,0.0,0.45606517791748047,-0.018314361572265625,0.31707435245680027,-5.010986328125,0.0,-0.25856781005859375,0.14041519165039062,-0.22136231127494985,4.131866455078125,0.0,-0.10037851333618164,0.5189247131347656,-0.10584593505459164,5.9487152099609375,0.0,-0.2905893325805664,-0.7142848968505859,-0.3822053213707891,11.809524536132812,0.0,-0.1256885528564453,-0.07936477661132812,-0.13749331916763008,8.5274658203125,0.0,0.03614377975463867,0.018314361572265625,0.005283872272392336,-2.9011001586914062,0.0,0.5601825714111328,0.6043949127197266,0.47656191846287543,-13.860809326171875,0.0,-0.30362796783447266,0.1770458221435547,-0.2808018784268382,7.003662109375,0.0,0.12127876281738281,-0.372406005859375,0.0845594349449008,-8.0,0.0,-0.015051841735839844,-0.0061054229736328125,-0.030682020960357423,0.14652252197265625,0.0,0.012986014661266611,-0.24583211839815236,0.0784817001474504,0.8975436357258366,0.0,-0.0530901582233095,0.01456785289667353,-0.019219732452939016,2.8900750760989835,0.0,0.0921335220336914,0.47008514404296875,-0.015274735070648013,0.4981689453125,0.0,0.04132080078125,0.2991447448730469,0.059196183967223974,1.6703262329101562,0.0,0.0018215179443359375,-0.11599540710449219,0.024318244799854706,0.20513153076171875,0.0,-0.30803823471069336,0.5067157745361328,-0.3521422646964169,-0.6739959716796875,0.0,-0.0023965835571289062,0.0061054229736328125,0.005153835657689864,0.08791351318359375,0.0,-0.09441566467285156,0.13919448852539062,-0.1780189841771072,-2.258363723754883,0.0,0.02231597900390625,0.10988998413085938,0.05425273737184635,0.7892570495605469,0.0,0.0819711685180664,0.6776561737060547,-0.03140400926996598,0.4981689453125,0.0,-0.018503665924072266,-0.0061054229736328125,-0.04726234314320159,-2.8424911499023438,0.0,0.038828372955322266,-0.28693580627441406,0.050251414695703656,-0.14652252197265625,0.0,-0.32050132751464844,0.4822959899902344,-0.37712879007321876,-0.26373291015625,0.0,0.007190227508544922,-0.11599540710449219,0.004304680505023766,0.08791351318359375,0.0,-0.09899330139160156,0.21245384216308594,-0.19526961867581377,-2.5553131103515625,0.0,0.07267093658447266,0.021978378295898438,0.13147442357503006,1.6019554138183594,0.0,-0.0002396106719970703,-0.039893150329589844,2.9326603564024006e-05,0.0003663003444671631,0.0,0.0,0.0,-2.7763747752509234e-35,0.0,0.0,0.06913042813539505,0.13920778036117554,0.7723509669303894,-0.22769583761692047,0.13920778036117554,0.7723509669303894,-0.22769583761692047
1.9603,1787703914.1477,ramp,0,0.016459,0.12811788066055405,0.6289182745954445,-0.1530737390573061,-0.0015448686899617314,0.013483966700732708,0.6927440762519836,0.7210557460784912,-0.22060251235961914,-0.2991447448730469,-0.23988262555514284,2.7838821411132812,0.0,0.15368366241455078,-0.0061054229736328125,0.13156822615318783,-11.164833068847656,0.0,0.019654273986816406,0.3113555908203125,0.08072038764819636,-1.2014617919921875,0.0,0.4551067352294922,0.03052520751953125,0.31541004670927714,-5.128204345703125,0.0,-0.25626707077026367,0.1892547607421875,-0.22000953466435666,3.6630020141601562,0.0,-0.1005702018737793,0.6043949127197266,-0.10639320047625621,5.831504821777344,0.0,-0.2928900718688965,-0.7997550964355469,-0.3841038768153325,12.395606994628906,0.0,-0.12530517578125,-0.14041519165039062,-0.1373871766371062,8.586074829101562,0.0,0.03633546829223633,-0.07936477661132812,0.0048171937356583545,-2.6666641235351562,0.0,0.5626754760742188,0.5799751281738281,0.4767166438635202,-14.153839111328125,0.0,-0.30362796783447266,0.15262603759765625,-0.2803210977026239,7.003662109375,0.0,0.12108707427978516,-0.34798622131347656,0.08453857449773991,-8.175827026367188,0.0,-0.0152435302734375,-0.07936477661132812,-0.031024692786122462,0.3223419189453125,0.0,0.0135664804255619,-0.2437836629598342,0.07994631425232214,0.6818774133342316,0.0,-0.05375284277035385,-0.13830693221761803,-0.019443041054160157,3.377137167675994,0.0,0.0904078483581543,0.4945049285888672,-0.01709653627477728,0.615386962890625,0.0,0.04170417785644531,0.2991447448730469,0.05891257750502902,1.7875442504882812,0.0,0.0016298294067382812,-0.06715583801269531,0.02458704918544357,0.14652252197265625,0.0,-0.30842161178588867,0.372406005859375,-0.3526845649223035,-0.4981689453125,0.0,-0.0023965835571289062,-0.0061054229736328125,0.005236029326324505,0.08791351318359375,0.0,-0.09517860412597656,0.0073261260986328125,-0.1797702731559943,-2.6803417205810547,0.0,0.02193450927734375,0.09523773193359375,0.05472979581651567,0.8830299377441406,0.0,0.07986164093017578,0.6166057586669922,-0.03337303620803886,0.5567779541015625,0.0,-0.017928600311279297,0.05494499206542969,-0.04702395438537616,-2.8424911499023438,0.0,0.038252830505371094,-0.27472496032714844,0.05044324261344586,-0.14652252197265625,0.0,-0.32184362411499023,0.5067157745361328,-0.37795376778624035,-0.3223419189453125,0.0,0.006040096282958984,-0.128204345703125,0.0042608829232358494,0.14652252197265625,0.0,-0.10013771057128906,0.03663063049316406,-0.19719566071868053,-2.8366317749023438,0.0,0.07343387603759766,0.03663063049316406,0.13270007315591345,1.9145317077636719,0.0,0.0001437664031982422,0.02148151397705078,2.9133966522788948e-05,-0.0025641322135925293,0.0,0.0,0.0,-2.8051361280081206e-35,0.0,0.0,0.07031166553497314,0.27700096368789673,0.8594469428062439,-0.11087489873170853,0.27700096368789673,0.8594469428062439,-0.11087489873170853
1.9802,1787703914.1677,ramp,0,0.018239,0.146302086064048,0.627332561903384,-0.23055153668859774,-0.0012649690033867955,0.014476683922111988,0.6927429437637329,0.7210381627082825,-0.22232818603515625,-0.3601951599121094,-0.24038937217843692,3.4871826171875,0.0,0.1540670394897461,-0.14041519165039062,0.13172121684164867,-11.106224060058594,0.0,0.021763324737548828,0.27472496032714844,0.08216443554209236,-1.7875442504882812,0.0,0.4533810615539551,0.018314361572265625,0.3137635839023321,-5.010986328125,0.0,-0.25319910049438477,0.33577537536621094,-0.21867126110569016,3.0769195556640625,0.0,-0.0992279052734375,1.1904754638671875,-0.10693459869208212,4.1904754638671875,0.0,-0.29653358459472656,-0.5189247131347656,-0.3859820779397447,12.864471435546875,0.0,-0.12530517578125,0.03052520751953125,-0.13728217205546445,8.293045043945312,0.0,0.03614377975463867,-0.04273414611816406,0.004355518436708294,-2.8424911499023438,0.0,0.5657434463500977,0.5189247131347656,0.4768697104607067,-13.802200317382812,0.0,-0.3030529022216797,0.3601951599121094,-0.27984547140505633,6.417579650878906,0.0,0.1208953857421875,-0.4212455749511719,0.08451793769441351,-7.8241729736328125,0.0,-0.015626907348632812,-0.06715583801269531,-0.03136369084399119,0.14652252197265625,0.0,0.015143700514884758,-0.16594581540229023,0.08139522630095695,0.3676089905448092,0.0,-0.054134489348271,-0.17720095486366472,-0.01966395557478157,3.369031815200124,0.0,0.08829879760742188,0.21367454528808594,-0.01889880603723562,0.7325973510742188,0.0,0.04170417785644531,0.09157562255859375,0.0586320115738543,1.8461532592773438,0.0,0.001438140869140625,-0.04273414611816406,0.02485297173235206,0.20513153076171875,0.0,-0.308804988861084,0.47008514404296875,-0.3532210511739726,-0.615386962890625,0.0,-0.0023965835571289062,0.018314361572265625,0.005317341800654841,0.08791351318359375,0.0,-0.09517860412597656,0.16849899291992188,-0.18150278665133107,-2.6959705352783203,0.0,0.02193450927734375,0.10988998413085938,0.05520173974091541,0.8361434936523438,0.0,0.07813596725463867,0.2625160217285156,-0.0353209533045427,0.6739959716796875,0.0,-0.017736434936523438,0.14041519165039062,-0.046788121381772386,-2.9597091674804688,0.0,0.039403438568115234,-0.14041519165039062,0.05063301395345734,-0.20513153076171875,0.0,-0.3228020668029785,0.372406005859375,-0.3787699009535205,-0.3223419189453125,0.0,0.006615161895751953,-0.11599540710449219,0.004217554893181721,0.08791351318359375,0.0,-0.09975624084472656,0.09523773193359375,-0.19910105375893888,-2.9772911071777344,0.0,0.07343387603759766,0.03663063049316406,0.1339125826075425,1.867645263671875,0.0,-4.792213439941406e-05,-0.0030689239501953125,2.8943394733858044e-05,-0.0003663301467895508,0.0,0.0,0.0,-2.833589131708088e-35,0.0,0.0,0.07246523350477219,0.3316134512424469,0.7747974395751953,-0.20187026262283325,0.3316134512424469,0.7747974395751953,-0.20187026262283325
2.0025,1787703914.1900,ramp,0,0.019175,0.16243694739683393,0.4307405402367702,-0.240884884678971,-0.0011699155438691378,0.015059488825500011,0.6924606561660767,0.7212975025177002,-0.2234787940979004,-0.1770458221435547,-0.24095778816126698,3.25274658203125,0.0,0.15425872802734375,-0.28693580627441406,0.13189282598228785,-11.9853515625,0.0,0.02502298355102539,0.1770458221435547,0.08378421920740206,-2.0805892944335938,0.0,0.45127153396606445,0.14041519165039062,0.3119167521099085,-4.776557922363281,0.0,-0.24936437606811523,0.34798622131347656,-0.21717012415641945,2.9597091674804688,0.0,-0.0978856086730957,0.7387065887451172,-0.10754188324969927,5.128204345703125,0.0,-0.3007521629333496,0.27472496032714844,-0.3880888498233845,11.106224060058594,0.0,-0.12511348724365234,0.27472496032714844,-0.13716438876943568,9.75823974609375,0.0,0.03614377975463867,-0.0061054229736328125,0.0038376588067906975,-2.4322357177734375,0.0,0.5682358741760254,0.23809432983398438,0.477041404747908,-13.860809326171875,0.0,-0.3013272285461426,0.4212455749511719,-0.2793119629869158,6.652015686035156,0.0,0.11878585815429688,-0.4945049285888672,0.0844947894615373,-7.706962585449219,0.0,-0.016010284423828125,-0.04273414611816406,-0.03174394382523131,0.26373291015625,0.0,0.01615593503240047,-0.24107422006743143,0.08302046607227584,0.6725851565004626,0.0,-0.05497615439317924,-0.010863970118868931,-0.01991175464948321,3.090650525988484,0.0,0.0859975814819336,0.40903472900390625,-0.020920405967578243,0.9084243774414062,0.0,0.04132080078125,0.372406005859375,0.058317301712581565,1.8461532592773438,0.0,0.002780437469482422,0.07936477661132812,0.02515125615874861,-0.02930450439453125,0.0,-0.30938053131103516,-0.018314361572265625,-0.35382282599791726,-0.02930450439453125,0.0,-0.0023965835571289062,0.04273414611816406,0.005408549729604374,0.08791351318359375,0.0,-0.10013771057128906,-0.7838821411132812,-0.18344614121147917,-1.086202621459961,0.0,0.02346038818359375,0.08058547973632812,0.05573111765345983,0.8048858642578125,0.0,0.07679367065429688,0.7264957427978516,-0.03750592535957732,0.5567779541015625,0.0,-0.017352581024169922,0.04273414611816406,-0.04652358829489001,-2.9597091674804688,0.0,0.03729438781738281,-0.372406005859375,0.050845879827223606,0.08791351318359375,0.0,-0.3228020668029785,0.4334545135498047,-0.3796853547820712,-0.20513153076171875,0.0,0.0033555030822753906,-0.14041519165039062,0.004168953987610388,0.26373291015625,0.0,-0.10547828674316406,-0.9597072601318359,-0.20123832672311906,-1.1018333435058594,0.0,0.07686710357666016,0.622711181640625,0.1352726503809759,0.617340087890625,0.0,4.792213439941406e-05,-0.009205818176269531,2.8729630999231282e-05,-0.002319931983947754,0.0,0.0,0.0,-2.86550477025236e-35,0.0,0.0,0.07423879951238632,0.17952175438404083,0.6551376581192017,-0.22422057390213013,0.17952175438404083,0.6551376581192017,-0.22422057390213013
2.0202,1787703914.2077,ramp,0,0.018727,-0.001759954037530905,0.44784236207185035,-0.09163546159177552,-0.0003091345715802163,0.013829663395881653,0.69297856092453,0.7208254933357239,-0.22367048263549805,-0.27472496032714844,-0.24141005173466756,3.4871826171875,0.0,0.1554093360900879,-0.0061054229736328125,0.13202936782051566,-12.102561950683594,0.0,0.021763324737548828,0.128204345703125,0.08507300975998565,-1.0256423950195312,0.0,0.45031261444091797,-0.0061054229736328125,0.3104473093582238,-4.542121887207031,0.0,-0.24744653701782227,0.16483497619628906,-0.21597573557244493,3.0769195556640625,0.0,-0.10172033309936523,0.372406005859375,-0.10802507283689469,7.23809814453125,0.0,-0.29883432388305664,-0.372406005859375,-0.38976511546195947,12.74725341796875,0.0,-0.12357950210571289,-0.0061054229736328125,-0.13707067379407378,8.175827026367188,0.0,0.03614377975463867,-0.07936477661132812,0.0034256206976925677,-2.4908447265625,0.0,0.5665102005004883,0.4822959899902344,0.47717801433350693,-14.27105712890625,0.0,-0.30094385147094727,0.3846149444580078,-0.2788874738259562,6.124542236328125,0.0,0.11840248107910156,-0.7753353118896484,0.08447637143172332,-6.769233703613281,0.0,-0.016777515411376953,-0.05494499206542969,-0.032046494382018356,0.380950927734375,0.0,0.02007603779306144,0.15122242655518806,0.08431359780820952,-1.6172775273121518,0.0,-0.054085831887354545,-0.0673077949097536,-0.020108917464033125,2.841192402282351,0.0,0.08273792266845703,0.372406005859375,-0.02252890403255356,0.5567779541015625,0.0,0.040554046630859375,0.0061054229736328125,0.0580669009308601,2.0805892944335938,0.0,0.0010547637939453125,0.04273414611816406,0.025388587945057984,0.14652252197265625,0.0,-0.3109145164489746,0.4334545135498047,-0.35430163173259194,-0.4981689453125,0.0,-0.0023965835571289062,0.09157562255859375,0.005481119863300839,0.08791351318359375,0.0,-0.09632301330566406,0.5934066772460938,-0.18499238288009134,-2.633455276489258,0.0,0.02307891845703125,-0.0073261260986328125,0.05615232035295936,0.8830299377441406,0.0,0.0744929313659668,0.25030517578125,-0.03924441143182045,0.5567779541015625,0.0,-0.017352581024169922,0.16483497619628906,-0.04631311096355169,-3.0183181762695312,0.0,0.038828372955322266,-0.1892547607421875,0.05101524783170029,-0.20513153076171875,0.0,-0.32395267486572266,0.0061054229736328125,-0.38041374109120046,0.14652252197265625,0.0,0.005847930908203125,-0.09157562255859375,0.004130284386669964,0.08791351318359375,0.0,-0.10204505920410156,0.622711181640625,-0.20293886072869022,-2.946033477783203,0.0,0.07419681549072266,-0.3296699523925781,0.1363547964322137,1.9614181518554688,0.0,-4.792213439941406e-05,-0.027618408203125,2.855954860639564e-05,-0.0018315315246582031,0.0,0.0,0.0,-2.8908986387771834e-35,0.0,0.0,0.0727929025888443,0.06808508187532425,0.28990986943244934,-0.062059126794338226,0.06808508187532425,0.28990986943244934,-0.062059126794338226
2.0409,1787703914.2285,ramp,0,0.018267,0.12158636157383701,0.5470252721271809,-0.31028170281182393,-0.0006796492962166667,0.013885087333619595,0.6928955316543579,0.7209039330482483,-0.22405385971069336,-0.3235645294189453,-0.2419372645573999,3.6043930053710938,0.0,0.15636777877807617,-0.03052520751953125,0.13218853741140682,-11.282051086425781,0.0,0.023488998413085938,0.28693580627441406,0.08657537905324837,-1.8461532592773438,0.0,0.44782018661499023,-0.04273414611816406,0.3087343501315185,-4.0146484375,0.0,-0.24457073211669922,0.2991447448730469,-0.2145834125691535,2.4322357177734375,0.0,-0.10210418701171875,1.1782665252685547,-0.1085883367413138,4.24908447265625,0.0,-0.30190229415893555,-0.4945049285888672,-0.39171917232379627,13.626373291015625,0.0,-0.12319612503051758,0.04273414611816406,-0.136961428346068,7.9413909912109375,0.0,0.03499317169189453,-0.03052520751953125,0.0029452995147648195,-2.5494537353515625,0.0,0.5678524971008301,0.3846149444580078,0.47733726289888284,-13.567764282226562,0.0,-0.2994098663330078,0.45787620544433594,-0.27839263819927496,5.831504821777344,0.0,0.11840248107910156,-0.5433464050292969,0.08445490116071655,-7.355308532714844,0.0,-0.016202449798583984,-0.04273414611816406,-0.032399183704007246,0.3223419189453125,0.0,0.021298094003909706,-0.13931359013183992,0.08582102770697442,-0.10499152807443513,0.0,-0.05453565937380567,-0.1380726080362508,-0.020338754156860546,3.3477885266249485,0.0,0.08082056045532227,0.4822959899902344,-0.024403962859022285,0.6739959716796875,0.0,0.0399785041809082,0.2991447448730469,0.057775003659644726,1.8461532592773438,0.0,0.001438140869140625,-0.04273414611816406,0.025665250423186493,0.14652252197265625,0.0,-0.31033897399902344,0.4822959899902344,-0.3548597852911909,-0.615386962890625,0.0,-0.0025882720947265625,0.07936477661132812,0.005565716340404878,0.08791351318359375,0.0,-0.10013771057128906,0.09523773193359375,-0.18679486816230365,-2.1020755767822266,0.0,0.02384185791015625,0.10988998413085938,0.05664332488484307,0.7736282348632812,0.0,0.07430076599121094,0.7142848968505859,-0.04127099991547055,0.5567779541015625,0.0,-0.017160892486572266,0.03052520751953125,-0.04606775326838805,-2.9011001586914062,0.0,0.03844499588012695,-0.3113555908203125,0.051212683550542926,-0.08791351318359375,0.0,-0.3224186897277832,0.5067157745361328,-0.38126283578876397,-0.3223419189453125,0.0,0.005656242370605469,-0.11599540710449219,0.004085206448350854,0.08791351318359375,0.0,-0.10585975646972656,0.10988998413085938,-0.20492120771827474,-2.4615402221679688,0.0,0.07610416412353516,-0.03663063049316406,0.13761627603799295,1.6957283020019531,0.0,0.0001437664031982422,0.039893150329589844,2.8361280110549923e-05,-0.004761934280395508,0.0,0.0,0.0,-2.920500786490297e-35,0.0,0.0,0.0727725550532341,0.26316654682159424,0.6644360423088074,-0.30235666036605835,0.26316654682159424,0.6644360423088074,-0.30235666036605835
2.0603,1787703914.2479,ramp,0,0.018382,0.06566529668197477,0.6427082558779292,-0.1718602765979703,-0.00026891150628216565,0.013541555032134056,0.6928615570068359,0.7209433913230896,-0.22424554824829102,-0.3846149444580078,-0.24243210951240413,2.9011001586914062,0.0,0.15694332122802734,0.22588539123535156,0.13233793489501577,-12.102561950683594,0.0,0.02387237548828125,0.27472496032714844,0.08798551141966426,-0.6739959716796875,0.0,0.4460945129394531,-0.2625160217285156,0.307126556855418,-3.6043930053710938,0.0,-0.24188613891601562,0.05494499206542969,-0.21327657027661515,3.0183181762695312,0.0,-0.1049799919128418,-0.5189247131347656,-0.10911701944670259,9.523811340332031,0.0,-0.3020939826965332,-0.8363857269287109,-0.3935532612119611,13.802200317382812,0.0,-0.1222372055053711,-0.20146560668945312,-0.13685888994701567,8.117218017578125,0.0,0.03499317169189453,-0.07936477661132812,0.00249446731967206,-2.5494537353515625,0.0,0.5674691200256348,0.5677661895751953,0.4774867345083926,-14.446884155273438,0.0,-0.2984504699707031,-0.0061054229736328125,-0.277928182664695,7.23809814453125,0.0,0.11801910400390625,-0.15262603759765625,0.08443474904219408,-8.293045043945312,0.0,-0.016202449798583984,-0.07936477661132812,-0.03273021990825883,0.26373291015625,0.0,0.02387562704557675,0.007549395570373874,0.08723590998650707,-0.8905684845678521,0.0,-0.0546357960710669,-0.21594174550515974,-0.02055448018440873,3.3308027117259438,0.0,0.07851982116699219,0.09157562255859375,-0.026163903741729763,-2.4322357177734375,0.0,0.03978681564331055,-0.09157562255859375,0.057501027220126746,0.3223419189453125,0.0,0.0016298294067382812,-0.07936477661132812,0.0259249273992345,0.615386962890625,0.0,-0.31206464767456055,0.25030517578125,-0.3553836713969174,-1.4358978271484375,0.0,-0.00220489501953125,-0.03052520751953125,0.0056451190751280415,0.26373291015625,0.0,-0.09746742248535156,0.27106285095214844,-0.18848669110346344,-3.039804458618164,0.0,0.02346038818359375,0.08058547973632812,0.05710418453204902,0.9299163818359375,0.0,0.073150634765625,0.03052520751953125,-0.043173167396539425,-2.5494537353515625,0.0,-0.017352581024169922,0.10378456115722656,-0.045837459139740064,-1.0256423950195312,0.0,0.03959512710571289,-0.10378456115722656,0.05139799783956302,0.4395599365234375,0.0,-0.323760986328125,0.05494499206542969,-0.3820598009028381,-1.2014617919921875,0.0,0.007190227508544922,-0.11599540710449219,0.004042896038972724,0.14652252197265625,0.0,-0.10318946838378906,0.27106285095214844,-0.20678184988130083,-3.289867401123047,0.0,0.07457828521728516,-0.05128288269042969,0.1388003079731903,2.117706298828125,0.0,4.792213439941406e-05,-0.0030689239501953125,2.817518417229665e-05,-0.0028083324432373047,0.0,0.0,0.0,-2.948285530755825e-35,0.0,0.0,0.07293087989091873,0.28667891025543213,0.620251476764679,-0.13400046527385712,0.28667891025543213,0.620251476764679,-0.13400046527385712
2.0802,1787703914.2682,ramp,0,0.019087,0.11050644630613048,0.5279706874228002,-0.273004088808683,-0.0007067816331982613,0.014513375237584114,0.692498505115509,0.7212730050086975,-0.22482061386108398,-0.372406005859375,-0.24294011284087397,3.5457839965820312,0.0,0.15732669830322266,0.20146560668945312,0.13249130499239853,-11.868133544921875,0.0,0.025789737701416016,0.27472496032714844,0.0894331404769641,-1.377288818359375,0.0,0.4436016082763672,-0.09157562255859375,0.30547601090664994,-3.6630020141601562,0.0,-0.23881816864013672,0.09157562255859375,-0.2119349778693752,2.6080551147460938,0.0,-0.10613059997558594,0.34798622131347656,-0.1096597603018451,6.769233703613281,0.0,-0.3061208724975586,-0.7020759582519531,-0.3954361201771279,14.212455749511719,0.0,-0.12242937088012695,-0.14041519165039062,-0.13675362495949223,8.23443603515625,0.0,0.03499317169189453,0.0061054229736328125,0.0020316470900780433,-2.9011001586914062,0.0,0.5697698593139648,0.5921859741210938,0.4776401807027506,-14.564102172851562,0.0,-0.29749202728271484,0.2625160217285156,-0.27745137683873505,6.24176025390625,0.0,0.11801910400390625,-0.4945049285888672,0.08441406106067258,-7.355308532714844,0.0,-0.016202449798583984,-0.04273414611816406,-0.033070058663616834,0.26373291015625,0.0,0.025041775129861443,-0.15324925842653958,0.08868841526139559,-0.2537695704411662,0.0,-0.05613386000826007,-0.1223682125683171,-0.02077594256151051,3.475705537799344,0.0,0.07641077041625977,0.3235645294189453,-0.027970643039128357,0.7912063598632812,0.0,0.03921175003051758,0.14041519165039062,0.057219765500087026,1.9047622680664062,0.0,0.0018215179443359375,-0.0061054229736328125,0.02619150942017932,0.14652252197265625,0.0,-0.31206464767456055,0.372406005859375,-0.3559214881064885,-0.4395599365234375,0.0,-0.00220489501953125,0.07936477661132812,0.005726633200150558,0.02930450439453125,0.0,-0.10318946838378906,0.28571510314941406,-0.19022350114183897,-1.9457874298095703,0.0,0.02460479736328125,0.0659332275390625,0.05757729885274784,0.8361434936523438,0.0,0.07219171524047852,0.5311355590820312,-0.04512591522576978,0.7325973510742188,0.0,-0.017352581024169922,0.04273414611816406,-0.0456010412825968,-2.7838821411132812,0.0,0.039403438568115234,-0.21367454528808594,0.05158823980259248,-0.20513153076171875,0.0,-0.32318592071533203,0.33577537536621094,-0.38287795803777436,-0.14652252197265625,0.0,0.006806850433349609,-0.128204345703125,0.003999460557665597,0.08791351318359375,0.0,-0.10853004455566406,0.28571510314941406,-0.2086919681968458,-2.4302825927734375,0.0,0.07724857330322266,-0.16849899291992188,0.14001582438497162,1.6957283020019531,0.0,4.792213439941406e-05,0.039893150329589844,2.7984139775276214e-05,-0.0032967329025268555,0.0,0.0,0.0,-2.976809096419845e-35,0.0,0.0,0.07514408975839615,0.23598067462444305,0.6613351106643677,-0.26519763469696045,0.23598067462444305,0.6613351106643677,-0.26519763469696045
2.1001,1787703914.2877,ramp,0,0.020676,0.12722962489085013,0.62717057513008,-0.21131913604718383,1.0412698429718148e-05,0.014911464415490627,0.6925699710845947,0.7211965918540955,-0.22616291046142578,-0.372406005859375,-0.2434459607581326,3.7216110229492188,0.0,0.15790176391601562,0.14041519165039062,0.13264402435462103,-11.868133544921875,0.0,0.0267486572265625,0.23809432983398438,0.09087462737785482,-1.4358978271484375,0.0,0.44206762313842773,-0.128204345703125,0.30383246807192316,-3.8974380493164062,0.0,-0.23575067520141602,0.09157562255859375,-0.21059907771483014,2.373626708984375,0.0,-0.10613059997558594,0.4945049285888672,-0.11020019835765854,6.593406677246094,0.0,-0.30842161178588867,-0.7264957427978516,-0.39731099034557793,14.622711181640625,0.0,-0.12185382843017578,-0.15262603759765625,-0.13664880660159018,8.23443603515625,0.0,0.03499317169189453,-0.07936477661132812,0.0015707905639791644,-2.6666641235351562,0.0,0.5707283020019531,0.5555553436279297,0.47779297583907604,-14.622711181640625,0.0,-0.29614973068237305,0.11599540710449219,-0.27697659405586417,6.476188659667969,0.0,0.11725234985351562,-0.3846149444580078,0.08439346085634625,-7.76556396484375,0.0,-0.016777515411376953,-0.07936477661132812,-0.03340845551451821,0.380950927734375,0.0,0.02798292384838176,-0.09692698918798691,0.09013475769053406,-0.9514849842923276,0.0,-0.05649336312617169,-0.23816700520374787,-0.020996465294197138,3.666801133729946,0.0,0.07353401184082031,0.2991447448730469,-0.02976971650853104,0.9084243774414062,0.0,0.03902006149291992,0.15262603759765625,0.056939697147552405,1.9633712768554688,0.0,0.0020132064819335938,-0.06715583801269531,0.02645696035822673,0.20513153076171875,0.0,-0.31302356719970703,0.10378456115722656,-0.3564570229094254,-0.20513153076171875,0.0,-0.00220489501953125,0.04273414611816406,0.005807801468268009,0.08791351318359375,0.0,-0.10471534729003906,0.10988998413085938,-0.19195294205560703,-2.5709400177001953,0.0,0.02498626708984375,0.0659332275390625,0.058048405793073576,0.8205146789550781,0.0,0.06969928741455078,0.5311355590820312,-0.047070377726286805,0.6739959716796875,0.0,-0.017160892486572266,0.14041519165039062,-0.04536562652458946,-2.9011001586914062,0.0,0.039403438568115234,-0.1892547607421875,0.05177767458654067,-0.14652252197265625,0.0,-0.32395267486572266,0.15262603759765625,-0.3836926438075398,-0.08791351318359375,0.0,0.005847930908203125,-0.10378456115722656,0.003956209369094616,0.08791351318359375,0.0,-0.11043739318847656,0.13919448852539062,-0.2105939820567674,-2.914775848388672,0.0,0.07877445220947266,-0.03663063049316406,0.14122618347286445,1.8207588195800781,0.0,0.0001437664031982422,0.009205818176269531,2.7793905961990387e-05,-0.0020757317543029785,0.0,0.0,0.0,-3.0052116392287547e-35,0.0,0.0,0.07703488320112228,0.3702402412891388,0.7050530314445496,-0.17715643346309662,0.3702402412891388,0.7050530314445496,-0.17715643346309662
2.1202,1787703914.3078,ramp,0,0.021049,0.125396046802709,0.597637383642619,-0.25387723257022027,9.316100477008149e-05,0.015094415284693241,0.6925636529922485,0.7211987972259521,-0.2278885841369629,-0.3601951599121094,-0.2439580873334803,3.7802200317382812,0.0,0.15809345245361328,0.16483497619628906,0.1327986392918301,-11.75091552734375,0.0,0.02732372283935547,0.28693580627441406,0.09233400622429229,-1.611724853515625,0.0,0.44072532653808594,-0.11599540710449219,0.30216852534394417,-3.5457839965820312,0.0,-0.2326827049255371,0.09157562255859375,-0.20924659617282587,2.139190673828125,0.0,-0.1067056655883789,0.5311355590820312,-0.11074734440940313,6.534797668457031,0.0,-0.3112978935241699,-0.7264957427978516,-0.39920913167586797,14.915748596191406,0.0,-0.12166213989257812,-0.15262603759765625,-0.13654268722294993,8.175827026367188,0.0,0.034801483154296875,-0.05494499206542969,0.0011042138194969423,-2.7838821411132812,0.0,0.5720705986022949,0.5921859741210938,0.47794766749090717,-14.73992919921875,0.0,-0.29480743408203125,0.14041519165039062,-0.2764959181998808,6.24176025390625,0.0,0.11706018447875977,-0.39682579040527344,0.08437260495928083,-7.648353576660156,0.0,-0.017352581024169922,-0.07936477661132812,-0.03375105259646279,0.380950927734375,0.0,0.03028605589962287,-0.06533443003294924,0.09159905233274368,-0.7175760557011097,0.0,-0.057233277969575454,-0.21400859587047943,-0.0212197251871886,3.5946462667586787,0.0,0.0718083381652832,0.16483497619628906,-0.03159112034009605,0.9084243774414062,0.0,0.03806114196777344,0.06715583801269531,0.05665615254579912,2.0219802856445312,0.0,0.0020132064819335938,-0.0061054229736328125,0.026725706112013324,0.20513153076171875,0.0,-0.31474924087524414,0.33577537536621094,-0.356999204848404,-0.380950927734375,0.0,-0.00220489501953125,0.06715583801269531,0.0058899772087616445,0.14652252197265625,0.0,-0.10547828674316406,0.21245384216308594,-0.1937038490421062,-2.6021976470947266,0.0,0.02536773681640625,0.10988998413085938,0.058525360181418296,0.8361434936523438,0.0,0.0673980712890625,0.39682579040527344,-0.04903897517881446,0.615386962890625,0.0,-0.017352581024169922,0.05494499206542969,-0.04512728976428811,-2.7838821411132812,0.0,0.04074573516845703,-0.14041519165039062,0.05196946066264209,-0.26373291015625,0.0,-0.32452821731567383,0.16483497619628906,-0.38451744157584045,-0.20513153076171875,0.0,0.006998538970947266,-0.10378456115722656,0.003912421340466146,0.08791351318359375,0.0,-0.11120033264160156,0.1978015899658203,-0.21251960398998457,-2.8522605895996094,0.0,0.07839298248291016,-0.03663063049316406,0.14245156571419634,2.039562225341797,0.0,-0.0001437664031982422,-0.033756256103515625,2.7601310938882703e-05,-0.0001221299171447754,0.0,0.0,0.0,-3.033966718539392e-35,0.0,0.0,0.07810670137405396,0.34172359108924866,0.6416381001472473,-0.2184285819530487,0.34172359108924866,0.6416381001472473,-0.2184285819530487
