t_s,wall_time,phase,frame,roll,base_ang_vel_x,base_ang_vel_y,base_ang_vel_z,base_quat_x,base_quat_y,base_quat_z,base_quat_w,left_hip_pitch_joint__pos_meas,left_hip_pitch_joint__vel_meas,left_hip_pitch_joint__tgt,left_hip_roll_joint__pos_meas,left_hip_roll_joint__vel_meas,left_hip_roll_joint__tgt,left_hip_yaw_joint__pos_meas,left_hip_yaw_joint__vel_meas,left_hip_yaw_joint__tgt,left_knee_joint__pos_meas,left_knee_joint__vel_meas,left_knee_joint__tgt,left_ankle_pitch_joint__pos_meas,left_ankle_pitch_joint__vel_meas,left_ankle_pitch_joint__tgt,left_ankle_roll_joint__pos_meas,left_ankle_roll_joint__vel_meas,left_ankle_roll_joint__tgt,right_hip_pitch_joint__pos_meas,right_hip_pitch_joint__vel_meas,right_hip_pitch_joint__tgt,right_hip_roll_joint__pos_meas,right_hip_roll_joint__vel_meas,right_hip_roll_joint__tgt,right_hip_yaw_joint__pos_meas,right_hip_yaw_joint__vel_meas,right_hip_yaw_joint__tgt,right_knee_joint__pos_meas,right_knee_joint__vel_meas,right_knee_joint__tgt,right_ankle_pitch_joint__pos_meas,right_ankle_pitch_joint__vel_meas,right_ankle_pitch_joint__tgt,right_ankle_roll_joint__pos_meas,right_ankle_roll_joint__vel_meas,right_ankle_roll_joint__tgt,waist_yaw_joint__pos_meas,waist_yaw_joint__vel_meas,waist_yaw_joint__tgt,waist_pitch_joint__pos_meas,waist_pitch_joint__vel_meas,waist_pitch_joint__tgt,waist_roll_joint__pos_meas,waist_roll_joint__vel_meas,waist_roll_joint__tgt,left_shoulder_pitch_joint__pos_meas,left_shoulder_pitch_joint__vel_meas,left_shoulder_pitch_joint__tgt,left_shoulder_roll_joint__pos_meas,left_shoulder_roll_joint__vel_meas,left_shoulder_roll_joint__tgt,left_shoulder_yaw_joint__pos_meas,left_shoulder_yaw_joint__vel_meas,left_shoulder_yaw_joint__tgt,left_elbow_joint__pos_meas,left_elbow_joint__vel_meas,left_elbow_joint__tgt,left_wrist_yaw_joint__pos_meas,left_wrist_yaw_joint__vel_meas,left_wrist_yaw_joint__tgt,left_wrist_pitch_joint__pos_meas,left_wrist_pitch_joint__vel_meas,left_wrist_pitch_joint__tgt,left_wrist_roll_joint__pos_meas,left_wrist_roll_joint__vel_meas,left_wrist_roll_joint__tgt,right_shoulder_pitch_joint__pos_meas,right_shoulder_pitch_joint__vel_meas,right_shoulder_pitch_joint__tgt,right_shoulder_roll_joint__pos_meas,right_shoulder_roll_joint__vel_meas,right_shoulder_roll_joint__tgt,right_shoulder_yaw_joint__pos_meas,right_shoulder_yaw_joint__vel_meas,right_shoulder_yaw_joint__tgt,right_elbow_joint__pos_meas,right_elbow_joint__vel_meas,right_elbow_joint__tgt,right_wrist_yaw_joint__pos_meas,right_wrist_yaw_joint__vel_meas,right_wrist_yaw_joint__tgt,right_wrist_pitch_joint__pos_meas,right_wrist_pitch_joint__vel_meas,right_wrist_pitch_joint__tgt,right_wrist_roll_joint__pos_meas,right_wrist_roll_joint__vel_meas,right_wrist_roll_joint__tgt,head_yaw_joint__pos_meas,head_yaw_joint__vel_meas,head_yaw_joint__tgt,head_pitch_joint__pos_meas,head_pitch_joint__vel_meas,head_pitch_joint__tgt
0.0000,1785806619.1058,ramp,0,0.017518,-0.0029956627338851107,0.001611059405757557,-0.006027983984204892,0.027604080736637115,-0.13950037956237793,0.13381388783454895,0.9807505011558533,0.0012464523315429688,-0.0061054229736328125,0.0012464800763603739,0.04017019271850586,-0.0061054229736328125,0.04016994632245926,0.02387237548828125,0.0061054229736328125,0.023872388894846636,0.49729013442993164,-0.0061054229736328125,0.49748137034709167,-0.21753454208374023,0.0061054229736328125,-0.21580838860012075,0.10823965072631836,0.0061054229736328125,0.10823956069300314,0.31474924087524414,0.0061054229736328125,0.31474850302951346,-0.012942790985107422,-0.0061054229736328125,-0.01294266290191658,-0.1182107925415039,0.0061054229736328125,-0.11782705193443582,0.37093067169189453,0.0061054229736328125,0.3709299720397528,-0.4016098976135254,-0.0061054229736328125,-0.399883246314687,-0.18512964248657227,0.0061054229736328125,-0.18512920556936419,-0.08829879760742188,-0.0061054229736328125,-0.08849024654656619,0.33582491604304116,-8.082524571161386e-05,0.3358248662849848,-0.17520337306301506,0.0057600857673180215,-0.17520299060624614,-0.03863668441772461,-0.0061054229736328125,-0.03863661171961415,-0.03959512710571289,-0.0061054229736328125,-0.0394034878055771,0.15598440170288086,0.0061054229736328125,0.15598419152644308,-0.0050811767578125,-0.0061054229736328125,-0.005081733680773103,2.129422664642334,0.0061054229736328125,2.1294189356013393,-0.5506601333618164,-0.0073261260986328125,-0.550660150095723,-1.496337890625,-0.0073261260986328125,-1.4963373438977137,-0.023105144500732422,0.0061054229736328125,-0.023105257935062316,0.13067388534545898,-0.0061054229736328125,0.1306737264977118,-0.14447975158691406,0.0061054229736328125,-0.1444811174786239,-0.0031638145446777344,0.0061054229736328125,-0.0031642182339702923,-2.1608686447143555,0.0061054229736328125,-2.160864129700314,-0.5418863296508789,0.0073261260986328125,-0.5418838734610759,1.4860382080078125,-0.0073261260986328125,1.4860382381933113,0.0001437664031982422,0.0030689239501953125,0.00014376607542881497,0.0,0.0,0.0
0.0204,1785806619.1262,ramp,0,0.017592,0.010051015464122036,-0.001628494008296194,0.08432441860923551,0.027655499055981636,-0.1394449919462204,0.1339709460735321,0.9807354807853699,0.0006709098815917969,0.018314361572265625,0.0012774246415079482,0.04093742370605469,-0.4212455749511719,0.039895133970849414,0.022530078887939453,0.10378456115722656,0.02388734160943483,0.4992079734802246,0.07936477661132812,0.4964447204853697,-0.22021913528442383,0.3601951599121094,-0.21527324532465877,0.10402154922485352,-0.05494499206542969,0.10813914403689676,0.3149409294128418,-0.3846149444580078,0.31392556320083387,-0.012942790985107422,0.14041519165039062,-0.01279980816312308,-0.11763572692871094,0.03052520751953125,-0.11742159474379371,0.3728480339050293,-0.27472496032714844,0.37014963058127487,-0.40659523010253906,0.8363857269287109,-0.39879287590443885,-0.1818699836730957,-0.25030517578125,-0.18464189967681452,-0.08829879760742188,-0.06715583801269531,-0.08822301573945174,0.33655817977051544,0.11187117534317446,0.33576936974327476,-0.17629205846932053,0.172238850530473,-0.17477642595348733,-0.03863668441772461,0.07936477661132812,-0.03855552949865722,-0.03959512710571289,-0.04273414611816406,-0.03945840371380174,0.15598440170288086,0.018314361572265625,0.15574977591015288,-0.0050811767578125,0.04273414611816406,-0.0057028853209130535,2.129422664642334,0.0061054229736328125,2.125259832648431,-0.5506601333618164,-0.0073261260986328125,-0.5506788138863867,-1.496337890625,-0.0073261260986328125,-1.4957275637762422,-0.023105144500732422,0.04273414611816406,-0.023231774392539543,0.13067388534545898,-0.0061054229736328125,0.13049655919511732,-0.14447975158691406,-0.0061054229736328125,-0.14600453442467726,-0.0031638145446777344,0.06715583801269531,-0.00361446410982252,-2.1608686447143555,0.0061054229736328125,-2.1558284091867925,-0.5418863296508789,0.0073261260986328125,-0.5391444167811625,1.4860382080078125,-0.0073261260986328125,1.4860719049180688,0.0001437664031982422,0.0030689239501953125,0.00014340050508660374,0.0,0.0,0.0
0.0405,1785806619.1464,ramp,0,0.017706,-0.01392187017428177,-0.0480076190319355,0.0987662168908956,0.027901146560907364,-0.14027555286884308,0.13449664413928986,0.9805381894111633,-0.0004792213439941406,-0.07936477661132812,0.0013081322021158215,0.04189586639404297,-0.3113555908203125,0.039622426408063925,0.021763324737548828,0.06715583801269531,0.02390217980112631,0.5047683715820312,0.2625160217285156,0.4954160103287991,-0.22367048263549805,0.372406005859375,-0.2147422007135364,0.09673547744750977,-0.07936477661132812,0.10803949647233342,0.3162832260131836,-0.40903472900390625,0.3131089262713667,-0.013901233673095703,0.128204345703125,-0.012658047549305983,-0.11763572692871094,-0.03052520751953125,-0.11701924295128463,0.3768744468688965,-0.16483497619628906,0.3693752657609333,-0.41292238235473633,0.8608055114746094,-0.3977108566452233,-0.1757345199584961,-0.45787620544433594,-0.18415832606191054,-0.08944892883300781,-0.14041519165039062,-0.08795783165408415,0.33743925575187117,0.17083506617905211,0.33571429824978427,-0.17774187232357008,0.20078948688015627,-0.17435312836099254,-0.03844499588012695,0.07936477661132812,-0.03847506828673254,-0.03959512710571289,-0.04273414611816406,-0.03951289902088078,0.15598440170288086,0.04273414611816406,0.15551715568394076,-0.0050811767578125,0.018314361572265625,-0.006319279558328036,2.129422664642334,0.06715583801269531,2.1211325842805273,-0.5506601333618164,-0.0073261260986328125,-0.550697334731008,-1.496337890625,-0.0073261260986328125,-1.4951224539629917,-0.023488998413085938,0.07936477661132812,-0.02335732185999781,0.13048219680786133,0.05494499206542969,0.13032074881755318,-0.14447975158691406,-0.018314361572265625,-0.14751628351466767,-0.002780437469482422,0.07936477661132812,-0.004061261550834905,-2.16048526763916,-0.018314361572265625,-2.1508312572754367,-0.5418863296508789,0.08058547973632812,-0.5364259416101623,1.4860382080078125,-0.03663063049316406,1.4861053137892561,0.0001437664031982422,0.0030689239501953125,0.00014303773464900487,0.0,0.0,0.0
0.0606,1785806619.1666,ramp,0,0.017788,0.0043180712376977935,-0.07051178381272821,0.09014118687126729,0.02822149731218815,-0.1416107416152954,0.13515856862068176,0.9802458882331848,-0.0008630752563476562,-0.04273414611816406,0.001338707850483726,0.042279720306396484,-0.2991447448730469,0.03935089033089148,0.020804405212402344,0.1770458221435547,0.023916954251541563,0.5116710662841797,0.14041519165039062,0.4943917192618059,-0.22712182998657227,0.11599540710449219,-0.21421343734139198,0.09136629104614258,-0.34798622131347656,0.10794027696956297,0.31647491455078125,-0.3601951599121094,0.3122957974162785,-0.015051841735839844,0.2625160217285156,-0.01251689590473743,-0.11878585815429688,-0.10378456115722656,-0.11661861956458684,0.3839688301086426,-0.16483497619628906,0.3686042274242324,-0.4165654182434082,0.5555553436279297,-0.3966334854785734,-0.17113256454467773,0.018314361572265625,-0.18367682976208694,-0.09059953689575195,-0.11599540710449219,-0.0876937867352935,0.3383976411026478,0.10668437625092968,0.33565946333008606,-0.17964265364423385,0.21250725968547812,-0.17393164915239065,-0.037677764892578125,0.128204345703125,-0.03839495271667864,-0.03902006149291992,-0.04273414611816406,-0.03956716022932476,0.15598440170288086,0.0061054229736328125,0.1552855347378569,-0.0050811767578125,0.07936477661132812,-0.006933025915450615,2.129422664642334,0.06715583801269531,2.117023065571585,-0.5506601333618164,-0.0073261260986328125,-0.5507157760145684,-1.496337890625,-0.0073261260986328125,-1.4945199435548815,-0.022530078887939453,0.06715583801269531,-0.023482330005955863,0.13067388534545898,0.07936477661132812,0.1301456936787724,-0.14447975158691406,0.0061054229736328125,-0.1490215384968623,-0.0025882720947265625,0.06715583801269531,-0.004506139658299145,-2.160101890563965,-0.018314361572265625,-2.145855571917889,-0.5418863296508789,0.124542236328125,-0.5337191443498136,1.4860382080078125,-0.0659332275390625,1.4861385791440278,0.0001437664031982422,0.0030689239501953125,0.00014267652258530711,0.0,0.0,0.0
0.0808,1785806619.1868,ramp,0,0.018071,0.012716221778694673,-0.03430207660076302,0.035356538589623086,0.028612008318305016,-0.14298856258392334,0.13558398187160492,0.9799758195877075,9.584426879882812e-05,-0.05494499206542969,0.0013694295276500132,0.04247140884399414,-0.20146560668945312,0.03907805740183907,0.019845962524414062,0.21367454528808594,0.02393179926449125,0.5170402526855469,0.07936477661132812,0.4933625361973674,-0.23076486587524414,-0.04273414611816406,-0.21368214860399826,0.0877232551574707,-0.33577537536621094,0.10784058359606406,0.31781721115112305,-0.16483497619628906,0.311478785071028,-0.015626907348632812,0.2625160217285156,-0.012375070122214447,-0.12031984329223633,-0.128204345703125,-0.11621608280712223,0.3901047706604004,-0.09157562255859375,0.3678295066209992,-0.4209756851196289,0.23809432983398438,-0.3955509688047872,-0.16844749450683594,0.05494499206542969,-0.18319303384378124,-0.09098291397094727,-0.05494499206542969,-0.08742848074227327,0.3379217101696924,0.025094433492442367,0.33560436651970493,-0.1815379057605999,0.16666911144527555,-0.17350815696595634,-0.037102699279785156,0.09157562255859375,-0.038314454515967634,-0.038828372955322266,-0.04273414611816406,-0.03962168058841609,0.15598440170288086,0.0061054229736328125,0.15505280757390869,-0.0050811767578125,0.06715583801269531,-0.007549703515173976,2.129422664642334,0.10378456115722656,2.1128939198682524,-0.5506601333618164,-0.0073261260986328125,-0.5507343053733988,-1.4959564208984375,-0.0073261260986328125,-1.49391455556688,-0.02042102813720703,0.1892547607421875,-0.02360793518878204,0.13124942779541016,0.06715583801269531,0.1299698024795013,-0.14447975158691406,-0.0061054229736328125,-0.15053398255232422,-0.0020132064819335938,0.09157562255859375,-0.004953142496355463,-2.159526824951172,-0.06715583801269531,-2.1408561227681506,-0.5418863296508789,0.124542236328125,-0.5309994194698562,1.486419677734375,-0.0659332275390625,1.486172003373592,0.0001437664031982422,0.0030689239501953125,0.000142313585378679,0.0,0.0,0.0
0.1008,1785806619.2065,ramp,0,0.018805,0.010788665312992751,-0.09004660304067744,0.03133096462310275,0.029112359508872032,-0.14403332769870758,0.13557209074497223,0.9798097014427185,0.0016298294067382812,0.05494499206542969,0.0013998132957870387,0.04285478591918945,-0.21367454528808594,0.03880822537373707,0.018887042999267578,0.0061054229736328125,0.02394648099651431,0.5218338966369629,0.2625160217285156,0.4923446731610756,-0.23613405227661133,0.128204345703125,-0.2131567035339453,0.08273792266845703,0.03052520751953125,0.10774198675420565,0.3197345733642578,-0.28693580627441406,0.31067075907919134,-0.01581859588623047,0.09157562255859375,-0.012234804287484587,-0.12012815475463867,0.11599540710449219,-0.11581797356851414,0.3952822685241699,-0.03052520751953125,0.3670633070047167,-0.42960453033447266,0.5189247131347656,-0.3944803587777773,-0.16403770446777344,-0.4822959899902344,-0.18271455921728624,-0.09098291397094727,-0.07936477661132812,-0.08716609286111501,0.33673964797958517,0.04700108330035048,0.3355498757214764,-0.18415154046356222,-0.09787565506538255,-0.17308932278802994,-0.036527156829833984,0.15262603759765625,-0.038234841718378085,-0.03806114196777344,-0.018314361572265625,-0.039675601275766983,0.15598440170288086,0.018314361572265625,0.15482264018590072,-0.0050811767578125,0.03052520751953125,-0.008159598251840669,2.1292309761047363,-0.07936477661132812,2.1088101908135206,-0.5506601333618164,-0.0073261260986328125,-0.550752630927026,-1.4959564208984375,-0.0073261260986328125,-1.4933158262670174,-0.018887042999267578,0.15262603759765625,-0.02373215883487865,0.1314411163330078,0.0061054229736328125,0.12979584591498597,-0.14447975158691406,0.0061054229736328125,-0.15202979117151655,-0.0006709098815917969,-0.0061054229736328125,-0.005395228731250196,-2.158951759338379,0.15262603759765625,-2.135911662771508,-0.5418863296508789,0.15384674072265625,-0.5283096089591263,1.486419677734375,-0.0659332275390625,1.486205059968638,0.0001437664031982422,0.0030689239501953125,0.00014195464013376936,0.0,0.0,0.0
0.1210,1785806619.2267,ramp,0,0.019440,0.02458502985971533,-0.029482591426749458,0.06879475647298086,0.029584525153040886,-0.14489248394966125,0.13586392998695374,0.9796284437179565,0.0023965835571289062,0.018314361572265625,0.0014305558055247246,0.04285478591918945,-0.27472496032714844,0.03853520743488055,0.018887042999267578,0.22588539123535156,0.023961336075964942,0.5270109176635742,0.15262603759765625,0.49131479220083024,-0.2393937110900879,0.05494499206542969,-0.2126250545261635,0.08139610290527344,-0.28693580627441406,0.1076422257779743,0.3216519355773926,-0.128204345703125,0.3098531927124946,-0.016585826873779297,0.16483497619628906,-0.01209288233196543,-0.12166213989257812,-0.06715583801269531,-0.11541516384822607,0.39911699295043945,-0.21367454528808594,0.36628806085821003,-0.4303712844848633,0.4212455749511719,-0.3933971080423128,-0.1642293930053711,0.11599540710449219,-0.18223043523378557,-0.09098291397094727,-0.05494499206542969,-0.0869006069623555,0.33534306169689804,0.018162761725540294,0.3354947415495857,-0.18667198644620514,0.005663133230589457,-0.17266554342875798,-0.03576040267944336,0.09157562255859375,-0.038154288931307595,-0.03729438781738281,0.018314361572265625,-0.0397301586054725,0.15598440170288086,0.03052520751953125,0.1545897552081316,-0.0050811767578125,0.04273414611816406,-0.008776694024701413,2.12827205657959,0.16483497619628906,2.1046782451093216,-0.5506601333618164,-0.0073261260986328125,-0.5507711728507363,-1.4959564208984375,0.0073261260986328125,-1.4927100277614387,-0.01831197738647461,0.06715583801269531,-0.023857849191405635,0.1314411163330078,0.04273414611816406,0.12961983544273548,-0.14447975158691406,-0.0061054229736328125,-0.15354326082524256,-0.0002875328063964844,0.06715583801269531,-0.005842534684871751,-2.1597185134887695,-0.20146560668945312,-2.1309088234624114,-0.5415048599243164,0.08058547973632812,-0.525588039815835,1.486419677734375,-0.0659332275390625,1.4862385068633919,0.0001437664031982422,0.0030689239501953125,0.0001415914568170337,0.0,0.0,0.0
0.1430,1785806619.2486,ramp,0,0.019316,0.01958558365563426,0.10736548914935581,0.014680524665953182,0.029648080468177795,-0.14568424224853516,0.1359660029411316,0.9794949889183044,0.003738880157470703,0.04273414611816406,0.0014639477513843948,0.04381370544433594,-0.1770458221435547,0.0382386603959171,0.018503665924072266,0.21367454528808594,0.023977471388696048,0.5306539535522461,0.03052520751953125,0.49019615453722204,-0.24207782745361328,-0.05494499206542969,-0.21204758720044173,0.07947778701782227,-0.15262603759765625,0.1075338672494856,0.3229942321777344,-0.09157562255859375,0.30896516723616346,-0.016585826873779297,0.372406005859375,-0.011938729327040628,-0.12166213989257812,-0.07936477661132812,-0.11497763937522838,0.40218496322631836,-0.1892547607421875,0.3654460028228398,-0.4324808120727539,0.1892547607421875,-0.39222050111530143,-0.16346216201782227,0.06715583801269531,-0.18170458871102732,-0.09098291397094727,0.03052520751953125,-0.08661224108612987,0.33481192840205637,-0.22948410610212455,0.3354348558311293,-0.1895550985633535,-0.2055861767201243,-0.1722052421214802,-0.0355687141418457,0.07936477661132812,-0.038066793982858206,-0.03614377975463867,0.07936477661132812,-0.039789417768609114,0.15598440170288086,0.018314361572265625,0.15433679984971907,-0.0050811767578125,0.03052520751953125,-0.009446972047329378,2.128080368041992,0.14041519165039062,2.1001902020566567,-0.5506601333618164,-0.0073261260986328125,-0.550791312745558,-1.4959564208984375,-0.0073261260986328125,-1.4920520206217236,-0.017353057861328125,0.10378456115722656,-0.02399437173351568,0.1314411163330078,-0.04273414611816406,0.12942865612099916,-0.14447975158691406,0.018314361572265625,-0.155187163589483,-0.001438140869140625,0.05494499206542969,-0.006328390144087205,-2.158184051513672,-0.1770458221435547,-2.1254748318729346,-0.5411233901977539,0.16849899291992188,-0.522631921715473,1.486419677734375,0.0073261260986328125,1.4862748362622709,0.0001437664031982422,0.0030689239501953125,0.0001411969738111552,0.0,0.0,0.0
0.1608,1785806619.2666,ramp,0,0.019974,0.0057210837968976825,-0.04119500329216061,-0.038015688293310396,0.02996547520160675,-0.1459834724664688,0.13567322492599487,0.9794812798500061,0.005272865295410156,0.21367454528808594,0.0014910573268187516,0.044005393981933594,-0.3601951599121094,0.03799790580328569,0.018503665924072266,0.15262603759765625,0.023990570998987673,0.5312290191650391,-0.06715583801269531,0.489287977689645,-0.24361181259155273,0.23809432983398438,-0.2115787647456701,0.08082056045532227,-0.018314361572265625,0.10744589532612524,0.32452821731567383,-0.3113555908203125,0.30824421513174277,-0.01639413833618164,0.27472496032714844,-0.011813578713386544,-0.12127876281738281,0.09157562255859375,-0.1146224308840864,0.4033355712890625,-0.2991447448730469,0.3647623698316416,-0.43363094329833984,0.8241748809814453,-0.3912652613584316,-0.16480445861816406,-0.33577537536621094,-0.18127767510630605,-0.0904078483581543,-0.05494499206542969,-0.08637812844989458,0.3344225501913192,0.13061252818431476,0.3353862370291956,-0.19225696902582415,0.10264693986449124,-0.17183154203629733,-0.03537702560424805,0.05494499206542969,-0.03799576035950838,-0.03537702560424805,-0.03052520751953125,-0.03983752789552356,0.15598440170288086,0.05494499206542969,0.154131435586156,-0.0050811767578125,0.03052520751953125,-0.009991143767443804,2.1278886795043945,0.128204345703125,2.0965465407318518,-0.5506601333618164,-0.0073261260986328125,-0.5508076635146986,-1.495574951171875,0.0073261260986328125,-1.4915178111370346,-0.017736434936523438,-0.018314361572265625,-0.024105208884766947,0.1314411163330078,0.04273414611816406,0.12927344533256888,-0.14447975158691406,-0.0061054229736328125,-0.1565217820085836,-0.001438140869140625,0.03052520751953125,-0.0067228366156150444,-2.158567428588867,-0.06715583801269531,-2.121063193044707,-0.5415048599243164,0.15384674072265625,-0.5202319685360022,1.486419677734375,-0.05128288269042969,1.4863043306374573,0.0001437664031982422,0.0030689239501953125,0.0001408767089529652,0.0,0.0,0.0
0.1807,1785806619.2866,ramp,0,0.020362,-0.03553404659865528,0.10637882125499507,0.008042731927877089,0.03006706014275551,-0.14557701349258423,0.13546234369277954,0.9795679450035095,0.005656242370605469,0.06715583801269531,0.0015212991550918559,0.04458045959472656,-0.2991447448730469,0.03772933431407334,0.018503665924072266,0.21367454528808594,0.024005184144289166,0.5312290191650391,-0.05494499206542969,0.4882748696705785,-0.24361181259155273,0.33577537536621094,-0.21105577432842407,0.08043718338012695,0.06715583801269531,0.1073477590861992,0.3247199058532715,-0.33577537536621094,0.30743996388893685,-0.01581859588623047,0.23809432983398438,-0.011673968140156988,-0.1208953857421875,-0.0061054229736328125,-0.11422618144018509,0.402951717376709,-0.45787620544433594,0.36399974956959785,-0.4338226318359375,0.8119659423828125,-0.39019965275984436,-0.1642293930053711,-0.4945049285888672,-0.18080143570695825,-0.09021615982055664,-0.05494499206542969,-0.08611696633178118,0.3348104870801275,0.06231846855108673,0.33533200078848113,-0.1943300823535935,0.09719780735703196,-0.1714146644710581,-0.03537702560424805,0.04273414611816406,-0.03791651947858188,-0.03441810607910156,-0.0061054229736328125,-0.03989119668867257,0.15598440170288086,0.03052520751953125,0.15390234344094164,-0.0050811767578125,-0.018314361572265625,-0.010598189338874037,2.127121925354004,0.21367454528808594,2.0924818890984493,-0.5506601333618164,-0.0073261260986328125,-0.5508259034592408,-1.495574951171875,-0.0073261260986328125,-1.490921878842302,-0.019653797149658203,0.03052520751953125,-0.024228852211551504,0.1314411163330078,-0.0061054229736328125,0.12910030141811668,-0.14447975158691406,0.0061054229736328125,-0.15801060285486696,-0.00220489501953125,0.04273414611816406,-0.007162857614238247,-2.157992362976074,-0.22588539123535156,-2.116141831433225,-0.5407419204711914,0.16849899291992188,-0.5175547236601911,1.4868011474609375,-0.05128288269042969,1.4863372328063449,0.0001437664031982422,0.0030689239501953125,0.00014051944054547044,0.0,0.0,0.0
0.2005,1785806619.3061,ramp,0,0.020560,-0.02911271788263488,0.12991294278142992,0.01042388402416565,0.030059652402997017,-0.1452164202928543,0.1351049542427063,0.979671061038971,0.0050811767578125,0.05494499206542969,0.0015515046225790291,0.045156002044677734,-0.2625160217285156,0.03746108573756116,0.018887042999267578,0.16483497619628906,0.024019779719705554,0.5312290191650391,-0.10378456115722656,0.48726297974598276,-0.2428450584411621,0.39682579040527344,-0.21053341272046935,0.08120393753051758,-0.0061054229736328125,0.10724974083883565,0.32395267486572266,-0.4822959899902344,0.3066366796249462,-0.015435218811035156,0.2625160217285156,-0.01153452542550136,-0.12051153182983398,0.06715583801269531,-0.11383040842056193,0.40180158615112305,-0.45787620544433594,0.3632380462320152,-0.4328641891479492,0.9340667724609375,-0.38913532537897283,-0.16442108154296875,-0.3235645294189453,-0.18032576890655175,-0.09021615982055664,-0.07936477661132812,-0.08585611821782735,0.33619615016811993,0.1605861688337938,0.33527782975785647,-0.1962253013149482,0.2229390491229736,-0.17099828813199386,-0.03576040267944336,0.06715583801269531,-0.03783737387168055,-0.03365135192871094,-0.018314361572265625,-0.03994480095399339,0.15598440170288086,0.04273414611816406,0.15367352674106,-0.0050811767578125,0.03052520751953125,-0.011204505038622116,2.1265463829040527,0.21367454528808594,2.0884221245349224,-0.5506601333618164,-0.0073261260986328125,-0.5508441214732729,-1.495574951171875,0.0073261260986328125,-1.4903266630573784,-0.022530078887939453,-0.05494499206542969,-0.024352346877729428,0.1314411163330078,0.04273414611816406,0.12892736568052313,-0.14447975158691406,0.0061054229736328125,-0.15949763364085395,-0.0033555030822753906,0.10378456115722656,-0.007602349560543861,-2.157608985900879,-0.22588539123535156,-2.1112263869433683,-0.5403604507446289,0.21245384216308594,-0.5148806977275912,1.4868011474609375,-0.0659332275390625,1.4863700954158279,0.0001437664031982422,0.0030689239501953125,0.00014016260169401863,0.0,0.0,0.0
0.2239,1785806619.3296,ramp,0,0.020412,-0.005923899638515379,0.19680565712030856,-0.020500032030778007,0.029787156730890274,-0.14399728178977966,0.1348773092031479,0.9798905253410339,0.002972126007080078,-0.128204345703125,0.0015869862297832307,0.04553985595703125,-0.16483497619628906,0.03714598084375568,0.018887042999267578,0.2625160217285156,0.02403692477710496,0.5281610488891602,-0.28693580627441406,0.48607433795940425,-0.2407360076904297,0.21367454528808594,-0.209919807604115,0.08139610290527344,-0.07936477661132812,0.10713460125514027,0.32050132751464844,-0.2625160217285156,0.3056930816905544,-0.014668464660644531,0.2991447448730469,-0.011370725556123422,-0.1195530891418457,-0.07936477661132812,-0.1133655037528804,0.39911699295043945,-0.3601951599121094,0.3623432923719165,-0.4307551383972168,0.4822959899902344,-0.38788508662399257,-0.1642293930053711,0.11599540710449219,-0.17976701501276512,-0.09098291397094727,-0.04273414611816406,-0.08554970646230005,0.33728948102463024,-0.036134239719047126,0.3352141964030248,-0.197757667496856,-0.017093546231619787,-0.17050918126026357,-0.03576040267944336,-0.018314361572265625,-0.0377444035067225,-0.03326749801635742,0.04273414611816406,-0.04000776854379781,0.1557927131652832,0.018314361572265625,0.15340474148652258,-0.0050811767578125,0.018314361572265625,-0.011916728926874714,2.1261630058288574,0.1892547607421875,2.083653220638772,-0.5506601333618164,-0.0073261260986328125,-0.5508655217187153,-1.4951934814453125,0.0073261260986328125,-1.4896274779614558,-0.02502298355102539,-0.06715583801269531,-0.024497412973428816,0.1314411163330078,-0.06715583801269531,0.12872422239477627,-0.14447975158691406,0.0061054229736328125,-0.16124441151381194,-0.003547191619873047,0.06715583801269531,-0.008118609757968308,-2.1553077697753906,-0.2625160217285156,-2.1054523372387175,-0.5395975112915039,0.13919448852539062,-0.5117395863432153,1.4871826171875,-0.0073261260986328125,1.486408698301278,0.0001437664031982422,0.0030689239501953125,0.00013974343201992608,0.0,0.0,0.0
0.2410,1785806619.3468,ramp,0,0.020647,-0.006403689955136471,0.15098453911640936,-0.035156531030568934,0.02973129041492939,-0.143229141831398,0.1344371885061264,0.9800654649734497,0.0023965835571289062,-0.05494499206542969,0.0016131317766294874,0.04534769058227539,-0.15262603759765625,0.03691378759176847,0.019654273986816406,0.16483497619628906,0.02404955855941471,0.5254769325256348,-0.21367454528808594,0.48519845628539915,-0.23881816864013672,0.3846149444580078,-0.2094676566848397,0.08542251586914062,-0.09157562255859375,0.10704975765259314,0.318967342376709,-0.3113555908203125,0.30499776696437286,-0.014476776123046875,0.15262603759765625,-0.01125002535408397,-0.11993646621704102,0.05494499206542969,-0.11302292663403807,0.3979668617248535,-0.33577537536621094,0.36168396967465405,-0.4290294647216797,0.4822959899902344,-0.38696381561873017,-0.16614675521850586,0.11599540710449219,-0.17935528264614908,-0.09117460250854492,-0.07936477661132812,-0.08532391897577848,0.3385944521278626,0.15235764399162804,0.3351673065073625,-0.19919881947379645,0.1543279753905447,-0.17014877011670818,-0.03576040267944336,0.09157562255859375,-0.037675895870686316,-0.033075809478759766,-0.03052520751953125,-0.040054167853151315,0.1557927131652832,0.03052520751953125,0.15320668006772478,-0.0050811767578125,0.018314361572265625,-0.012441549658025984,2.125779628753662,0.10378456115722656,2.0801391295350493,-0.5506601333618164,-0.0073261260986328125,-0.5508812910472161,-1.4951934814453125,0.0073261260986328125,-1.4891122652041973,-0.0267486572265625,-0.018314361572265625,-0.024604308706169545,0.1314411163330078,0.06715583801269531,0.12857453097117677,-0.14447975158691406,0.0061054229736328125,-0.16253157030694626,-0.003930568695068359,0.07936477661132812,-0.008499029537121384,-2.1554994583129883,-0.05494499206542969,-2.1011975782539642,-0.5407419204711914,0.08058547973632812,-0.5094249765687238,1.4871826171875,-0.03663063049316406,1.4864371438433341,0.0001437664031982422,0.0030689239501953125,0.00013943455592286982,0.0,0.0,0.0
0.2603,1785806619.3660,ramp,0,0.020554,-0.03791372667426319,0.1706014835744739,0.022189942981082393,0.02947649173438549,-0.14203719794750214,0.13411623239517212,0.980290412902832,0.0008625984191894531,-0.03052520751953125,0.0016423756007405027,0.045731544494628906,-0.2625160217285156,0.036654079173321266,0.02003765106201172,0.09157562255859375,0.02406368945940681,0.5224089622497559,-0.16483497619628906,0.4842187816292412,-0.2370924949645996,0.6166057586669922,-0.20896192536345354,0.08657312393188477,0.3601951599121094,0.10695485998591123,0.3166666030883789,-0.45787620544433594,0.30422005664629,-0.013901233673095703,0.14041519165039062,-0.01111502203977727,-0.11859416961669922,0.1892547607421875,-0.11263975373401061,0.39604902267456055,-0.45787620544433594,0.3609465164821651,-0.42749547958374023,1.0195369720458984,-0.3859333729435436,-0.16614675521850586,-0.7264957427978516,-0.17889475952223305,-0.09155845642089844,-0.07936477661132812,-0.08507137541334577,0.3399634418580795,0.16524821812638063,0.3351148601053271,-0.20018866031695207,0.20590385130138938,-0.1697456498396009,-0.0355687141418457,0.07936477661132812,-0.037599270001268316,-0.03288412094116211,-0.05494499206542969,-0.04010606553383803,0.1557927131652832,0.05494499206542969,0.15298514814381586,-0.0050811767578125,0.04273414611816406,-0.013028562247276903,2.1248207092285156,0.07936477661132812,2.076208614608295,-0.5506601333618164,-0.0073261260986328125,-0.5508989290592161,-1.4951934814453125,0.021978378295898438,-1.488535999144756,-0.026940345764160156,0.04273414611816406,-0.024723871705745342,0.1314411163330078,0.03052520751953125,0.12840710094233038,-0.14447975158691406,-0.04273414611816406,-0.1639712588921845,-0.003738880157470703,0.07936477661132812,-0.00892452949607507,-2.153390884399414,-0.018314361572265625,-2.096438625453453,-0.5395975112915039,0.27106285095214844,-0.506836082883352,1.4871826171875,-0.05128288269042969,1.4864689602147232,0.0001437664031982422,0.0030689239501953125,0.00013908907765433236,0.0,0.0,0.0
0.2809,1785806619.3867,ramp,0,0.020714,-0.046304914505425725,0.13644230637213967,-0.011824326008735233,0.0293522160500288,-0.1409963071346283,0.13370029628276825,0.9805012345314026,-0.0010547637939453125,-0.20146560668945312,0.001673819971152763,0.046306610107421875,-0.03052520751953125,0.03637482815341926,0.020612716674804688,-0.018314361572265625,0.024078883684755845,0.5191493034362793,-0.05494499206542969,0.48316538817923316,-0.23632574081420898,0.28693580627441406,-0.20841813865011605,0.08408021926879883,-0.128204345703125,0.10685282143681184,0.3149409294128418,-0.23809432983398438,0.3033838249953814,-0.01351785659790039,-0.03052520751953125,-0.010969859963647027,-0.11686849594116211,0.14041519165039062,-0.1122277477475615,0.39374828338623047,-0.27472496032714844,0.36015357123470704,-0.42960453033447266,0.3235645294189453,-0.38482539127041615,-0.16173648834228516,-0.07936477661132812,-0.1783995828436682,-0.09251689910888672,-0.10378456115722656,-0.08479982839226466,0.3414060057756461,0.09915946864349358,0.3350584672038334,-0.20144605727273965,0.051529737847772,-0.16931219547104998,-0.03518533706665039,0.04273414611816406,-0.03751687817002236,-0.03288412094116211,-0.0061054229736328125,-0.04016186842366719,0.1557927131652832,0.03052520751953125,0.15274694633248337,-0.0050811767578125,-0.04273414611816406,-0.013659746500847666,2.1225199699401855,-0.07936477661132812,2.0719823353502,-0.5506601333618164,-0.0073261260986328125,-0.55091789430058,-1.49481201171875,0.03663063049316406,-1.4879163700784517,-0.027132034301757812,0.03052520751953125,-0.02485243161063296,0.13124942779541016,-0.0061054229736328125,0.12822707209845574,-0.1452469825744629,-0.0061054229736328125,-0.16551928150990647,-0.003547191619873047,0.03052520751953125,-0.009382047578147708,-2.1495561599731445,0.3235645294189453,-2.0913215698294803,-0.5380716323852539,0.28571510314941406,-0.5040523795040758,1.4871826171875,-0.0659332275390625,1.486503170712069,0.0001437664031982422,0.0030689239501953125,0.00013871760275405804,0.0,0.0,0.0
0.3008,1785806619.4064,ramp,0,0.020657,-0.012765317569509202,0.08331885059351361,0.04700390690659826,0.029231978580355644,-0.14031480252742767,0.13369502127170563,0.9806032776832581,-0.002780437469482422,-0.10378456115722656,0.0017040099591033686,0.046306610107421875,-0.22588539123535156,0.03610671704750412,0.020804405212402344,0.1892547607421875,0.024093471780309735,0.518190860748291,-0.21367454528808594,0.48215401682257875,-0.23287439346313477,0.4212455749511719,-0.20789604473924683,0.08465576171875,-0.1770458221435547,0.1067548534213159,0.31244850158691406,-0.3846149444580078,0.30258095239421784,-0.013709545135498047,0.20146560668945312,-0.010830488709848662,-0.11706018447875977,-0.11599540710449219,-0.11183217755158054,0.39240598678588867,-0.4456653594970703,0.3593922582507805,-0.42423582077026367,0.6532363891601562,-0.3837616093303533,-0.1628870964050293,-0.04273414611816406,-0.1779241598104417,-0.0934758186340332,-0.09157562255859375,-0.08453911395635835,0.3433939920788631,0.31558638948969986,0.3350043239344891,-0.20090472767016632,0.1549816353526442,-0.16889603251430693,-0.0355687141418457,0.09157562255859375,-0.03743777312323872,-0.03288412094116211,-0.04273414611816406,-0.04021544521816056,0.1557927131652832,0.05494499206542969,0.15251824689536136,-0.005272865295410156,0.04273414611816406,-0.014265751479165928,2.1202187538146973,0.23809432983398438,2.067924651313122,-0.5506601333618164,-0.0073261260986328125,-0.5509361029783416,-1.4944305419921875,0.05128288269042969,-1.487321459326533,-0.027132034301757812,0.10378456115722656,-0.02497586298892428,0.13067388534545898,0.128204345703125,0.12805422498604482,-0.1456303596496582,0.0061054229736328125,-0.16700555023030256,-0.003738880157470703,0.10378456115722656,-0.009821314295969207,-2.1451454162597656,-0.20146560668945312,-2.0864086443803487,-0.5365457534790039,0.09523773193359375,-0.5013797239419966,1.4871826171875,-0.0659332275390625,1.4865360164802977,0.0001437664031982422,0.0030689239501953125,0.000138360946773474,0.0,0.0,0.0
0.3209,1785806619.4266,ramp,0,0.020634,-0.02781900623993943,0.13948236301311395,0.012805203608319642,0.02913477085530758,-0.1396489143371582,0.13372083008289337,0.980697751045227,-0.003930568695068359,-0.05494499206542969,0.001734639540938621,0.04611492156982422,-0.23809432983398438,0.03583470199824331,0.021187782287597656,0.1770458221435547,0.024108272291900514,0.5162734985351562,-0.21367454528808594,0.4811279189723524,-0.2309565544128418,0.4456653594970703,-0.20736634866269257,0.08561420440673828,-0.128204345703125,0.10665545890175601,0.31033897399902344,-0.4456653594970703,0.3017663892323889,-0.013709545135498047,0.27472496032714844,-0.01068908808290296,-0.11744403839111328,-0.018314361572265625,-0.11143084749112443,0.39125537872314453,-0.4456653594970703,0.3586198598522926,-0.42212629318237305,0.7997550964355469,-0.38268233775060545,-0.16384601593017578,-0.1770458221435547,-0.17744181418226856,-0.09462594985961914,-0.09157562255859375,-0.08427460327939851,0.34524541514617296,0.15537304524056225,0.3349493922895371,-0.20090017644421787,0.2749015355031194,-0.16847380984362498,-0.03537702560424805,0.11599540710449219,-0.037357516234497824,-0.03288412094116211,-0.05494499206542969,-0.04026980213986886,0.1557927131652832,0.04273414611816406,0.1522862173849003,-0.0054645538330078125,0.06715583801269531,-0.014880580445190647,2.1190686225891113,0.25030517578125,2.0638078836788116,-0.5506601333618164,-0.0073261260986328125,-0.5509545767911342,-1.494049072265625,0.03663063049316406,-1.4867178861290082,-0.02502298355102539,0.018314361572265625,-0.025101091641171427,0.1310572624206543,0.09157562255859375,0.1278788610613146,-0.14620542526245117,0.0061054229736328125,-0.16851346038498793,-0.002780437469482422,0.09157562255859375,-0.01026697713965863,-2.142653465270996,-0.28693580627441406,-2.0814241822354522,-0.5357828140258789,0.27106285095214844,-0.49866815206624476,1.4871826171875,-0.0659332275390625,1.4865693405130047,0.0001437664031982422,0.0030689239501953125,0.00013799909755504418,0.0,0.0,0.0
0.3402,1785806619.4460,ramp,0,0.020768,-0.01734965290134988,0.12519924752053055,0.007695391743446755,0.029073184356093407,-0.13884375989437103,0.13359196484088898,0.9808314442634583,-0.0046977996826171875,0.04273414611816406,0.0017639866075936483,0.04592323303222656,-0.23809432983398438,0.035574076703886855,0.021187782287597656,0.07936477661132812,0.02412245307969316,0.5137801170349121,-0.14041519165039062,0.48014478566785146,-0.23018932342529297,0.5555553436279297,-0.20685883190490081,0.08618927001953125,0.27472496032714844,0.10656022620787339,0.3095722198486328,-0.39682579040527344,0.30098593328187995,-0.01351785659790039,0.15262603759765625,-0.010553608152215099,-0.11686849594116211,0.09157562255859375,-0.11104632183555978,0.3901047706604004,-0.4456653594970703,0.35787980315133655,-0.4223179817199707,0.9462757110595703,-0.38164825719540557,-0.1642293930053711,-0.7875461578369141,-0.17697966522519512,-0.0948176383972168,-0.06715583801269531,-0.08402116813590031,0.34545588203458605,0.11115034088599143,0.33489676073045965,-0.2006300236387368,0.1833118847963521,-0.16806926638865993,-0.03499317169189453,0.06715583801269531,-0.037280619844724285,-0.03365135192871094,-0.03052520751953125,-0.040321883040389,0.1557927131652832,0.06715583801269531,0.15206390336357084,-0.0054645538330078125,-0.0061054229736328125,-0.015469665426644831,2.117534637451172,0.21367454528808594,2.0598634924423522,-0.5506601333618164,-0.0073261260986328125,-0.5509722770724608,-1.494049072265625,0.05128288269042969,-1.486139585616967,-0.023680686950683594,0.128204345703125,-0.02522107674656345,0.1314411163330078,0.018314361572265625,0.1277108399366507,-0.1473560333251953,0.0061054229736328125,-0.16995823165406265,-0.001438140869140625,0.09157562255859375,-0.010693979285811658,-2.140927314758301,-0.28693580627441406,-2.0766484284039923,-0.5350198745727539,0.27106285095214844,-0.4960701185375597,1.4871826171875,-0.0659332275390625,1.4866012692090715,0.0001437664031982422,0.0030689239501953125,0.00013765239960828647,0.0,0.0,0.0
0.3601,1785806619.4659,ramp,0,0.021007,-0.01493081083385289,0.07770746198579737,0.027334096620301042,0.02909087762236595,-0.138230100274086,0.13347549736499786,0.980933427810669,-0.004889488220214844,-0.04273414611816406,0.0017942486843046568,0.04534769058227539,-0.1892547607421875,0.03530532539244043,0.021571636199951172,0.1892547607421875,0.024137076009236615,0.5110955238342285,-0.23809432983398438,0.479130999321581,-0.22808027267456055,0.4456653594970703,-0.20633549131904416,0.08676481246948242,-0.128204345703125,0.10646202426075722,0.30861330032348633,-0.3113555908203125,0.30018114355207504,-0.013709545135498047,0.23809432983398438,-0.010413904102625672,-0.11706018447875977,-0.09157562255859375,-0.11064980708255787,0.38799571990966797,-0.5189247131347656,0.35711667227634697,-0.41982507705688477,0.6654453277587891,-0.3805819351178136,-0.1646127700805664,-0.09157562255859375,-0.17650310695941443,-0.09520149230957031,-0.09157562255859375,-0.08375983115650264,0.3462974044974828,0.12865813420623917,0.3348424881758312,-0.19954972343200864,0.24064364416922682,-0.1676521097027466,-0.03499317169189453,0.06715583801269531,-0.03720132590800887,-0.034226417541503906,-0.018314361572265625,-0.04037558776751712,0.1557927131652832,0.05494499206542969,0.15183465782954564,-0.0054645538330078125,0.0061054229736328125,-0.016077117445874686,2.1160006523132324,0.15262603759765625,2.0557961193185212,-0.5506601333618164,-0.0073261260986328125,-0.550990529229571,-1.494049072265625,0.021978378295898438,-1.4855432543153373,-0.02329730987548828,-0.0061054229736328125,-0.025344802858826523,0.1314411163330078,0.03052520751953125,0.12753758009356586,-0.14793109893798828,-0.04273414611816406,-0.17144804934141608,-0.0006709098815917969,0.07936477661132812,-0.011134294900811451,-2.1393938064575195,-0.27472496032714844,-2.0717237716912984,-0.5346384048461914,0.27106285095214844,-0.4933910811105135,1.4871826171875,-0.0659332275390625,1.4866341934076301,0.0001437664031982422,0.0030689239501953125,0.0001372948919914721,0.0,0.0,0.0
0.3809,1785806619.4866,ramp,0,0.021035,-0.02745002735150355,0.11580096035601933,-0.004497488192276972,0.02900133654475212,-0.1375238299369812,0.13341839611530304,0.9810431599617004,-0.005272865295410156,-0.018314361572265625,0.0018258728643781238,0.045156002044677734,-0.25030517578125,0.03502447751972751,0.021955013275146484,0.22588539123535156,0.024152357120361272,0.5086030960083008,-0.25030517578125,0.4780715822076585,-0.2265462875366211,0.4212455749511719,-0.20578859504735295,0.08657312393188477,-0.05494499206542969,0.10635940222034594,0.3074631690979004,-0.40903472900390625,0.29934013004266946,-0.013901233673095703,0.28693580627441406,-0.010267911940111544,-0.11686849594116211,-0.04273414611816406,-0.1102354451050087,0.3864617347717285,-0.4456653594970703,0.3563191926968469,-0.41790771484375,0.7387065887451172,-0.3794676176266476,-0.16499614715576172,-0.27472496032714844,-0.17600509869129496,-0.0965433120727539,-0.128204345703125,-0.08348673133670995,0.34720953061994086,0.13792314476370385,0.33478577280044536,-0.19837855351785968,0.22935151963601033,-0.1672161766939133,-0.03518533706665039,0.09157562255859375,-0.037118462932101144,-0.03460979461669922,-0.04273414611816406,-0.04043170975734997,0.15598440170288086,0.06715583801269531,0.15159509389881204,-0.0054645538330078125,0.05494499206542969,-0.016711911026816472,2.1138916015625,0.34798622131347656,2.0515456727506147,-0.5506601333618164,-0.0073261260986328125,-0.5510096029206694,-1.4936676025390625,0.05128288269042969,-1.4849200819981734,-0.02272176742553711,0.03052520751953125,-0.025474097913206387,0.1314411163330078,0.03052520751953125,0.127356521783208,-0.1486983299255371,0.06715583801269531,-0.17300492408175278,-0.0018215179443359375,0.09157562255859375,-0.011594429227708036,-2.137284278869629,-0.4212455749511719,-2.0665774549936886,-0.5334939956665039,0.34432220458984375,-0.49059145956353467,1.4871826171875,-0.08058547973632812,1.4866685995322966,0.0001437664031982422,0.0030689239501953125,0.00013692129287070655,0.0,0.0,0.0
0.4007,1785806619.5064,ramp,0,0.021208,-0.02071803465254161,0.10756962876928879,-0.0037421818974682237,0.028967704623937607,-0.13697391748428345,0.1331080049276352,0.9811632633209229,-0.0054645538330078125,-0.07936477661132812,0.0018560049272835395,0.04477214813232422,-0.16483497619628906,0.03475688083428686,0.022530078887939453,0.25030517578125,0.024166917225970433,0.5059185028076172,-0.25030517578125,0.4770621513529888,-0.2252039909362793,0.40903472900390625,-0.20526750286968842,0.08829879760742188,-0.15262603759765625,0.1062616221745085,0.3065042495727539,-0.2991447448730469,0.29853879790027577,-0.01409292221069336,0.22588539123535156,-0.010128808095700277,-0.11706018447875977,-0.05494499206542969,-0.10984063388321201,0.3847360610961914,-0.47008514404296875,0.35555934043192006,-0.4161820411682129,0.5799751281738281,-0.3784058767479145,-0.16633844375610352,0.10378456115722656,-0.1755305878446096,-0.09807729721069336,-0.128204345703125,-0.08322651712940612,0.34782681075738736,0.17824851805462683,0.3347317334149227,-0.1963099356336472,0.28116046382408144,-0.16680081222235402,-0.03518533706665039,0.07936477661132812,-0.037039509662900774,-0.03518533706665039,-0.05494499206542969,-0.04048518375490791,0.15598440170288086,0.07936477661132812,0.15136683326362835,-0.0054645538330078125,0.0061054229736328125,-0.017316753273112058,2.112165927886963,0.372406005859375,2.047495774126754,-0.5506601333618164,-0.0073261260986328125,-0.5510277766617334,-1.4936676025390625,0.0659332275390625,-1.484326312691963,-0.023105144500732422,0.018314361572265625,-0.025597292465693835,0.13124942779541016,0.03052520751953125,0.1271840063097767,-0.14908170700073242,0.07936477661132812,-0.17448834112221662,-0.0020132064819335938,0.09157562255859375,-0.012032853131530345,-2.1359424591064453,-0.4334545135498047,-2.0616739558957407,-0.5331125259399414,0.3150177001953125,-0.4879239319827737,1.4871826171875,-0.08058547973632812,1.486701382279877,0.0001437664031982422,0.0030689239501953125,0.00013656532120022641,0.0,0.0,0.0
0.4210,1785806619.5268,ramp,0,0.021310,-0.033296833157798994,0.12583515213219262,0.009905787880334051,0.028880970552563667,-0.1363448202610016,0.13274003565311432,0.9813032746315002,-0.005656242370605469,-0.0061054229736328125,0.0018868673760467588,0.04458045959472656,-0.27472496032714844,0.03448279774148491,0.02329730987548828,0.04273414611816406,0.024181830261123728,0.5040011405944824,-0.06715583801269531,0.4760282524085307,-0.2255878448486328,0.5067157745361328,-0.2047337796830428,0.08810710906982422,0.3113555908203125,0.10616147199016182,0.30592918395996094,-0.34798622131347656,0.2977180418748893,-0.014284610748291016,0.11599540710449219,-0.009986332444949599,-0.11610174179077148,0.1892547607421875,-0.10943625263848633,0.3837771415710449,-0.3235645294189453,0.35478106973510337,-0.41733264923095703,0.9218559265136719,-0.3773183998110524,-0.16499614715576172,-0.75091552734375,-0.17504457509668092,-0.10018682479858398,-0.15262603759765625,-0.08295999546225095,0.3480974046054958,0.08808675277614257,0.33467638414221856,-0.19505036328892297,0.2350759000454351,-0.16637537952755976,-0.0355687141418457,0.07936477661132812,-0.036958642606667876,-0.03576040267944336,-0.04273414611816406,-0.04053995393493098,0.15598440170288086,0.07936477661132812,0.15113303970690672,-0.0054645538330078125,0.05494499206542969,-0.01793625658739636,2.1098642349243164,0.2625160217285156,2.0433477080229667,-0.5506601333618164,-0.0073261260986328125,-0.5510463909250243,-1.4932861328125,0.08058547973632812,-1.483718150720192,-0.02444744110107422,0.05494499206542969,-0.02572347319138747,0.13124942779541016,0.03052520751953125,0.1270073091491359,-0.1500406265258789,0.05494499206542969,-0.17600771543619942,-0.0025882720947265625,0.04273414611816406,-0.012481904207480892,-2.1328744888305664,-0.3235645294189453,-2.056651598477135,-0.5315866470336914,0.3882789611816406,-0.4851917448920946,1.4871826171875,-0.0659332275390625,1.4867349596645616,0.0001437664031982422,0.0030689239501953125,0.00013620072095775926,0.0,0.0,0.0
0.4408,1785806619.5465,ramp,0,0.021217,-0.04997686437167018,0.05955538096295251,0.011808408419735504,0.02872239053249359,-0.1358439028263092,0.1324152797460556,0.9814212322235107,-0.006040096282958984,0.018314361572265625,0.0019169986129507154,0.044388771057128906,-0.21367454528808594,0.034215208391594205,0.024064064025878906,0.128204345703125,0.024196389967600956,0.5020837783813477,-0.10378456115722656,0.4750188492250949,-0.2238621711730957,0.4456653594970703,-0.2042127017899263,0.0890655517578125,0.03052520751953125,0.10606369462474029,0.30497026443481445,-0.28693580627441406,0.2969167316991801,-0.014476776123046875,0.20146560668945312,-0.009847232413751478,-0.11533451080322266,-0.03052520751953125,-0.10904145223953458,0.38185977935791016,-0.4822959899902344,0.3540212382997852,-0.41407299041748047,0.7997550964355469,-0.3762566880375125,-0.16691350936889648,-0.45787620544433594,-0.17457007725762305,-0.10152864456176758,-0.11599540710449219,-0.08269978838812335,0.34884618378412924,0.20533169443526253,0.3346223462380618,-0.19189958973116716,0.3159770664623801,-0.16596002644226568,-0.03633546829223633,0.04273414611816406,-0.03687969150179046,-0.03633546829223633,-0.06715583801269531,-0.04059342646662182,0.15598440170288086,0.07936477661132812,0.15090478532896526,-0.005656242370605469,0.018314361572265625,-0.018541082253327724,2.107180118560791,0.4456653594970703,2.0392979204177966,-0.5506601333618164,-0.0073261260986328125,-0.5510645641678968,-1.4932861328125,0.08058547973632812,-1.4831243976908066,-0.025789737701416016,0.07936477661132812,-0.02584666436677855,0.1310572624206543,0.018314361572265625,0.12683479840482098,-0.15061569213867188,0.11599540710449219,-0.17749109181218425,-0.0031638145446777344,0.11599540710449219,-0.012920316092916499,-2.130189895629883,-0.5677661895751953,-2.0517482337973787,-0.5304412841796875,0.27106285095214844,-0.4825242904354898,1.4871826171875,-0.08058547973632812,1.486767741513478,0.0001437664031982422,0.0030689239501953125,0.00013584475904542678,0.0,0.0,0.0
0.4610,1785806619.5668,ramp,0,0.020649,-0.04286736026581109,0.06866383297707904,0.010979631648205545,0.028368381783366203,-0.13549232482910156,0.13220959901809692,0.9815078973770142,-0.006231784820556641,-0.06715583801269531,0.0019477407332660719,0.044388771057128906,-0.16483497619628906,0.03394219391111771,0.02502298355102539,0.20146560668945312,0.024211244858878937,0.5005497932434082,-0.1892547607421875,0.4739889813105848,-0.2221364974975586,0.3846149444580078,-0.20368105951666282,0.09059953689575195,-0.22588539123535156,0.10596393491220381,0.30420351028442383,-0.25030517578125,0.29609917568878164,-0.014476776123046875,0.23809432983398438,-0.009705312255989857,-0.11610174179077148,-0.06715583801269531,-0.10863864762172842,0.3799424171447754,-0.3846149444580078,0.353246001973497,-0.41062164306640625,0.6166057586669922,-0.3751734510238304,-0.16806411743164062,0.15262603759765625,-0.17408595940663046,-0.10382986068725586,-0.15262603759765625,-0.08243430585233383,0.3491,0.14127582465794145,0.33456721276456813,-0.18828316795793826,0.3733060166125291,-0.16553625245110276,-0.037102699279785156,0.03052520751953125,-0.03679913973510035,-0.03729438781738281,-0.06715583801269531,-0.04064798310523729,0.15598440170288086,0.03052520751953125,0.15067190330120286,-0.005847930908203125,0.04273414611816406,-0.019158170209296627,2.105454444885254,0.5311355590820312,2.035166027053889,-0.5506601333618164,-0.0073261260986328125,-0.5510831058567325,-1.4929046630859375,0.0659332275390625,-1.4825186068590146,-0.0267486572265625,0.07936477661132812,-0.02597235313115734,0.13086557388305664,0.04273414611816406,0.126658790162135,-0.1509990692138672,0.128204345703125,-0.17900454229444757,-0.0033555030822753906,0.11599540710449219,-0.013367616380412287,-2.129039764404297,-0.6532363891601562,-2.0467454578603794,-0.5296783447265625,0.28571510314941406,-0.4798027557669309,1.4871826171875,-0.0659332275390625,1.4868011879845526,0.0001437664031982422,0.0030689239501953125,0.00013548158032921644,0.0,0.0,0.0
0.4855,1785806619.5911,ramp,0,0.020149,-0.004275676261872119,0.13049412775506927,-0.07346456367135358,0.028027178719639778,-0.13497330248355865,0.13201971352100372,0.9816147089004517,-0.006423473358154297,-0.10378456115722656,0.0019849298461991653,0.04381370544433594,-0.07936477661132812,0.03361192500830107,0.025406360626220703,0.1892547607421875,0.02422921499963951,0.4974822998046875,-0.372406005859375,0.4727431376997343,-0.22021913528442383,-0.04273414611816406,-0.20303792546027422,0.09194183349609375,0.27472496032714844,0.10584325438732019,0.30286121368408203,-0.04273414611816406,0.29511016834355147,-0.014476776123046875,0.018314361572265625,-0.009533629733107953,-0.11571836471557617,-0.21367454528808594,-0.10815137002773367,0.3772578239440918,-0.20146560668945312,0.35230818925946095,-0.4069786071777344,0.3113555908203125,-0.3738630461714035,-0.17017364501953125,-0.14041519165039062,-0.1735003162158289,-0.1067056655883789,-0.128204345703125,-0.08211314843365346,0.3491,-0.02911102277594464,0.3345005171381404,-0.18260532707091645,0.5741971876933245,-0.16502360795378765,-0.03748607635498047,-0.05494499206542969,-0.0367016952934786,-0.03863668441772461,-0.09157562255859375,-0.040713980927570545,0.15598440170288086,-0.0061054229736328125,0.1503901831094366,-0.006040096282958984,0.0061054229736328125,-0.019904668936409985,2.1043038368225098,0.34798622131347656,2.030167625923402,-0.5506601333618164,-0.0073261260986328125,-0.5511055359608699,-1.4929046630859375,-0.03663063049316406,-1.4817857743989813,-0.027132034301757812,0.0061054229736328125,-0.026124400342115935,0.13086557388305664,-0.05494499206542969,0.12644587087266312,-0.15061569213867188,0.14041519165039062,-0.1808353815575227,-0.0031638145446777344,-0.05494499206542969,-0.013908720921544946,-2.129039764404297,-0.33577537536621094,-2.040693539599977,-0.5289154052734375,0.16849899291992188,-0.4765104825241576,1.4875640869140625,-0.021978378295898438,1.4868416485831462,0.0001437664031982422,0.0030689239501953125,0.00013504223866528782,0.0,0.0,0.0
0.5007,1785806619.6062,ramp,0,0.020201,-0.018280410017278457,0.03509775839426225,-0.022948203200076796,0.027979454025626183,-0.1346968561410904,0.13176073133945465,0.9816888570785522,-0.006423473358154297,0.10378456115722656,0.0020080873664047533,0.043238162994384766,-0.23809432983398438,0.033406267809539335,0.026173114776611328,0.06715583801269531,0.024240404938439854,0.4957566261291504,-0.11599540710449219,0.47196735558728703,-0.22002696990966797,0.3846149444580078,-0.2026374483116927,0.0961599349975586,0.2625160217285156,0.10576810708013809,0.30286121368408203,-0.23809432983398438,0.29449431720394914,-0.014476776123046875,0.10378456115722656,-0.009426723674344554,-0.11591005325317383,0.03052520751953125,-0.10784794410980535,0.3768744468688965,-0.25030517578125,0.3517242168234037,-0.40582799911499023,0.6654453277587891,-0.3730470620175956,-0.17535066604614258,-0.5677661895751953,-0.17313563841217566,-0.10766458511352539,-0.128204345703125,-0.08191316492166045,0.3491,0.12051849353081039,0.33445898602339164,-0.18026780911575896,0.21874522355829876,-0.16470438616094157,-0.038252830505371094,0.03052520751953125,-0.036641017007609356,-0.03978681564331055,-0.05494499206542969,-0.040755077522344314,0.15598440170288086,0.06715583801269531,0.1502147570097368,-0.006040096282958984,-0.0061054229736328125,-0.0203695108751697,2.104879379272461,0.1892547607421875,2.0270551404123025,-0.5506601333618164,-0.0073261260986328125,-0.5511195031020252,-1.4932861328125,0.03663063049316406,-1.4813294423931311,-0.027515411376953125,0.04273414611816406,-0.026219079566283283,0.13086557388305664,0.11599540710449219,0.12631328683504503,-0.15061569213867188,0.03052520751953125,-0.18197543825379625,-0.0033555030822753906,0.05494499206542969,-0.014245664676217415,-2.1309566497802734,-0.14041519165039062,-2.036925032949926,-0.5327310562133789,-0.10988998413085938,-0.474460396406777,1.487945556640625,-0.021978378295898438,1.4868668432451204,0.0001437664031982422,0.0030689239501953125,0.00013476866227001623,0.0,0.0,0.0
0.5211,1785806619.6267,ramp,0,0.019778,-0.07389607899173048,0.06551571857487479,-0.01437732273555036,0.027668610215187073,-0.13416364789009094,0.1315256506204605,0.9818022847175598,-0.006231784820556641,0.018314361572265625,0.002039169490416077,0.04285478591918945,-0.27472496032714844,0.033130233825805995,0.0267486572265625,0.06715583801269531,0.02425542412280776,0.49326372146606445,-0.1892547607421875,0.4709260974728265,-0.2181096076965332,0.4822959899902344,-0.20209992614673705,0.09539318084716797,0.2625160217285156,0.10566724403866322,0.30190229415893555,-0.2991447448730469,0.2936677191345663,-0.014668464660644531,0.1892547607421875,-0.009283233898818239,-0.115142822265625,-0.0061054229736328125,-0.1074406845273643,0.3755321502685547,-0.4334545135498047,0.35094040648811803,-0.4037189483642578,0.9218559265136719,-0.3719518445489388,-0.17400884628295898,-0.7264957427978516,-0.1726461662831784,-0.11015701293945312,-0.14041519165039062,-0.0816447461849044,0.3491,0.05945558328043415,0.3344032427811323,-0.17492499021342703,0.3971913922693636,-0.1642759252867084,-0.038252830505371094,0.03052520751953125,-0.03655957434926602,-0.041512489318847656,-0.07936477661132812,-0.040810237550009676,0.15694332122802734,0.07936477661132812,0.1499792993382208,-0.006040096282958984,0.04273414611816406,-0.020993423740533736,2.103537082672119,0.5189247131347656,2.022877548866205,-0.5506601333618164,-0.0073261260986328125,-0.5511382498594335,-1.492523193359375,0.08058547973632812,-1.4807169515966105,-0.02770709991455078,0.06715583801269531,-0.026346158431409576,0.13086557388305664,0.0061054229736328125,0.126135331964982,-0.1527247428894043,0.11599540710449219,-0.18350562729385436,-0.0033555030822753906,0.09157562255859375,-0.014697912044441399,-2.127505302429199,-0.6532363891601562,-2.0318669269871763,-0.5289154052734375,0.5054950714111328,-0.4717087619325924,1.4875640869140625,-0.0659332275390625,1.486900659629645,0.0001437664031982422,0.0030689239501953125,0.00013440146684628727,0.0,0.0,0.0
0.5412,1785806619.6468,ramp,0,0.019627,-0.046867486479758955,0.027881852680476098,-0.0036513062066071233,0.027482599020004272,-0.13383257389068604,0.13103902339935303,0.9819177389144897,-0.006231784820556641,-0.04273414611816406,0.002069729610570141,0.04208803176879883,-0.25030517578125,0.032858835651523484,0.02847433090209961,0.16483497619628906,0.024270191069839187,0.4909629821777344,-0.15262603759765625,0.4699023266044742,-0.2167677879333496,0.4456653594970703,-0.2015714313134839,0.09539318084716797,-0.16483497619628906,0.10556807492572057,0.3011355400085449,-0.27472496032714844,0.2928550032368286,-0.01581859588623047,0.128204345703125,-0.009142153939824245,-0.11475944519042969,-0.07936477661132812,-0.10704026460211213,0.3736147880554199,-0.4212455749511719,0.3501697597325874,-0.40218496322631836,0.7142848968505859,-0.3708750205383021,-0.1747756004333496,-0.0061054229736328125,-0.17216491451709015,-0.11188316345214844,-0.1770458221435547,-0.08138083536452806,0.3491,0.12822223874048044,0.3343484357100131,-0.16941395384831695,0.38055218549838576,-0.1638546601314342,-0.03902006149291992,0.04273414611816406,-0.036479499466876,-0.04304647445678711,-0.05494499206542969,-0.04086447120124087,0.15617609024047852,0.07936477661132812,0.1497477960236434,-0.006423473358154297,0.03052520751953125,-0.021606858399125434,2.101235866546631,0.5921859741210938,2.018770117226179,-0.5506601333618164,-0.0073261260986328125,-0.5511566817773644,-1.4921417236328125,0.09523773193359375,-1.4801147471807183,-0.028857707977294922,0.06715583801269531,-0.026471103090464628,0.13048219680786133,0.04273414611816406,0.1259603657300765,-0.1527247428894043,0.15262603759765625,-0.18501011781405083,-0.0033555030822753906,0.07936477661132812,-0.015142564215163353,-2.1255884170532227,-0.7631263732910156,-2.0268937685917816,-0.528533935546875,0.34432220458984375,-0.46900333935206007,1.4875640869140625,-0.09523773193359375,1.4869339080902026,0.0001437664031982422,0.0030689239501953125,0.00013404043822851677,0.0,0.0,0.0
0.5658,1785806619.6718,ramp,0,0.019033,-0.05557854492497523,0.07031524252428037,-0.06422384409721257,0.02710500918328762,-0.13350597023963928,0.1307302862405777,0.9820137619972229,-0.006423473358154297,-0.018314361572265625,0.0021071104592220776,0.041512489318847656,-0.2625160217285156,0.03252686398301821,0.029624462127685547,0.16483497619628906,0.024288253859162327,0.4896206855773926,-0.14041519165039062,0.46865005980410784,-0.21523380279541016,0.4334545135498047,-0.20092498145413878,0.09520149230957031,-0.16483497619628906,0.10544677220887368,0.3007521629333496,-0.3235645294189453,0.29186089687150024,-0.016777515411376953,0.11599540710449219,-0.008969586274239508,-0.11437606811523438,-0.06715583801269531,-0.10655047475352478,0.37208080291748047,-0.4212455749511719,0.34922711194235073,-0.40045928955078125,0.8119659423828125,-0.36955785963829735,-0.1743922233581543,-0.03052520751953125,-0.17157625192869297,-0.11475944519042969,-0.16483497619628906,-0.08105802215619111,0.3491,0.14950383473387352,0.3342813962212862,-0.1629850901352021,0.5484320906219693,-0.16333937259551315,-0.03978681564331055,0.0061054229736328125,-0.036381552631446275,-0.04534769058227539,-0.07936477661132812,-0.040930809288208296,0.1557927131652832,0.0061054229736328125,0.14946462336852914,-0.006615161895751953,0.0061054229736328125,-0.022357205845898117,2.0998940467834473,0.5433464050292969,2.013745945864615,-0.5506601333618164,-0.0073261260986328125,-0.5511792275242748,-1.492523193359375,0.08058547973632812,-1.4793781364601286,-0.029624462127685547,0.06715583801269531,-0.02662393421044907,0.13029050827026367,-0.05494499206542969,0.12574634869371573,-0.15253305435180664,0.16483497619628906,-0.18685039632572606,-0.003547191619873047,0.04273414611816406,-0.015686458526203942,-2.125396728515625,-0.6898651123046875,-2.0208106484874375,-0.52777099609375,0.3150177001953125,-0.4656940921530119,1.4875640869140625,-0.03663063049316406,1.4869745772912972,0.0001437664031982422,0.0030689239501953125,0.0001335988314530244,0.0,0.0,0.0
0.5815,1785806619.6870,ramp,0,0.018483,-0.0529416492611469,-0.01960933780420101,-0.02518957991073093,0.026788370683789253,-0.13346324861049652,0.13043324649333954,0.9820678234100342,-0.006615161895751953,0.06715583801269531,0.002130960784512255,0.04036235809326172,-0.1892547607421875,0.032315054124052806,0.03020000457763672,0.06715583801269531,0.024299778568111993,0.4877033233642578,-0.07936477661132812,0.46785106856619013,-0.21408319473266602,0.28693580627441406,-0.2005125232038531,0.09903621673583984,0.23809432983398438,0.10536937671466433,0.2997932434082031,-0.1770458221435547,0.2912266212720646,-0.01696920394897461,0.04273414611816406,-0.00885948189974855,-0.11475944519042969,0.018314361572265625,-0.10623797122206655,0.3707389831542969,-0.1770458221435547,0.34862566876377143,-0.39739131927490234,0.5555553436279297,-0.36871746363185226,-0.17899370193481445,-0.7997550964355469,-0.17120066403473796,-0.11667680740356445,-0.16483497619628906,-0.08085205572406187,0.3491,0.07510584798442471,0.3342386226173931,-0.15691199402575473,0.25433073699449926,-0.16301060062288822,-0.040554046630859375,0.04273414611816406,-0.036319059029230494,-0.04688119888305664,-0.09157562255859375,-0.04097313537256324,0.1557927131652832,0.07936477661132812,0.14928394903444314,-0.006615161895751953,0.03052520751953125,-0.022835954492105105,2.101044178009033,0.23809432983398438,2.010540343915803,-0.5506601333618164,-0.0073261260986328125,-0.5511936125213285,-1.492523193359375,0.03663063049316406,-1.478908152339065,-0.029816150665283203,0.09157562255859375,-0.02672144595931361,0.13029050827026367,0.128204345703125,0.12560979813055512,-0.15214967727661133,0.07936477661132812,-0.1880245601746173,-0.003547191619873047,0.14041519165039062,-0.016033482649775388,-2.1286563873291016,-0.22588539123535156,-2.016929399171277,-0.53082275390625,-0.08058547973632812,-0.4635826734718091,1.487945556640625,-0.03663063049316406,1.487000525703663,0.0001437664031982422,0.0030689239501953125,0.0001333170704543935,0.0,0.0,0.0
0.6003,1785806619.7062,ramp,0,0.017500,-0.07017023340292555,0.08602747683682754,0.012716202013045956,0.026258274912834167,-0.13324302434921265,0.130296528339386,0.9821301698684692,-0.006615161895751953,-0.018314361572265625,0.00215962453368762,0.0399785041809082,-0.34798622131347656,0.03206049723242189,0.03058338165283203,-0.128204345703125,0.02431362917025821,0.4855942726135254,-0.07936477661132812,0.4668908265502701,-0.21312427520751953,0.4456653594970703,-0.20001682347281563,0.09769392013549805,0.3235645294189453,0.10527636142005813,0.2990264892578125,-0.28693580627441406,0.2904643374680042,-0.01754474639892578,0.09157562255859375,-0.008727156485519548,-0.11418437957763672,0.14041519165039062,-0.10586239886684072,0.3697800636291504,-0.21367454528808594,0.34790284355261464,-0.39739131927490234,0.7875461578369141,-0.36770746062167775,-0.1757345199584961,-0.6776561737060547,-0.17074927575995988,-0.11974477767944336,-0.15262603759765625,-0.08060452156772363,0.3491,0.1727894558612721,0.33418721653221817,-0.15100760671476127,0.5671185139700332,-0.16261547656296219,-0.04074573516845703,0.05494499206542969,-0.036243953095991266,-0.04879951477050781,-0.21367454528808594,-0.041024003620721894,0.15790176391601562,0.15262603759765625,0.1490668113756624,-0.006806850433349609,-0.03052520751953125,-0.02341132321123004,2.098935127258301,-0.128204345703125,2.0066877939359236,-0.5506601333618164,-0.0073261260986328125,-0.5512109006690755,-1.4921417236328125,0.0073261260986328125,-1.4783433169836275,-0.029816150665283203,0.05494499206542969,-0.02683863732995942,0.13029050827026367,0.0061054229736328125,0.12544568921193158,-0.1557927131652832,-0.1892547607421875,-0.18943569137077165,-0.0033555030822753906,0.05494499206542969,-0.01645054247243321,-2.1236705780029297,0.3601951599121094,-2.012264844053813,-0.5289154052734375,0.46153831481933594,-0.46104513258941715,1.487945556640625,-0.0659332275390625,1.4870317109715574,0.0001437664031982422,0.0030689239501953125,0.00013297844502711337,0.0,0.0,0.0
0.6210,1785806619.7266,ramp,0,0.016786,-0.034900103987702526,0.02150431007784689,0.029501839007409082,0.02586616575717926,-0.1330316811800003,0.1301935464143753,0.9821828007698059,-0.006998538970947266,-0.128204345703125,0.002191118305968978,0.038828372955322266,-0.15262603759765625,0.03178080748462837,0.031158447265625,0.1892547607421875,0.024328847267070464,0.4838685989379883,-0.15262603759765625,0.46583577812658483,-0.21044015884399414,0.2991447448730469,-0.1994721824227661,0.09673547744750977,-0.1770458221435547,0.10517416255943145,0.2976837158203125,-0.11599540710449219,0.289626792023688,-0.019078731536865234,-0.018314361572265625,-0.008581766347011556,-0.11360883712768555,-0.15262603759765625,-0.10544974558278179,0.36862945556640625,-0.33577537536621094,0.3471086525184926,-0.39374828338623047,0.47008514404296875,-0.3665977382119777,-0.17726802825927734,0.128204345703125,-0.17025332111531927,-0.12204551696777344,-0.16483497619628906,-0.08033254792241015,0.3491,0.13460281791078982,0.3341307350325207,-0.14318470668913083,0.7533726714185638,-0.16218134119950842,-0.04132080078125,-0.04273414611816406,-0.036161431819938215,-0.05110025405883789,-0.21367454528808594,-0.04107989418179466,0.1575183868408203,0.07936477661132812,0.1488282353283523,-0.007765769958496094,0.04273414611816406,-0.024043499110728606,2.097017765045166,0.628814697265625,2.002454874821728,-0.5506601333618164,-0.0073261260986328125,-0.5512298957065002,-1.4921417236328125,0.10988998413085938,-1.4777227144256102,-0.03000783920288086,0.09157562255859375,-0.026967399213754843,0.13029050827026367,0.018314361572265625,0.1252653775269231,-0.15560102462768555,0.11599540710449219,-0.19098614606805886,-0.0033555030822753906,0.06715583801269531,-0.016908779355617277,-2.1200265884399414,-0.6532363891601562,-2.007139749085793,-0.5262451171875,0.3589744567871094,-0.45825705576751363,1.4875640869140625,-0.08058547973632812,1.4870659752166007,0.0001437664031982422,0.0030689239501953125,0.0001326063865071273,0.0,0.0,0.0
0.6407,1785806619.7463,ramp,0,0.016273,-0.045581620759306225,0.1115937733673178,0.026183363438629217,0.025608016178011894,-0.13296066224575043,0.1302124708890915,0.9821967482566833,-0.009299278259277344,-0.018314361572265625,0.0022211174344013286,0.03786945343017578,-0.47008514404296875,0.03151439136304373,0.03154182434082031,0.04273414611816406,0.024343343137450426,0.48406028747558594,-0.06715583801269531,0.46483080060653037,-0.20986509323120117,0.4334545135498047,-0.1989533891621812,0.09558486938476562,0.07936477661132812,0.10507681389258423,0.296724796295166,-0.4334545135498047,0.2888289951409424,-0.02042102813720703,0.0061054229736328125,-0.008443276190959971,-0.11341714859008789,-0.03052520751953125,-0.10505667616080461,0.3688211441040039,-0.3235645294189453,0.34635215251526663,-0.39432334899902344,0.8608055114746094,-0.3655406814454704,-0.17535066604614258,-0.4456653594970703,-0.16978090368153975,-0.1256885528564453,-0.22588539123535156,-0.08007348170947501,0.3491,0.18595316861562042,0.3340769340540816,-0.13598879823229296,0.7137452287439753,-0.16176780920312114,-0.04208803176879883,-0.0061054229736328125,-0.03608282687110578,-0.05378437042236328,-0.27472496032714844,-0.041133132266607086,0.15694332122802734,0.11599540710449219,0.14860098171706057,-0.009299278259277344,0.05494499206542969,-0.024645672957401124,2.0943331718444824,0.45787620544433594,1.9984228432500244,-0.5506601333618164,0.0073261260986328125,-0.5512479892699573,-1.49176025390625,0.13919448852539062,-1.4771315646682202,-0.030391693115234375,0.14041519165039062,-0.027090050265355183,0.13029050827026367,0.07936477661132812,0.125093623144879,-0.15694332122802734,0.05494499206542969,-0.19246301867566296,-0.003547191619873047,0.14041519165039062,-0.017345269052318854,-2.1163835525512695,-0.372406005859375,-2.0022578828933253,-0.5243377685546875,0.5347976684570312,-0.4556012965935308,1.4875640869140625,-0.08058547973632812,1.4870986133356077,0.0001437664031982422,0.0030689239501953125,0.00013225198528692104,0.0,0.0,0.0
0.6618,1785806619.7684,ramp,0,0.015380,-0.06532133694362342,0.035916522304271885,0.04031208216701528,0.025208408012986183,-0.1330282986164093,0.13042719662189484,0.9821694493293762,-0.010066509246826172,-0.11599540710449219,0.0022531905484093123,0.0369110107421875,-0.10378456115722656,0.031229556599913253,0.03154182434082031,0.1770458221435547,0.02435884117781483,0.48406028747558594,-0.15262603759765625,0.4637563441052738,-0.2089061737060547,0.25030517578125,-0.1983987292016148,0.0948176383972168,-0.15262603759765625,0.10497273503918166,0.2953829765319824,-0.1770458221435547,0.2879760426815661,-0.021571636199951172,0.0061054229736328125,-0.008295211537213694,-0.11360883712768555,-0.16483497619628906,-0.10463643193895807,0.36862945556640625,-0.34798622131347656,0.3455433519894372,-0.3922138214111328,0.5311355590820312,-0.3644105452062943,-0.17458391189575195,0.05494499206542969,-0.1692758257341208,-0.1293320655822754,-0.23809432983398438,-0.0797965049899072,0.3491,0.11754812735005436,0.33401941355247405,-0.12703766108837908,0.7090554067594064,-0.16132568772962613,-0.042279720306396484,-0.018314361572265625,-0.03599878758005838,-0.057044029235839844,-0.22588539123535156,-0.04119005095901531,0.15655994415283203,0.018314361572265625,0.14835801695893022,-0.009874820709228516,0.10378456115722656,-0.025289478009288126,2.0931830406188965,0.7142848968505859,1.9941120577358828,-0.5506601333618164,-0.0073261260986328125,-0.55126733372941,-1.4913787841796875,0.10988998413085938,-1.4764995458544967,-0.029816150665283203,0.128204345703125,-0.027221180780364902,0.13009881973266602,0.04273414611816406,0.12490999454749846,-0.1567516326904297,0.1770458221435547,-0.19404199466577454,-0.003547191619873047,0.15262603759765625,-0.017811935403549355,-2.1133155822753906,-0.7997550964355469,-1.9970385095600027,-0.522430419921875,0.34432220458984375,-0.45276193187808644,1.4875640869140625,-0.09523773193359375,1.4871335078864367,0.0001437664031982422,0.0030689239501953125,0.0001318730825876017,0.0,0.0,0.0
0.6807,1785806619.7862,ramp,0,0.014578,-0.04535571395865105,0.10945417310279132,0.013413447755050425,0.024829629808664322,-0.1330931931734085,0.1304701417684555,0.9821645021438599,-0.010833263397216797,0.018314361572265625,0.002281845147681094,0.0355687141418457,-0.39682579040527344,0.030975080966703927,0.03230905532836914,0.07936477661132812,0.024372687358638727,0.48406028747558594,-0.07936477661132812,0.46279640861317267,-0.20833110809326172,0.3113555908203125,-0.19790318770545148,0.0961599349975586,-0.23809432983398438,0.10487974943646859,0.29480743408203125,-0.3601951599121094,0.28721400221006027,-0.022530078887939453,0.0061054229736328125,-0.00816292836326437,-0.11399269104003906,-0.04273414611816406,-0.10426097947212569,0.3684377670288086,-0.33577537536621094,0.3448207575150535,-0.39125537872314453,0.75091552734375,-0.3634008646044029,-0.1761178970336914,-0.05494499206542969,-0.1688245815493279,-0.13355016708374023,-0.22588539123535156,-0.07954904985022689,0.3491,0.196408471030754,0.33396802387690133,-0.12028134050999814,0.6923300432541967,-0.1609306897992943,-0.042279720306396484,0.1770458221435547,-0.03592370562177243,-0.059920310974121094,-0.3113555908203125,-0.04124090296925745,0.15732669830322266,0.10378456115722656,0.1481409486137843,-0.010066509246826172,0.10378456115722656,-0.025864663061989226,2.093566417694092,0.5311355590820312,1.9902607375484018,-0.5506601333618164,0.0073261260986328125,-0.551284616358518,-1.49176025390625,0.0659332275390625,-1.4759348908030736,-0.029241085052490234,0.10378456115722656,-0.027338334741747343,0.13009881973266602,0.07936477661132812,0.12474593801493138,-0.15771007537841797,0.07936477661132812,-0.19545267540744338,-0.0033555030822753906,0.16483497619628906,-0.01822886209438473,-2.112548828125,-0.5555553436279297,-1.9923754434392964,-0.523956298828125,0.2564105987548828,-0.4502252010172402,1.4875640869140625,-0.0659332275390625,1.4871646831995207,0.0001437664031982422,0.0030689239501953125,0.00013153456525469515,0.0,0.0,0.0
0.7008,1785806619.8063,ramp,0,0.013640,-0.06924951619624711,0.06979040837483141,0.009241678728252354,0.0243616234511137,-0.13295795023441315,0.1305423080921173,0.9821850657463074,-0.011600494384765625,0.0061054229736328125,0.0023124554987480443,0.03460979461669922,-0.3601951599121094,0.030703236701961657,0.03269243240356445,0.06715583801269531,0.02438747857773538,0.4832930564880371,-0.07936477661132812,0.4617709549979907,-0.2079472541809082,0.372406005859375,-0.19737382419832547,0.09443426132202148,0.15262603759765625,0.10478041732171023,0.29384899139404297,-0.25030517578125,0.2863999504713227,-0.023680686950683594,0.03052520751953125,-0.00802161651463465,-0.11322546005249023,-0.05494499206542969,-0.10385990138655604,0.3680543899536133,-0.372406005859375,0.3440488440665306,-0.39106321334838867,0.7997550964355469,-0.3623222706448001,-0.17420053482055664,-0.75091552734375,-0.16834253876162664,-0.13700151443481445,-0.23809432983398438,-0.07928470524616904,0.3491,0.15522099410573584,0.33391312672075624,-0.11323634192923791,0.7105878925788184,-0.16050873222091414,-0.04170417785644531,0.14041519165039062,-0.03584349912228074,-0.06298828125,-0.23809432983398438,-0.04129522576299845,0.15790176391601562,0.05494499206542969,0.14790906478294036,-0.00968313217163086,0.14041519165039062,-0.026479106007941764,2.090881824493408,0.5189247131347656,1.986146554624681,-0.5506601333618164,0.0073261260986328125,-0.5513030785725361,-1.490997314453125,0.15384674072265625,-1.4753316965586927,-0.028090476989746094,0.03052520751953125,-0.027463484769245088,0.13029050827026367,0.03052520751953125,0.1245706841923574,-0.15924406051635742,0.05494499206542969,-0.19695963882145956,-0.002972126007080078,0.11599540710449219,-0.018674245128870955,-2.10794734954834,-0.5433464050292969,-1.9873941107865731,-0.5212860107421875,0.5347976684570312,-0.44751533160059326,1.4875640869140625,-0.09523773193359375,1.4871979863097498,0.0001437664031982422,0.0030689239501953125,0.000131172943223124,0.0,0.0,0.0
0.7206,1785806619.8263,ramp,0,0.013031,-0.024395131909830472,0.056571130030382985,0.017515810226532907,0.024045072495937347,-0.13298435509204865,0.13038790225982666,0.9822097420692444,-0.011983871459960938,0.018314361572265625,0.0023426618895919134,0.03345918655395508,-0.3113555908203125,0.030434979925307606,0.033075809478759766,0.03052520751953125,0.024402074599326695,0.48348474502563477,-0.05494499206542969,0.46075903414073893,-0.20833110809326172,0.27472496032714844,-0.19685144662219917,0.09290027618408203,0.05494499206542969,0.1046823960780082,0.2936573028564453,-0.20146560668945312,0.2855966416515823,-0.02559804916381836,0.0061054229736328125,-0.00788216953732809,-0.11341714859008789,-0.04273414611816406,-0.10346411626847198,0.3678627014160156,-0.3113555908203125,0.3432871174442934,-0.39125537872314453,0.6898651123046875,-0.361257910728302,-0.17247486114501953,-0.4945049285888672,-0.16786685742047097,-0.1412200927734375,-0.27472496032714844,-0.07902384915829946,0.3491,0.15137135964110673,0.3338589540341671,-0.10654817722713618,0.6704627505449918,-0.16009234315356216,-0.041129112243652344,0.14041519165039062,-0.035764351095962266,-0.06490564346313477,-0.1770458221435547,-0.041348831666958276,0.15694332122802734,0.09157562255859375,0.1476802410883174,-0.009107589721679688,0.06715583801269531,-0.027085440242270085,2.0889644622802734,0.7142848968505859,1.982086665957437,-0.5506601333618164,0.0073261260986328125,-0.5513212971434782,-1.4906158447265625,0.15384674072265625,-1.474736462578504,-0.02732372283935547,0.05494499206542969,-0.027586983210555006,0.13029050827026367,0.09157562255859375,0.12439774316825827,-0.15924406051635742,0.1770458221435547,-0.1984467150647742,-0.002780437469482422,0.14041519165039062,-0.019113750510089678,-2.1050710678100586,-0.7997550964355469,-1.9824785160355562,-0.519378662109375,0.4468860626220703,-0.44484122392518477,1.4875640869140625,-0.08058547973632812,1.4872308499238163,0.0001437664031982422,0.0030689239501953125,0.0001308160934633973,0.0,0.0,0.0
0.7409,1785806619.8465,ramp,0,0.012745,-0.021239163263005078,0.07204331782136235,0.03478778100753924,0.02393770031630993,-0.13308249413967133,0.13053223490715027,0.9821798801422119,-0.012175559997558594,0.0061054229736328125,0.002373540592172866,0.032117366790771484,-0.39682579040527344,0.030160752485676005,0.03403472900390625,0.06715583801269531,0.024416995488482675,0.4838685989379883,-0.05494499206542969,0.4597245906897471,-0.20852279663085938,0.20146560668945312,-0.1963174423483507,0.09251689910888672,-0.1892547607421875,0.10458219314921291,0.29346513748168945,-0.23809432983398438,0.2847754533721338,-0.026940345764160156,-0.018314361572265625,-0.007739618851272322,-0.1138005256652832,-0.07936477661132812,-0.10305952205493436,0.3678627014160156,-0.34798622131347656,0.3425084368684632,-0.390871524810791,0.6410255432128906,-0.3601698610678671,-0.17209100723266602,-0.03052520751953125,-0.1673805887122107,-0.14582204818725586,-0.22588539123535156,-0.07875718712656618,0.3491,0.16562444465166667,0.33380357561157287,-0.10095731159843811,0.6651278655297698,-0.15966668640313542,-0.04074573516845703,0.128204345703125,-0.03568344145080836,-0.06663131713867188,-0.14041519165039062,-0.04140363069189027,0.15636777877807617,0.0061054229736328125,0.14744632440339273,-0.009107589721679688,0.06715583801269531,-0.027705269820164656,2.087430477142334,0.7997550964355469,1.9779364152599739,-0.5506601333618164,0.0073261260986328125,-0.5513399212100367,-1.4898529052734375,0.16849899291992188,-1.474127980316081,-0.025981426239013672,0.09157562255859375,-0.027713230389773847,0.13029050827026367,0.05494499206542969,0.12422095294943326,-0.15943574905395508,0.23809432983398438,-0.19996688956261005,-0.002780437469482422,0.15262603759765625,-0.01956303808037667,-2.1033449172973633,-0.8852252960205078,-1.9774535135746634,-0.5174713134765625,0.5201473236083984,-0.4421075979185166,1.4875640869140625,-0.09523773193359375,1.4872644449921493,0.0001437664031982422,0.0030689239501953125,0.00013045130120292367,0.0,0.0,0.0
0.7610,1785806619.8667,ramp,0,0.012554,-0.026521591138853082,0.0877511579181109,0.016221756326025485,0.02385285310447216,-0.13297486305236816,0.13069742918014526,0.9821745753288269,-0.01236724853515625,0.03052520751953125,0.0024040721871430087,0.030966758728027344,-0.40903472900390625,0.029889607637715455,0.03365135192871094,0.018314361572265625,0.024431748651868024,0.4838685989379883,-0.05494499206542969,0.45870177542144364,-0.20909786224365234,0.27472496032714844,-0.195789440818535,0.09155845642089844,0.04273414611816406,0.10448311660191373,0.29346513748168945,-0.2625160217285156,0.2839634960731955,-0.027898788452148438,0.018314361572265625,-0.007598670578009848,-0.1138005256652832,-0.03052520751953125,-0.10265947588645921,0.3680543899536133,-0.3235645294189453,0.34173850944388834,-0.39125537872314453,0.7264957427978516,-0.35909404217772073,-0.17151594161987305,-0.5799751281738281,-0.16689978615231246,-0.14984893798828125,-0.22588539123535156,-0.07849352264372557,0.3491,0.12466546027343803,0.33374881969803344,-0.09564393007998181,0.624758398534359,-0.15924581446182678,-0.04074573516845703,0.10378456115722656,-0.03560344131127721,-0.06797361373901367,-0.128204345703125,-0.04145781372077874,0.15655994415283203,-0.0061054229736328125,0.14721503717679518,-0.009107589721679688,0.07936477661132812,-0.028318131891463778,2.085129737854004,0.7264957427978516,1.9738328175460704,-0.5506601333618164,0.021978378295898438,-0.5513583359233937,-1.489471435546875,0.1978015899658203,-1.4735263380050374,-0.02444744110107422,0.14041519165039062,-0.027838058423980516,0.13029050827026367,0.04273414611816406,0.12404615003011703,-0.1611614227294922,0.15262603759765625,-0.20146997577324954,-0.002780437469482422,0.15262603759765625,-0.0200072752074114,-2.099318504333496,-0.8608055114746094,-1.9724849971851632,-0.5159454345703125,0.5641021728515625,-0.4394047006119787,1.4875640869140625,-0.09523773193359375,1.4872976624181937,0.0001437664031982422,0.0030689239501953125,0.0001300906095736097,0.0,0.0,0.0
0.7809,1785806619.8866,ramp,0,0.012415,-0.010590377365376838,0.07080819364205404,0.02944260447910084,0.023777280002832413,-0.13284096121788025,0.13077324628829956,0.9821844100952148,-0.01236724853515625,-0.0061054229736328125,0.0024343253542986167,0.029624462127685547,-0.27472496032714844,0.029620935450207584,0.034226417541503906,0.06715583801269531,0.024446367276227732,0.4838685989379883,-0.06715583801269531,0.4576882875472742,-0.20948123931884766,0.15262603759765625,-0.19526625431106456,0.09136629104614258,-0.15262603759765625,0.10438494356674886,0.2936573028564453,-0.15262603759765625,0.2831589432841251,-0.029241085052490234,0.0061054229736328125,-0.007459007659139287,-0.11399269104003906,-0.09157562255859375,-0.10226307787264188,0.3678627014160156,-0.34798622131347656,0.3409756032447158,-0.39106321334838867,0.5555553436279297,-0.35802803403944344,-0.17189931869506836,-0.09157562255859375,-0.16642336819158457,-0.1531081199645996,-0.1892547607421875,-0.07823226260538907,0.3491,0.0885284878629105,0.33369456312196244,-0.09087716912817938,0.5433632165777064,-0.15882878059235592,-0.04132080078125,0.03052520751953125,-0.03552417071974491,-0.06854867935180664,-0.09157562255859375,-0.04151150263652531,0.15655994415283203,0.0061054229736328125,0.14698585913568543,-0.009299278259277344,0.04273414611816406,-0.02892540506878962,2.0822534561157227,0.7264957427978516,1.9697666419106508,-0.5506601333618164,0.03663063049316406,-0.5513765827068275,-1.48870849609375,0.16849899291992188,-1.4729301822712255,-0.02329730987548828,0.1892547607421875,-0.027961748109640677,0.13029050827026367,0.05494499206542969,0.12387294119702022,-0.16250371932983398,0.15262603759765625,-0.20295935483858277,-0.00220489501953125,0.15262603759765625,-0.020447461187673866,-2.0954837799072266,-0.8974361419677734,-1.9675617903565021,-0.5140380859375,0.4908428192138672,-0.43672645192896364,1.4875640869140625,-0.08058547973632812,1.487330576923433,0.0001437664031982422,0.0030689239501953125,0.00012973320721176344,0.0,0.0,0.0
0.8004,1785806619.9059,ramp,0,0.012203,-0.0029346474766721985,0.05273212922357412,0.03976056231120589,0.023673001676797867,-0.13275472819805145,0.13085287809371948,0.9821881055831909,-0.012175559997558594,0.10378456115722656,0.002464011251818437,0.02847433090209961,-0.3113555908203125,0.029357301068267977,0.033843040466308594,-0.11599540710449219,0.024460711790386887,0.4838685989379883,0.018314361572265625,0.4566938033329298,-0.21044015884399414,0.2625160217285156,-0.19475287794406684,0.09136629104614258,0.20146560668945312,0.10428861134982349,0.2942323684692383,-0.21367454528808594,0.2823694764649064,-0.030391693115234375,0.018314361572265625,-0.007321963525029783,-0.11418437957763672,0.06715583801269531,-0.10187411261969118,0.3680543899536133,-0.1892547607421875,0.3402270021105144,-0.39298152923583984,0.628814697265625,-0.35698201435544064,-0.17189931869506836,-0.7264957427978516,-0.16595588342590617,-0.1557927131652832,-0.15262603759765625,-0.07797590138924962,0.3491,0.08902994612310626,0.3336413238974959,-0.08730480716763521,0.49682558010847294,-0.1584195664215642,-0.042279720306396484,-0.03052520751953125,-0.03544638651141858,-0.06893205642700195,-0.14041519165039062,-0.041564184844725356,0.1575183868408203,0.20146560668945312,0.1467609783551978,-0.010066509246826172,0.128204345703125,-0.02952129141734631,2.080911636352539,0.5677661895751953,1.965776710126326,-0.5506601333618164,0.03663063049316406,-0.5513944873493497,-1.48870849609375,-0.021978378295898438,-1.4723452049057557,-0.022530078887939453,-0.0061054229736328125,-0.028083118520675,0.13029050827026367,0.06715583801269531,0.12370298015980412,-0.16518783569335938,-0.10378456115722656,-0.204420806926367,-0.0020132064819335938,0.11599540710449219,-0.020879393349768523,-2.0937576293945312,-0.628814697265625,-1.9627308973583315,-0.513275146484375,0.4468860626220703,-0.43409842242290786,1.4875640869140625,-0.08058547973632812,1.4873628742569458,0.0001437664031982422,0.0030689239501953125,0.000129382506412983,0.0,0.0,0.0
0.8217,1785806619.9275,ramp,0,0.011867,-0.0337975220068961,0.04747865698279692,-0.01275714395361672,0.023490654304623604,-0.13259685039520264,0.13087831437587738,0.9822103977203369,-0.011408805847167969,-0.04273414611816406,0.0024964080624631972,0.02732372283935547,-0.16483497619628906,0.029069591621536797,0.03499317169189453,0.11599540710449219,0.024476366244111758,0.4838685989379883,-0.06715583801269531,0.4556085029218573,-0.2110152244567871,0.04273414611816406,-0.1941926200997482,0.09079122543334961,-0.1892547607421875,0.10418348208470231,0.29442405700683594,-0.128204345703125,0.28150791561651123,-0.03154182434082031,-0.0061054229736328125,-0.007172404534611638,-0.11418437957763672,-0.128204345703125,-0.10144962709962826,0.3678627014160156,-0.2991447448730469,0.3394100387973121,-0.3914470672607422,0.40903472900390625,-0.35584047226089205,-0.17209100723266602,0.05494499206542969,-0.165445707999245,-0.1584773063659668,-0.14041519165039062,-0.07769612929307551,0.3491,0.006675564699675527,0.333583222872497,-0.08299433351711,0.3801925070743865,-0.1579729828545543,-0.04342985153198242,-0.07936477661132812,-0.035361499057144426,-0.06950759887695312,0.0061054229736328125,-0.041621677986789375,0.15598440170288086,-0.16483497619628906,0.1465155614848391,-0.010449886322021484,0.128204345703125,-0.03017159404629999,2.0791854858398438,0.6898651123046875,1.9614224181795863,-0.5506601333618164,0.021978378295898438,-0.5514140270419955,-1.487945556640625,0.16849899291992188,-1.471706807467109,-0.021763324737548828,0.06715583801269531,-0.028215572465230005,0.13029050827026367,0.03052520751953125,0.12351749829805475,-0.16538000106811523,0.3113555908203125,-0.20601571866931573,-0.0020132064819335938,0.14041519165039062,-0.02135076951272333,-2.0945253372192383,-0.9951152801513672,-1.9574588477057198,-0.510986328125,0.5201473236083984,-0.43123040153118003,1.4875640869140625,-0.05128288269042969,1.4873981209796514,0.0001437664031982422,0.0030689239501953125,0.0001289997796531311,0.0,0.0,0.0
0.8412,1785806619.9467,ramp,0,0.011949,-0.003948242946515804,0.082670978401703,0.0038769446105586885,0.023513030260801315,-0.13258039951324463,0.1307641863822937,0.9822272658348083,-0.011024951934814453,0.10378456115722656,0.002525993881494223,0.026173114776611328,-0.33577537536621094,0.02880684601617944,0.03499317169189453,-0.11599540710449219,0.0244906623993726,0.48406028747558594,0.03052520751953125,0.4546173713592976,-0.2119741439819336,0.27472496032714844,-0.19368097445121563,0.09136629104614258,0.14041519165039062,0.10408747462746075,0.29519081115722656,-0.2625160217285156,0.28072111028482777,-0.0325007438659668,-0.0061054229736328125,-0.007035822410108905,-0.11437606811523438,0.11599540710449219,-0.10106197314456514,0.36824607849121094,-0.1892547607421875,0.33866396138233357,-0.3935565948486328,0.6654453277587891,-0.35479797896746423,-0.1726665496826172,-0.7753353118896484,-0.16497979924011485,-0.16096973419189453,-0.15262603759765625,-0.07744063233388095,0.3491,0.07586516671652302,0.3335301631305988,-0.08052429046194663,0.4328657800874018,-0.15756514824575085,-0.04477214813232422,0.0061054229736328125,-0.035283977078586146,-0.0700826644897461,-0.11599540710449219,-0.04167418259026046,0.15655994415283203,0.07936477661132812,0.14629143883297652,-0.011600494384765625,0.10378456115722656,-0.03076547151487531,2.07650089263916,0.5189247131347656,1.9574459374402602,-0.5506601333618164,0.03663063049316406,-0.5514318713235478,-1.4875640869140625,0.1831493377685547,-1.4711238022047457,-0.021955013275146484,-0.0061054229736328125,-0.02833653370664726,0.13029050827026367,0.05494499206542969,0.12334811024145166,-0.1690230369567871,0.04273414611816406,-0.20747224384133822,-0.00220489501953125,0.128204345703125,-0.021781245524872886,-2.090306282043457,-0.7020759582519531,-1.9526442408403994,-0.510223388671875,0.5201473236083984,-0.42861123176134397,1.4875640869140625,-0.09523773193359375,1.48743030943088,0.0001437664031982422,0.0030689239501953125,0.00012865026115331724,0.0,0.0,0.0
0.8651,1785806619.9708,ramp,0,0.011533,-0.017603238892287765,0.07217025905919665,-0.028754044179260852,0.023276589810848236,-0.1322769671678543,0.1308232545852661,0.9822659492492676,-0.01064157485961914,-0.05494499206542969,0.0025624318231542214,0.025406360626220703,-0.15262603759765625,0.028483248111744464,0.0355687141418457,0.10378456115722656,0.024508269566874387,0.48406028747558594,-0.07936477661132812,0.4533966921543022,-0.2123575210571289,0.0061054229736328125,-0.19305083085869684,0.09021615982055664,-0.21367454528808594,0.10396923169079489,0.29519081115722656,-0.128204345703125,0.27975207958996706,-0.03326749801635742,-0.03052520751953125,-0.006867607648867708,-0.11360883712768555,-0.128204345703125,-0.10058453791845072,0.3680543899536133,-0.3113555908203125,0.33774509125430635,-0.3922138214111328,0.3601951599121094,-0.3535140425732401,-0.17247486114501953,-0.14041519165039062,-0.16440598527315106,-0.1628870964050293,-0.128204345703125,-0.07712596187356091,0.3491,0.06256095626045306,0.3334648146682915,-0.0778667561245631,0.3569240383564402,-0.15706285849447085,-0.04592275619506836,-0.0061054229736328125,-0.03518850088679602,-0.0704660415649414,-0.04273414611816406,-0.04173884734320019,0.15636777877807617,-0.05494499206542969,0.14601540901934557,-0.01236724853515625,0.11599540710449219,-0.03149689194742923,2.071898937225342,0.5189247131347656,1.952548497452551,-0.5506601333618164,0.021978378295898438,-0.5514538483690197,-1.4868011474609375,0.16849899291992188,-1.4704057719986128,-0.022530078887939453,0.0061054229736328125,-0.028485509763496,0.13009881973266602,0.04273414611816406,0.12313949164218518,-0.17113256454467773,0.1770458221435547,-0.2092661025541499,-0.00220489501953125,0.128204345703125,-0.02231142046443717,-2.0858964920043945,-0.6410255432128906,-1.9467145633861296,-0.507171630859375,0.3589744567871094,-0.42538545811719247,1.4875640869140625,-0.124542236328125,1.487469952778484,0.0001437664031982422,0.0030689239501953125,0.00012821979361439425,0.0,0.0,0.0
0.8807,1785806619.9866,ramp,0,0.011996,0.004552202628813189,0.024057037367661106,0.0006040453767875403,0.023514065891504288,-0.13236883282661438,0.13080979883670807,0.9822496175765991,-0.010258197784423828,0.06715583801269531,0.0025862153640422466,0.02444744110107422,-0.1770458221435547,0.028272031351390038,0.03576040267944336,0.03052520751953125,0.02451976200495194,0.48406028747558594,0.0061054229736328125,0.4525999382088113,-0.21254920959472656,0.018314361572265625,-0.19263952755188984,0.0934758186340332,-0.128204345703125,0.10389205291529892,0.2959580421447754,-0.09157562255859375,0.2791195800550586,-0.033843040466308594,0.0061054229736328125,-0.006757811582743003,-0.11495113372802734,-0.03052520751953125,-0.10027290944262655,0.3674793243408203,-0.16483497619628906,0.3371453322046696,-0.39240598678588867,0.1770458221435547,-0.35267599979863473,-0.17650127410888672,-0.2991447448730469,-0.16403144908027972,-0.16442108154296875,-0.09157562255859375,-0.07692057217759213,0.348832000486517,0.07675842451897424,0.3334221608367507,-0.07649490459726262,0.31597732449485255,-0.1567350071314967,-0.04822349548339844,-0.06715583801269531,-0.0351261822758146,-0.07065773010253906,-0.10378456115722656,-0.04178105490832302,0.157135009765625,0.04273414611816406,0.14583524059984307,-0.012942790985107422,0.06715583801269531,-0.03197430002734501,2.0751585960388184,0.4212455749511719,1.9493518716584493,-0.5510416030883789,0.0073261260986328125,-0.5514681930859758,-1.4875640869140625,0.0073261260986328125,-1.4699371039018867,-0.023488998413085938,-0.0061054229736328125,-0.028582748465189423,0.12990713119506836,0.09157562255859375,0.12300332344059042,-0.17055749893188477,0.018314361572265625,-0.21043697857238375,-0.0033555030822753906,0.11599540710449219,-0.02265747286966334,-2.0926074981689453,-0.5555553436279297,-1.942844182136213,-0.5106048583984375,-0.27106285095214844,-0.4232799517173781,1.487945556640625,0.0073261260986328125,1.4874958285314968,0.0001437664031982422,0.0030689239501953125,0.00012793882158780524,0.0,0.0,0.0
0.9004,1785806620.0059,ramp,0,0.011582,-0.05370332165528797,0.09631887171765366,0.025161433626960154,0.023280620574951172,-0.13208222389221191,0.130869522690773,0.9822858572006226,-0.010066509246826172,0.06715583801269531,0.002616057511174401,0.024255752563476562,-0.3235645294189453,0.028007009348613002,0.03576040267944336,-0.11599540710449219,0.024534182020442157,0.48406028747558594,-0.018314361572265625,0.45160021959746544,-0.21312427520751953,0.23809432983398438,-0.19212344906486117,0.0921335220336914,0.20146560668945312,0.10379521366059441,0.2959580421447754,-0.1892547607421875,0.27832595793333065,-0.03403472900390625,0.05494499206542969,-0.006620046126570958,-0.11437606811523438,0.128204345703125,-0.09988189689870393,0.36767101287841797,-0.22588539123535156,0.33639279086158835,-0.39336490631103516,0.7142848968505859,-0.3516244744643476,-0.17381668090820312,-0.628814697265625,-0.16356150374175318,-0.16576337814331055,-0.018314361572265625,-0.07666286162240667,0.34823590709958474,0.02054093527356506,0.333368641391409,-0.07428767742515266,0.42150461151218954,-0.15632363909099278,-0.04937458038330078,0.0061054229736328125,-0.035047988655834514,-0.07161664962768555,-0.128204345703125,-0.04183401440558272,0.15771007537841797,0.16483497619628906,0.1456091761753457,-0.013326168060302734,-0.0061054229736328125,-0.03257332278135804,2.0701732635498047,-0.11599540710449219,1.9453409391516727,-0.5510416030883789,0.0073261260986328125,-0.5514861919683117,-1.486419677734375,0.05128288269042969,-1.469349047549618,-0.023680686950683594,-0.0061054229736328125,-0.028704757700758546,0.1297154426574707,-0.05494499206542969,0.12283246782553112,-0.17496728897094727,-0.2991447448730469,-0.21190612290939204,-0.002972126007080078,0.03052520751953125,-0.023091678476003276,-2.08627986907959,0.3601951599121094,-1.937987862075994,-0.5067901611328125,0.8131866455078125,-0.4206380897647455,1.4875640869140625,-0.08058547973632812,1.4875282958597298,0.0001437664031982422,0.0030689239501953125,0.0001275862749002886,0.0,0.0,0.0
0.9210,1785806620.0267,ramp,0,0.011262,-0.026655030073628266,0.05552431214608929,-0.009844105532476994,0.023081401363015175,-0.13181738555431366,0.13081640005111694,0.9823331832885742,-0.010066509246826172,0.05494499206542969,0.002647506113511995,0.024064064025878906,-0.20146560668945312,0.027727720745847992,0.0355687141418457,-0.05494499206542969,0.024549378290698632,0.48406028747558594,0.04273414611816406,0.450546684377011,-0.21389150619506836,0.20146560668945312,-0.19157958916625278,0.08983278274536133,0.22588539123535156,0.1036931613786864,0.29576635360717773,-0.1770458221435547,0.27748961373859116,-0.034801483154296875,0.03052520751953125,-0.006474864513873138,-0.11399269104003906,0.06715583801269531,-0.09946983546262908,0.36767101287841797,-0.21367454528808594,0.335599738895979,-0.3941316604614258,0.5799751281738281,-0.35051634367404433,-0.1717076301574707,-0.8608055114746094,-0.16306626042007533,-0.1659550666809082,-0.05494499206542969,-0.0763912780553015,0.34735311249487594,0.08129992738044489,0.33331224090030404,-0.07281509459218266,0.34533597664715865,-0.15589012638619604,-0.050141334533691406,0.04273414611816406,-0.03496558573592393,-0.07200002670288086,-0.03052520751953125,-0.04188982480561673,0.1557927131652832,-0.018314361572265625,0.14537094230573805,-0.014476776123046875,0.04273414611816406,-0.03320459198255528,2.065763473510742,0.8852252960205078,1.9411140911018343,-0.5510416030883789,0.0073261260986328125,-0.5515051597621033,-1.4860382080078125,0.16849899291992188,-1.4687293350908366,-0.024064064025878906,0.06715583801269531,-0.028833334907818572,0.12913990020751953,0.0061054229736328125,0.12265241475256186,-0.17420053482055664,0.2625160217285156,-0.2134543538669868,-0.003547191619873047,0.15262603759765625,-0.02354925813292497,-2.082061767578125,-0.9706954956054688,-1.9328701177755734,-0.5037384033203125,0.46153831481933594,-0.4178540117421009,1.4875640869140625,-0.0659332275390625,1.4875625109612787,0.0001437664031982422,0.0030689239501953125,0.00012721475000524512,0.0,0.0,0.0
0.9409,1785806620.0465,ramp,0,0.011304,-0.002481665361418712,0.09732324131088502,0.004146123097589797,0.02309049293398857,-0.13183341920375824,0.13071712851524353,0.9823440313339233,-0.010066509246826172,0.018314361572265625,0.002677768821513297,0.023680686950683594,-0.25030517578125,0.027458963828041635,0.03633546829223633,-0.018314361572265625,0.024564001525287694,0.4852104187011719,0.04273414611816406,0.44953287688237437,-0.21484994888305664,0.10378456115722656,-0.19105623766310728,0.08753156661987305,-0.06715583801269531,0.10359495738300178,0.2959580421447754,-0.1770458221435547,0.2766848072202509,-0.03576040267944336,-0.0061054229736328125,-0.006335157549949333,-0.1138005256652832,-0.018314361572265625,-0.09907331243802316,0.36824607849121094,-0.2625160217285156,0.33483659210148997,-0.39509057998657227,0.5189247131347656,-0.3494499993521502,-0.1699814796447754,-0.39682579040527344,-0.16258969221292113,-0.16653013229370117,-0.05494499206542969,-0.07612993562421255,0.34669960124914223,0.053606781647289506,0.33325796721350814,-0.07308994934958855,0.32194164875148,-0.155472960998072,-0.05129194259643555,0.05494499206542969,-0.03488629014507576,-0.07200002670288086,-0.10378456115722656,-0.04194353065306694,0.15617609024047852,0.14041519165039062,0.14514169198947394,-0.014668464660644531,0.16483497619628906,-0.03381205667370343,2.0630788803100586,0.7020759582519531,1.937046633129458,-0.5510416030883789,0.0073261260986328125,-0.5515234122999676,-1.4852752685546875,0.1831493377685547,-1.4681329913492753,-0.02502298355102539,0.05494499206542969,-0.028957063601103915,0.12894821166992188,0.03052520751953125,0.12247915129514288,-0.17592620849609375,0.10378456115722656,-0.2149442026330879,-0.003738880157470703,0.10378456115722656,-0.023989582933248578,-2.077268600463867,-0.7875461578369141,-1.927945358330737,-0.502593994140625,0.5494499206542969,-0.4151749184282647,1.4875640869140625,-0.08058547973632812,1.4875954358466612,0.0001437664031982422,0.0030689239501953125,0.00012685723493054574,0.0,0.0,0.0
0.9673,1785806620.0729,ramp,0,0.011232,0.05255783781379604,-1.8704130975147607e-05,-0.019615810534006663,0.023078979924321175,-0.1319120228290558,0.13081417977809906,0.9823207855224609,-0.010066509246826172,0.10378456115722656,0.002717898644756295,0.023488998413085938,-0.1892547607421875,0.027102579078651802,0.03614377975463867,0.14041519165039062,0.024583392645846847,0.4859776496887207,-0.05494499206542969,0.44818851881764193,-0.2154254913330078,-0.04273414611816406,-0.190362248106248,0.08695650100708008,0.2625160217285156,0.10346473410660462,0.2963414192199707,0.06715583801269531,0.27561759461903834,-0.03614377975463867,-0.0061054229736328125,-0.006149899318338439,-0.11418437957763672,-0.14041519165039062,-0.09854750361455208,0.36862945556640625,0.03052520751953125,0.3338246223210596,-0.39470720291137695,0.05494499206542969,-0.34803597489829285,-0.17189931869506836,-0.4822959899902344,-0.16195773958278947,-0.16710567474365234,0.0061054229736328125,-0.07578338284496218,0.34596569479419,-0.07437908950206695,0.33318599766412843,-0.07216904358356806,0.0294259835076129,-0.15491977939622092,-0.05167531967163086,0.0061054229736328125,-0.034781140333480925,-0.07219171524047852,0.03052520751953125,-0.04201474721984607,0.1540670394897461,-0.04273414611816406,0.1448376949159244,-0.014860153198242188,0.09157562255859375,-0.03461758441038479,2.0653796195983887,0.34798622131347656,1.931652985955756,-0.5510416030883789,-0.0073261260986328125,-0.5515476160532536,-1.484893798828125,0.05128288269042969,-1.4673422105328362,-0.024639129638671875,0.11599540710449219,-0.0291211338684248,0.12875652313232422,0.0061054229736328125,0.12224939552046486,-0.17247486114501953,0.21367454528808594,-0.21691981458558934,-0.004122257232666016,-0.03052520751953125,-0.02457347504249849,-2.0807199478149414,-0.47008514404296875,-1.9214148876925161,-0.5018310546875,0.27106285095214844,-0.41162231034272545,1.487945556640625,0.0659332275390625,1.4876390958466403,0.0001437664031982422,0.0030689239501953125,0.00012638315254658407,0.0,0.0,0.0
0.9808,1785806620.0866,ramp,0,0.011659,-0.002149380879674384,-0.043788027538219094,0.02212303313928875,0.023389659821987152,-0.13234549760818481,0.13112872838974,0.9822132587432861,-0.009107589721679688,0.07936477661132812,0.0027383777153572467,0.022530078887939453,-0.11599540710449219,0.026920708642800065,0.03633546829223633,-0.018314361572265625,0.024593288331769957,0.4859776496887207,0.018314361572265625,0.4475024653667232,-0.2154254913330078,0.04273414611816406,-0.19000809102349225,0.09117460250854492,0.22588539123535156,0.10339827850187702,0.2973003387451172,-0.0061054229736328125,0.27507297417368737,-0.03614377975463867,0.05494499206542969,-0.00605535824892994,-0.11591005325317383,-0.04273414611816406,-0.09827917260413961,0.36862945556640625,-0.0061054229736328125,0.3333081934184459,-0.39470720291137695,0.20146560668945312,-0.34731436926233805,-0.17515897750854492,-0.7264957427978516,-0.16163524121416828,-0.16710567474365234,-0.0061054229736328125,-0.07560652986481696,0.3456731436832753,-3.6924790746083095e-05,0.3331492701292489,-0.07198435999515324,0.005856288686588821,-0.15463747949644668,-0.05244255065917969,0.0061054229736328125,-0.03472748023130983,-0.07238340377807617,-0.04273414611816406,-0.042051090492284525,0.15502595901489258,-0.05494499206542969,0.14468255898387694,-0.014668464660644531,0.018314361572265625,-0.035028661710442444,2.0692148208618164,0.06715583801269531,1.9289004973490156,-0.5510416030883789,-0.0073261260986328125,-0.5515599677242129,-1.486419677734375,-0.05128288269042969,-1.4669386588881737,-0.02483081817626953,0.04273414611816406,-0.02920486228575761,0.12856483459472656,0.15262603759765625,0.12213214644358465,-0.17324161529541016,-0.06715583801269531,-0.2179280098225923,-0.003930568695068359,0.018314361572265625,-0.024871447143104592,-2.0858964920043945,-0.1770458221435547,-1.9180822547913507,-0.50946044921875,-0.5054950714111328,-0.40980934168446037,1.4883270263671875,-0.0073261260986328125,1.4876613764387225,0.0001437664031982422,0.0030689239501953125,0.00012614121859753506,0.0,0.0,0.0
1.0008,1785806620.1064,ramp,0,0.011133,-0.046668502573248796,0.10729100386261764,0.01714916472494275,0.02313403971493244,-0.13223567605018616,0.13125497102737427,0.9822171926498413,-0.008724212646484375,0.04273414611816406,0.0027688844375001846,0.023105144500732422,-0.27472496032714844,0.02664978468532877,0.0355687141418457,-0.018314361572265625,0.024608029476363497,0.4855942726135254,0.0061054229736328125,0.44648048334370083,-0.21561717987060547,0.11599540710449219,-0.18948051963467727,0.0904078483581543,-0.018314361572265625,0.10329928266814171,0.29749202728271484,-0.11599540710449219,0.2742616783427665,-0.035952091217041016,0.06715583801269531,-0.005914524800394086,-0.11495113372802734,0.07936477661132812,-0.09787945233672635,0.36901330947875977,-0.25030517578125,0.33253889322188884,-0.3939399719238281,0.6043949127197266,-0.34623942679733044,-0.17400884628295898,-0.5555553436279297,-0.16115483034422284,-0.16710567474365234,0.04273414611816406,-0.07534308017852163,0.34444392144667374,0.01683062501138673,0.3330945588230867,-0.07336097989931017,0.2634310163193406,-0.15421695042209543,-0.05110025405883789,0.07936477661132812,-0.03464754526458243,-0.07257509231567383,-0.04273414611816406,-0.04210522938050114,0.157135009765625,0.14041519165039062,0.1444514601774136,-0.01409292221069336,0.16483497619628906,-0.03564102450836869,2.0642294883728027,0.7875461578369141,1.924800242666387,-0.5510416030883789,0.0073261260986328125,-0.5515783674358647,-1.484893798828125,0.22710609436035156,-1.4663375067102287,-0.02444744110107422,0.018314361572265625,-0.02932958862772946,0.12856483459472656,-0.128204345703125,0.12195748592897446,-0.17841863632202148,0.128204345703125,-0.21942987153108479,-0.0025882720947265625,0.11599540710449219,-0.02531532236853184,-2.080336570739746,-0.6898651123046875,-1.9131177860465853,-0.50335693359375,0.9743595123291016,-0.40710864631652816,1.4875640869140625,-0.10988998413085938,1.4876945668039046,0.0001437664031982422,0.0030689239501953125,0.0001257808208087682,0.0,0.0,0.0
1.0206,1785806620.1262,ramp,0,0.011403,-0.005308166391516051,0.005269633259345317,0.015005848518457775,0.023244919255375862,-0.13191474974155426,0.13141106069087982,0.9822368025779724,-0.008724212646484375,-0.0061054229736328125,0.0027989810629763653,0.022913455963134766,-0.14041519165039062,0.02638250271244643,0.0355687141418457,0.07936477661132812,0.024622572458262486,0.48540210723876953,0.07936477661132812,0.4454722396508459,-0.21580886840820312,0.018314361572265625,-0.18896004029813254,0.08829879760742188,-0.23809432983398438,0.10320161761852827,0.29749202728271484,-0.05494499206542969,0.27346128862343827,-0.035952091217041016,0.0061054229736328125,-0.005775584551905816,-0.11495113372802734,-0.06715583801269531,-0.0974851054407469,0.3688211441040039,-0.22588539123535156,0.3317799345967686,-0.3952822685241699,0.2991447448730469,-0.3451789346006864,-0.17209100723266602,-0.1770458221435547,-0.16068087755572957,-0.1659550666809082,-0.0061054229736328125,-0.07508317200146163,0.3436495210547564,0.01250433117204615,0.3330405829916893,-0.07437029250603376,0.2107204726694012,-0.1538020744484234,-0.05052518844604492,0.07936477661132812,-0.03456868484999008,-0.07200002670288086,-0.03052520751953125,-0.0421586404888699,0.15617609024047852,-0.018314361572265625,0.14422346799282126,-0.01409292221069336,0.15262603759765625,-0.03624515541756236,2.061544895172119,0.6410255432128906,1.9207551070086843,-0.5510416030883789,0.0073261260986328125,-0.5515965198033286,-1.4845123291015625,0.2417583465576172,-1.4657444357185625,-0.024255752563476562,-0.018314361572265625,-0.02945263829474226,0.12779808044433594,0.018314361572265625,0.12178517334589622,-0.1791858673095703,0.20146560668945312,-0.22091154396857993,-0.002972126007080078,0.11599540710449219,-0.02575323065494967,-2.074392318725586,-0.7753353118896484,-1.9082200538091023,-0.5022125244140625,0.6080589294433594,-0.4044442559361698,1.4875640869140625,-0.08058547973632812,1.4877273109966636,0.0001437664031982422,0.0030689239501953125,0.00012542526778605616,0.0,0.0,0.0
1.0403,1785806620.1459,ramp,0,0.011655,0.011604374910127207,0.039762942511430144,0.0471143656739985,0.02342088520526886,-0.13205289840698242,0.1316552609205246,0.9821814894676208,-0.008724212646484375,-0.04273414611816406,0.0028289758088859956,0.022913455963134766,-0.25030517578125,0.026116125511149366,0.03518533706665039,-0.04273414611816406,0.024637066210964884,0.48674440383911133,0.10378456115722656,0.44446740894628384,-0.21619224548339844,0.10378456115722656,-0.1884413228271912,0.0859975814819336,-0.14041519165039062,0.10310428317318569,0.29787540435791016,-0.15262603759765625,0.2726636082895107,-0.03633546829223633,0.018314361572265625,-0.0056371146276505205,-0.11495113372802734,0.0061054229736328125,-0.09709209344162704,0.3697800636291504,-0.1892547607421875,0.3310235451093683,-0.3975830078125,0.4334545135498047,-0.344122032257842,-0.1686391830444336,-0.3846149444580078,-0.16020852913662634,-0.16576337814331055,0.0061054229736328125,-0.07482414363507814,0.3434429201549089,0.12859857164369098,0.33298678987294555,-0.07611629846510856,0.18110851117646004,-0.1533886028642369,-0.05052518844604492,0.0061054229736328125,-0.03449009138442373,-0.07161664962768555,-0.14041519165039062,-0.04221187079621916,0.1567516326904297,0.10378456115722656,0.14399624758063118,-0.014284610748291016,0.15262603759765625,-0.03684724129366033,2.0579018592834473,0.6654453277587891,1.916723664469759,-0.5510416030883789,0.0073261260986328125,-0.5516146107235271,-1.484130859375,0.22710609436035156,-1.4651533723212564,-0.02502298355102539,0.03052520751953125,-0.02957527142845471,0.12741422653198242,0.06715583801269531,0.1216134440551638,-0.17995262145996094,0.21367454528808594,-0.22238820082232397,-0.003738880157470703,0.09157562255859375,-0.026189656585598273,-2.0690231323242188,-0.7753353118896484,-1.9033389008003379,-0.4991607666015625,0.622711181640625,-0.40178888473762253,1.4875640869140625,-0.09523773193359375,1.487759944347622,0.0001437664031982422,0.0030689239501953125,0.00012507091833973403,0.0,0.0,0.0
1.0609,1785806620.1665,ramp,0,0.011551,-0.030718140047356502,0.05731808013712296,0.02392661529505828,0.023447511717677116,-0.13216592371463776,0.1321093738079071,0.9821045994758606,-0.009491443634033203,-0.0061054229736328125,0.002860328908447515,0.023488998413085938,-0.23809432983398438,0.02583768504899816,0.03403472900390625,-0.06715583801269531,0.024652216333351896,0.4873199462890625,0.05494499206542969,0.4434170730902134,-0.2163839340209961,0.21367454528808594,-0.1878991145164516,0.08235454559326172,0.07936477661132812,0.10300254080254567,0.29787540435791016,-0.16483497619628906,0.27182980389579303,-0.036527156829833984,0.04273414611816406,-0.005492373900906829,-0.115142822265625,0.11599540710449219,-0.09668128334927283,0.3711223602294922,-0.1770458221435547,0.3302329014754067,-0.3989253044128418,0.5555553436279297,-0.34301726662715987,-0.16538000106811523,-1.0439567565917969,-0.15971478976452136,-0.16538000106811523,-0.0061054229736328125,-0.07455338481001766,0.34324180183454217,0.055840433071033334,0.3329305606582431,-0.07859741582955147,-0.029412108736581455,-0.15295640664614207,-0.04994964599609375,-0.0061054229736328125,-0.03440793870481075,-0.07161664962768555,0.018314361572265625,-0.04226751171183285,0.15521764755249023,-0.07936477661132812,0.14375873717706686,-0.01409292221069336,0.1770458221435547,-0.03747659346336227,2.0531082153320312,0.5921859741210938,1.912509652466447,-0.5510416030883789,0.021978378295898438,-0.5516335209161274,-1.483367919921875,0.2417583465576172,-1.4645355417985795,-0.025406360626220703,0.03052520751953125,-0.029703458173640396,0.12722253799438477,0.05494499206542969,0.12143393776542277,-0.18033599853515625,0.2625160217285156,-0.2239317301288607,-0.004122257232666016,0.11599540710449219,-0.026645846669557653,-2.064229965209961,-0.8608055114746094,-1.8982366980105598,-0.4957275390625,0.6666660308837891,-0.39901326137306137,1.4875640869140625,-0.09523773193359375,1.4877940555451197,0.0001437664031982422,0.0030689239501953125,0.00012470052168748097,0.0,0.0,0.0
1.0908,1785806620.1965,ramp,0,0.011815,0.026200286995118827,-0.1038420438033969,0.0445462919184027,0.023622479289770126,-0.13226667046546936,0.13233909010887146,0.9820559620857239,-0.009491443634033203,0.07936477661132812,0.0029056832744748626,0.02329730987548828,-0.15262603759765625,0.02543490220411703,0.033843040466308594,0.11599540710449219,0.024674132003754803,0.4880867004394531,0.05494499206542969,0.4418976916722967,-0.21657562255859375,0.04273414611816406,-0.18711477374848062,0.0833134651184082,0.39682579040527344,0.10285536362443468,0.29787540435791016,0.15262603759765625,0.2706236497931123,-0.036719322204589844,0.04273414611816406,-0.005282996710402363,-0.11629343032836914,-0.15262603759765625,-0.0960870189366012,0.37131404876708984,0.09157562255859375,0.32908918231291917,-0.3985419273376465,0.018314361572265625,-0.34141914888157376,-0.16691350936889648,-0.14041519165039062,-0.15900056257429973,-0.1642293930053711,0.05494499206542969,-0.07416171396953722,0.34188040855325263,-0.040763288989614795,0.3328492213195267,-0.08162519835111244,-0.12856426814197383,-0.15233120576504106,-0.048415184020996094,-0.05494499206542969,-0.03428909933156205,-0.07123327255249023,-0.05494499206542969,-0.04234800003637276,0.15291643142700195,0.09157562255859375,0.14341516241319313,-0.014284610748291016,0.03052520751953125,-0.03838699368101092,2.055792808532715,0.5433464050292969,1.9064138008436489,-0.5514230728149414,-0.03663063049316406,-0.5516608757808404,-1.4837493896484375,-0.16849899291992188,-1.4636418084178218,-0.02559804916381836,0.03052520751953125,-0.02988888891708567,0.12722253799438477,-0.05494499206542969,0.12117426985115001,-0.17515897750854492,0.09157562255859375,-0.2261645490246526,-0.004889488220214844,0.018314361572265625,-0.027305756290465874,-2.0695981979370117,-0.6043949127197266,-1.8908560187121928,-0.494964599609375,-0.34432220458984375,-0.3949981356026936,1.4883270263671875,0.0659332275390625,1.4878433996852076,0.0001437664031982422,0.0030689239501953125,0.00012416471803245078,0.0,0.0,0.0
1.1007,1785806620.2062,ramp,0,0.011952,-0.007263459784000879,-0.026158516977896618,-0.0015032951384035837,0.0237802192568779,-0.13273587822914124,0.13253569602966309,0.9819623231887817,-0.009107589721679688,-0.1770458221435547,0.0029208075466179073,0.02329730987548828,0.2625160217285156,0.02530058663774227,0.034226417541503906,-0.14041519165039062,0.02468144019902692,0.48847007751464844,-0.04273414611816406,0.441391025168794,-0.21657562255859375,-0.1770458221435547,-0.18685322046779923,0.08350515365600586,-0.5677661895751953,0.10280628460757324,0.29883480072021484,0.0061054229736328125,0.27022143486887784,-0.03614377975463867,-0.018314361572265625,-0.005213175921642442,-0.1178274154663086,0.07936477661132812,-0.09588885021571658,0.37131404876708984,0.10378456115722656,0.32870778750170637,-0.3996925354003906,-0.4822959899902344,-0.34088622625872644,-0.16403770446777344,1.3858356475830078,-0.15876238999372919,-0.16346263885498047,0.05494499206542969,-0.07403110391143719,0.3424004562865556,0.07621780955710332,0.33282209717686,-0.08300471289974318,-0.27512938404157117,-0.15212272069297236,-0.04879951477050781,0.03052520751953125,-0.03424947009231223,-0.07027435302734375,0.128204345703125,-0.04237484039224822,0.15291643142700195,0.03052520751953125,0.14330059090254352,-0.012558937072753906,-0.05494499206542969,-0.038690583872140534,2.0584769248962402,-0.3601951599121094,1.904381023694229,-0.5514230728149414,-0.0073261260986328125,-0.551669997778447,-1.4852752685546875,-0.124542236328125,-1.463343776099042,-0.025789737701416016,0.04273414611816406,-0.0299507243096444,0.12741422653198242,0.10378456115722656,0.12108767866828771,-0.17592620849609375,-0.128204345703125,-0.22690912476419062,-0.0050811767578125,0.04273414611816406,-0.02752581564903813,-2.076117515563965,0.372406005859375,-1.8883947914459638,-0.5022125244140625,-0.7692298889160156,-0.3936592158875999,1.4883270263671875,-0.0073261260986328125,1.4878598544230583,0.0001437664031982422,0.0030689239501953125,0.00012398604415816424,0.0,0.0,0.0
1.1201,1785806620.2259,ramp,0,0.011141,0.03741094266640224,0.015334163225702203,-0.0370718473582295,0.023293130099773407,-0.13222670555114746,0.1323893815279007,0.9820624589920044,-0.009491443634033203,0.11599540710449219,0.002950355787919433,0.025214672088623047,-0.21367454528808594,0.025038174752511945,0.03269243240356445,0.04273414611816406,0.024695718196363695,0.48847007751464844,0.018314361572265625,0.44040115246858724,-0.21695947647094727,0.22588539123535156,-0.18634222467390685,0.0775604248046875,0.3235645294189453,0.10271039909193669,0.29787540435791016,-0.07936477661132812,0.2694356288794094,-0.035952091217041016,0.018314361572265625,-0.005076767273700345,-0.11495113372802734,0.21367454528808594,-0.0955016886301717,0.3718891143798828,-0.04273414611816406,0.3279626576993411,-0.39873361587524414,0.6043949127197266,-0.3398450570635413,-0.1584773063659668,-1.0683765411376953,-0.15829707299760903,-0.16173696517944336,0.15262603759765625,-0.0737759314656729,0.34053630438990395,-0.06632722841107948,0.33276910482754024,-0.08667176229296433,0.1814743414146622,-0.15171540408566803,-0.04515552520751953,0.11599540710449219,-0.03417204657646468,-0.06950759887695312,0.0061054229736328125,-0.04242727830823688,0.15464210510253906,0.09157562255859375,0.1430767529147755,-0.012558937072753906,0.10378456115722656,-0.039283707041271,2.038918972015381,0.1892547607421875,1.9004095935880263,-0.5514230728149414,-0.0073261260986328125,-0.5516878193955065,-1.4806976318359375,0.3150177001953125,-1.4627615113270478,-0.025789737701416016,0.04273414611816406,-0.030071531914996848,0.12741422653198242,-0.06715583801269531,0.12091850575592533,-0.18378734588623047,-0.03052520751953125,-0.22836379996515543,-0.003930568695068359,0.07936477661132812,-0.027955744902244686,-2.0498485565185547,-0.21367454528808594,-1.8835862997398771,-0.4808502197265625,1.1501827239990234,-0.39104337279440654,1.487945556640625,-0.0073261260986328125,1.4878920019908854,0.0001437664031982422,0.0030689239501953125,0.00012363696959102058,0.0,0.0,0.0
1.1408,1785806620.2464,ramp,0,0.012352,-0.038854738000685875,0.011375473093542995,0.019147556074154276,0.02395699918270111,-0.1326339989900589,0.1324937790632248,0.9819774627685547,-0.009491443634033203,-0.09157562255859375,0.0029817519171230684,0.024639129638671875,-0.0061054229736328125,0.024759352152913257,0.03269243240356445,0.14041519165039062,0.02471088911109193,0.4896206855773926,0.07936477661132812,0.4393493751098705,-0.21695947647094727,-0.03052520751953125,-0.18579927222527054,0.07775211334228516,-0.15262603759765625,0.10260851708796351,0.298642635345459,-0.06715583801269531,0.2686006801553015,-0.03614377975463867,0.018314361572265625,-0.00493182790179051,-0.11495113372802734,-0.14041519165039062,-0.09509031473355253,0.372464656829834,-0.15262603759765625,0.32717092896970834,-0.40045928955078125,0.1770458221435547,-0.33873877522966467,-0.15924406051635742,0.1892547607421875,-0.1578026560073809,-0.1598191261291504,0.03052520751953125,-0.07350480104560252,0.3412231196937317,0.14768723744419204,0.3327127984427009,-0.0906211398826653,0.06376275809832331,-0.15128261471254706,-0.04553937911987305,0.0061054229736328125,-0.03408978114881554,-0.06797361373901367,0.128204345703125,-0.04248299558659362,0.15483379364013672,0.018314361572265625,0.1428389165470224,-0.013326168060302734,0.22588539123535156,-0.03991392294690356,2.037576675415039,0.9218559265136719,1.8961897981875093,-0.5514230728149414,0.0073261260986328125,-0.551706755540846,-1.481842041015625,0.28571510314941406,-1.462142832880987,-0.025789737701416016,0.06715583801269531,-0.030199894586322107,0.12683916091918945,-0.03052520751953125,0.12073875310804065,-0.18091154098510742,0.40903472900390625,-0.22990944764322752,-0.006806850433349609,0.16483497619628906,-0.02841256107090779,-2.047739028930664,-1.1294269561767578,-1.8784770945814937,-0.4854278564453125,0.8131866455078125,-0.38826394010694915,1.487945556640625,-0.0659332275390625,1.487926160003296,0.0001437664031982422,0.0030689239501953125,0.00012326606459874342,0.0,0.0,0.0
1.1606,1785806620.2663,ramp,0,0.012484,-0.005636490461436187,0.08071864829607954,0.02647416606550366,0.024109069257974625,-0.1328991800546646,0.13286465406417847,0.981887698173523,-0.009874820709228516,0.04273414611816406,0.0030118747297280266,0.02483081817626953,-0.21367454528808594,0.02449183761749829,0.03230905532836914,0.05494499206542969,0.024725444746866016,0.4900040626525879,0.03052520751953125,0.43834025414233757,-0.21715116500854492,0.0061054229736328125,-0.18527834001870475,0.07909440994262695,-0.2625160217285156,0.10251076705981206,0.298642635345459,-0.06715583801269531,0.2677995940154171,-0.03614377975463867,0.018314361572265625,-0.004792766761138348,-0.11629343032836914,-0.03052520751953125,-0.09469562471561888,0.37303972244262695,-0.1892547607421875,0.3264113099733026,-0.40084266662597656,0.3235645294189453,-0.33767736029682405,-0.16058635711669922,0.03052520751953125,-0.157328290831701,-0.15790176391601562,0.11599540710449219,-0.07324466672196309,0.34132126990553935,0.07284708253046869,0.332658775646834,-0.09364957123923039,0.1457822461330251,-0.15086737775453285,-0.04592275619506836,-0.0061054229736328125,-0.034010852117632474,-0.06816530227661133,-0.128204345703125,-0.0425364531680653,0.15560102462768555,0.05494499206542969,0.14261072598601401,-0.012751102447509766,0.25030517578125,-0.040518579511504366,2.0379600524902344,1.0317459106445312,1.892141142849885,-0.5514230728149414,0.0073261260986328125,-0.551724923702718,-1.481842041015625,0.1831493377685547,-1.461549245857168,-0.025981426239013672,0.07936477661132812,-0.030323051319074847,0.1270308494567871,-0.018314361572265625,0.12056629059546928,-0.18302059173583984,0.33577537536621094,-0.2313924092866158,-0.0050811767578125,0.23809432983398438,-0.028850850382125176,-2.0481224060058594,-1.3003654479980469,-1.8735751008182484,-0.4846649169921875,0.4468860626220703,-0.3855972314356561,1.4875640869140625,-0.10988998413085938,1.4879589326868372,0.0001437664031982422,0.0030689239501953125,0.0001229102022086971,0.0,0.0,0.0
1.1809,1785806620.2868,ramp,0,0.012183,-0.044588028646111284,0.09893638456217325,-0.049625880545943746,0.02402879111468792,-0.13319244980812073,0.13306501507759094,0.9818228483200073,-0.009491443634033203,0.0061054229736328125,0.003042874977700411,0.025789737701416016,-0.20146560668945312,0.024216530758114384,0.03154182434082031,0.04273414611816406,0.02474042436793627,0.4900040626525879,0.018314361572265625,0.43730173889351565,-0.21695947647094727,0.09157562255859375,-0.18474223378612528,0.07947778701782227,-0.05494499206542969,0.10241016971016406,0.2990264892578125,-0.1770458221435547,0.2669751733575808,-0.03518533706665039,0.018314361572265625,-0.004649654964106815,-0.11686849594116211,0.07936477661132812,-0.09428943792992164,0.3736147880554199,-0.20146560668945312,0.32562956433879187,-0.3998842239379883,0.47008514404296875,-0.33658502783268235,-0.1602029800415039,-0.8852252960205078,-0.15684010806243598,-0.15502595901489258,0.11599540710449219,-0.07297695504959345,0.34127613924786776,0.059356629063922,0.3326031792425408,-0.09685949796422352,0.09321466335499115,-0.15044004552515064,-0.04534769058227539,0.05494499206542969,-0.033929623994250244,-0.06835699081420898,0.04273414611816406,-0.04259146789405914,0.15464210510253906,0.15262603759765625,0.14237588855336825,-0.01236724853515625,0.25030517578125,-0.04114084887547703,2.032783031463623,0.7997550964355469,1.8879745558492937,-0.5514230728149414,0.0073261260986328125,-0.5517436210777147,-1.481842041015625,0.2417583465576172,-1.4609383684742059,-0.025406360626220703,-0.0061054229736328125,-0.0304497954350667,0.1270308494567871,-0.0061054229736328125,0.12038880449130736,-0.18397903442382812,0.21367454528808594,-0.2329185675269325,-0.0050811767578125,0.21367454528808594,-0.029301906447492334,-2.0450544357299805,-0.9096450805664062,-1.8685303188381395,-0.4839019775390625,0.7399272918701172,-0.3828528452734361,1.4875640869140625,-0.10988998413085938,1.4879926599927769,0.0001437664031982422,0.0030689239501953125,0.00012254397404533947,0.0,0.0,0.0
1.2008,1785806620.3064,ramp,0,0.013060,-0.00944659649056634,0.09862779077086033,-0.0016745618837795484,0.02441938780248165,-0.13304394483566284,0.13292455673217773,0.9818523526191711,-0.009299278259277344,0.0061054229736328125,0.0030730855533128137,0.025789737701416016,-0.23809432983398438,0.023948236817387215,0.03154182434082031,0.05494499206542969,0.024755022411648404,0.4896206855773926,0.03052520751953125,0.4362896778455809,-0.21695947647094727,0.10378456115722656,-0.18421978384023938,0.07966995239257812,-0.05494499206542969,0.10231213488667956,0.29921817779541016,-0.10378456115722656,0.26617175324809733,-0.03499317169189453,0.04273414611816406,-0.004510188667930754,-0.11667680740356445,0.06715583801269531,-0.09389359798009297,0.3732314109802246,-0.21367454528808594,0.3248677321875752,-0.40084266662597656,0.3235645294189453,-0.3355205204606371,-0.15943574905395508,-0.5311355590820312,-0.15636436082077873,-0.15195798873901367,0.09157562255859375,-0.07271606282293609,0.3400742010523706,0.07323485195443996,0.3325489990509122,-0.10061345986557202,0.08725011533531733,-0.15002359877159988,-0.04515552520751953,-0.0061054229736328125,-0.03385046500282933,-0.06701469421386719,-0.04273414611816406,-0.04264508122453681,0.15502595901489258,0.09157562255859375,0.1421470331576989,-0.012751102447509766,0.22588539123535156,-0.041747267110851284,2.0318245887756348,0.9096450805664062,1.883914104728414,-0.5518045425415039,0.0073261260986328125,-0.5517618421726426,-1.4814605712890625,0.2417583465576172,-1.4603430520307914,-0.02559804916381836,0.0061054229736328125,-0.030573310985749065,0.12683916091918945,0.06715583801269531,0.12021583950810107,-0.1849379539489746,0.21367454528808594,-0.23440584978856632,-0.005272865295410156,0.1770458221435547,-0.029741472717424947,-2.041794776916504,-0.9584865570068359,-1.8636140430846706,-0.4823760986328125,0.6373634338378906,-0.38017836712935055,1.4875640869140625,-0.08058547973632812,1.4880255281597414,0.0001437664031982422,0.0030689239501953125,0.00012218707484794067,0.0,0.0,0.0
1.2208,1785806620.3264,ramp,0,0.013547,-0.011783035568568695,0.10149327720237993,0.014037082060049421,0.024653727188706398,-0.13286231458187103,0.13306674361228943,0.9818518757820129,-0.009491443634033203,0.018314361572265625,0.0031034782264424366,0.026364803314208984,-0.23809432983398438,0.023678325705867975,0.031158447265625,-0.018314361572265625,0.024769708446650426,0.4894289970397949,0.05494499206542969,0.43527151649004303,-0.2167677879333496,0.1770458221435547,-0.18369418477070756,0.07851934432983398,0.14041519165039062,0.10221350914767638,0.2990264892578125,-0.128204345703125,0.2653634904368693,-0.034801483154296875,0.05494499206542969,-0.004369881723546084,-0.11667680740356445,0.16483497619628906,-0.0934953720620853,0.37303972244262695,-0.15262603759765625,0.32410130801053766,-0.40180158615112305,0.45787620544433594,-0.33444959665508855,-0.15636777877807617,-0.7875461578369141,-0.1558857459610846,-0.14927339553833008,0.10378456115722656,-0.07245359804012005,0.33989312261904286,0.10670622480966283,0.3324944922823092,-0.10455277096579686,-0.03544179167092119,-0.1496046418401283,-0.04458045959472656,0.03052520751953125,-0.03377082887201232,-0.06663131713867188,0.09157562255859375,-0.04269901771517185,0.1557927131652832,-0.10378456115722656,0.14191679831134021,-0.012942790985107422,0.04273414611816406,-0.042357340597832645,2.0276060104370117,-1.0195369720458984,1.8798291787985337,-0.5518045425415039,0.0073261260986328125,-0.5517801730971941,-1.4810791015625,0.2564105987548828,-1.4597441472530237,-0.025406360626220703,-0.07936477661132812,-0.030697571039793627,0.12683916091918945,0.04273414611816406,0.12004183195972117,-0.18819761276245117,-0.1892547607421875,-0.23590209680514967,-0.005847930908203125,-0.0061054229736328125,-0.030183688520667867,-2.0354671478271484,1.2393169403076172,-1.8586681339465165,-0.479705810546875,0.7399272918701172,-0.37748776827852476,1.4875640869140625,-0.08058547973632812,1.4880585944431428,0.0001437664031982422,0.0030689239501953125,0.00012182802440196659,0.0,0.0,0.0
1.2408,1785806620.3465,ramp,0,0.013942,-0.018907141287341975,0.09051765798086361,0.005017887034183918,0.024844853207468987,-0.13275519013404846,0.1331533044576645,0.9818497896194458,-0.00968313217163086,0.018314361572265625,0.003133915048803893,0.02655649185180664,-0.20146560668945312,0.023408022514054064,0.030966758728027344,0.05494499206542969,0.024784415814990295,0.4894289970397949,0.05494499206542969,0.4342518761253526,-0.21657562255859375,0.05494499206542969,-0.18316782220152986,0.07832765579223633,-0.03052520751953125,0.10211474014221562,0.29883480072021484,-0.10378456115722656,0.26455405352087985,-0.03460979461669922,0.04273414611816406,-0.004229370965439962,-0.11667680740356445,0.06715583801269531,-0.09309656767017041,0.3736147880554199,-0.15262603759765625,0.323333770504688,-0.4019932746887207,0.3235645294189453,-0.33337711719620333,-0.15598440170288086,-0.4945049285888672,-0.1554064358522984,-0.14639759063720703,0.09157562255859375,-0.07219075199375094,0.3396377453742749,0.11923180448032131,0.3324399063356769,-0.10821504497655249,0.09860730178892926,-0.14918507632030995,-0.044005393981933594,-0.0061054229736328125,-0.03369107705956419,-0.06548070907592773,0.018314361572265625,-0.042753032555434764,0.1554093360900879,0.11599540710449219,0.14168622901951947,-0.013326168060302734,0.28693580627441406,-0.04296830029431908,2.0224289894104004,0.9340667724609375,1.8757383189930406,-0.5518045425415039,0.0073261260986328125,-0.5517985306497502,-1.480316162109375,0.15384674072265625,-1.4591443724897246,-0.025789737701416016,-0.03052520751953125,-0.030822011597405954,0.12683916091918945,0.0061054229736328125,0.11986757164319675,-0.18743038177490234,0.27472496032714844,-0.23740051731124917,-0.006231784820556641,0.20146560668945312,-0.03062654669873364,-2.0297155380249023,-1.1904754638671875,-1.853715040244891,-0.4747467041015625,0.2417583465576172,-0.3747932609899012,1.4875640869140625,-0.05128288269042969,1.4880917087595358,0.0001437664031982422,0.0030689239501953125,0.00012146845238945207,0.0,0.0,0.0
