t_s,wall_time,phase,frame,roll,base_ang_vel_x,base_ang_vel_y,base_ang_vel_z,base_quat_x,base_quat_y,base_quat_z,base_quat_w,left_hip_pitch_joint__pos_meas,left_hip_pitch_joint__vel_meas,left_hip_pitch_joint__tgt,left_hip_pitch_joint__eff_meas,left_hip_pitch_joint__eff_cmd,left_hip_roll_joint__pos_meas,left_hip_roll_joint__vel_meas,left_hip_roll_joint__tgt,left_hip_roll_joint__eff_meas,left_hip_roll_joint__eff_cmd,left_hip_yaw_joint__pos_meas,left_hip_yaw_joint__vel_meas,left_hip_yaw_joint__tgt,left_hip_yaw_joint__eff_meas,left_hip_yaw_joint__eff_cmd,left_knee_joint__pos_meas,left_knee_joint__vel_meas,left_knee_joint__tgt,left_knee_joint__eff_meas,left_knee_joint__eff_cmd,left_ankle_pitch_joint__pos_meas,left_ankle_pitch_joint__vel_meas,left_ankle_pitch_joint__tgt,left_ankle_pitch_joint__eff_meas,left_ankle_pitch_joint__eff_cmd,left_ankle_roll_joint__pos_meas,left_ankle_roll_joint__vel_meas,left_ankle_roll_joint__tgt,left_ankle_roll_joint__eff_meas,left_ankle_roll_joint__eff_cmd,right_hip_pitch_joint__pos_meas,right_hip_pitch_joint__vel_meas,right_hip_pitch_joint__tgt,right_hip_pitch_joint__eff_meas,right_hip_pitch_joint__eff_cmd,right_hip_roll_joint__pos_meas,right_hip_roll_joint__vel_meas,right_hip_roll_joint__tgt,right_hip_roll_joint__eff_meas,right_hip_roll_joint__eff_cmd,right_hip_yaw_joint__pos_meas,right_hip_yaw_joint__vel_meas,right_hip_yaw_joint__tgt,right_hip_yaw_joint__eff_meas,right_hip_yaw_joint__eff_cmd,right_knee_joint__pos_meas,right_knee_joint__vel_meas,right_knee_joint__tgt,right_knee_joint__eff_meas,right_knee_joint__eff_cmd,right_ankle_pitch_joint__pos_meas,right_ankle_pitch_joint__vel_meas,right_ankle_pitch_joint__tgt,right_ankle_pitch_joint__eff_meas,right_ankle_pitch_joint__eff_cmd,right_ankle_roll_joint__pos_meas,right_ankle_roll_joint__vel_meas,right_ankle_roll_joint__tgt,right_ankle_roll_joint__eff_meas,right_ankle_roll_joint__eff_cmd,waist_yaw_joint__pos_meas,waist_yaw_joint__vel_meas,waist_yaw_joint__tgt,waist_yaw_joint__eff_meas,waist_yaw_joint__eff_cmd,waist_pitch_joint__pos_meas,waist_pitch_joint__vel_meas,waist_pitch_joint__tgt,waist_pitch_joint__eff_meas,waist_pitch_joint__eff_cmd,waist_roll_joint__pos_meas,waist_roll_joint__vel_meas,waist_roll_joint__tgt,waist_roll_joint__eff_meas,waist_roll_joint__eff_cmd,left_shoulder_pitch_joint__pos_meas,left_shoulder_pitch_joint__vel_meas,left_shoulder_pitch_joint__tgt,left_shoulder_pitch_joint__eff_meas,left_shoulder_pitch_joint__eff_cmd,left_shoulder_roll_joint__pos_meas,left_shoulder_roll_joint__vel_meas,left_shoulder_roll_joint__tgt,left_shoulder_roll_joint__eff_meas,left_shoulder_roll_joint__eff_cmd,left_shoulder_yaw_joint__pos_meas,left_shoulder_yaw_joint__vel_meas,left_shoulder_yaw_joint__tgt,left_shoulder_yaw_joint__eff_meas,left_shoulder_yaw_joint__eff_cmd,left_elbow_joint__pos_meas,left_elbow_joint__vel_meas,left_elbow_joint__tgt,left_elbow_joint__eff_meas,left_elbow_joint__eff_cmd,left_wrist_yaw_joint__pos_meas,left_wrist_yaw_joint__vel_meas,left_wrist_yaw_joint__tgt,left_wrist_yaw_joint__eff_meas,left_wrist_yaw_joint__eff_cmd,left_wrist_pitch_joint__pos_meas,left_wrist_pitch_joint__vel_meas,left_wrist_pitch_joint__tgt,left_wrist_pitch_joint__eff_meas,left_wrist_pitch_joint__eff_cmd,left_wrist_roll_joint__pos_meas,left_wrist_roll_joint__vel_meas,left_wrist_roll_joint__tgt,left_wrist_roll_joint__eff_meas,left_wrist_roll_joint__eff_cmd,right_shoulder_pitch_joint__pos_meas,right_shoulder_pitch_joint__vel_meas,right_shoulder_pitch_joint__tgt,right_shoulder_pitch_joint__eff_meas,right_shoulder_pitch_joint__eff_cmd,right_shoulder_roll_joint__pos_meas,right_shoulder_roll_joint__vel_meas,right_shoulder_roll_joint__tgt,right_shoulder_roll_joint__eff_meas,right_shoulder_roll_joint__eff_cmd,right_shoulder_yaw_joint__pos_meas,right_shoulder_yaw_joint__vel_meas,right_shoulder_yaw_joint__tgt,right_shoulder_yaw_joint__eff_meas,right_shoulder_yaw_joint__eff_cmd,right_elbow_joint__pos_meas,right_elbow_joint__vel_meas,right_elbow_joint__tgt,right_elbow_joint__eff_meas,right_elbow_joint__eff_cmd,right_wrist_yaw_joint__pos_meas,right_wrist_yaw_joint__vel_meas,right_wrist_yaw_joint__tgt,right_wrist_yaw_joint__eff_meas,right_wrist_yaw_joint__eff_cmd,right_wrist_pitch_joint__pos_meas,right_wrist_pitch_joint__vel_meas,right_wrist_pitch_joint__tgt,right_wrist_pitch_joint__eff_meas,right_wrist_pitch_joint__eff_cmd,right_wrist_roll_joint__pos_meas,right_wrist_roll_joint__vel_meas,right_wrist_roll_joint__tgt,right_wrist_roll_joint__eff_meas,right_wrist_roll_joint__eff_cmd,head_yaw_joint__pos_meas,head_yaw_joint__vel_meas,head_yaw_joint__tgt,head_yaw_joint__eff_meas,head_yaw_joint__eff_cmd,head_pitch_joint__pos_meas,head_pitch_joint__vel_meas,head_pitch_joint__tgt,head_pitch_joint__eff_meas,head_pitch_joint__eff_cmd,phase_idx,phase_progress,cmd_height,pelvis_h_fk,box_bx,box_by,box_bz,palm_err_L,palm_err_R,grasp_flag,pelvis_roll,proj_g_x,proj_g_y,proj_g_z,obs_ang_vel_x,obs_ang_vel_y,obs_ang_vel_z,act_abs_max
0.0000,1789426375.2783,ramp,0,-0.001758,-0.00193376001858099,-0.03086426644801239,-0.00012545371022201868,-0.0009311544708907604,-0.013575679622590542,0.13270775973796844,-0.991061806678772,-0.24131107330322266,-0.0061054229736328125,-0.24073579677569185,9.582412719726562,0.0,0.16442108154296875,-0.0061054229736328125,0.16442023023637756,-18.78388214111328,0.0,0.011024951934814453,0.0061054229736328125,0.011024894852023355,-0.9670333862304688,0.0,0.40448570251464844,0.018314361572265625,0.41330569053806254,2.7252731323242188,0.0,-0.19107389450073242,0.0061054229736328125,-0.18896442405095107,14.446884155273438,0.0,-0.13776826858520508,0.0061054229736328125,-0.13680911755066272,3.6043930053710938,0.0,-0.13623476028442383,0.018314361572265625,-0.13508448832998834,-3.6043930053710938,0.0,0.046306610107421875,-0.0061054229736328125,0.04630637035031755,12.336990356445312,0.0,0.10728120803833008,0.0061054229736328125,0.10862294222961465,0.26373291015625,0.0,0.4148397445678711,0.018314361572265625,0.4188665366850413,-3.4285736083984375,0.0,-0.30727148056030273,-0.0061054229736328125,-0.3020939309294335,17.318679809570312,0.0,0.025981426239013672,0.0061054229736328125,0.028282495928292947,5.538459777832031,0.0,-0.011600494384765625,-0.0061054229736328125,-0.01313441151762395,0.4395599365234375,0.0,-0.05690956424395687,-0.004490683111290287,-0.05781101304055713,-2.6166544316587195,0.0,-0.03454502204551125,0.00012540941098134923,-0.03626169317681071,3.3136478854411386,0.0,0.197784423828125,-0.0061054229736328125,0.1977844352995076,0.7325973510742188,0.0,0.09270858764648438,-0.0061054229736328125,0.09270862539850866,1.7289352416992188,0.0,0.07679367065429688,0.0061054229736328125,0.07679327304738798,-0.20513153076171875,0.0,-0.08216285705566406,-0.0061054229736328125,-0.08216398492931631,0.08791351318359375,0.0,0.024255752563476562,0.0061054229736328125,0.024255626976892177,0.08791351318359375,0.0,0.01621246337890625,-0.0073261260986328125,0.016212379437255918,0.13284683227539062,0.0,-0.14286231994628906,-0.0073261260986328125,-0.14286158026234183,-0.21098899841308594,0.0,0.044005393981933594,0.0061054229736328125,0.0438145141145095,0.3223419189453125,0.0,-0.16633844375610352,-0.0061054229736328125,-0.16633810028218507,-3.0183181762695312,0.0,-0.256075382232666,0.0061054229736328125,-0.2560740563767679,0.14652252197265625,0.0,0.0020132064819335938,0.0061054229736328125,0.002011642778295082,0.02930450439453125,0.08851228224498363,0.03154182434082031,0.0061054229736328125,0.031541661029870716,0.20513153076171875,0.0,0.02269744873046875,0.0073261260986328125,0.022697331212158285,0.14847373962402344,0.0,0.19207286834716797,-0.0073261260986328125,0.1920718738706855,-0.21098899841308594,0.0,-0.3449108600616455,0.0030689239501953125,-0.34490907425117767,-0.023565351963043213,0.0,0.0,0.0,0.0,0.0,0.0,nan,nan,nan,nan,nan,nan,nan,nan,nan,nan,0.03386525109486516,0.08355339616537094,-0.03374038264155388,-0.9959319233894348,-0.0024149713572114706,-0.026333259418606758,0.006927392911165953,nan
0.0202,1789426375.2987,ramp,0,-0.001647,0.044430744016606884,0.03553623954536539,0.07467820779199472,-0.0009700724040158093,-0.013458916917443275,0.13261285424232483,-0.9910759925842285,-0.24399566650390625,-0.3846149444580078,-0.24057127593943334,2.8424911499023438,0.0,0.1659550666809082,0.10378456115722656,0.16375618146609625,-1.0842514038085938,0.0,0.011024951934814453,0.11599540710449219,0.010980368288239556,-0.4981689453125,0.0,0.41023826599121094,0.21367454528808594,0.41325195248241814,-0.7325973510742188,0.0,-0.19720935821533203,0.1892547607421875,-0.18900899376482871,0.3223419189453125,0.0,-0.14026165008544922,-0.2625160217285156,-0.13625658258497036,0.5567779541015625,0.0,-0.13623476028442383,-0.0061054229736328125,-0.13534666450875724,0.26373291015625,0.0,0.04477214813232422,-0.04273414611816406,0.04611935146436226,0.4981689453125,0.0,0.10574722290039062,-0.05494499206542969,0.10818424359071714,0.8498153686523438,0.0,0.41809940338134766,0.4212455749511719,0.41879033987818176,-2.1977996826171875,0.0,-0.31609153747558594,-0.10378456115722656,-0.30168160121057597,1.1428604125976562,0.0,0.019654273986816406,-0.0061054229736328125,0.02816827058865762,0.4981689453125,0.0,-0.011600494384765625,-0.06715583801269531,-0.013081365187472799,-0.14652252197265625,0.0,-0.054917719217598235,-0.013392131602283426,-0.05757753001925794,-1.4787895601436805,0.0,-0.03657425704484324,-0.009273951571336023,-0.03611524202096595,1.1708693368751775,0.0,0.197784423828125,0.06715583801269531,0.197793383377197,-0.14652252197265625,0.0,0.0921335220336914,0.05494499206542969,0.09273807329138858,-0.02930450439453125,0.0,0.07698535919189453,0.07936477661132812,0.07648312582000796,-0.08791351318359375,0.0,-0.08216285705566406,0.018314361572265625,-0.08304376563293644,-0.14652252197265625,0.0,0.024255752563476562,0.03052520751953125,0.02415766507011677,0.02930450439453125,0.0,0.01621246337890625,-0.021978378295898438,0.016146902028465245,-0.023443222045898438,0.0,-0.14286231994628906,0.0073261260986328125,-0.142284601039303,-0.023443222045898438,0.0,0.044005393981933594,0.03052520751953125,0.04444530499509617,0.02930450439453125,0.0,-0.16403770446777344,0.04273414611816406,-0.16607017867142987,-0.3223419189453125,0.0,-0.256075382232666,0.0061054229736328125,-0.2550398426307254,0.02930450439453125,0.0,0.0010547637939453125,0.0061054229736328125,0.0007918995166214791,0.14652252197265625,0.03484357873134508,0.03154182434082031,-0.0061054229736328125,0.03141427280526232,0.02930450439453125,0.0,0.02269744873046875,0.0073261260986328125,0.022605662839851343,0.023443222045898438,0.0,0.19207286834716797,-0.0073261260986328125,0.19129614760229327,-0.023443222045898438,0.0,-0.3449108600616455,0.0030689239501953125,-0.3435160799323759,-0.023321151733398438,0.0,0.0,0.0,0.0,0.0,0.0,nan,nan,nan,nan,nan,nan,nan,nan,nan,nan,0.03597971956364086,0.0813206136226654,-0.0358528196811676,-0.9960429668426514,0.05019434541463852,0.05105646699666977,0.14332199096679688,nan
0.0403,1789426375.3187,ramp,0,-0.002991,-0.00023623961861407315,-0.24758717897058935,-0.0045487888932205746,-3.258402648498304e-05,-0.011560858227312565,0.13213486969470978,-0.9911643266677856,-0.2468714714050293,-0.03052520751953125,-0.2404077090019033,1.3186798095703125,0.0,0.16710567474365234,0.11599540710449219,0.16309598287851554,-1.26007080078125,0.0,0.009491443634033203,0.03052520751953125,0.010936099891345407,0.20513153076171875,0.0,0.4271116256713867,0.7142848968505859,0.41319852600228063,-6.886444091796875,0.0,-0.20583820343017578,-0.4334545135498047,-0.18905330506163062,2.139190673828125,0.0,-0.14102840423583984,-0.10378456115722656,-0.1357072512402492,0.4395599365234375,0.0,-0.13738489151000977,0.0061054229736328125,-0.13560732057901423,0.4395599365234375,0.0,0.046881675720214844,-0.03052520751953125,0.04593341692177393,0.02930450439453125,0.0,0.10574722290039062,-0.04273414611816406,0.10774808854498004,0.9084243774414062,0.0,0.43363094329833984,0.8485965728759766,0.4187145848636132,-7.413917541503906,0.0,-0.32261037826538086,-0.4334545135498047,-0.3012716621967714,2.25640869140625,0.0,0.019654273986816406,-0.03052520751953125,0.028054707532345922,0.4981689453125,0.0,-0.012175559997558594,-0.018314361572265625,-0.013028626422175045,-0.20513153076171875,0.0,-0.05420273581294303,0.09540534090962968,-0.057345400742336745,-1.8556793818171229,0.0,-0.03765910431915978,-0.11899230711071646,-0.035969639995082646,1.8318154184734396,0.0,0.19701766967773438,0.03052520751953125,0.19780227957355556,-0.02930450439453125,0.0,0.0921335220336914,0.018314361572265625,0.09276735044414695,-0.08791351318359375,0.0,0.07775211334228516,-0.0061054229736328125,0.0761747768392974,0.02930450439453125,0.0,-0.08216285705566406,0.018314361572265625,-0.08391844533103261,-0.14652252197265625,0.0,0.024255752563476562,-0.018314361572265625,0.024060271150597213,0.02930450439453125,0.0,0.01621246337890625,-0.0073261260986328125,0.016081804260444782,-0.023443222045898438,0.0,-0.14286231994628906,-0.0073261260986328125,-0.1417109671660676,-0.023443222045898438,0.0,0.04362201690673828,0.0061054229736328125,0.04507243852362555,0.14652252197265625,0.0,-0.16058635711669922,0.33577537536621094,-0.16580381048144285,-1.2014617919921875,0.0,-0.256075382232666,0.0061054229736328125,-0.2540116252994824,0.08791351318359375,0.0,0.0004792213439941406,0.05494499206542969,-0.00042077162231739674,0.02930450439453125,0.0,0.03154182434082031,0.0061054229736328125,0.031287623182938276,0.02930450439453125,0.0,0.02269744873046875,0.0073261260986328125,0.022514525964622695,0.023443222045898438,0.0,0.19207286834716797,-0.0073261260986328125,0.19052491902743296,-0.03907203674316406,0.0,-0.34500670433044434,0.0030689239501953125,-0.34213116225322515,-0.016971945762634277,0.0,0.0,0.0,0.0,0.0,0.0,nan,nan,nan,nan,nan,nan,nan,nan,nan,nan,0.03569928796652301,0.07659417390823364,-0.03558685630559921,-0.996427059173584,0.114138163626194,-0.3444034159183502,0.029517242684960365,nan
0.0611,1789426375.3394,ramp,0,-0.003513,0.010433935376686097,-0.16251394604185085,0.04226821976075972,0.0006676583434455097,-0.008286434225738049,0.13210535049438477,-0.9912008047103882,-0.2468714714050293,0.018314361572265625,-0.24023833077185452,1.0256423950195312,0.0,0.16825580596923828,0.04273414611816406,0.16241232840693495,-1.5531158447265625,0.0,0.008340835571289062,0.0061054229736328125,0.010890258703472992,0.615386962890625,0.0,0.4405336380004883,0.4945049285888672,0.413143201357948,-8.703300476074219,0.0,-0.21484994888305664,-0.39682579040527344,-0.18909919067358139,2.7252731323242188,0.0,-0.1429457664489746,-0.09157562255859375,-0.13513840296146964,0.5567779541015625,0.0,-0.13757658004760742,0.0061054229736328125,-0.1358772373757599,0.4981689453125,0.0,0.04860734939575195,0.06715583801269531,0.04574087639858437,-0.9670333862304688,0.0,0.10536384582519531,-0.03052520751953125,0.10729643755249113,0.8498153686523438,0.0,0.44820356369018555,0.5433464050292969,0.41863613838488895,-9.113555908203125,0.0,-0.3318147659301758,-0.3846149444580078,-0.30084715865323935,2.7838821411132812,0.0,0.017736434936523438,-0.07936477661132812,0.027937109747809073,0.6739959716796875,0.0,-0.012558937072753906,-0.03052520751953125,-0.012974013926178087,-0.3223419189453125,0.0,-0.05333179869914922,0.05528891967454161,-0.057105024253902445,-1.3401861094507175,0.0,-0.04027015547596674,-0.14219118276727735,-0.0358188649435469,2.8684023659840907,0.0,0.19874334335327148,0.018314361572265625,0.19781149183867547,-0.20513153076171875,0.0,0.09232521057128906,-0.03052520751953125,0.09279766777104667,0.02930450439453125,0.0,0.07794427871704102,0.04273414611816406,0.075855472673194,-0.08791351318359375,0.0,-0.08216285705566406,0.03052520751953125,-0.08482420111126757,-0.26373291015625,0.0,0.024255752563476562,0.0061054229736328125,0.023959416968481646,0.08791351318359375,0.0,0.01621246337890625,-0.0073261260986328125,0.016014393664550916,-0.023443222045898438,0.0,-0.14286231994628906,-0.0073261260986328125,-0.1411169529257092,-0.007814407348632812,0.0,0.04630613327026367,0.14041519165039062,0.04572185318327869,-0.26373291015625,0.0,-0.1513824462890625,0.5433464050292969,-0.1655279786217614,-2.25640869140625,0.0,-0.256075382232666,0.018314361572265625,-0.25294687692000334,0.14652252197265625,0.0,0.0006709098815917969,0.03052520751953125,-0.0016765271817624728,0.02930450439453125,0.0,0.03154182434082031,0.03052520751953125,0.031156473885962176,0.02930450439453125,0.0,0.02269744873046875,0.0073261260986328125,0.022420151130371282,0.023443222045898438,0.0,0.19207286834716797,-0.0073261260986328125,0.18972628983656165,-0.03907203674316406,0.0,-0.34500670433044434,0.0030689239501953125,-0.3406970404875425,-0.011111140251159668,0.0,0.0,0.0,0.0,0.0,0.0,nan,nan,nan,nan,nan,nan,nan,nan,nan,nan,0.03771229920840627,0.06902407854795456,-0.037613436579704285,-0.9969056844711304,0.14708390831947327,-0.2178337723016739,0.08736841380596161,nan
0.0802,1789426375.3586,ramp,0,-0.003378,0.028898416638667566,-0.16576103849044357,0.012646953582920091,0.0009124127100221813,-0.00595049886032939,0.1318560540676117,-0.9912505745887756,-0.2438035011291504,0.14041519165039062,-0.2400825621802703,-0.14652252197265625,0.0,0.16940641403198242,0.04273414611816406,0.16178360596640812,-1.9047622680664062,0.0,0.008149147033691406,0.0061054229736328125,0.010848100881482654,0.7325973510742188,0.0,0.4462862014770508,0.2991447448730469,0.41309232208069313,-8.820510864257812,0.0,-0.22136926651000977,-0.3601951599121094,-0.1891413893501498,2.9597091674804688,0.0,-0.14447975158691406,-0.07936477661132812,-0.13461526196994375,0.6739959716796875,0.0,-0.13450908660888672,0.20146560668945312,-0.1361254662022266,-1.0842514038085938,0.0,0.04956626892089844,0.04273414611816406,0.045563806617470844,-1.2014617919921875,0.0,0.10459661483764648,-0.018314361572265625,0.10688107697771498,0.7912063598632812,0.0,0.4541473388671875,0.4456653594970703,0.4185639951259702,-9.816848754882812,0.0,-0.33814239501953125,-0.372406005859375,-0.3004567642142405,3.1941375732421875,0.0,0.016010284423828125,-0.09157562255859375,0.02782896101307818,0.7912063598632812,0.0,-0.012942790985107422,0.0061054229736328125,-0.01292378957572941,-0.20513153076171875,0.0,-0.05499178708429845,-0.06618470196791568,-0.05688396215493851,0.8468043590086887,0.0,-0.04355742863291187,-0.11373509274224011,-0.03568020475435374,3.70702201084111,0.0,0.20066070556640625,0.10378456115722656,0.19781996389298032,-0.4395599365234375,0.0,0.09098291397094727,-0.15262603759765625,0.09282554908324604,0.380950927734375,0.0,0.07813596725463867,0.0061054229736328125,0.07556182478097911,-0.02930450439453125,0.0,-0.07909440994262695,0.09157562255859375,-0.085657178892213,-0.4981689453125,0.0,0.024255752563476562,0.0061054229736328125,0.023866666478061484,0.08791351318359375,0.0,0.01621246337890625,-0.0073261260986328125,0.015952399548912685,-0.023443222045898438,0.0,-0.14286231994628906,-0.0073261260986328125,-0.14057066807213048,-0.007814407348632812,0.0,0.05071687698364258,0.2991447448730469,0.046319087000512495,-0.8498153686523438,0.0,-0.1416034698486328,0.5067157745361328,-0.16527431001107706,-2.7838821411132812,0.0,-0.256075382232666,0.018314361572265625,-0.25196768168685385,0.20513153076171875,0.0,0.004314422607421875,0.04273414611816406,-0.002831382057814286,-0.20513153076171875,0.0,0.03154182434082031,0.0061054229736328125,0.031035862510631656,0.02930450439453125,0.0,0.02269744873046875,0.0073261260986328125,0.02233335936847776,0.023443222045898438,0.0,0.19207286834716797,-0.0073261260986328125,0.1889918309617448,-0.03907203674316406,0.0,-0.3449108600616455,0.015343666076660156,-0.33937815123278786,-0.00891333818435669,0.0,0.0,0.0,0.0,0.0,0.0,nan,nan,nan,nan,nan,nan,nan,nan,nan,nan,0.04112338860094682,0.06592942774295807,-0.04102235287427902,-0.9969806671142578,0.14003527164459229,-0.10068925470113754,0.02155708521604538,nan
0.1001,1789426375.3783,ramp,0,-0.002589,0.029124248537917088,-0.09380176836860846,0.02627648461121412,0.0007088003330864012,-0.004489549435675144,0.13180114328861237,-0.9912657737731934,-0.23958539962768555,-0.018314361572265625,-0.23992038608400174,-0.08791351318359375,0.0,0.1703653335571289,0.03052520751953125,0.1611290211749296,-2.1977996826171875,0.0,0.00795745849609375,0.0061054229736328125,0.010804208907317373,0.615386962890625,0.0,0.44992923736572266,0.11599540710449219,0.4130393498962352,-9.113555908203125,0.0,-0.22731351852416992,-0.27472496032714844,-0.18918532385943665,3.1941375732421875,0.0,-0.14639711380004883,-0.07936477661132812,-0.13407060169574564,0.7325973510742188,0.0,-0.13067388534545898,0.20146560668945312,-0.1363839058635746,-2.25640869140625,0.0,0.05033302307128906,0.04273414611816406,0.04537945311220989,-1.3186798095703125,0.0,0.10440492630004883,-0.018314361572265625,0.10644863064257158,0.6739959716796875,0.0,0.4589414596557617,0.1892547607421875,0.41848888427092207,-9.699630737304688,0.0,-0.3440861701965332,-0.27472496032714844,-0.3000503109910466,3.4871826171875,0.0,0.01409292221069336,-0.10378456115722656,0.02771636360536808,0.8498153686523438,0.0,-0.012942790985107422,0.0061054229736328125,-0.012871499258339044,-0.14652252197265625,0.0,-0.057495156160666396,-0.11997482695974623,-0.056653806718092864,2.1662523234727757,0.0,-0.046804440365030696,-0.11130904910202967,-0.03553584081061837,4.618075154553483,0.0,0.20162010192871094,0.0061054229736328125,0.19782878444326302,-0.26373291015625,0.0,0.0877232551574707,-0.20146560668945312,0.09285457728671989,0.7325973510742188,0.0,0.07813596725463867,0.0061054229736328125,0.07525609775120662,-0.02930450439453125,0.0,-0.07871103286743164,-0.0061054229736328125,-0.08652442101989898,-0.380950927734375,0.0,0.024255752563476562,0.0061054229736328125,0.023770100717850445,0.08791351318359375,0.0,0.01621246337890625,-0.0073261260986328125,0.015887855319786804,-0.023443222045898438,0.0,-0.14286231994628906,-0.0073261260986328125,-0.14000191191851194,-0.007814407348632812,0.0,0.055318355560302734,0.22588539123535156,0.04694088789152306,-0.9670333862304688,0.0,-0.13316679000854492,0.4212455749511719,-0.16501020680125636,-3.0183181762695312,0.0,-0.256075382232666,0.018314361572265625,-0.25094820748617025,0.26373291015625,0.0,0.004506111145019531,0.0061054229736328125,-0.004033741619841203,-0.26373291015625,0.0,0.03154182434082031,0.0061054229736328125,0.030910289814507573,0.08791351318359375,0.0,0.02269744873046875,0.0073261260986328125,0.022242997447701526,0.023443222045898438,0.0,0.19207286834716797,-0.0073261260986328125,0.18822716029241304,-0.05470085144042969,0.0,-0.3449108600616455,0.015343666076660156,-0.3380050097761485,-0.005250334739685059,0.0,0.0,0.0,0.0,0.0,0.0,nan,nan,nan,nan,nan,nan,nan,nan,nan,nan,0.04516382081946939,0.06552699208259583,-0.04505143687129021,-0.9968332648277283,0.13878515362739563,0.025711126625537872,0.03255018591880798,nan
0.1211,1789426375.3995,ramp,0,-0.001998,0.013904758323980712,0.015328114937195284,0.05061518663425933,0.000465585122583434,-0.004092646297067404,0.1312674582004547,-0.9913384318351746,-0.23766803741455078,0.10378456115722656,-0.2397494913665573,-1.0256423950195312,0.0,0.1713242530822754,0.018314361572265625,0.16043924576685767,-2.7252731323242188,0.0,0.007381916046142578,-0.05494499206542969,0.010757957291353986,1.0842514038085938,0.0,0.4531893730163574,0.09157562255859375,0.41298352991595666,-9.641029357910156,0.0,-0.23249053955078125,-0.23809432983398438,-0.18923162029721877,3.369964599609375,0.0,-0.14793109893798828,-0.06715583801269531,-0.13349666037021166,0.8498153686523438,0.0,-0.12760591506958008,0.11599540710449219,-0.13665623929568146,-2.4908447265625,0.0,0.05167531967163086,0.03052520751953125,0.04518518872358325,-1.7875442504882812,0.0,0.10344600677490234,-0.05494499206542969,0.10599293590114779,1.1428604125976562,0.0,0.46143436431884766,0.06715583801269531,0.41840973544044824,-9.582412719726562,0.0,-0.3490715026855469,-0.22588539123535156,-0.29962200675675876,3.7216110229492188,0.0,0.012175559997558594,-0.09157562255859375,0.027597712937246617,0.9084243774414062,0.0,-0.012942790985107422,-0.0061054229736328125,-0.012816397802445636,-0.02930450439453125,0.0,-0.06063653921894262,-0.12916835004028923,-0.05641127807636931,3.06453035304407,0.0,-0.04948346337445759,-0.08149566748474084,-0.035383715830788,4.863278698760144,0.0,0.20162010192871094,-0.03052520751953125,0.19783807918819124,-0.26373291015625,0.0,0.08273792266845703,-0.2625160217285156,0.09288516605254125,1.1428604125976562,0.0,0.07813596725463867,0.0061054229736328125,0.07493393477176492,-0.08791351318359375,0.0,-0.0789027214050293,-0.05494499206542969,-0.08743828626747158,-0.3223419189453125,0.0,0.024255752563476562,0.0061054229736328125,0.02366834356198238,0.02930450439453125,0.0,0.01621246337890625,-0.0073261260986328125,0.01581984117927579,-0.023443222045898438,0.0,-0.14286231994628906,-0.0073261260986328125,-0.13940257931399247,0.007816314697265625,0.0,0.0585780143737793,0.10378456115722656,0.04759611692971615,-0.8498153686523438,0.0,-0.1256885528564453,0.3113555908203125,-0.16473190534711515,-3.369964599609375,0.0,-0.256075382232666,0.03052520751953125,-0.24987392613721465,0.26373291015625,0.0,0.004506111145019531,-0.0061054229736328125,-0.005300740285778772,-0.26373291015625,0.0,0.03154182434082031,0.0061054229736328125,0.0307779663037275,0.08791351318359375,0.0,0.02269744873046875,0.0073261260986328125,0.022147777650986106,0.023443222045898438,0.0,0.19207286834716797,-0.0073261260986328125,0.18742138076645187,-0.07032966613769531,0.0,-0.34443163871765137,0.033756256103515625,-0.33655804794488664,-0.00305253267288208,0.0,0.0,0.0,0.0,0.0,0.0,nan,nan,nan,nan,nan,nan,nan,nan,nan,nan,0.048479923085449864,0.06788654625415802,-0.04834913834929466,-0.9965208172798157,0.09410212188959122,0.14577560126781464,0.06159016862511635,nan
0.1403,1789426375.4188,ramp,0,-0.001543,0.026605412053568728,0.04851183032769316,0.04581054442213375,0.00021453422959893942,-0.0042723361402750015,0.130841463804245,-0.99139404296875,-0.23555850982666016,0.06715583801269531,-0.23959324308407315,-1.4945068359375,0.0,0.17228317260742188,0.018314361572265625,0.15980858716943167,-2.8424911499023438,0.0,0.006806850433349609,-0.018314361572265625,0.010715669643938882,1.0842514038085938,0.0,0.4547233581542969,0.0061054229736328125,0.41293249395547027,-9.406593322753906,0.0,-0.23613405227661133,-0.16483497619628906,-0.18927394892502397,3.4871826171875,0.0,-0.14927339553833008,-0.06715583801269531,-0.13297190836089046,0.8498153686523438,0.0,-0.12530517578125,0.09157562255859375,-0.1369052325452448,-3.0769195556640625,0.0,0.05225038528442383,0.018314361572265625,0.04500757365434854,-1.7289352416992188,0.0,0.10267925262451172,-0.018314361572265625,0.10557629621942291,1.0842514038085938,0.0,0.4625844955444336,0.018314361572265625,0.4183373700156586,-9.641021728515625,0.0,-0.35309791564941406,-0.20146560668945312,-0.29923041009427026,3.7802200317382812,0.0,0.01064157485961914,-0.06715583801269531,0.02748923115743034,0.9084243774414062,0.0,-0.012942790985107422,-0.0061054229736328125,-0.012766018785618982,-0.08791351318359375,0.0,-0.06294528458747885,-0.12535786689376938,-0.0561895352145115,3.2129588428065103,0.0,-0.050825121474455864,-0.018854092828069418,-0.03524462863618729,4.427943550540407,0.0,0.19931840896606445,-0.018314361572265625,0.19784657733227007,-0.20513153076171875,0.0,0.07775259017944336,-0.25030517578125,0.09291313322551399,1.4358978271484375,0.0,0.07813596725463867,0.0061054229736328125,0.07463938258799659,-0.08791351318359375,0.0,-0.08082056045532227,-0.04273414611816406,-0.08827382921163289,-0.3223419189453125,0.0,0.024255752563476562,0.0061054229736328125,0.023575307445520652,0.02930450439453125,0.0,0.01621246337890625,-0.0073261260986328125,0.015757656152152674,-0.023443222045898438,0.0,-0.14286231994628906,-0.0073261260986328125,-0.1388546121708691,0.007816314697265625,0.0,0.05915355682373047,0.0061054229736328125,0.04819518993432602,-0.615386962890625,0.0,-0.1208953857421875,0.16483497619628906,-0.1644774555614655,-3.3113555908203125,0.0,-0.25549983978271484,0.04273414611816406,-0.24889171546277641,0.20513153076171875,0.0,0.004506111145019531,-0.018314361572265625,-0.006459151548706075,-0.3223419189453125,0.0,0.03154182434082031,0.0061054229736328125,0.03065698350448809,0.02930450439453125,0.0,0.02269744873046875,0.0073261260986328125,0.022060718613013744,0.023443222045898438,0.0,0.19207286834716797,-0.0073261260986328125,0.18668466011835325,-0.07032966613769531,0.0,-0.3439521789550781,0.033756256103515625,-0.3352350971577844,-0.002319931983947754,0.0,0.0,0.0,0.0,0.0,0.0,nan,nan,nan,nan,nan,nan,nan,nan,nan,nan,0.05032436790980574,0.07057995349168777,-0.0501776784658432,-0.9962432980537415,0.0449226088821888,0.17556767165660858,0.05216610059142113,nan
0.1602,1789426375.4387,ramp,0,-0.000806,0.034004755471001694,0.13042302967634256,0.022956991631674056,-0.0002678503515198827,-0.0051228660158813,0.1304667741060257,-0.9914394617080688,-0.23498296737670898,0.0061054229736328125,-0.23943082479596337,-1.26007080078125,0.0,0.1726665496826172,0.0061054229736328125,0.15915302482885968,-2.7838821411132812,0.0,0.006423473358154297,-0.0061054229736328125,0.010671712122024687,1.2014617919921875,0.0,0.45491504669189453,-0.05494499206542969,0.412879442662986,-9.113555908203125,0.0,-0.23881816864013672,-0.128204345703125,-0.1893179490455812,3.6630020141601562,0.0,-0.15042400360107422,-0.05494499206542969,-0.1324264346975574,0.9670333862304688,0.0,-0.12434673309326172,0.0061054229736328125,-0.13716405815729002,-2.6666641235351562,0.0,0.052825927734375,0.0061054229736328125,0.04482294483776919,-2.0219802856445312,0.0,0.1019124984741211,-0.0061054229736328125,0.10514320407409818,0.9670333862304688,0.0,0.46316003799438477,0.018314361572265625,0.4182621469909584,-9.699630737304688,0.0,-0.35616588592529297,-0.16483497619628906,-0.29882334987869735,3.9560470581054688,0.0,0.009299278259277344,-0.05494499206542969,0.027376465598099142,0.9670333862304688,0.0,-0.012942790985107422,-0.018314361572265625,-0.012713650378494442,0.08791351318359375,0.0,-0.06490892919084647,-0.09851362900869597,-0.05595903606629099,3.2875841382298976,0.0,-0.05149759926490669,-0.010263938505625335,-0.03510004910106611,4.212393377699099,0.0,0.19663429260253906,-0.15262603759765625,0.197855411055057,0.26373291015625,0.0,0.07257509231567383,-0.2625160217285156,0.09294220477935947,1.7875442504882812,0.0,0.07813596725463867,0.0061054229736328125,0.07433319898913679,-0.02930450439453125,0.0,-0.08408021926879883,-0.11599540710449219,-0.08914236646833311,-0.02930450439453125,0.0,0.024255752563476562,0.0061054229736328125,0.023478597475159024,0.02930450439453125,0.0,0.01621246337890625,-0.0073261260986328125,0.01569301553344749,-0.023443222045898438,0.0,-0.14286231994628906,-0.0073261260986328125,-0.13828500664361768,0.007816314697265625,0.0,0.05896139144897461,-0.018314361572265625,0.048817919415345426,-0.5567779541015625,0.0,-0.1182107925415039,0.05494499206542969,-0.16421295794307206,-3.1941375732421875,0.0,-0.2549247741699219,0.04273414611816406,-0.24787071879152267,0.26373291015625,0.0,0.003738880157470703,-0.05494499206542969,-0.007663306700112957,-0.20513153076171875,0.0,0.03154182434082031,0.0061054229736328125,0.030531223279602483,0.02930450439453125,0.0,0.02269744873046875,0.0073261260986328125,0.021970221746826484,0.007814407348632812,0.0,0.19207286834716797,-0.0073261260986328125,0.18591884749899557,-0.08595848083496094,0.0,-0.3431851863861084,0.039893150329589844,-0.33385990506812757,-0.002319931983947754,0.0,0.0,0.0,0.0,0.0,0.0,nan,nan,nan,nan,nan,nan,nan,nan,nan,nan,0.051800161369109844,0.07432098686695099,-0.0516338013112545,-0.9958967566490173,0.046096280217170715,0.22936807572841644,0.03736468777060509,nan
0.1808,1789426375.4593,ramp,0,-0.000085,0.028005903972408746,0.17144995005301633,0.020346943960585086,-0.0008158205891959369,-0.006534318905323744,0.13025633990764618,-0.9914584755897522,-0.23479127883911133,-0.0061054229736328125,-0.2392629015419416,-1.2014617919921875,0.0,0.1730499267578125,0.0061054229736328125,0.15847524301793106,-3.3113555908203125,0.0,0.006231784820556641,0.0061054229736328125,0.010626264714565403,0.5567779541015625,0.0,0.454531192779541,-0.07936477661132812,0.41282459326291104,-8.996337890625,0.0,-0.24131107330322266,-0.11599540710449219,-0.18936344049551154,3.7802200317382812,0.0,-0.15176630020141602,-0.04273414611816406,-0.13186247288268996,0.9670333862304688,0.0,-0.12415456771850586,0.0061054229736328125,-0.13743165634161172,-2.6080551147460938,0.0,0.05320930480957031,0.0061054229736328125,0.04463205825703367,-1.8461532592773438,0.0,0.10172033309936523,-0.0061054229736328125,0.104695432809048,0.9670333862304688,0.0,0.4635434150695801,0.0061054229736328125,0.41818437437537426,-9.641021728515625,0.0,-0.3590421676635742,-0.15262603759765625,-0.29840249286328785,4.24908447265625,0.0,0.00795745849609375,-0.05494499206542969,0.027259877990355858,1.0842514038085938,0.0,-0.013134479522705078,-0.0061054229736328125,-0.012659507009329355,-0.02930450439453125,0.0,-0.06652604768322166,-0.02684840541293696,-0.05572072443606206,3.123679737590508,0.0,-0.05165545386260328,-0.003660320472889167,-0.034950569222383404,4.0666067364892795,0.0,0.1937580108642578,-0.128204345703125,0.19786454418589328,0.4981689453125,0.0,0.06778192520141602,-0.20146560668945312,0.09297226167737274,2.0219802856445312,0.0,0.07794427871704102,0.0061054229736328125,0.07401663767792609,-0.02930450439453125,0.0,-0.08657312393188477,-0.14041519165039062,-0.0900403417153426,0.08791351318359375,0.0,0.024255752563476562,0.0061054229736328125,0.023378609640608665,0.08791351318359375,0.0,0.01621246337890625,-0.021978378295898438,0.01562618400135045,-0.023443222045898438,0.0,-0.14286231994628906,-0.0073261260986328125,-0.13769609504531174,0.02344512939453125,0.0,0.058194637298583984,-0.04273414611816406,0.04946175553777386,-0.380950927734375,0.0,-0.11763572692871094,-0.03052520751953125,-0.16393949550679998,-3.0769195556640625,0.0,-0.25415754318237305,0.05494499206542969,-0.24681511670768322,0.20513153076171875,0.0,0.00220489501953125,-0.06715583801269531,-0.008908275193036882,-0.20513153076171875,0.0,0.03154182434082031,0.0061054229736328125,0.030401200568274396,0.02930450439453125,0.0,0.02269744873046875,0.0073261260986328125,0.02187665760189063,0.023443222045898438,0.0,0.19207286834716797,-0.0073261260986328125,0.18512707861317554,-0.08595848083496094,0.0,-0.3425140380859375,0.02148151397705078,-0.33243810255261236,-0.0003663301467895508,0.0,0.0,0.0,0.0,0.0,0.0,nan,nan,nan,nan,nan,nan,nan,nan,nan,nan,0.05277224663850714,0.07883942127227783,-0.052583567798137665,-0.9954995512962341,0.03344646468758583,0.19869807362556458,0.01965254917740822,nan
0.2004,1789426375.4786,ramp,0,0.000693,0.03889100692578139,0.18350687925613207,0.03519130192755128,-0.0014025559648871422,-0.008032339625060558,0.1299706995487213,-0.9914843440055847,-0.23459959030151367,-0.0061054229736328125,-0.23910357829399564,-1.1428604125976562,0.0,0.17324161529541016,-0.0061054229736328125,0.1578321730622843,-3.3113555908203125,0.0,0.006231784820556641,0.0061054229736328125,0.01058314484644876,0.9670333862304688,0.0,0.45299768447875977,-0.10378456115722656,0.4127725529149632,-8.351646423339844,0.0,-0.24322843551635742,-0.09157562255859375,-0.18940660215051217,3.8388290405273438,0.0,-0.1527247428894043,-0.05494499206542969,-0.13132739375630206,1.0842514038085938,0.0,-0.12415456771850586,-0.018314361572265625,-0.13768554977715125,-2.7838821411132812,0.0,0.05340099334716797,-0.0061054229736328125,0.044450947724074735,-2.0805892944335938,0.0,0.10133695602416992,-0.018314361572265625,0.10427059366035325,0.9670333862304688,0.0,0.4635434150695801,0.0061054229736328125,0.41811058479936636,-9.816848754882812,0.0,-0.36191844940185547,-0.16483497619628906,-0.29800318958032984,4.366302490234375,0.0,0.006806850433349609,-0.05494499206542969,0.02714926128962481,1.0842514038085938,0.0,-0.013134479522705078,-0.0061054229736328125,-0.012608136533689333,-0.08791351318359375,0.0,-0.06702191761628518,-0.027307674672675305,-0.05549461767572948,2.78517362061481,0.0,-0.05140886846275981,0.03468677053024787,-0.03480874479244942,3.6161967352543822,0.0,0.1916489601135254,-0.07936477661132812,0.19787320957340748,0.4981689453125,0.0,0.06471395492553711,-0.14041519165039062,0.09300077924417757,2.0219802856445312,0.0,0.07775211334228516,0.0061054229736328125,0.07371628870857141,-0.08791351318359375,0.0,-0.08887386322021484,-0.128204345703125,-0.0908923281407014,0.14652252197265625,0.0,0.024255752563476562,0.0061054229736328125,0.023283742573814086,0.02930450439453125,0.0,0.01621246337890625,-0.0073261260986328125,0.015562775173187052,-0.023443222045898438,0.0,-0.14286231994628906,-0.0073261260986328125,-0.13713734391139804,0.02344512939453125,0.0,0.0572357177734375,-0.03052520751953125,0.05007261829628693,-0.380950927734375,0.0,-0.1182107925415039,-0.07936477661132812,-0.1636800381505697,-3.0183181762695312,0.0,-0.2535824775695801,0.05494499206542969,-0.2458135761318079,0.3223419189453125,0.0,0.0008630752563476562,-0.05494499206542969,-0.0100894839841511,-0.20513153076171875,0.0,0.03154182434082031,0.0061054229736328125,0.030277836828116973,0.02930450439453125,0.0,0.02269744873046875,0.0073261260986328125,0.021787885242461873,0.007814407348632812,0.0,0.19207286834716797,-0.0073261260986328125,0.1843758593061995,-0.10158729553222656,0.0,-0.3417470455169678,0.04603099822998047,-0.33108911610026404,0.0001221001148223877,0.0,0.0,0.0,0.0,0.0,0.0,nan,nan,nan,nan,nan,nan,nan,nan,nan,nan,0.053365967541080125,0.08243678510189056,-0.05315908417105675,-0.9951775074005127,0.005261826328933239,0.2123296707868576,0.03204433619976044,nan
0.2212,1789426375.5000,ramp,0,0.001694,0.04904236530635057,0.20892575317552964,0.03834600765345349,-0.0021540052257478237,-0.009947587735950947,0.12959082424640656,-0.9915153384208679,-0.23440790176391602,-0.0061054229736328125,-0.2389340504406019,-1.1428604125976562,0.0,0.17324161529541016,-0.0061054229736328125,0.15714791467207256,-3.6043930053710938,0.0,0.006231784820556641,0.0061054229736328125,0.010537263163927979,1.1428604125976562,0.0,0.4510793685913086,-0.10378456115722656,0.4127171793985982,-8.058609008789062,0.0,-0.2455291748046875,-0.10378456115722656,-0.18945252829635417,4.0146484375,0.0,-0.1540670394897461,-0.05494499206542969,-0.1307580429750331,1.2014617919921875,0.0,-0.12434673309326172,-0.018314361572265625,-0.1379557050098163,-2.7838821411132812,0.0,0.05340099334716797,-0.0061054229736328125,0.04425823711670662,-2.139190673828125,0.0,0.10076189041137695,-0.018314361572265625,0.10381854369373268,0.9084243774414062,0.0,0.4635434150695801,0.0061054229736328125,0.4180320690235162,-9.816848754882812,0.0,-0.36556196212768555,-0.1892547607421875,-0.29757831104385973,4.717948913574219,0.0,0.005272865295410156,-0.06715583801269531,0.027031559622942788,1.1428604125976562,0.0,-0.013134479522705078,-0.0061054229736328125,-0.012553475794749197,0.08791351318359375,0.0,-0.06730710272805382,-0.00017198731880960842,-0.05525402884634534,2.7077872247808203,0.0,-0.051096075572032426,0.014377131666230367,-0.03465783655102533,3.6906394314926256,0.0,0.1906900405883789,-0.0061054229736328125,0.19788242997634964,0.380950927734375,0.0,0.06298828125,-0.04273414611816406,0.09303112335244029,1.9047622680664062,0.0,0.07775211334228516,0.0061054229736328125,0.07339670247931634,-0.08791351318359375,0.0,-0.09155845642089844,-0.15262603759765625,-0.09179888403680443,0.26373291015625,0.0,0.024255752563476562,0.0061054229736328125,0.023182799300319554,0.02930450439453125,0.0,0.01621246337890625,-0.0073261260986328125,0.015495305028915326,-0.023443222045898438,0.0,-0.14286231994628906,-0.0073261260986328125,-0.13654280493773963,0.039073944091796875,0.0,0.05685234069824219,0.0061054229736328125,0.050722606628209675,-0.380950927734375,0.0,-0.11974477767944336,-0.07936477661132812,-0.16340396262979037,-2.8424911499023438,0.0,-0.25243186950683594,0.06715583801269531,-0.24474788718745202,0.20513153076171875,0.0,-0.0004792213439941406,-0.05494499206542969,-0.011346348838144945,-0.20513153076171875,0.0,0.03154182434082031,0.0061054229736328125,0.030146571678020324,0.02930450439453125,0.0,0.02269744873046875,0.0073261260986328125,0.021693427040481456,0.007814407348632812,0.0,0.19207286834716797,-0.0073261260986328125,0.18357652463168433,-0.10158729553222656,0.0,-0.34069252014160156,0.06444263458251953,-0.32965372747699523,-0.0008547306060791016,0.0,0.0,0.0,0.0,0.0,0.0,nan,nan,nan,nan,nan,nan,nan,nan,nan,nan,0.05412756788529528,0.08668708801269531,-0.05389748141169548,-0.9947765469551086,0.03549439460039139,0.21033550798892975,0.03599964827299118,nan
0.2403,1789426375.5186,ramp,0,0.002663,0.05641102411459878,0.22470947671858862,0.05108494744460329,-0.0028719836845993996,-0.01173805259168148,0.1292133927345276,-0.991543173789978,-0.23440790176391602,-0.0061054229736328125,-0.23877817578060767,-1.1428604125976562,0.0,0.17324161529541016,-0.0061054229736328125,0.15651876411193008,-3.7802200317382812,0.0,0.006231784820556641,0.0061054229736328125,0.010495076635167553,1.2014617919921875,0.0,0.4487786293029785,-0.11599540710449219,0.4126662654758221,-7.531135559082031,0.0,-0.24744653701782227,-0.09157562255859375,-0.18949475570751192,4.131866455078125,0.0,-0.15521764755249023,-0.06715583801269531,-0.13023454575807958,1.26007080078125,0.0,-0.12492179870605469,-0.018314361572265625,-0.13820410286417653,-2.6080551147460938,0.0,0.053592681884765625,-0.0061054229736328125,0.0440810467624407,-2.0805892944335938,0.0,0.10018682479858398,-0.04273414611816406,0.10340290028507282,1.26007080078125,0.0,0.4635434150695801,0.0061054229736328125,0.4179598766396699,-9.75823974609375,0.0,-0.36901330947875977,-0.1892547607421875,-0.2971876507713127,5.010986328125,0.0,0.003738880157470703,-0.07936477661132812,0.026923337245867096,1.2014617919921875,0.0,-0.013326168060302734,-0.0061054229736328125,-0.012503217244742454,-0.02930450439453125,0.0,-0.06759242290801357,0.004255913920229054,-0.05503281621828502,2.707099460177826,0.0,-0.05078323389287579,0.01897885747658426,-0.034519081943145825,3.6913661354271774,0.0,0.1906900405883789,0.0061054229736328125,0.1978909077995795,0.380950927734375,0.0,0.06279659271240234,0.03052520751953125,0.09305902365002318,1.9047622680664062,0.0,0.0775604248046875,0.0061054229736328125,0.07310285463174016,-0.08791351318359375,0.0,-0.09385919570922852,-0.10378456115722656,-0.09263242902213838,0.26373291015625,0.0,0.024255752563476562,0.0061054229736328125,0.023089985652770345,0.08791351318359375,0.0,0.01621246337890625,-0.0073261260986328125,0.015433268699264601,-0.023443222045898438,0.0,-0.14286231994628906,-0.0073261260986328125,-0.13599614809924915,0.039073944091796875,0.0,0.05666065216064453,0.03052520751953125,0.05132024712332835,-0.3223419189453125,0.0,-0.12127876281738281,-0.06715583801269531,-0.16315012128706863,-2.6666641235351562,0.0,-0.25109004974365234,0.07936477661132812,-0.24376802518521673,0.20513153076171875,0.0,-0.001438140869140625,-0.04273414611816406,-0.01250199009622132,-0.3223419189453125,0.0,0.03154182434082031,0.0061054229736328125,0.030025878174086907,0.02930450439453125,0.0,0.02269744873046875,0.0073261260986328125,0.02160657617897044,0.007814407348632812,0.0,0.19207286834716797,-0.0073261260986328125,0.18284156563752874,-0.11721611022949219,0.0,-0.3391585350036621,0.09512996673583984,-0.32833394014333567,-0.004029333591461182,0.0,0.0,0.0,0.0,0.0,0.0,nan,nan,nan,nan,nan,nan,nan,nan,nan,nan,0.05487164969947671,0.09067020565271378,-0.05461821332573891,-0.9943820834159851,0.03763655200600624,0.22227521240711212,0.04815569147467613,nan
0.2602,1789426375.5385,ramp,0,0.003765,0.06292480405174235,0.24473598206279373,0.05612648615806983,-0.003690988291054964,-0.013821319676935673,0.12864787876605988,-0.9915871620178223,-0.23440790176391602,-0.0061054229736328125,-0.23861644056196923,-1.0256423950195312,0.0,0.1734333038330078,-0.0061054229736328125,0.15586595881692614,-3.8974380493164062,0.0,0.006040096282958984,-0.0061054229736328125,0.010451303981851623,1.1428604125976562,0.0,0.44590234756469727,-0.14041519165039062,0.4126134372968722,-6.710624694824219,0.0,-0.24974775314331055,-0.10378456115722656,-0.18953857078031724,4.24908447265625,0.0,-0.1567516326904297,-0.06715583801269531,-0.12969136614925958,1.377288818359375,0.0,-0.12549686431884766,-0.018314361572265625,-0.13846183995425762,-2.6080551147460938,0.0,0.053592681884765625,-0.0061054229736328125,0.043897194424357716,-2.25640869140625,0.0,0.09941959381103516,-0.04273414611816406,0.10297162956039096,1.1428604125976562,0.0,0.4635434150695801,0.0061054229736328125,0.41788496997436686,-9.99267578125,0.0,-0.3732314109802246,-0.20146560668945312,-0.2967823024959991,5.3040313720703125,0.0,0.0018215179443359375,-0.09157562255859375,0.026811045935537618,1.3186798095703125,0.0,-0.013326168060302734,-0.0061054229736328125,-0.012451069079196528,-0.02930450439453125,0.0,-0.06766531192559615,0.0042568529254766,-0.054803286461708456,2.70648866885158,0.0,-0.05055448512596499,0.01897817984674526,-0.03437511045449386,3.691500998101363,0.0,0.19088172912597656,0.04273414611816406,0.19789970437109225,0.3223419189453125,0.0,0.06337165832519531,0.05494499206542969,0.09308797293998358,1.6703262329101562,0.0,0.0775604248046875,0.0061054229736328125,0.07279795872450327,-0.08791351318359375,0.0,-0.09539318084716797,-0.09157562255859375,-0.09349731354187361,0.26373291015625,0.0,0.024255752563476562,0.0061054229736328125,0.022993682407717153,0.08791351318359375,0.0,0.01621246337890625,-0.0073261260986328125,0.015368899934386712,-0.023443222045898438,0.0,-0.14248085021972656,-0.0073261260986328125,-0.13542893811594106,0.0547027587890625,0.0,0.05685234069824219,0.04273414611816406,0.051940357641284345,-0.3223419189453125,0.0,-0.1222372055053711,-0.05494499206542969,-0.16288673604493814,-2.6666641235351562,0.0,-0.2495560646057129,0.07936477661132812,-0.24275132243716946,0.20513153076171875,0.0,-0.0018215179443359375,-0.018314361572265625,-0.013701081029600493,-0.380950927734375,0.0,0.03154182434082031,0.0061054229736328125,0.029900646848818005,0.02930450439453125,0.0,0.02269744873046875,0.0073261260986328125,0.021516459908141397,0.007814407348632812,0.0,0.19207286834716797,-0.0073261260986328125,0.18207897373442863,-0.11721611022949219,0.0,-0.3383915424346924,0.02148151397705078,-0.3269645315879385,0.0008547008037567139,0.0,0.0,0.0,0.0,0.0,0.0,nan,nan,nan,nan,nan,nan,nan,nan,nan,nan,0.055824314662195354,0.09504996240139008,-0.0555427111685276,-0.9939217567443848,0.04412674903869629,0.24243620038032532,0.052664387971162796,nan
0.2801,1789426375.5584,ramp,0,0.004918,0.057819532564438864,0.25108612323451956,0.05642125231766036,-0.004554301500320435,-0.016073007136583328,0.12808312475681305,-0.9916226863861084,-0.23440790176391602,-0.018314361572265625,-0.23845401891721113,-1.0842514038085938,0.0,0.1734333038330078,-0.0061054229736328125,0.15521038292805078,-3.9560470581054688,0.0,0.005847930908203125,-0.018314361572265625,0.01040734555148097,1.0256423950195312,0.0,0.4436016082763672,-0.11599540710449219,0.4125603849079934,-6.476188659667969,0.0,-0.25243186950683594,-0.14041519165039062,-0.1895825718102113,4.542121887207031,0.0,-0.1584773063659668,-0.07936477661132812,-0.1291458812127917,1.5531158447265625,0.0,-0.12607240676879883,-0.018314361572265625,-0.13872067091537144,-2.4908447265625,0.0,0.053592681884765625,0.0061054229736328125,0.04371256179211193,-2.373626708984375,0.0,0.09865283966064453,-0.03052520751953125,0.10253852846448532,1.2014617919921875,0.0,0.4635434150695801,0.0061054229736328125,0.41780974539505583,-9.816848754882812,0.0,-0.3772578239440918,-0.21367454528808594,-0.29637523386783904,5.714286804199219,0.0,-9.584426879882812e-05,-0.10378456115722656,0.026698278045715618,1.4358978271484375,0.0,-0.013326168060302734,-0.0061054229736328125,-0.012398699589790377,0.14652252197265625,0.0,-0.06752809228739289,0.013224101662747583,-0.05457278254983361,2.699376256774212,0.0,-0.050259417997783336,0.018612413409125853,-0.034230527931392314,3.541570698355127,0.0,0.19222402572631836,0.05494499206542969,0.197908538276443,0.26373291015625,0.0,0.06452226638793945,0.04273414611816406,0.09311704509464185,1.6703262329101562,0.0,0.0775604248046875,0.0061054229736328125,0.0724917687978421,-0.08791351318359375,0.0,-0.09711885452270508,-0.07936477661132812,-0.0943658687483637,0.20513153076171875,0.0,0.024255752563476562,0.0061054229736328125,0.02289697043868059,0.02930450439453125,0.0,0.01621246337890625,-0.0073261260986328125,0.015304257979773927,-0.023443222045898438,0.0,-0.14248085021972656,-0.0073261260986328125,-0.13485932081682905,0.0547027587890625,0.0,0.05742788314819336,0.018314361572265625,0.05256309999206062,-0.26373291015625,0.0,-0.12281274795532227,-0.03052520751953125,-0.16262223296025455,-2.6080551147460938,0.0,-0.2485971450805664,0.07936477661132812,-0.2417303046652945,0.14652252197265625,0.0,-0.0023965835571289062,-0.03052520751953125,-0.014905261066908069,-0.3223419189453125,0.0,0.03154182434082031,0.0061054229736328125,0.029774884024884873,0.02930450439453125,0.0,0.02269744873046875,0.0073261260986328125,0.021425961171683498,0.007814407348632812,0.0,0.19207286834716797,-0.0073261260986328125,0.18131314528825931,-0.1328449249267578,0.0,-0.337432861328125,0.05830574035644531,-0.3255893110776137,-0.0001221299171447754,0.0,0.0,0.0,0.0,0.0,0.0,nan,nan,nan,nan,nan,nan,nan,nan,nan,nan,0.05676306363562784,0.09956195950508118,-0.056450702250003815,-0.9934287667274475,0.03936663642525673,0.2398761808872223,0.052387189120054245,nan
0.3002,1789426375.5785,ramp,0,0.006174,0.06247740963336586,0.26683862121379737,0.06066195768539406,-0.00548202358186245,-0.018436340615153313,0.1275421679019928,-0.9916465878486633,-0.23440790176391602,-0.018314361572265625,-0.23829021321781227,-0.9670333862304688,0.0,0.1734333038330078,0.0061054229736328125,0.1545492206356348,-4.131866455078125,0.0,0.005656242370605469,-0.018314361572265625,0.010363012535139068,1.2014617919921875,0.0,0.4416842460632324,-0.07936477661132812,0.4125068804401743,-6.0659332275390625,0.0,-0.2556915283203125,-0.16483497619628906,-0.18962694778908282,4.835166931152344,0.0,-0.16001081466674805,-0.06715583801269531,-0.12859574799832554,1.5531158447265625,0.0,-0.12645578384399414,-0.018314361572265625,-0.1389817074704098,-2.3150177001953125,0.0,0.05378437042236328,0.0061054229736328125,0.04352635583722266,-2.4322357177734375,0.0,0.0978856086730957,-0.03052520751953125,0.10210173675466803,1.4945068359375,0.0,0.4635434150695801,0.0061054229736328125,0.4177338797994058,-9.934066772460938,0.0,-0.3820514678955078,-0.23809432983398438,-0.2959646964580106,6.0659332275390625,0.0,-0.0020132064819335938,-0.09157562255859375,0.02658454921918185,1.4945068359375,0.0,-0.013326168060302734,-0.0061054229736328125,-0.012345883840681873,-0.02930450439453125,0.0,-0.06725007578558156,0.013225782197771643,-0.05434031442925116,2.698350453202596,0.0,-0.04997004164126365,0.018619597334089556,-0.034084713367374266,3.5406892765078717,0.0,0.19318294525146484,0.03052520751953125,0.197917447458754,0.20513153076171875,0.0,0.06528902053833008,0.018314361572265625,0.0931463649838347,1.7289352416992188,0.0,0.0775604248046875,0.0061054229736328125,0.07218296971407277,-0.14652252197265625,0.0,-0.09769392013549805,-0.04273414611816406,-0.0952418252335815,0.14652252197265625,0.0,0.024255752563476562,0.0061054229736328125,0.022799434351345273,-0.02930450439453125,0.0,0.01621246337890625,-0.0073261260986328125,0.015239065187263885,-0.023443222045898438,0.0,-0.14248085021972656,0.0073261260986328125,-0.13428484959897086,0.0547027587890625,0.0,0.057619571685791016,0.0061054229736328125,0.05319114895970963,-0.20513153076171875,0.0,-0.12319612503051758,-0.0061054229736328125,-0.16235547594739289,-2.6666641235351562,0.0,-0.24744653701782227,0.07936477661132812,-0.24070058642503345,0.14652252197265625,0.0,-0.0031638145446777344,-0.04273414611816406,-0.016119702365708168,-0.3223419189453125,0.0,0.03154182434082031,0.0061054229736328125,0.029648049529621513,0.02930450439453125,0.0,0.02269744873046875,0.0073261260986328125,0.02133469126216944,0.007814407348632812,0.0,0.19207286834716797,-0.0073261260986328125,0.18054079093591224,-0.1328449249267578,0.0,-0.33628225326538086,0.06444263458251953,-0.32420237180694644,-0.0008547306060791016,0.0,0.0,0.0,0.0,0.0,0.0,nan,nan,nan,nan,nan,nan,nan,nan,nan,nan,0.05781395569421703,0.10416582971811295,-0.057467419654130936,-0.9928982853889465,0.04399489983916283,0.2557462155818939,0.05620366707444191,nan
0.3202,1789426375.5988,ramp,0,0.007485,0.057868122770765196,0.2692347005360553,0.04924225635210703,-0.006448565982282162,-0.02090766653418541,0.1270211637020111,-0.9916586875915527,-0.23440790176391602,-0.018314361572265625,-0.23812732335341416,-0.9670333862304688,0.0,0.1734333038330078,0.0061054229736328125,0.15389175489084067,-4.3076934814453125,0.0,0.005272865295410156,0.0061054229736328125,0.01031892738397037,1.377288818359375,0.0,0.4403419494628906,-0.06715583801269531,0.41245367511496445,-5.9487152099609375,0.0,-0.2591428756713867,-0.1892547607421875,-0.18967107566257835,5.128204345703125,0.0,-0.1615447998046875,-0.06715583801269531,-0.12804869056971252,1.611724853515625,0.0,-0.12683916091918945,-0.0061054229736328125,-0.1392412845743152,-2.373626708984375,0.0,0.05378437042236328,-0.0061054229736328125,0.04334119095679818,-2.25640869140625,0.0,0.09711885452270508,-0.04273414611816406,0.10166738714019508,1.5531158447265625,0.0,0.4635434150695801,0.0061054229736328125,0.417658438367067,-9.816848754882812,0.0,-0.38722848892211914,-0.2625160217285156,-0.2955564543561623,6.534797668457031,0.0,-0.003930568695068359,-0.09157562255859375,0.02647145624866721,1.5531158447265625,0.0,-0.013326168060302734,-0.0061054229736328125,-0.012293363383567487,0.14652252197265625,0.0,-0.06704312399479206,0.008800070711249339,-0.054109146034149354,2.6142923863492307,0.0,-0.04960225001599923,0.014015592200219272,-0.033939714050211685,3.4643620002210724,0.0,0.19356632232666016,-0.0061054229736328125,0.19792630682997162,0.20513153076171875,0.0,0.06548070907592773,-0.0061054229736328125,0.09317552094600402,1.6703262329101562,0.0,0.0775604248046875,0.0061054229736328125,0.07187589712095759,-0.08791351318359375,0.0,-0.09826898574829102,-0.04273414611816406,-0.09611288426033959,0.14652252197265625,0.0,0.024255752563476562,0.0061054229736328125,0.022702443586687635,0.02930450439453125,0.0,0.01621246337890625,-0.0073261260986328125,0.01517423688659628,-0.023443222045898438,0.0,-0.14248085021972656,-0.0073261260986328125,-0.13371359024034682,0.0547027587890625,0.0,0.057619571685791016,0.0061054229736328125,0.05381568651579694,-0.26373291015625,0.0,-0.12338781356811523,-0.0061054229736328125,-0.16209021036865084,-2.6666641235351562,0.0,-0.24629640579223633,0.06715583801269531,-0.23967662532270334,0.20513153076171875,0.0,-0.004313945770263672,-0.05494499206542969,-0.017327353742961897,-0.3223419189453125,0.0,0.03154182434082031,0.0061054229736328125,0.029521924163957963,0.02930450439453125,0.0,0.02269744873046875,0.0073261260986328125,0.02124393164123479,0.007814407348632812,0.0,0.19207286834716797,-0.0073261260986328125,0.17977275480418534,-0.14847373962402344,0.0,-0.33493995666503906,0.07058048248291016,-0.32282318689118034,0.0008547008037567139,0.0,0.0,0.0,0.0,0.0,0.0,nan,nan,nan,nan,nan,nan,nan,nan,nan,nan,0.05884663120630309,0.1090601459145546,-0.05846186354756355,-0.9923145174980164,0.04484843090176582,0.2619706392288208,0.04479525238275528,nan
0.3402,1789426375.6185,ramp,0,0.008724,0.05591611723789959,0.2793332742315812,0.04793119463102863,-0.007390419952571392,-0.023487545549869537,0.1265324205160141,-0.9916568398475647,-0.23479127883911133,-0.018314361572265625,-0.23796433599146716,-0.7325973510742188,0.0,0.1734333038330078,-0.0061054229736328125,0.1532338956206494,-4.3076934814453125,0.0,0.0050811767578125,0.0061054229736328125,0.010274815845683015,1.26007080078125,0.0,0.4395751953125,-0.04273414611816406,0.4124004379437658,-5.9487152099609375,0.0,-0.26336145401000977,-0.20146560668945312,-0.1897152299487639,5.362640380859375,0.0,-0.16307878494262695,-0.06715583801269531,-0.12750130570047832,1.7289352416992188,0.0,-0.1270308494567871,0.0061054229736328125,-0.13950101704781012,-2.5494537353515625,0.0,0.05397605895996094,-0.0061054229736328125,0.04315591524613853,-2.4322357177734375,0.0,0.0961599349975586,-0.018314361572265625,0.10123277754623895,1.6703262329101562,0.0,0.4635434150695801,0.0061054229736328125,0.4175829517793419,-9.934066772460938,0.0,-0.3922138214111328,-0.2625160217285156,-0.2951479679014537,6.886444091796875,0.0,-0.005656242370605469,-0.07936477661132812,0.02635829558647968,1.611724853515625,0.0,-0.013326168060302734,-0.0061054229736328125,-0.01224081149039136,0.26373291015625,0.0,-0.06690408928899272,0.008800680194280737,-0.053877839273459356,2.7795044731211407,0.0,-0.049457448958461665,0.014018150281783154,-0.03379462794386758,3.6151429550397536,0.0,0.1937580108642578,-0.0061054229736328125,0.19793517150395612,0.20513153076171875,0.0,0.06567239761352539,-0.0061054229736328125,0.09320469435944238,1.7289352416992188,0.0,0.0775604248046875,0.0061054229736328125,0.07156864072988012,-0.08791351318359375,0.0,-0.09826898574829102,-0.05494499206542969,-0.09698446465851836,0.14652252197265625,0.0,0.024255752563476562,0.0061054229736328125,0.022605394768314677,0.02930450439453125,0.0,0.01621246337890625,-0.0073261260986328125,0.01510936978302074,-0.023443222045898438,0.0,-0.14209938049316406,0.0073261260986328125,-0.1331419889550631,0.0547027587890625,0.0,0.057619571685791016,0.0061054229736328125,0.05444059788815031,-0.20513153076171875,0.0,-0.12338781356811523,-0.0061054229736328125,-0.1618247860154889,-2.6080551147460938,0.0,-0.2451457977294922,0.07936477661132812,-0.23865205132958367,0.14652252197265625,0.0,-0.0054645538330078125,-0.06715583801269531,-0.01853572795861686,-0.26373291015625,0.0,0.03154182434082031,0.0061054229736328125,0.029395723306095762,0.02930450439453125,0.0,0.02269744873046875,0.0073261260986328125,0.021153117696229035,0.007814407348632812,0.0,0.19207286834716797,-0.0073261260986328125,0.179004258965278,-0.16410255432128906,0.0,-0.3336935043334961,0.07058048248291016,-0.32144317646580245,-0.0015873312950134277,0.0,0.0,0.0,0.0,0.0,0.0,nan,nan,nan,nan,nan,nan,nan,nan,nan,nan,0.06003650141208767,0.11422351747751236,-0.059607744216918945,-0.991665244102478,0.04315553978085518,0.2720097005367279,0.04289337620139122,nan
0.3610,1789426375.6395,ramp,0,0.010083,0.05217326070763179,0.280117808199205,0.0437045207932883,-0.008419849909842014,-0.026302149519324303,0.12605981528759003,-0.99163818359375,-0.23498296737670898,-0.018314361572265625,-0.23779456439826183,-0.7912063598632812,0.0,0.17381668090820312,-0.0061054229736328125,0.15254865343333437,-4.659339904785156,0.0,0.0050811767578125,0.0061054229736328125,0.010228868196464562,1.26007080078125,0.0,0.43880796432495117,-0.03052520751953125,0.41234498481375514,-5.714286804199219,0.0,-0.26834726333618164,-0.23809432983398438,-0.18976122212523097,5.772895812988281,0.0,-0.16480445861816406,-0.06715583801269531,-0.1269311363312938,1.8461532592773438,0.0,-0.12722253799438477,0.0061054229736328125,-0.1397715606979781,-2.7838821411132812,0.0,0.0541682243347168,-0.0061054229736328125,0.04296292756779839,-2.7838821411132812,0.0,0.09558486938476562,-0.03052520751953125,0.10078007764173812,1.4945068359375,0.0,0.4635434150695801,0.0061054229736328125,0.4175043231169068,-9.934066772460938,0.0,-0.39835023880004883,-0.2625160217285156,-0.29472247849300975,7.296699523925781,0.0,-0.007573604583740234,-0.07936477661132812,0.02624042469343465,1.6703262329101562,0.0,-0.013326168060302734,-0.0061054229736328125,-0.01218607216260613,0.08791351318359375,0.0,-0.06697900554690751,-5.517492744326688e-05,-0.05363690453586742,2.8553225487286804,0.0,-0.04907816741683533,0.004793351329448189,-0.03364350273310428,3.5414478584204425,0.0,0.1937580108642578,-0.0061054229736328125,0.19794440516359457,0.20513153076171875,0.0,0.06567239761352539,-0.0061054229736328125,0.09323508209515084,1.7289352416992188,0.0,0.0775604248046875,0.0061054229736328125,0.07124859501337419,-0.14652252197265625,0.0,-0.09980297088623047,-0.05494499206542969,-0.09789232396145904,0.20513153076171875,0.0,0.024255752563476562,0.0061054229736328125,0.02250430636294967,0.08791351318359375,0.0,0.01621246337890625,-0.0073261260986328125,0.015041802633095243,-0.023443222045898438,0.0,-0.14209938049316406,-0.0073261260986328125,-0.13254659517899609,0.07033157348632812,0.0,0.057619571685791016,0.0061054229736328125,0.055091520745169466,-0.14652252197265625,0.0,-0.12357950210571289,-0.0061054229736328125,-0.16154831356527247,-2.6666641235351562,0.0,-0.24361181259155273,0.05494499206542969,-0.23758483018377954,0.20513153076171875,0.0,-0.006806850433349609,-0.06715583801269531,-0.019794399878508943,-0.26373291015625,0.0,0.03154182434082031,0.0061054229736328125,0.02926426942864659,0.02930450439453125,0.0,0.02269744873046875,0.0073261260986328125,0.02105852368633334,0.007814407348632812,0.0,0.19207286834716797,-0.0073261260986328125,0.1782037750419577,-0.16410255432128906,0.0,-0.3320636749267578,0.07058048248291016,-0.32000572410288525,-0.0013431310653686523,0.0,0.0,0.0,0.0,0.0,0.0,nan,nan,nan,nan,nan,nan,nan,nan,nan,nan,0.0611247472433656,0.1200813576579094,-0.06064467132091522,-0.9909100532531738,0.04902542382478714,0.2813514471054077,0.03911919146776199,nan
0.3803,1789426375.6586,ramp,0,0.011296,0.059806130063151074,0.2892562790322437,0.04898651382486456,-0.00932257529348135,-0.028707271441817284,0.12563183903694153,-0.9916176199913025,-0.23517465591430664,-0.018314361572265625,-0.23763795926023154,-0.6739959716796875,0.0,0.17400884628295898,-0.0061054229736328125,0.15191655447435906,-4.835166931152344,0.0,0.0050811767578125,0.0061054229736328125,0.010186483968266135,1.2014617919921875,0.0,0.4382328987121582,-0.03052520751953125,0.412293832292208,-5.772895812988281,0.0,-0.27275705337524414,-0.23809432983398438,-0.18980364742741465,6.124542236328125,0.0,-0.16614675521850586,-0.06715583801269531,-0.12640518584054347,1.9633712768554688,0.0,-0.12722253799438477,0.0061054229736328125,-0.14002112262337366,-2.5494537353515625,0.0,0.0541682243347168,-0.0061054229736328125,0.042784906843400416,-2.5494537353515625,0.0,0.09500980377197266,-0.03052520751953125,0.100362486396394,1.4945068359375,0.0,0.4635434150695801,0.0061054229736328125,0.41743179241668016,-9.816848754882812,0.0,-0.40391063690185547,-0.2991447448730469,-0.2943299874626687,7.76556396484375,0.0,-0.009299278259277344,-0.07936477661132812,0.02613169515201632,1.7875442504882812,0.0,-0.013326168060302734,-0.018314361572265625,-0.0121355780851127,0.20513153076171875,0.0,-0.06712323702091187,-5.482007830699157e-05,-0.053414655235354276,3.0142637984064944,0.0,-0.04877156981961546,0.004792672746453225,-0.03350409787717632,3.543555894967501,0.0,0.1937580108642578,-0.018314361572265625,0.19795292271658982,0.20513153076171875,0.0,0.06567239761352539,-0.0061054229736328125,0.09326311314236674,1.7289352416992188,0.0,0.07736873626708984,0.0061054229736328125,0.0709533701016965,-0.20513153076171875,0.0,-0.10172033309936523,-0.06715583801269531,-0.09872977520265219,0.20513153076171875,0.0,0.024255752563476562,0.0061054229736328125,0.0224110577612457,0.02930450439453125,0.0,0.01621246337890625,-0.0073261260986328125,0.014979475581551344,-0.03907203674316406,0.0,-0.14209938049316406,0.0073261260986328125,-0.13199737653338556,0.07033157348632812,0.0,0.057619571685791016,0.018314361572265625,0.05569196197297425,-0.08791351318359375,0.0,-0.12357950210571289,-0.0061054229736328125,-0.1612932826416046,-2.6080551147460938,0.0,-0.24265336990356445,0.03052520751953125,-0.23660037623779226,0.26373291015625,0.0,-0.008149147033691406,-0.06715583801269531,-0.020955456837615166,-0.26373291015625,0.0,0.03154182434082031,0.0061054229736328125,0.029143010316719363,0.02930450439453125,0.0,0.02269744873046875,0.0073261260986328125,0.020971265814171882,0.007814407348632812,0.0,0.19207286834716797,-0.0073261260986328125,0.17746537179712854,-0.16410255432128906,0.0,-0.3312966823577881,0.05216789245605469,-0.318679751827686,0.0003663003444671631,0.0,0.0,0.0,0.0,0.0,0.0,nan,nan,nan,nan,nan,nan,nan,nan,nan,nan,0.062127409467284046,0.1251666247844696,-0.06159917637705803,-0.9902216196060181,0.05643153563141823,0.29062914848327637,0.05675221607089043,nan
0.4013,1789426375.6796,ramp,0,0.012718,0.057586917926788043,0.29349599819813627,0.03996234253686062,-0.010403942316770554,-0.03174109756946564,0.1251162439584732,-0.9915796518325806,-0.2353668212890625,-0.018314361572265625,-0.2374664894644596,-0.6739959716796875,0.0,0.17400884628295898,-0.0061054229736328125,0.15122445790098754,-5.0695953369140625,0.0,0.0050811767578125,0.0061054229736328125,0.01014007671085081,1.26007080078125,0.0,0.4378495216369629,-0.018314361572265625,0.412237824471946,-5.538459777832031,0.0,-0.27850961685180664,-0.25030517578125,-0.1898500996574787,6.593406677246094,0.0,-0.16787242889404297,-0.06715583801269531,-0.1258293131433293,2.0219802856445312,0.0,-0.12722253799438477,0.018314361572265625,-0.1402943724855317,-2.9011001586914062,0.0,0.0541682243347168,-0.0061054229736328125,0.042589988735095535,-2.7838821411132812,0.0,0.09443426132202148,-0.018314361572265625,0.09990525819522575,1.611724853515625,0.0,0.4635434150695801,-0.0061054229736328125,0.4173523772422389,-9.99267578125,0.0,-0.4100465774536133,-0.28693580627441406,-0.29390024194051434,8.175827026367188,0.0,-0.011024951934814453,-0.07936477661132812,0.026012645212174824,1.8461532592773438,0.0,-0.013709545135498047,-0.018314361572265625,-0.012080291207144395,0.4395599365234375,0.0,-0.06733696970837819,-5.453554283624458e-05,-0.05317131045976927,3.173476955151653,0.0,-0.04853748132569965,0.00479175255836937,-0.03335146098111894,3.5458694219568274,0.0,0.1937580108642578,-0.03052520751953125,0.1979622487392921,0.20513153076171875,0.0,0.06567239761352539,-0.0061054229736328125,0.09329380484253592,1.7289352416992188,0.0,0.07736873626708984,0.0061054229736328125,0.07063012301064406,-0.20513153076171875,0.0,-0.10287094116210938,-0.05494499206542969,-0.09964671570091703,0.26373291015625,0.0,0.024255752563476562,0.0061054229736328125,0.022308958182066477,0.02930450439453125,0.0,0.01621246337890625,-0.0073261260986328125,0.014911232566451604,-0.03907203674316406,0.0,-0.14171791076660156,-0.0073261260986328125,-0.13139602711291665,0.08596038818359375,0.0,0.057044029235839844,0.03052520751953125,0.05634939592437379,-0.08791351318359375,0.0,-0.12357950210571289,-0.0061054229736328125,-0.16101404467440333,-2.4908447265625,0.0,-0.24207782745361328,0.04273414611816406,-0.23552247982143937,0.26373291015625,0.0,-0.009490966796875,-0.07936477661132812,-0.022226719084572858,-0.20513153076171875,0.0,0.03154182434082031,0.0061054229736328125,0.029010241523695315,-0.02930450439453125,0.0,0.02269744873046875,0.0073261260986328125,0.020875725593032246,0.007814407348632812,0.0,0.19207286834716797,-0.0073261260986328125,0.17665688074006192,-0.1797313690185547,0.0,-0.32985854148864746,0.082855224609375,-0.31722792082081536,-0.002319931983947754,0.0,0.0,0.0,0.0,0.0,0.0,nan,nan,nan,nan,nan,nan,nan,nan,nan,nan,0.06348900096511663,0.1315680891275406,-0.06289482861757278,-0.9893099069595337,0.054989296942949295,0.2944175899028778,0.04748386889696121,nan
0.4212,1789426375.6998,ramp,0,0.013962,0.06263493977303325,0.294083291797526,0.03780882309444929,-0.011367746628820896,-0.03454321622848511,0.1247200146317482,-0.9915252923965454,-0.23555850982666016,-0.0061054229736328125,-0.23730461216678597,-0.4981689453125,0.0,0.17400884628295898,-0.0061054229736328125,0.1505710791381437,-5.24542236328125,0.0,0.0050811767578125,0.018314361572265625,0.010096265604708075,1.2014617919921875,0.0,0.4372739791870117,-0.03052520751953125,0.41218494988518983,-5.479850769042969,0.0,-0.2840700149536133,-0.27472496032714844,-0.18989395322037494,6.886444091796875,0.0,-0.16940641403198242,-0.06715583801269531,-0.12528565636920544,2.139190673828125,0.0,-0.12722253799438477,0.018314361572265625,-0.1405523359891138,-2.6666641235351562,0.0,0.05435991287231445,-0.0061054229736328125,0.04240597488882015,-2.8424911499023438,0.0,0.09405088424682617,-0.018314361572265625,0.09947360861348989,1.5531158447265625,0.0,0.46316003799438477,-0.0061054229736328125,0.4172774047739103,-9.75823974609375,0.0,-0.4161820411682129,-0.28693580627441406,-0.2934945375801602,8.644683837890625,0.0,-0.012750625610351562,-0.07936477661132812,0.025900255257646734,1.9047622680664062,0.0,-0.013901233673095703,-0.03052520751953125,-0.012028097231161453,0.4395599365234375,0.0,-0.0675508559546808,-0.0044833582040384075,-0.05294157906890036,3.2498914053509074,0.0,-0.048303280556142414,0.00017715572391524832,-0.033207363018280506,3.472546209855686,0.0,0.19318294525146484,-0.018314361572265625,0.19797105303830173,0.26373291015625,0.0,0.06567239761352539,-0.0061054229736328125,0.09332277956348915,1.7289352416992188,0.0,0.07736873626708984,0.0061054229736328125,0.07032495926244653,-0.20513153076171875,0.0,-0.10382986068725586,-0.04273414611816406,-0.10051235999307004,0.20513153076171875,0.0,0.024255752563476562,0.0061054229736328125,0.02221257033780072,0.02930450439453125,0.0,0.01621246337890625,-0.0073261260986328125,0.014846807255744759,-0.03907203674316406,0.0,-0.14171791076660156,-0.0073261260986328125,-0.13082831885441626,0.08596038818359375,0.0,0.05627727508544922,-0.018314361572265625,0.056970051188890466,0.14652252197265625,0.0,-0.12357950210571289,-0.0061054229736328125,-0.16075042805705725,-2.4908447265625,0.0,-0.24169445037841797,0.04273414611816406,-0.23450488393368685,0.26373291015625,0.0,-0.011408805847167969,-0.128204345703125,-0.02342686337963997,-0.08791351318359375,0.0,0.03154182434082031,0.0061054229736328125,0.02888490018685307,0.08791351318359375,0.0,0.02269744873046875,0.0073261260986328125,0.020785530158042662,0.007814407348632812,0.0,0.19207286834716797,-0.0073261260986328125,0.1758936189252213,-0.1953601837158203,0.0,-0.32880401611328125,0.05216789245605469,-0.3158573092853378,0.0013431012630462646,0.0,0.0,0.0,0.0,0.0,0.0,nan,nan,nan,nan,nan,nan,nan,nan,nan,nan,0.06464289705422008,0.13749472796916962,-0.06398436427116394,-0.9884337186813354,0.06488975882530212,0.29917609691619873,0.05825239047408104,nan
0.4406,1789426375.7189,ramp,0,0.015120,0.06030152796017626,0.2950950266956471,0.047124968384088375,-0.012251480482518673,-0.03707253187894821,0.1243322342634201,-0.9914721250534058,-0.23555850982666016,-0.0061054229736328125,-0.23714674392745919,-0.615386962890625,0.0,0.17400884628295898,-0.0061054229736328125,0.14993388197469928,-5.362640380859375,0.0,0.0050811767578125,0.018314361572265625,0.010053539525825432,1.3186798095703125,0.0,0.43708229064941406,-0.018314361572265625,0.41213338479214534,-5.362640380859375,0.0,-0.28867197036743164,-0.27472496032714844,-0.18993672070452572,7.120880126953125,0.0,-0.17074918746948242,-0.05494499206542969,-0.12475546381618877,2.1977996826171875,0.0,-0.1270308494567871,0.04273414611816406,-0.14080391076029125,-2.9597091674804688,0.0,0.05435991287231445,-0.018314361572265625,0.04222651833536436,-2.8424911499023438,0.0,0.09385919570922852,-0.018314361572265625,0.09905264927914162,1.4358978271484375,0.0,0.4629678726196289,-0.0061054229736328125,0.4172042890761372,-9.934066772460938,0.0,-0.4219346046447754,-0.28693580627441406,-0.2930988809070087,8.937728881835938,0.0,-0.014285087585449219,-0.07936477661132812,0.025790648756337697,1.9633712768554688,0.0,-0.014284610748291016,-0.04273414611816406,-0.011977195892861966,0.5567779541015625,0.0,-0.06790529401307993,-0.009019275085065866,-0.05271753721302696,3.492036305984968,0.0,-0.04806381898641574,0.005141278512663853,-0.03306683379021206,3.5508332873942794,0.0,0.19279956817626953,-0.018314361572265625,0.19797963928975962,0.26373291015625,0.0,0.06567239761352539,-0.0061054229736328125,0.0933510366955738,1.7875442504882812,0.0,0.07736873626708984,-0.018314361572265625,0.07002735320942581,-0.20513153076171875,0.0,-0.10459661483764648,-0.05494499206542969,-0.10135656571091568,0.14652252197265625,0.0,0.024255752563476562,0.0061054229736328125,0.022118569637977946,0.02930450439453125,0.0,0.01621246337890625,-0.0073261260986328125,0.014783977504349496,-0.03907203674316406,0.0,-0.14171791076660156,-0.0073261260986328125,-0.13027467047685665,0.08596038818359375,0.0,0.055893898010253906,-0.0061054229736328125,0.057575335285216904,0.14652252197265625,0.0,-0.12357950210571289,-0.0061054229736328125,-0.1604933401773126,-2.5494537353515625,0.0,-0.24092769622802734,0.04273414611816406,-0.2335124898583325,0.3223419189453125,0.0,-0.014093399047851562,-0.06715583801269531,-0.024597284862597553,-0.14652252197265625,0.0,0.03154182434082031,0.0061054229736328125,0.02876266305757972,0.02930450439453125,0.0,0.02269744873046875,0.0073261260986328125,0.020697568506089295,0.007814407348632812,0.0,0.19207286834716797,-0.0073261260986328125,0.17514926007697068,-0.1953601837158203,0.0,-0.32774925231933594,0.06444263458251953,-0.3145206423591139,0.0010989010334014893,0.0,0.0,0.0,0.0,0.0,0.0,nan,nan,nan,nan,nan,nan,nan,nan,nan,nan,0.0657281119666257,0.14298784732818604,-0.06500589102506638,-0.9875873327255249,0.05716735124588013,0.30525219440460205,0.07929375022649765,nan
0.4614,1789426375.7398,ramp,0,0.016569,0.05613225356630553,0.2865398214308493,0.052736057386181985,-0.013333285227417946,-0.04011237993836403,0.12373539805412292,-0.991414487361908,-0.2357501983642578,0.0061054229736328125,-0.23697713475684956,-0.5567779541015625,0.0,0.17400884628295898,-0.0061054229736328125,0.14924929536711132,-5.421241760253906,0.0,0.0050811767578125,0.0061054229736328125,0.01000763583529471,1.0842514038085938,0.0,0.43669891357421875,-0.018314361572265625,0.4120779847148342,-5.538459777832031,0.0,-0.29442405700683594,-0.27472496032714844,-0.1899826688797053,7.531135559082031,0.0,-0.17209100723266602,-0.05494499206542969,-0.12418583993513431,2.3150177001953125,0.0,-0.12626409530639648,0.04273414611816406,-0.1410741955779828,-3.369964599609375,0.0,0.05435991287231445,-0.018314361572265625,0.04203371529073742,-2.5494537353515625,0.0,0.09309196472167969,-0.03052520751953125,0.09860038247827234,1.6703262329101562,0.0,0.46239280700683594,-0.018314361572265625,0.4171257356387219,-9.465194702148438,0.0,-0.42826223373413086,-0.28693580627441406,-0.2926737985695762,9.347991943359375,0.0,-0.016010761260986328,-0.06715583801269531,0.0256728906318427,2.0219802856445312,0.0,-0.014860153198242188,-0.03052520751953125,-0.011922508934872747,0.7912063598632812,0.0,-0.06818847762134385,-0.02251912665375264,-0.052476832980696414,3.8054171217144037,0.0,-0.04790241179120094,0.01045460617846818,-0.03291585316281833,3.405591334912847,0.0,0.19260740280151367,-0.0061054229736328125,0.19798886411544103,0.3223419189453125,0.0,0.06567239761352539,-0.0061054229736328125,0.09338139535895741,1.7875442504882812,0.0,0.07736873626708984,-0.0061054229736328125,0.06970761368463918,-0.20513153076171875,0.0,-0.10536384582519531,-0.05494499206542969,-0.10226355645356482,0.14652252197265625,0.0,0.024255752563476562,0.0061054229736328125,0.02201757794514819,0.02930450439453125,0.0,0.01621246337890625,-0.0073261260986328125,0.014716474996757066,-0.03907203674316406,0.0,-0.14171791076660156,-0.0073261260986328125,-0.12967984632142365,0.08596038818359375,0.0,0.05570220947265625,0.0061054229736328125,0.05822563539623937,0.26373291015625,0.0,-0.12357950210571289,-0.0061054229736328125,-0.16021713223172943,-2.4908447265625,0.0,-0.24035215377807617,0.04273414611816406,-0.23244628973627796,0.26373291015625,0.0,-0.01754474639892578,-0.07936477661132812,-0.025854752595402316,0.02930450439453125,0.0,0.03154182434082031,0.0061054229736328125,0.028631334943690776,-0.02930450439453125,0.0,0.02269744873046875,0.0073261260986328125,0.020603064995459892,0.007814407348632812,0.0,0.19207286834716797,-0.0073261260986328125,0.1743495419865802,-0.21098899841308594,0.0,-0.32573604583740234,0.10126781463623047,-0.3130845652247584,-0.0037851333618164062,0.0,0.0,0.0,0.0,0.0,0.0,nan,nan,nan,nan,nan,nan,nan,nan,nan,nan,0.06723790886185343,0.14943282306194305,-0.06643287092447281,-0.9865376353263855,0.047537676990032196,0.3105833828449249,0.07250181585550308,nan
0.4810,1789426375.7593,ramp,0,0.017814,0.057678127032934054,0.28682081821536626,0.04394646481713279,-0.01427849754691124,-0.04287389665842056,0.12323205173015594,-0.9913485646247864,-0.2357501983642578,-0.0061054229736328125,-0.2368172145390527,-0.4395599365234375,0.0,0.17400884628295898,-0.0061054229736328125,0.14860381588629798,-5.714286804199219,0.0,0.0050811767578125,0.0061054229736328125,0.009964354400918448,1.0842514038085938,0.0,0.4365072250366211,-0.018314361572265625,0.4120257493763928,-5.362640380859375,0.0,-0.2997932434082031,-0.25030517578125,-0.19002599225753725,7.8241729736328125,0.0,-0.1734333038330078,-0.05494499206542969,-0.12364875591548431,2.3150177001953125,0.0,-0.12549686431884766,0.04273414611816406,-0.14132904032934296,-3.5457839965820312,0.0,0.05435991287231445,-0.0061054229736328125,0.04185192615293423,-2.9597091674804688,0.0,0.09251689910888672,-0.03052520751953125,0.09817395149557642,1.4945068359375,0.0,0.46181774139404297,-0.03052520751953125,0.41705166957982304,-9.75823974609375,0.0,-0.43363094329833984,-0.28693580627441406,-0.2922729991332045,9.75823974609375,0.0,-0.017353057861328125,-0.07936477661132812,0.025561859460303444,2.139190673828125,0.0,-0.015435218811035156,-0.03052520751953125,-0.01187094597869031,0.8498153686523438,0.0,-0.06882447706517718,-0.026944328494396062,-0.05224987901871093,3.9650980044627846,0.0,-0.04765199737157187,0.0058348366902585954,-0.03277349732952744,3.408915685365905,0.0,0.19241571426391602,-0.0061054229736328125,0.1979975619713813,0.20513153076171875,0.0,0.06567239761352539,-0.0061054229736328125,0.0934100197785149,1.7875442504882812,0.0,0.07736873626708984,-0.0061054229736328125,0.06940613933476555,-0.20513153076171875,0.0,-0.10593891143798828,-0.03052520751953125,-0.1031187351952734,0.14652252197265625,0.0,0.024255752563476562,0.0061054229736328125,0.02192235542000431,-0.02930450439453125,0.0,0.01621246337890625,-0.0073261260986328125,0.014652828581429318,-0.03907203674316406,0.0,-0.14171791076660156,0.0073261260986328125,-0.12911900159736908,0.10158920288085938,0.0,0.05570220947265625,-0.0061054229736328125,0.058838787002454054,0.26373291015625,0.0,-0.12357950210571289,-0.0061054229736328125,-0.15995670271216916,-2.4908447265625,0.0,-0.2397770881652832,0.04273414611816406,-0.23144099647812955,0.3223419189453125,0.0,-0.019845962524414062,-0.07936477661132812,-0.027040387269399366,0.02930450439453125,0.0,0.03154182434082031,0.0061054229736328125,0.02850750897071725,-0.02930450439453125,0.0,0.02269744873046875,0.0073261260986328125,0.020513960014001045,0.007814407348632812,0.0,0.19207286834716797,-0.0073261260986328125,0.17359550792856523,-0.21098899841308594,0.0,-0.3248732089996338,0.039893150329589844,-0.31173052424175174,0.002075701951980591,0.0,0.0,0.0,0.0,0.0,0.0,nan,nan,nan,nan,nan,nan,nan,nan,nan,nan,0.06845982405466704,0.155644491314888,-0.0675727054476738,-0.9854992032051086,0.05450555682182312,0.31472912430763245,0.064253069460392,nan
0.5002,1789426375.7784,ramp,0,0.018925,0.05631200861750748,0.29027517117579443,0.04395600642397584,-0.015136230736970901,-0.04546203091740608,0.12282256782054901,-0.9912712574005127,-0.23555850982666016,-0.0061054229736328125,-0.23666092197653288,-0.3223419189453125,0.0,0.17400884628295898,-0.0061054229736328125,0.14797297856316224,-5.831504821777344,0.0,0.0050811767578125,0.018314361572265625,0.009922054769380986,1.0842514038085938,0.0,0.4359321594238281,-0.03052520751953125,0.4119746989525529,-5.362640380859375,0.0,-0.30497026443481445,-0.25030517578125,-0.19006833288107847,8.23443603515625,0.0,-0.1747756004333496,-0.06715583801269531,-0.12312385519388729,2.4908447265625,0.0,-0.12492179870605469,0.03052520751953125,-0.14157810414243377,-3.6043930053710938,0.0,0.0541682243347168,-0.0061054229736328125,0.041674260748416,-2.7252731323242188,0.0,0.09194183349609375,-0.018314361572265625,0.0977571937401059,1.5531158447265625,0.0,0.4612421989440918,-0.018314361572265625,0.41697928364700904,-9.5238037109375,0.0,-0.43899965286254883,-0.27472496032714844,-0.2918812914940454,10.168502807617188,0.0,-0.019078731536865234,-0.07936477661132812,0.02545334693725593,2.139190673828125,0.0,-0.016010284423828125,-0.04273414611816406,-0.011820552684684887,1.0256423950195312,0.0,-0.06945888369756532,-0.03601042367511357,-0.05202807331595865,4.28497601503776,0.0,-0.04755216952573759,0.015746584184157073,-0.03263437071826347,3.4140985140744764,0.0,0.19222402572631836,-0.0061054229736328125,0.1980060625237946,0.3223419189453125,0.0,0.06567239761352539,-0.0061054229736328125,0.09343799487725422,1.7289352416992188,0.0,0.07736873626708984,-0.018314361572265625,0.06911150367627997,-0.20513153076171875,0.0,-0.1063222885131836,-0.03052520751953125,-0.10395451492841426,0.14652252197265625,0.0,0.024255752563476562,0.0061054229736328125,0.021829292937540417,0.02930450439453125,0.0,0.01621246337890625,-0.0073261260986328125,0.01459062593135909,-0.03907203674316406,0.0,-0.14133644104003906,0.0073261260986328125,-0.12857087916290907,0.10158920288085938,0.0,0.055318355560302734,-0.0061054229736328125,0.059438029781563734,0.3223419189453125,0.0,-0.12357950210571289,-0.0061054229736328125,-0.15970218081663515,-2.4908447265625,0.0,-0.2393937110900879,0.03052520751953125,-0.23045850744976001,0.380950927734375,0.0,-0.021571636199951172,-0.07936477661132812,-0.02819912682068425,-0.02930450439453125,0.0,0.03154182434082031,0.0061054229736328125,0.028386491885515914,0.02930450439453125,0.0,0.02269744873046875,0.0073261260986328125,0.020426876303902726,0.007814407348632812,0.0,0.19207286834716797,-0.0073261260986328125,0.17285857849726557,-0.22661781311035156,0.0,-0.32372260093688965,0.06444263458251953,-0.31040719853655696,0.0001221001148223877,0.0,0.0,0.0,0.0,0.0,0.0,nan,nan,nan,nan,nan,nan,nan,nan,nan,nan,0.0697000252627484,0.16148672997951508,-0.06872952729463577,-0.9844787120819092,0.04362498223781586,0.3273904323577881,0.07558521628379822,nan
0.5213,1789426375.8000,ramp,0,0.020366,0.05962948758147316,0.2724576414425124,0.03327672004978509,-0.016221636906266212,-0.048598114401102066,0.12237861752510071,-0.9911602139472961,-0.23555850982666016,0.0061054229736328125,-0.23648865496085658,-0.380950927734375,0.0,0.17400884628295898,-0.0061054229736328125,0.14727766420346547,-5.772895812988281,0.0,0.0054645538330078125,0.018314361572265625,0.009875431749246918,1.0842514038085938,0.0,0.4355483055114746,-0.03052520751953125,0.41191843073337386,-5.1868133544921875,0.0,-0.3101472854614258,-0.25030517578125,-0.190115001082954,8.586082458496094,0.0,-0.1761178970336914,-0.05494499206542969,-0.12254530507366387,2.4908447265625,0.0,-0.12434673309326172,0.03052520751953125,-0.1418526244337539,-3.7216110229492188,0.0,0.0541682243347168,-0.0061054229736328125,0.04147843640123121,-2.7252731323242188,0.0,0.09155845642089844,-0.0061054229736328125,0.0972978397335084,1.4945068359375,0.0,0.4608588218688965,-0.018314361572265625,0.4168994992451042,-9.23077392578125,0.0,-0.44456052780151367,-0.2625160217285156,-0.291449547942544,10.5201416015625,0.0,-0.020804405212402344,-0.07936477661132812,0.025333743494791852,2.25640869140625,0.0,-0.01696920394897461,-0.05494499206542969,-0.01176500875969925,1.2014617919921875,0.0,-0.07030471984192879,-0.03136334704484786,-0.05178359714986931,4.604933898533417,0.0,-0.047369177871655926,0.0012195235087268436,-0.03248102416269359,3.419769486890201,0.0,0.19222402572631836,-0.0061054229736328125,0.19801543190626703,0.3223419189453125,0.0,0.06567239761352539,-0.0061054229736328125,0.0934688292733085,1.7289352416992188,0.0,0.07698535919189453,-0.0061054229736328125,0.06878675370237955,-0.20513153076171875,0.0,-0.10689735412597656,-0.018314361572265625,-0.10487571858692274,0.08791351318359375,0.0,0.024255752563476562,0.0061054229736328125,0.021726718663582553,0.02930450439453125,0.0,0.01621246337890625,-0.0073261260986328125,0.014522065631866928,-0.03907203674316406,0.0,-0.14095497131347656,0.0073261260986328125,-0.12796673386970173,0.10158920288085938,0.0,0.05493497848510742,-0.0061054229736328125,0.060098520361272015,0.4395599365234375,0.0,-0.12357950210571289,-0.0061054229736328125,-0.15942164457958696,-2.4908447265625,0.0,-0.23881816864013672,0.03052520751953125,-0.2293755995357607,0.380950927734375,0.0,-0.023488998413085938,-0.07936477661132812,-0.029476299587114833,0.02930450439453125,0.0,0.03154182434082031,0.0061054229736328125,0.028253105806374513,-0.02930450439453125,0.0,0.02269744873046875,0.0073261260986328125,0.0203308918846137,0.007814407348632812,0.0,0.19207286834716797,-0.0073261260986328125,0.17204632849734675,-0.22661781311035156,0.0,-0.322284460067749,0.07058048248291016,-0.3089486174862094,0.0003663003444671631,0.0,0.0,0.0,0.0,0.0,0.0,nan,nan,nan,nan,nan,nan,nan,nan,nan,nan,0.07129370892605787,0.16862472891807556,-0.07021328806877136,-0.9831764101982117,0.062005702406167984,0.3040827214717865,0.07933598756790161,nan
0.5409,1789426375.8192,ramp,0,0.021471,0.053679041116287005,0.2399119653537378,0.012009297110603447,-0.017056232318282127,-0.0509820356965065,0.12216860055923462,-0.9910522699356079,-0.2353668212890625,0.03052520751953125,-0.2363290189011301,-0.615386962890625,0.0,0.17400884628295898,-0.0061054229736328125,0.14663333165833203,-5.831504821777344,0.0,0.005847930908203125,0.03052520751953125,0.009832227220524264,0.9084243774414062,0.0,0.4351649284362793,-0.018314361572265625,0.41186628821054505,-5.1868133544921875,0.0,-0.31474924087524414,-0.23809432983398438,-0.19015824748060414,8.76190185546875,0.0,-0.17726802825927734,-0.04273414611816406,-0.12200917538462165,2.6080551147460938,0.0,-0.12377119064331055,0.05494499206542969,-0.14210701635811207,-4.0732574462890625,0.0,0.0541682243347168,-0.018314361572265625,0.04129697027981283,-2.8424911499023438,0.0,0.09136629104614258,0.0061054229736328125,0.09687216646492053,1.4358978271484375,0.0,0.46047544479370117,-0.018314361572265625,0.41682556479225663,-9.406600952148438,0.0,-0.44954586029052734,-0.25030517578125,-0.2910494606762532,10.871795654296875,0.0,-0.02214670181274414,-0.05494499206542969,0.02522290961164983,2.25640869140625,0.0,-0.017736434936523438,-0.06715583801269531,-0.01171353742439085,1.4945068359375,0.0,-0.0715033947076478,-0.07182946419239057,-0.051557046456468546,5.321819871532941,0.0,-0.04709758825592584,0.017099237035405737,-0.03233892127777564,3.3556698189695218,0.0,0.1920323371887207,-0.03052520751953125,0.1980241143072136,0.380950927734375,0.0,0.06567239761352539,-0.0061054229736328125,0.09349740283088033,1.6703262329101562,0.0,0.07679367065429688,-0.0061054229736328125,0.06848581503442722,-0.26373291015625,0.0,-0.10747289657592773,-0.03052520751953125,-0.10572937778379579,0.08791351318359375,0.0,0.024255752563476562,0.0061054229736328125,0.021631665336863816,0.02930450439453125,0.0,0.01621246337890625,-0.0073261260986328125,0.014458532308197092,-0.03907203674316406,0.0,-0.14095497131347656,-0.0073261260986328125,-0.1274068856960318,0.117218017578125,0.0,0.05455160140991211,-0.0061054229736328125,0.060710582474365324,0.4981689453125,0.0,-0.12357950210571289,-0.0061054229736328125,-0.1591616778104579,-2.4322357177734375,0.0,-0.2380514144897461,0.05494499206542969,-0.22837209255702284,0.380950927734375,0.0,-0.025214672088623047,-0.10378456115722656,-0.030659827537736002,0.08791351318359375,0.0,0.03154182434082031,0.0061054229736328125,0.028129499856547686,-0.02930450439453125,0.0,0.02269744873046875,0.0073261260986328125,0.02024194523147593,-0.007816314697265625,0.0,0.19207286834716797,-0.0073261260986328125,0.17129363426281288,-0.2422466278076172,0.0,-0.3209421634674072,0.082855224609375,-0.3075969824633634,0.0006105005741119385,0.0,0.0,0.0,0.0,0.0,0.0,nan,nan,nan,nan,nan,nan,nan,nan,nan,nan,0.07241709393192249,0.1745932400226593,-0.07124250382184982,-0.9820599555969238,0.04196472838521004,0.31134548783302307,0.07046828418970108,nan
0.5601,1789426375.8383,ramp,0,0.022593,0.04848593108609214,0.2012160016882911,0.022382743360436518,-0.017871638759970665,-0.05313563346862793,0.12200014293193817,-0.9909456372261047,-0.23479127883911133,0.03052520751953125,-0.23617280715884478,-0.7912063598632812,0.0,0.17400884628295898,-0.0061054229736328125,0.1460028205466266,-6.1831512451171875,0.0,0.006231784820556641,0.018314361572265625,0.009789949462491745,0.9084243774414062,0.0,0.4351649284362793,-0.0061054229736328125,0.4118152641853204,-5.24542236328125,0.0,-0.31915903091430664,-0.22588539123535156,-0.1902005662094431,9.113555908203125,0.0,-0.17841863632202148,-0.05494499206542969,-0.12148454609372299,2.6080551147460938,0.0,-0.12281274795532227,0.05494499206542969,-0.14235595137815316,-4.483512878417969,0.0,0.0541682243347168,-0.0061054229736328125,0.04111939674761033,-3.0769195556640625,0.0,0.09136629104614258,0.0061054229736328125,0.0964556242184862,1.377288818359375,0.0,0.4602837562561035,-0.0061054229736328125,0.41675321629083395,-9.465194702148438,0.0,-0.45433902740478516,-0.23809432983398438,-0.29065795559249874,11.164840698242188,0.0,-0.02329730987548828,-0.05494499206542969,0.02511445320136555,2.3150177001953125,0.0,-0.01927042007446289,-0.07936477661132812,-0.011663170189193163,1.8461532592773438,0.0,-0.07326402690029182,-0.07612519331790256,-0.0513353554513616,5.879895165765571,0.0,-0.04680494118435133,0.0029353259846635338,-0.032199866610084435,3.290995292270475,0.0,0.19126558303833008,-0.05494499206542969,0.1980326104639178,0.4395599365234375,0.0,0.06567239761352539,-0.0061054229736328125,0.09352536346345439,1.7289352416992188,0.0,0.07660198211669922,-0.0061054229736328125,0.06819133173458633,-0.26373291015625,0.0,-0.1080479621887207,-0.04273414611816406,-0.10656472532801534,0.08791351318359375,0.0,0.024255752563476562,0.0061054229736328125,0.02153865097781368,0.02930450439453125,0.0,0.01621246337890625,-0.0073261260986328125,0.014396361823654658,-0.03907203674316406,0.0,-0.14095497131347656,-0.0073261260986328125,-0.12685904670041853,0.117218017578125,0.0,0.0541682243347168,-0.018314361572265625,0.061309515379856364,0.5567779541015625,0.0,-0.12357950210571289,-0.0061054229736328125,-0.15890728753039518,-2.373626708984375,0.0,-0.23747634887695312,0.04273414611816406,-0.22739011158221875,0.3223419189453125,0.0,-0.02770709991455078,-0.128204345703125,-0.0318179678947872,0.20513153076171875,0.0,0.03154182434082031,0.0061054229736328125,0.028008545350326715,-0.02930450439453125,0.0,0.02269744873046875,0.0073261260986328125,0.02015490655311652,0.007814407348632812,0.0,0.19207286834716797,-0.0073261260986328125,0.17055708590408936,-0.2422466278076172,0.0,-0.3194081783294678,0.07058048248291016,-0.30627434106132456,-0.0015873312950134277,0.0,0.0,0.0,0.0,0.0,0.0,nan,nan,nan,nan,nan,nan,nan,nan,nan,nan,0.073694402033033,0.18059547245502472,-0.07241708785295486,-0.9808878898620605,0.049832772463560104,0.27725932002067566,0.09560805559158325,nan
0.5813,1789426375.8596,ramp,0,0.023809,0.04435831019614594,0.18198802855218946,0.010948972006156008,-0.018739614635705948,-0.055360347032547,0.1217878982424736,-0.9908338189125061,-0.23383283615112305,0.018314361572265625,-0.23600003672762215,-0.8498153686523438,0.0,0.17400884628295898,-0.0061054229736328125,0.14530547427120355,-6.1831512451171875,0.0,0.006615161895751953,0.03052520751953125,0.009743190196001629,0.6739959716796875,0.0,0.43497323989868164,-0.0061054229736328125,0.41175883153364,-5.362640380859375,0.0,-0.323760986328125,-0.20146560668945312,-0.1902473707897092,9.289375305175781,0.0,-0.17937755584716797,-0.04273414611816406,-0.12090430527767065,2.7252731323242188,0.0,-0.12185382843017578,0.04273414611816406,-0.14263127389955724,-4.600730895996094,0.0,0.05397605895996094,-0.018314361572265625,0.04092300014333766,-3.0769195556640625,0.0,0.09136629104614258,0.0061054229736328125,0.09599492784261801,1.3186798095703125,0.0,0.4602837562561035,-0.0061054229736328125,0.4166731987351352,-9.347991943359375,0.0,-0.45874977111816406,-0.22588539123535156,-0.29022495035770296,11.457870483398438,0.0,-0.024639129638671875,-0.05494499206542969,0.024994500242007032,2.373626708984375,0.0,-0.02099609375,-0.07936477661132812,-0.011607463948309539,2.1977996826171875,0.0,-0.07502276543809408,-0.07620314615834514,-0.051090164853073855,6.527380961840308,0.0,-0.04666239304684268,0.012453063868018886,-0.03204607193018994,3.4526016157933936,0.0,0.19011497497558594,-0.06715583801269531,0.19804200722651744,0.615386962890625,0.0,0.06567239761352539,-0.0061054229736328125,0.09355628796680099,1.7875442504882812,0.0,0.07641029357910156,-0.0061054229736328125,0.0678656327445037,-0.26373291015625,0.0,-0.10900688171386719,-0.05494499206542969,-0.10748862101808443,0.08791351318359375,0.0,0.024255752563476562,0.0061054229736328125,0.021435776951265553,-0.02930450439453125,0.0,0.01621246337890625,-0.0073261260986328125,0.014327601170540001,-0.03907203674316406,0.0,-0.14095497131347656,0.0073261260986328125,-0.12625313591466078,0.117218017578125,0.0,0.053592681884765625,-0.018314361572265625,0.06197193610983016,0.7325973510742188,0.0,-0.12357950210571289,-0.0061054229736328125,-0.15862593148287726,-2.4322357177734375,0.0,-0.23651742935180664,0.05494499206542969,-0.22630403908864488,0.380950927734375,0.0,-0.029816150665283203,-0.07936477661132812,-0.033098872940571886,0.20513153076171875,0.0,0.03154182434082031,0.0061054229736328125,0.02787476947732,-0.02930450439453125,0.0,0.02269744873046875,0.0073261260986328125,0.020058641638756,-0.007816314697265625,0.0,0.19169139862060547,-0.0073261260986328125,0.16974246226766282,-0.2578754425048828,0.0,-0.31825757026672363,0.05830574035644531,-0.3048114976025672,0.0006105005741119385,0.0,0.0,0.0,0.0,0.0,0.0,nan,nan,nan,nan,nan,nan,nan,nan,nan,nan,0.07528233366549457,0.18671542406082153,-0.07388858497142792,-0.9796314835548401,0.0370522066950798,0.2577827274799347,0.08419740200042725,nan
0.6001,1789426375.8783,ramp,0,0.024690,0.03991719363400537,0.17155847386743708,0.012040005646626122,-0.019379040226340294,-0.057061631232500076,0.12165160477161407,-0.9907417893409729,-0.23325729370117188,0.0061054229736328125,-0.23584653913571024,-0.8498153686523438,0.0,0.17400884628295898,-0.0061054229736328125,0.14468591817443002,-6.417579650878906,0.0,0.007190227508544922,0.03052520751953125,0.009701647006261301,0.4395599365234375,0.0,0.43497323989868164,-0.0061054229736328125,0.411708694041496,-5.1868133544921875,0.0,-0.3274044990539551,-0.16483497619628906,-0.19028895423839576,9.582420349121094,0.0,-0.18033599853515625,-0.03052520751953125,-0.1203887913244858,2.7252731323242188,0.0,-0.12108707427978516,0.03052520751953125,-0.14287588371927912,-4.717948913574219,0.0,0.05378437042236328,-0.018314361572265625,0.04074851191869069,-2.9597091674804688,0.0,0.09117460250854492,0.0061054229736328125,0.09558562294132279,1.1428604125976562,0.0,0.46009206771850586,-0.0061054229736328125,0.4166021072756563,-9.406600952148438,0.0,-0.4622011184692383,-0.20146560668945312,-0.2898402476029777,11.692306518554688,0.0,-0.025406360626220703,-0.04273414611816406,0.024887928241960837,2.373626708984375,0.0,-0.02214670181274414,-0.07936477661132812,-0.0115579718345862,2.5494537353515625,0.0,-0.07685160939232095,-0.08039475498325495,-0.05087232568852312,7.09231013658057,0.0,-0.04644272328856208,-0.01116525153295924,-0.031909433311847625,3.538529409825154,0.0,0.18838930130004883,-0.09157562255859375,0.19805035576405705,0.6739959716796875,0.0,0.06567239761352539,-0.0061054229736328125,0.09358376278851196,1.7289352416992188,0.0,0.07602643966674805,-0.0061054229736328125,0.06757626603799013,-0.26373291015625,0.0,-0.10996532440185547,-0.05494499206542969,-0.10830945455192362,0.08791351318359375,0.0,0.024255752563476562,0.0061054229736328125,0.02134437869964534,-0.02930450439453125,0.0,0.01621246337890625,-0.0073261260986328125,0.014266510886764595,-0.03907203674316406,0.0,-0.14057350158691406,0.0073261260986328125,-0.12571481552112412,0.117218017578125,0.0,0.053017616271972656,-0.0061054229736328125,0.06256046266593095,0.6739959716796875,0.0,-0.12357950210571289,-0.0061054229736328125,-0.15837596118727612,-2.373626708984375,0.0,-0.23575067520141602,0.05494499206542969,-0.22533911985318542,0.380950927734375,0.0,-0.03154182434082031,-0.06715583801269531,-0.034236890821319074,0.20513153076171875,0.0,0.03154182434082031,0.0061054229736328125,0.027755916533461898,-0.02930450439453125,0.0,0.02269744873046875,0.0073261260986328125,0.019973115241470434,0.007814407348632812,0.0,0.19169139862060547,-0.0073261260986328125,0.16901871130159118,-0.2578754425048828,0.0,-0.31701111793518066,0.07671833038330078,-0.30351183685231997,0.0010989010334014893,0.0,0.0,0.0,0.0,0.0,0.0,nan,nan,nan,nan,nan,nan,nan,nan,nan,nan,0.07633680373927516,0.19187238812446594,-0.07484571635723114,-0.9785617589950562,0.056195132434368134,0.2511443793773651,0.0873369351029396,nan
0.6201,1789426375.8985,ramp,0,0.025625,0.03552157967580234,0.15074746784512189,-0.0020511111457105985,-0.020054634660482407,-0.05884741246700287,0.12151145190000534,-0.9906410574913025,-0.23287391662597656,0.0061054229736328125,-0.23568371444892317,-0.8498153686523438,0.0,0.17400884628295898,-0.0061054229736328125,0.14402871550338064,-6.476188659667969,0.0,0.007573604583740234,0.018314361572265625,0.009657579495016657,0.5567779541015625,0.0,0.43497323989868164,-0.0061054229736328125,0.41165551000549283,-5.3040313720703125,0.0,-0.3308558464050293,-0.14041519165039062,-0.19033306445487258,9.699630737304688,0.0,-0.18091154098510742,-0.03052520751953125,-0.11984195279160607,2.7252731323242188,0.0,-0.12051153182983398,0.018314361572265625,-0.14313535695781765,-4.893775939941406,0.0,0.05378437042236328,-0.018314361572265625,0.0405634211288464,-3.0183181762695312,0.0,0.09117460250854492,0.0061054229736328125,0.0951514471244667,0.9084243774414062,0.0,0.4599003791809082,-0.0061054229736328125,0.4165266960299245,-9.5238037109375,0.0,-0.46507740020751953,-0.16483497619628906,-0.28943216885226875,11.692306518554688,0.0,-0.026173114776611328,-0.04273414611816406,0.02477488052367644,2.4322357177734375,0.0,-0.023488998413085938,-0.05494499206542969,-0.011505472392640189,2.9011001586914062,0.0,-0.07867678594168459,-0.06247443660632635,-0.05064124979152612,7.2554461072027845,0.0,-0.046521355348301936,-0.011823399395206147,-0.03176449201369768,3.5453264453321474,0.0,0.1862802505493164,-0.14041519165039062,0.19805921159034784,0.9670333862304688,0.0,0.06567239761352539,-0.0061054229736328125,0.0936129070844185,1.7875442504882812,0.0,0.07564306259155273,-0.018314361572265625,0.06726931631475466,-0.26373291015625,0.0,-0.11092424392700195,-0.04273414611816406,-0.10918016503921496,0.14652252197265625,0.0,0.024255752563476562,0.0061054229736328125,0.021247426744193908,0.02930450439453125,0.0,0.01621246337890625,-0.0073261260986328125,0.014201708526039806,-0.03907203674316406,0.0,-0.14057350158691406,-0.0073261260986328125,-0.1251437847422244,0.13284683227539062,0.0,0.05244255065917969,-0.018314361572265625,0.06318475032392862,0.7912063598632812,0.0,-0.12357950210571289,-0.0061054229736328125,-0.15811080175004746,-2.3150177001953125,0.0,-0.23517513275146484,0.05494499206542969,-0.22431556847148915,0.4395599365234375,0.0,-0.03288412094116211,-0.05494499206542969,-0.035444058977397115,0.14652252197265625,0.0,0.03154182434082031,0.0061054229736328125,0.027629841634720032,-0.02930450439453125,0.0,0.02269744873046875,0.0073261260986328125,0.019882391936455728,-0.007816314697265625,0.0,0.19169139862060547,-0.0073261260986328125,0.1682509824864703,-0.27350425720214844,0.0,-0.3153812885284424,0.05216789245605469,-0.30213320379395986,0.0003663003444671631,0.0,0.0,0.0,0.0,0.0,0.0,nan,nan,nan,nan,nan,nan,nan,nan,nan,nan,0.07780629825997956,0.19716668128967285,-0.07620202004909515,-0.977403998374939,0.05289916694164276,0.2117794007062912,0.04963478446006775,nan
0.6407,1789426375.9190,ramp,0,0.026353,0.017134161557270437,0.12020815906496421,-0.009160328519626141,-0.02062182128429413,-0.06049055606126785,0.12157805263996124,-0.9905223250389099,-0.2326822280883789,-0.0061054229736328125,-0.23551600735643674,-0.9084243774414062,0.0,0.17400884628295898,-0.0061054229736328125,0.14335180617647889,-6.652015686035156,0.0,0.008149147033691406,0.0061054229736328125,0.009612190590362304,0.380950927734375,0.0,0.43497323989868164,-0.018314361572265625,0.41160073121106805,-5.1868133544921875,0.0,-0.3331570625305176,-0.10378456115722656,-0.1903784973453037,9.699630737304688,0.0,-0.1814866065979004,-0.018314361572265625,-0.11927871694439855,2.7838821411132812,0.0,-0.12031984329223633,0.0061054229736328125,-0.14340261067266896,-5.0695953369140625,0.0,0.053592681884765625,-0.018314361572265625,0.040372780269506685,-2.7252731323242188,0.0,0.09117460250854492,0.0061054229736328125,0.09470425225918139,0.9084243774414062,0.0,0.4599003791809082,-0.018314361572265625,0.41644902352821717,-9.406600952148438,0.0,-0.4673781394958496,-0.10378456115722656,-0.2890118535908834,11.809524536132812,0.0,-0.027132034301757812,-0.03052520751953125,0.024658442994946555,2.4322357177734375,0.0,-0.02444744110107422,-0.04273414611816406,-0.011451398720277221,3.0769195556640625,0.0,-0.08035791006986578,-0.049089690410820945,-0.05040324493124504,7.591129888632659,0.0,-0.04690279609457233,-0.007563519841552522,-0.03161520455505987,3.8559445530036527,0.0,0.1828289031982422,-0.16483497619628906,0.19806833296443488,1.3186798095703125,0.0,0.06567239761352539,-0.0061054229736328125,0.09364292529127334,1.8461532592773438,0.0,0.07525968551635742,-0.0061054229736328125,0.0669531625014778,-0.26373291015625,0.0,-0.11149978637695312,-0.04273414611816406,-0.1100769843551462,0.08791351318359375,0.0,0.024255752563476562,0.0061054229736328125,0.021147567620368915,0.02930450439453125,0.0,0.01621246337890625,-0.0073261260986328125,0.014134963023758416,-0.03907203674316406,0.0,-0.14057350158691406,-0.0073261260986328125,-0.12455563122853283,0.13284683227539062,0.0,0.051867008209228516,-0.018314361572265625,0.06382775765938804,0.9084243774414062,0.0,-0.12357950210571289,-0.0061054229736328125,-0.15783769133208536,-2.373626708984375,0.0,-0.2340250015258789,0.07936477661132812,-0.2232613252260576,0.380950927734375,0.0,-0.034226417541503906,-0.05494499206542969,-0.03668742486737936,0.14652252197265625,0.0,0.03154182434082031,0.0061054229736328125,0.02749998629692858,-0.02930450439453125,0.0,0.02269744873046875,0.0073261260986328125,0.019788948233261782,-0.007816314697265625,0.0,0.19169139862060547,-0.0073261260986328125,0.1674602328161186,-0.27350425720214844,0.0,-0.31451845169067383,0.05830574035644531,-0.30071323151343193,0.0010989010334014893,0.0,0.0,0.0,0.0,0.0,0.0,nan,nan,nan,nan,nan,nan,nan,nan,nan,nan,0.07929666806215924,0.20203964412212372,-0.07757999747991562,-0.9762998223304749,0.029921945184469223,0.16805493831634521,0.02997809275984764,nan
0.6601,1789426375.9383,ramp,0,0.026902,0.014417860000471109,0.0993834627301703,-0.003572751796976843,-0.02105848863720894,-0.061817411333322525,0.12160338461399078,-0.9904280304908752,-0.23249053955078125,-0.0061054229736328125,-0.23535810522474937,-0.9084243774414062,0.0,0.17400884628295898,-0.018314361572265625,0.14271447221467587,-6.8278350830078125,0.0,0.008532524108886719,0.0061054229736328125,0.009569455338718391,0.3223419189453125,0.0,0.43497323989868164,-0.0061054229736328125,0.4115491550476352,-5.24542236328125,0.0,-0.33526611328125,-0.06715583801269531,-0.19042127401110498,9.75823974609375,0.0,-0.1818699836730957,-0.0061054229736328125,-0.11874841056559111,2.8424911499023438,0.0,-0.12012815475463867,0.0061054229736328125,-0.1436542394538417,-4.893775939941406,0.0,0.053592681884765625,-0.018314361572265625,0.04019328518894599,-3.0183181762695312,0.0,0.09117460250854492,0.0061054229736328125,0.09428320255006485,0.8498153686523438,0.0,0.45932483673095703,-0.018314361572265625,0.41637589213340714,-9.113555908203125,0.0,-0.4687204360961914,-0.06715583801269531,-0.2886161119751324,11.868133544921875,0.0,-0.02732372283935547,-0.0061054229736328125,0.02454881296247584,2.373626708984375,0.0,-0.025214672088623047,-0.05494499206542969,-0.011400486454089273,3.135528564453125,0.0,-0.08126524660239712,-0.048772860619801565,-0.05017915497635315,7.606033158495288,0.0,-0.04738812101711796,-0.035956174012870726,-0.03147464515710235,4.161605812735132,0.0,0.17937755584716797,-0.1770458221435547,0.1980769210592549,1.4945068359375,0.0,0.06567239761352539,-0.0061054229736328125,0.09367118848981515,1.7875442504882812,0.0,0.07506799697875977,-0.018314361572265625,0.06665549255611433,-0.26373291015625,0.0,-0.1120753288269043,-0.04273414611816406,-0.11092137131352961,0.02930450439453125,0.0,0.024255752563476562,0.0061054229736328125,0.021053546739757237,0.02930450439453125,0.0,0.01621246337890625,-0.0073261260986328125,0.014072119783591769,-0.03907203674316406,0.0,-0.14057350158691406,-0.0073261260986328125,-0.1240018639895067,0.14847564697265625,0.0,0.0514836311340332,-0.0061054229736328125,0.0644331717027319,0.8498153686523438,0.0,-0.12357950210571289,-0.0061054229736328125,-0.15758054825874912,-2.373626708984375,0.0,-0.23287439346313477,0.07936477661132812,-0.222268718095956,0.3223419189453125,0.0,-0.03537702560424805,-0.05494499206542969,-0.037858097625369166,0.14652252197265625,0.0,0.03154182434082031,0.0061054229736328125,0.027377722924853774,-0.02930450439453125,0.0,0.02269744873046875,0.0073261260986328125,0.019700967697028476,-0.007816314697265625,0.0,0.19130992889404297,-0.0073261260986328125,0.1667157141632196,-0.27350425720214844,0.0,-0.3129844665527344,0.10126781463623047,-0.2993762776213331,0.0001221001148223877,0.0,0.0,0.0,0.0,0.0,0.0,nan,nan,nan,nan,nan,nan,nan,nan,nan,nan,0.08062911998191467,0.20552049577236176,-0.07882244884967804,-0.9754734039306641,0.05459171161055565,0.14654572308063507,0.0507848858833313,nan
0.6804,1789426375.9588,ramp,0,0.027220,0.004233108336620185,0.07132775972597169,-0.015232896525251944,-0.021331558004021645,-0.06273310631513596,0.12166082859039307,-0.990357518196106,-0.2322988510131836,-0.0061054229736328125,-0.23519277128969307,-0.9084243774414062,0.0,0.17381668090820312,-0.018314361572265625,0.1420471415667366,-7.120880126953125,0.0,0.008915901184082031,0.0061054229736328125,0.009524708714689913,0.4395599365234375,0.0,0.43497323989868164,-0.0061054229736328125,0.4114951514064915,-5.24542236328125,0.0,-0.33680009841918945,-0.05494499206542969,-0.1904660639984847,9.816848754882812,0.0,-0.18206167221069336,0.0061054229736328125,-0.1181931448484234,2.8424911499023438,0.0,-0.12012815475463867,0.0061054229736328125,-0.14391771136596943,-5.1868133544921875,0.0,0.05320930480957031,-0.018314361572265625,0.04000534201379555,-2.7838821411132812,0.0,0.09117460250854492,0.0061054229736328125,0.0938423357642992,0.8498153686523438,0.0,0.4589414596557617,-0.03052520751953125,0.4162993187448728,-9.113555908203125,0.0,-0.4696788787841797,-0.05494499206542969,-0.2882017444305117,11.926742553710938,0.0,-0.027515411376953125,0.0061054229736328125,0.024434023095644773,2.4322357177734375,0.0,-0.026173114776611328,-0.04273414611816406,-0.011347177957101062,3.25274658203125,0.0,-0.08223850455511657,-0.03540006219390608,-0.04994451802970177,7.7827399062686595,0.0,-0.04824142107483645,-0.031696825981870014,-0.03132747020686497,4.470189535089217,0.0,0.1757345199584961,-0.14041519165039062,0.1980859133603471,1.6703262329101562,0.0,0.06567239761352539,-0.0061054229736328125,0.09370078192077305,1.7289352416992188,0.0,0.0744929313659668,-0.018314361572265625,0.0663438125117158,-0.26373291015625,0.0,-0.11322546005249023,-0.06715583801269531,-0.11180550009030993,0.20513153076171875,0.0,0.024255752563476562,0.0061054229736328125,0.020955100683311554,-0.02930450439453125,0.0,0.01621246337890625,-0.0073261260986328125,0.014006318770790928,-0.03907203674316406,0.0,-0.14057350158691406,-0.0073261260986328125,-0.12342203320600133,0.14847564697265625,0.0,0.05129194259643555,0.0061054229736328125,0.06506708009304146,0.9084243774414062,0.0,-0.12357950210571289,-0.0061054229736328125,-0.1573113025194242,-2.3150177001953125,0.0,-0.23153162002563477,0.06715583801269531,-0.22122939303409062,0.3223419189453125,0.0,-0.036527156829833984,-0.04273414611816406,-0.03908386913125927,0.14652252197265625,0.0,0.03154182434082031,0.0061054229736328125,0.02724970511912583,-0.02930450439453125,0.0,0.02269744873046875,0.0073261260986328125,0.0196088462791073,-0.007816314697265625,0.0,0.19130992889404297,-0.021978378295898438,0.16593615408197676,-0.28913307189941406,0.0,-0.31125879287719727,0.05216789245605469,-0.29797639881281135,0.0003663003444671631,0.0,0.0,0.0,0.0,0.0,0.0,nan,nan,nan,nan,nan,nan,nan,nan,nan,nan,0.08212139358291036,0.20820389688014984,-0.08023148775100708,-0.9747892022132874,0.04009981080889702,0.10489677637815475,0.02709389477968216,nan
0.7002,1789426375.9785,ramp,0,0.027428,-0.0028824289734349544,0.054240506214292175,-0.032773164141326944,-0.02155207470059395,-0.06357680261135101,0.12187700718641281,-0.9902724027633667,-0.2322988510131836,-0.0061054229736328125,-0.2350314675305237,-0.8498153686523438,0.0,0.17381668090820312,-0.018314361572265625,0.1413960777540664,-7.120880126953125,0.0,0.009491443634033203,-0.0061054229736328125,0.009481052833255328,0.26373291015625,0.0,0.43497323989868164,-0.0061054229736328125,0.4114424641567606,-5.24542236328125,0.0,-0.33775854110717773,-0.03052520751953125,-0.1905097621862466,9.875457763671875,0.0,-0.18206167221069336,0.0061054229736328125,-0.11765141427456076,2.9011001586914062,0.0,-0.11993646621704102,0.0061054229736328125,-0.14417476089332304,-5.24542236328125,0.0,0.053017616271972656,-0.018314361572265625,0.039821980136806,-3.0183181762695312,0.0,0.09155845642089844,0.0061054229736328125,0.09341221553633336,0.6739959716796875,0.0,0.45798301696777344,-0.04273414611816406,0.416224611907352,-8.644683837890625,0.0,-0.4700627326965332,-0.0061054229736328125,-0.28779747749884815,11.868133544921875,0.0,-0.02770709991455078,0.0061054229736328125,0.02432203134375128,2.3150177001953125,0.0,-0.026940345764160156,-0.04273414611816406,-0.011295168906708966,3.5457839965820312,0.0,-0.08307260649399982,-0.03980785488247009,-0.049715600587423525,7.882198838316292,0.0,-0.04895037610364878,-0.03620150032167226,-0.031183882789552454,4.853342156578812,0.0,0.17362499237060547,-0.09157562255859375,0.19809468646533157,1.7289352416992188,0.0,0.06567239761352539,-0.0061054229736328125,0.09372965398299428,1.7875442504882812,0.0,0.07410907745361328,-0.018314361572265625,0.06603972997232403,-0.20513153076171875,0.0,-0.11495113372802734,-0.09157562255859375,-0.11266807736602713,0.26373291015625,0.0,0.024255752563476562,0.0061054229736328125,0.02085905434548817,0.02930450439453125,0.0,0.01621246337890625,-0.0073261260986328125,0.0139421217218408,-0.03907203674316406,0.0,-0.14019203186035156,-0.0073261260986328125,-0.1228563363632468,0.14847564697265625,0.0,0.05129194259643555,0.018314361572265625,0.06568553634820234,0.9670333862304688,0.0,-0.12357950210571289,-0.0061054229736328125,-0.15704861990754143,-2.3150177001953125,0.0,-0.23038148880004883,0.07936477661132812,-0.22021540253407187,0.3223419189453125,0.0,-0.037102699279785156,-0.03052520751953125,-0.04027976126142253,0.08791351318359375,0.0,0.03154182434082031,0.0061054229736328125,0.02712480787224486,-0.02930450439453125,0.0,0.02269744873046875,0.0073261260986328125,0.01951897041057712,-0.007816314697265625,0.0,0.19092845916748047,-0.021978378295898438,0.16517559653787664,-0.28913307189941406,0.0,-0.3103001117706299,0.06444263458251953,-0.29661064341529314,0.0003663003444671631,0.0,0.0,0.0,0.0,0.0,0.0,nan,nan,nan,nan,nan,nan,nan,nan,nan,nan,0.08331117202575754,0.21062326431274414,-0.08134809881448746,-0.9741767644882202,0.038615886121988297,0.09137272834777832,0.010232962667942047,nan
0.7211,1789426375.9996,ramp,0,0.027436,-0.0069172467616959755,0.015830715852731284,-0.053515647861032245,-0.02166556566953659,-0.06424190104007721,0.12231118232011795,-0.9901733994483948,-0.2322988510131836,-0.0061054229736328125,-0.23486068442972993,-0.8498153686523438,0.0,0.17381668090820312,-0.018314361572265625,0.1407067528597489,-7.1794891357421875,0.0,0.010449886322021484,-0.0061054229736328125,0.00943483142565964,0.14652252197265625,0.0,0.43497323989868164,-0.0061054229736328125,0.4113866806342458,-5.24542236328125,0.0,-0.3383340835571289,-0.018314361572265625,-0.1905560283863865,9.875457763671875,0.0,-0.18206167221069336,0.018314361572265625,-0.11707784780794227,2.8424911499023438,0.0,-0.11993646621704102,0.0061054229736328125,-0.14444691645600238,-5.24542236328125,0.0,0.052634239196777344,-0.018314361572265625,0.03962784262828852,-2.9011001586914062,0.0,0.09232521057128906,-0.0061054229736328125,0.09295681842330634,0.4981689453125,0.0,0.4572157859802246,-0.03052520751953125,0.41614551477143896,-8.4688720703125,0.0,-0.47025442123413086,-0.0061054229736328125,-0.2873694530033657,11.868133544921875,0.0,-0.02770709991455078,0.03052520751953125,0.024203458170068345,2.373626708984375,0.0,-0.027898788452148438,-0.04273414611816406,-0.011240103439288733,3.7216110229492188,0.0,-0.08404347037510314,-0.021810028801741023,-0.04947323034869269,8.137505496533398,0.0,-0.049949366073999,-0.046338716428388216,-0.03103185716727384,5.088300152048103,0.0,0.17209100723266602,-0.06715583801269531,0.19810397513957304,1.7875442504882812,0.0,0.06567239761352539,-0.0061054229736328125,0.09376022277034211,1.7875442504882812,0.0,0.07353401184082031,-0.018314361572265625,0.06571777740753573,-0.20513153076171875,0.0,-0.1164851188659668,-0.06715583801269531,-0.1135813457398073,0.20513153076171875,0.0,0.024255752563476562,0.0061054229736328125,0.020757363650380806,-0.02930450439453125,0.0,0.01621246337890625,-0.0073261260986328125,0.013874152003478558,-0.03907203674316406,0.0,-0.14019203186035156,0.0073261260986328125,-0.12225739520147619,0.16410446166992188,0.0,0.05110025405883789,0.018314361572265625,0.06634033743594873,0.9670333862304688,0.0,-0.12357950210571289,-0.0061054229736328125,-0.15677050022072844,-2.3150177001953125,0.0,-0.22884750366210938,0.07936477661132812,-0.21914182283164962,0.380950927734375,0.0,-0.037677764892578125,-0.03052520751953125,-0.041545932411158185,0.02930450439453125,0.0,0.03154182434082031,-0.0061054229736328125,0.026992570786061758,-0.02930450439453125,0.0,0.02269744873046875,0.0073261260986328125,0.019423812804869982,-0.007816314697265625,0.0,0.19092845916748047,-0.021978378295898438,0.16437034329156425,-0.28913307189941406,0.0,-0.3089578151702881,0.07058048248291016,-0.29516462663976906,0.0003663003444671631,0.0,0.0,0.0,0.0,0.0,0.0,nan,nan,nan,nan,nan,nan,nan,nan,nan,nan,0.08463076106948164,0.2127874195575714,-0.08259391784667969,-0.9736014604568481,0.044793274253606796,0.03371264412999153,-0.008004502393305302,nan
0.7405,1789426376.0187,ramp,0,0.027487,-0.008812355314288265,0.005122355769726081,-0.03011791971370688,-0.02175603061914444,-0.06455755233764648,0.12270557880401611,-0.990102231502533,-0.2322988510131836,-0.0061054229736328125,-0.23470332689769505,-0.7912063598632812,0.0,0.1734333038330078,-0.04273414611816406,0.1400716170434072,-7.0622711181640625,0.0,0.011024951934814453,0.018314361572265625,0.00939224356659963,-0.20513153076171875,0.0,0.43497323989868164,0.0061054229736328125,0.41133528235543293,-5.421241760253906,0.0,-0.3389091491699219,-0.0061054229736328125,-0.1905986575167677,9.875457763671875,0.0,-0.1818699836730957,0.04273414611816406,-0.1165493704397157,2.8424911499023438,0.0,-0.11993646621704102,0.0061054229736328125,-0.14469767737715758,-5.24542236328125,0.0,0.05225038528442383,-0.04273414611816406,0.039448966620804604,-2.7252731323242188,0.0,0.09309196472167969,-0.018314361572265625,0.09253722090183797,0.26373291015625,0.0,0.45664072036743164,-0.018314361572265625,0.4160726356045867,-8.703292846679688,0.0,-0.47025442123413086,0.0061054229736328125,-0.28697507628841806,11.926742553710938,0.0,-0.027515411376953125,0.04273414611816406,0.024094206248247214,2.25640869140625,0.0,-0.028666019439697266,-0.03052520751953125,-0.011189366767959293,3.8388290405273438,0.0,-0.08452391054924757,-0.03515276607306986,-0.049249913273243594,8.155018387278256,0.0,-0.05089363684301678,-0.05046184217311396,-0.030891782554407315,5.394526476794381,0.0,0.17113256454467773,-0.03052520751953125,0.19811253361431508,1.7289352416992188,0.0,0.06567239761352539,-0.0061054229736328125,0.09378838848997126,1.7875442504882812,0.0,0.07295894622802734,-0.018314361572265625,0.06542113411676559,-0.14652252197265625,0.0,-0.11744403839111328,-0.05494499206542969,-0.11442282043323793,0.14652252197265625,0.0,0.024255752563476562,0.0061054229736328125,0.02066366704492842,-0.02930450439453125,0.0,0.01621246337890625,-0.0073261260986328125,0.01381152550773701,-0.03907203674316406,0.0,-0.14019203186035156,-0.0073261260986328125,-0.12170553788882468,0.16410446166992188,0.0,0.0514836311340332,0.05494499206542969,0.06694366342465977,0.9670333862304688,0.0,-0.12357950210571289,-0.0061054229736328125,-0.1565142440260358,-2.25640869140625,0.0,-0.22750520706176758,0.09157562255859375,-0.2181526391733676,0.26373291015625,0.0,-0.038252830505371094,-0.03052520751953125,-0.04271256755439044,-0.02930450439453125,0.0,0.03154182434082031,0.0061054229736328125,0.026870729096640816,-0.02930450439453125,0.0,0.02269744873046875,0.0073261260986328125,0.019336135710831814,-0.007816314697265625,0.0,0.19016551971435547,-0.03663063049316406,0.16362839246086808,-0.28913307189941406,0.0,-0.30742383003234863,0.07671833038330078,-0.29383228386100485,0.0013431012630462646,0.0,0.0,0.0,0.0,0.0,0.0,nan,nan,nan,nan,nan,nan,nan,nan,nan,nan,0.08585306404773646,0.2138022482395172,-0.08376488834619522,-0.9732789993286133,0.04515432193875313,0.03745751082897186,0.0038102015387266874,nan
0.7610,1789426376.0394,ramp,0,0.027612,0.003791580674871616,-0.016149392205483684,-0.003607032713930507,-0.02183404378592968,-0.06460028141736984,0.12285014986991882,-0.9900797605514526,-0.2322988510131836,-0.0061054229736328125,-0.23453619073660648,-0.5567779541015625,0.0,0.17247486114501953,-0.05494499206542969,0.13939701214372155,-7.120880126953125,0.0,0.011408805847167969,0.0061054229736328125,0.009347009181055943,-0.4395599365234375,0.0,0.4355483055114746,0.0061054229736328125,0.41128069004646445,-5.479850769042969,0.0,-0.33910083770751953,0.0061054229736328125,-0.19064393573834573,9.875457763671875,0.0,-0.18110322952270508,0.04273414611816406,-0.11598805203693358,2.8424911499023438,0.0,-0.11993646621704102,0.0061054229736328125,-0.14496402127039815,-5.3040313720703125,0.0,0.0514836311340332,-0.05494499206542969,0.039258974767125324,-2.7252731323242188,0.0,0.09328413009643555,0.0061054229736328125,0.09209154843841286,0.02930450439453125,0.0,0.456449031829834,0.0061054229736328125,0.41599522752622203,-8.76190185546875,0.0,-0.47025442123413086,0.0061054229736328125,-0.2865561919216727,11.926742553710938,0.0,-0.02655649185180664,0.05494499206542969,0.023978165112061377,2.1977996826171875,0.0,-0.029624462127685547,-0.04273414611816406,-0.011135477180579816,4.1904754638671875,0.0,-0.08485803935458386,-0.008322022896017287,-0.04901271866162625,8.097975787742449,0.0,-0.05228853207484825,-0.05158218568364023,-0.03074300332053319,5.775696672067273,0.0,0.17094087600708008,-0.0061054229736328125,0.1981216239361742,1.6703262329101562,0.0,0.06567239761352539,-0.0061054229736328125,0.09381830450474496,1.7875442504882812,0.0,0.07219171524047852,-0.04273414611816406,0.06510605659749567,-0.08791351318359375,0.0,-0.1182107925415039,-0.04273414611816406,-0.11531658667432233,0.14652252197265625,0.0,0.024255752563476562,0.0061054229736328125,0.020564147875176405,-0.02930450439453125,0.0,0.01621246337890625,-0.0073261260986328125,0.01374500722961386,-0.03907203674316406,0.0,-0.14019203186035156,-0.0073261260986328125,-0.12111938664768325,0.1797332763671875,0.0,0.052825927734375,0.09157562255859375,0.06758448174669435,0.7912063598632812,0.0,-0.12357950210571289,-0.0061054229736328125,-0.15624206336787333,-2.1977996826171875,0.0,-0.2252039909362793,0.11599540710449219,-0.2171019849268324,0.08791351318359375,0.0,-0.03844451904296875,-0.0061054229736328125,-0.04395170060833014,-0.08791351318359375,0.0,0.03154182434082031,0.0061054229736328125,0.02674131583013228,-0.02930450439453125,0.0,0.02269744873046875,0.0073261260986328125,0.019243010121459403,-0.007816314697265625,0.0,0.18940258026123047,-0.05128288269042969,0.16284033476858353,-0.28913307189941406,0.0,-0.3058898448944092,0.06444263458251953,-0.29241714564412374,-0.0013431310653686523,0.0,0.0,0.0,0.0,0.0,0.0,nan,nan,nan,nan,nan,nan,nan,nan,nan,nan,0.08762425137212403,0.21409785747528076,-0.08548295497894287,-0.9730646014213562,0.055147189646959305,-0.009631510823965073,0.04467928409576416,nan
0.7802,1789426376.0585,ramp,0,0.027761,-0.0011494796234243455,-0.028178686951100648,0.00040537479482067386,-0.021888913586735725,-0.064424529671669,0.1228797435760498,-0.9900863766670227,-0.2322988510131836,-0.018314361572265625,-0.2343797125564107,-0.615386962890625,0.0,0.17151594161987305,-0.06715583801269531,0.13876542561949806,-6.886444091796875,0.0,0.011408805847167969,0.0061054229736328125,0.009304659313223327,-0.4395599365234375,0.0,0.4359321594238281,0.018314361572265625,0.41122957899362933,-5.655677795410156,0.0,-0.33910083770751953,0.0061054229736328125,-0.19068632664686544,9.816848754882812,0.0,-0.17995262145996094,0.06715583801269531,-0.11546252792769421,2.7252731323242188,0.0,-0.11993646621704102,0.0061054229736328125,-0.14521338087904961,-5.3040313720703125,0.0,0.05052471160888672,-0.06715583801269531,0.039081098361910975,-2.1977996826171875,0.0,0.09328413009643555,0.0061054229736328125,0.0916742957290893,-0.14652252197265625,0.0,0.45625734329223633,0.0061054229736328125,0.41592275562573044,-8.644683837890625,0.0,-0.4700627326965332,0.018314361572265625,-0.2861640190789206,11.926742553710938,0.0,-0.02559804916381836,0.05494499206542969,0.023869523716327806,2.1977996826171875,0.0,-0.03020000457763672,-0.0061054229736328125,-0.011085024038005991,3.9560470581054688,0.0,-0.08498413874011146,-0.01747693233104534,-0.04879064953585242,8.110323502335842,0.0,-0.05346951906646727,-0.032276020347593595,-0.030603711478385334,5.929320402472113,0.0,0.17094087600708008,0.0061054229736328125,0.1981301345840953,1.6703262329101562,0.0,0.06567239761352539,-0.0061054229736328125,0.09384631282754007,1.7875442504882812,0.0,0.07142496109008789,-0.03052520751953125,0.06481107102097618,-0.14652252197265625,0.0,-0.11859416961669922,-0.018314361572265625,-0.11615335900422658,0.08791351318359375,0.0,0.024255752563476562,0.0061054229736328125,0.020470974868952215,0.02930450439453125,0.0,0.01621246337890625,-0.0073261260986328125,0.013682730705834225,-0.03907203674316406,0.0,-0.13981056213378906,-0.0073261260986328125,-0.12057061324678697,0.1797332763671875,0.0,0.05455160140991211,0.10378456115722656,0.06818443620427558,0.7325973510742188,0.0,-0.12357950210571289,-0.0061054229736328125,-0.1559872391945983,-2.25640869140625,0.0,-0.22367048263549805,0.09157562255859375,-0.21611832906539552,0.14652252197265625,0.0,-0.03863668441772461,0.0061054229736328125,-0.04511181631302317,-0.14652252197265625,0.0,0.031350135803222656,0.0061054229736328125,0.026620155021456537,0.02930450439453125,0.0,0.02269744873046875,0.0073261260986328125,0.019155822988167915,-0.007816314697265625,0.0,0.18825817108154297,-0.0659332275390625,0.1621025301380665,-0.27350425720214844,0.0,-0.30483531951904297,0.06444263458251953,-0.2910922483181301,0.0001221001148223877,0.0,0.0,0.0,0.0,0.0,0.0,nan,nan,nan,nan,nan,nan,nan,nan,nan,nan,0.0890910365359448,0.2137952446937561,-0.08691602945327759,-0.9730042219161987,0.030516672879457474,-0.011566556058824062,0.010651384480297565,nan
0.8012,1789426376.0794,ramp,0,0.027880,-0.00983548042755596,-0.03919545201145868,-0.004073467173655121,-0.02191753126680851,-0.06414752453565598,0.12292427569627762,-0.9900981783866882,-0.2322988510131836,-0.018314361572265625,-0.23420856264418907,-0.3223419189453125,0.0,0.17017364501953125,-0.06715583801269531,0.1380746201791102,-6.710624694824219,0.0,0.011408805847167969,0.0061054229736328125,0.009258338630345482,-0.4981689453125,0.0,0.4368906021118164,0.04273414611816406,0.41117367565812696,-5.9487152099609375,0.0,-0.3392925262451172,0.0061054229736328125,-0.19073269221849382,9.875457763671875,0.0,-0.17861032485961914,0.06715583801269531,-0.11488772954331787,2.7252731323242188,0.0,-0.11993646621704102,0.0061054229736328125,-0.14548612098299848,-5.3040313720703125,0.0,0.049182891845703125,-0.06715583801269531,0.03888654388089228,-1.9633712768554688,0.0,0.0934758186340332,0.0061054229736328125,0.09121792050485275,-0.4395599365234375,0.0,0.45625734329223633,0.0061054229736328125,0.4158434886033754,-8.820510864257812,0.0,-0.46948719024658203,0.03052520751953125,-0.28573507526369496,11.868133544921875,0.0,-0.024064064025878906,0.06715583801269531,0.02375069586876353,2.0805892944335938,0.0,-0.03020000457763672,-0.0061054229736328125,-0.01102984029985149,4.131866455078125,0.0,-0.08490218764769172,-0.004236879976125411,-0.04854775872937846,7.877790442976905,0.0,-0.0544374105684345,-0.018699051997551674,-0.030451359332373844,6.002954103852889,0.0,0.17094087600708008,0.0061054229736328125,0.1981394432087408,1.7289352416992188,0.0,0.06567239761352539,-0.0061054229736328125,0.09387694727115296,1.7875442504882812,0.0,0.07104158401489258,-0.0061054229736328125,0.06448842695990134,-0.14652252197265625,0.0,-0.11878585815429688,-0.018314361572265625,-0.11706858891445075,0.02930450439453125,0.0,0.024255752563476562,0.0061054229736328125,0.02036906576049539,-0.02930450439453125,0.0,0.01621246337890625,-0.0073261260986328125,0.013614615000724292,-0.03907203674316406,0.0,-0.13981056213378906,-0.0073261260986328125,-0.11997038566697062,0.1797332763671875,0.0,0.056468963623046875,0.11599540710449219,0.06884064368715626,0.7325973510742188,0.0,-0.12357950210571289,-0.0061054229736328125,-0.15570852215664827,-2.1977996826171875,0.0,-0.2221364974975586,0.07936477661132812,-0.21504244350658724,0.20513153076171875,0.0,-0.038828372955322266,0.0061054229736328125,-0.0463807069709843,-0.20513153076171875,0.0,0.031350135803222656,0.0061054229736328125,0.026487633913762073,-0.02930450439453125,0.0,0.02269744873046875,0.0073261260986328125,0.01906046100101401,-0.007816314697265625,0.0,0.18711376190185547,-0.05128288269042969,0.1612955473524044,-0.27350425720214844,0.0,-0.30339694023132324,0.082855224609375,-0.28964312575827655,0.0010989010334014893,0.0,0.0,0.0,0.0,0.0,0.0,nan,nan,nan,nan,nan,nan,nan,nan,nan,nan,0.09016744587640067,0.21314573287963867,-0.0879761129617691,-0.9730514287948608,0.007931085303425789,-0.03537776321172714,0.004929237067699432,nan
0.8201,1789426376.0983,ramp,0,0.027880,-0.006950809353363429,-0.03729090484145613,-0.005435280318702294,-0.021883802488446236,-0.06386058032512665,0.12294033914804459,-0.9901154637336731,-0.23287391662597656,-0.018314361572265625,-0.23405454261301772,-0.3223419189453125,0.0,0.1690230369567871,-0.06715583801269531,0.13745295538196983,-6.886444091796875,0.0,0.011600494384765625,0.0061054229736328125,0.009216654045596852,-0.20513153076171875,0.0,0.43804121017456055,0.04273414611816406,0.411123367519695,-6.24176025390625,0.0,-0.3392925262451172,0.018314361572265625,-0.19077441719921268,9.816848754882812,0.0,-0.1774601936340332,0.07936477661132812,-0.11437046100411914,2.7252731323242188,0.0,-0.11993646621704102,0.0061054229736328125,-0.1457315633485048,-5.538459777832031,0.0,0.048032283782958984,-0.06715583801269531,0.03871146177397178,-1.8461532592773438,0.0,0.0934758186340332,0.0061054229736328125,0.09080722250711315,-0.14652252197265625,0.0,0.45625734329223633,0.0061054229736328125,0.41577215517938754,-8.937728881835938,0.0,-0.46891212463378906,0.03052520751953125,-0.2853490631475669,11.926742553710938,0.0,-0.02272176742553711,0.07936477661132812,0.023643761143829684,1.9633712768554688,0.0,-0.030391693115234375,0.0061054229736328125,-0.010980179736428584,4.131866455078125,0.0,-0.08461229890306869,-0.004351364983010987,-0.04832917813474803,7.804165047623828,0.0,-0.055192236713596285,-0.009248289380790446,-0.030314255655409513,6.07722464842518,0.0,0.1713242530822754,0.018314361572265625,0.19814782016108304,1.5531158447265625,0.0,0.06567239761352539,-0.0061054229736328125,0.09390451560524633,1.7875442504882812,0.0,0.07084941864013672,-0.0061054229736328125,0.06419807537456347,-0.20513153076171875,0.0,-0.11897802352905273,-0.0061054229736328125,-0.1178922162097959,-0.02930450439453125,0.0,0.024255752563476562,0.0061054229736328125,0.02027735642884913,-0.02930450439453125,0.0,0.01621246337890625,-0.0073261260986328125,0.013553316792106439,-0.05470085144042969,0.0,-0.13981056213378906,-0.0073261260986328125,-0.11943023306418404,0.19536209106445312,0.0,0.058194637298583984,0.07936477661132812,0.06943117333251923,0.5567779541015625,0.0,-0.12357950210571289,-0.0061054229736328125,-0.15545770107052667,-2.1977996826171875,0.0,-0.2211775779724121,0.06715583801269531,-0.21407424010435674,0.20513153076171875,0.0,-0.038828372955322266,-0.018314361572265625,-0.04752259817125031,-0.20513153076171875,0.0,0.031350135803222656,0.0061054229736328125,0.026368376446007553,-0.02930450439453125,0.0,0.02269744873046875,0.0073261260986328125,0.018974643508949014,-0.007816314697265625,0.0,0.18673229217529297,-0.0073261260986328125,0.16056933305180077,-0.28913307189941406,0.0,-0.3019587993621826,0.06444263458251953,-0.2883390415262573,0.0001221001148223877,0.0,0.0,0.0,0.0,0.0,0.0,nan,nan,nan,nan,nan,nan,nan,nan,nan,nan,0.09093749766410514,0.21225401759147644,-0.08874301612377167,-0.9731767177581787,0.0015645455569028854,-0.03324548527598381,-0.00926908478140831,nan
0.8402,1789426376.1186,ramp,0,0.027736,-0.01108894400798029,-0.05066451753226385,-0.006473944352752222,-0.02176721766591072,-0.06345938891172409,0.1230032816529274,-0.9901359677314758,-0.23325729370117188,-0.018314361572265625,-0.23389064435326604,-0.14652252197265625,0.0,0.16787242889404297,-0.06715583801269531,0.1367914194919605,-6.534797668457031,0.0,0.011600494384765625,0.0061054229736328125,0.009172295978358367,-0.380950927734375,0.0,0.43899965286254883,0.04273414611816406,0.41106983281854187,-6.652015686035156,0.0,-0.33910083770751953,0.018314361572265625,-0.19081881825325725,9.75823974609375,0.0,-0.1761178970336914,0.07936477661132812,-0.11382001693035672,2.6666641235351562,0.0,-0.11993646621704102,0.0061054229736328125,-0.14599274740534393,-5.479850769042969,0.0,0.046881675720214844,-0.06715583801269531,0.03852515060119968,-1.6703262329101562,0.0,0.0934758186340332,0.0061054229736328125,0.09037018398296078,-0.26373291015625,0.0,0.45625734329223633,0.0061054229736328125,0.415696246714983,-8.703292846679688,0.0,-0.46814537048339844,0.04273414611816406,-0.2849382937587069,11.868133544921875,0.0,-0.021379470825195312,0.07936477661132812,0.023529968053473894,1.9047622680664062,0.0,-0.03020000457763672,0.0061054229736328125,-0.010927334143154761,4.0146484375,0.0,-0.08425471486553754,0.036180072083057985,-0.048096578655297456,7.6528758070996705,0.0,-0.05572821968216031,-0.03476175045734238,-0.030168358697143006,6.225547038201025,0.0,0.17189931869506836,0.03052520751953125,0.19815673437763312,1.4945068359375,0.0,0.06567239761352539,-0.0061054229736328125,0.09393385206199024,1.8461532592773438,0.0,0.07065773010253906,-0.0061054229736328125,0.06388910180021012,-0.14652252197265625,0.0,-0.11897802352905273,-0.0061054229736328125,-0.11876866766461272,-0.02930450439453125,0.0,0.024255752563476562,0.0061054229736328125,0.020179765227591084,-0.02930450439453125,0.0,0.01621246337890625,-0.0073261260986328125,0.013488087161635937,-0.03907203674316406,0.0,-0.13942909240722656,0.0073261260986328125,-0.11885543723455216,0.1797332763671875,0.0,0.059345245361328125,0.05494499206542969,0.07005957718668476,0.6739959716796875,0.0,-0.12357950210571289,0.0061054229736328125,-0.1551907933234517,-2.1977996826171875,0.0,-0.22002696990966797,0.06715583801269531,-0.2130439400095937,0.20513153076171875,0.0,-0.038828372955322266,-0.05494499206542969,-0.048737725704507066,-0.14652252197265625,0.0,0.031350135803222656,0.0061054229736328125,0.026241470281408646,-0.02930450439453125,0.0,0.02269744873046875,0.0073261260986328125,0.01888332202629031,-0.007816314697265625,0.0,0.18673229217529297,-0.0073261260986328125,0.1597965422714684,-0.3047618865966797,0.0,-0.3008084297180176,0.06444263458251953,-0.28695131854910894,0.0018315017223358154,0.0,0.0,0.0,0.0,0.0,0.0,nan,nan,nan,nan,nan,nan,nan,nan,nan,nan,0.09124383624006832,0.21110306680202484,-0.0890638455748558,-0.9733977317810059,0.021253598853945732,-0.08780833333730698,-0.007742229383438826,nan
0.8602,1789426376.1384,ramp,0,0.027469,-0.018647372809545364,-0.037934890482550915,-0.007496327734044438,-0.021586649119853973,-0.06305409222841263,0.12304341793060303,-0.9901608824729919,-0.23383283615112305,-0.0061054229736328125,-0.23372789735818802,-0.20513153076171875,0.0,0.16672182083129883,-0.05494499206542969,0.13613453040480133,-6.534797668457031,0.0,0.011600494384765625,0.0061054229736328125,0.00912824949390229,-0.3223419189453125,0.0,0.44015026092529297,0.04273414611816406,0.411016674159272,-6.652015686035156,0.0,-0.33910083770751953,0.018314361572265625,-0.19086290742256876,9.875457763671875,0.0,-0.1747756004333496,0.06715583801269531,-0.11327343932117988,2.6080551147460938,0.0,-0.11993646621704102,0.0061054229736328125,-0.1462520968363705,-5.538459777832031,0.0,0.045731544494628906,-0.06715583801269531,0.03834014812732318,-1.5531158447265625,0.0,0.0934758186340332,0.0061054229736328125,0.08993621533285505,-0.615386962890625,0.0,0.45625734329223633,-0.018314361572265625,0.41562087145168536,-8.879119873046875,0.0,-0.46718645095825195,0.04273414611816406,-0.2845304097225476,11.809524536132812,0.0,-0.019845962524414062,0.07936477661132812,0.023416974275845617,1.8461532592773438,0.0,-0.03020000457763672,-0.0061054229736328125,-0.010874859751288378,4.0732574462890625,0.0,-0.08339904027889827,-0.009125039875592647,-0.047865613016036625,7.50350199755543,0.0,-0.05680762640327824,0.014620685936466763,-0.030023486557653137,6.371800654963783,0.0,0.17285823822021484,0.03052520751953125,0.19816558597837128,1.4945068359375,0.0,0.06567239761352539,-0.0061054229736328125,0.09396298245171214,1.7875442504882812,0.0,0.07027435302734375,-0.0061054229736328125,0.06358229853786497,-0.20513153076171875,0.0,-0.11916971206665039,-0.0061054229736328125,-0.11963896269287765,-0.08791351318359375,0.0,0.024255752563476562,0.0061054229736328125,0.02008285953271146,-0.02930450439453125,0.0,0.01621246337890625,-0.0073261260986328125,0.01342331572132165,-0.05470085144042969,0.0,-0.13904762268066406,0.021978378295898438,-0.1182846789226721,0.1797332763671875,0.0,0.059920310974121094,0.04273414611816406,0.07068356696617245,0.5567779541015625,0.0,-0.12300443649291992,0.03052520751953125,-0.15492576040690154,-2.25640869140625,0.0,-0.2190685272216797,0.06715583801269531,-0.21202087701487188,0.20513153076171875,0.0,-0.038828372955322266,-0.06715583801269531,-0.04994431786096851,-0.20513153076171875,0.0,0.031350135803222656,0.0061054229736328125,0.026115455539234837,-0.02930450439453125,0.0,0.02269744873046875,0.0073261260986328125,0.01879264200985031,-0.007816314697265625,0.0,0.18673229217529297,-0.021978378295898438,0.15902917977772613,-0.3047618865966797,0.0,-0.2991783618927002,0.10740470886230469,-0.2855733433047485,-0.0001221299171447754,0.0,0.0,0.0,0.0,0.0,0.0,nan,nan,nan,nan,nan,nan,nan,nan,nan,nan,0.09199115208031686,0.20941069722175598,-0.08982469141483307,-0.973693311214447,-0.033574409782886505,-0.028173329308629036,-0.001977762207388878,nan
0.8812,1789426376.1596,ramp,0,0.027080,-0.02285180092980513,-0.019810113102663163,-0.01250001471007227,-0.021351058036088943,-0.06267541646957397,0.12312501668930054,-0.9901797771453857,-0.23459959030151367,0.0061054229736328125,-0.2335567437960219,0.02930450439453125,0.0,0.16576337814331055,-0.04273414611816406,0.13544371023229088,-6.3003692626953125,0.0,0.011600494384765625,0.0061054229736328125,0.009081927823189171,-0.20513153076171875,0.0,0.44110918045043945,0.03052520751953125,0.41096076963157463,-6.886444091796875,0.0,-0.3387174606323242,0.018314361572265625,-0.19090927398298968,9.816848754882812,0.0,-0.1734333038330078,0.06715583801269531,-0.11269862867864834,2.6080551147460938,0.0,-0.11993646621704102,0.0061054229736328125,-0.14652484275677713,-5.655677795410156,0.0,0.04458045959472656,-0.05494499206542969,0.03814558949723398,-1.4945068359375,0.0,0.0934758186340332,0.0061054229736328125,0.08947983037595662,-0.6739959716796875,0.0,0.45568180084228516,-0.04273414611816406,0.415541602738881,-8.23443603515625,0.0,-0.46584415435791016,0.06715583801269531,-0.2841014567596626,11.633697509765625,0.0,-0.018503665924072266,0.07936477661132812,0.02329814389415766,1.7875442504882812,0.0,-0.03020000457763672,-0.0061054229736328125,-0.01081967483628501,4.24908447265625,0.0,-0.08261586875388688,0.022607886860095194,-0.047622717029671274,7.1240813208150335,0.0,-0.057662356435617276,-0.02001599874156519,-0.029871131162578498,6.741547582643968,0.0,0.1734333038330078,0.018314361572265625,0.19817489480153258,1.4945068359375,0.0,0.06567239761352539,-0.0061054229736328125,0.09399361754863544,1.7875442504882812,0.0,0.0700826644897461,-0.018314361572265625,0.06325964759608017,-0.14652252197265625,0.0,-0.11916971206665039,-0.0061054229736328125,-0.12055421212130261,-0.08791351318359375,0.0,0.024255752563476562,0.0061054229736328125,0.01998094825094013,-0.02930450439453125,0.0,0.01621246337890625,-0.0073261260986328125,0.013355198563575615,-0.05470085144042969,0.0,-0.13866615295410156,-0.0073261260986328125,-0.11768443854239732,0.1797332763671875,0.0,0.06087923049926758,0.05494499206542969,0.07133978844333945,0.6739959716796875,0.0,-0.12242937088012695,0.03052520751953125,-0.1546470374250296,-2.3150177001953125,0.0,-0.21791791915893555,0.05494499206542969,-0.2109449685117191,0.20513153076171875,0.0,-0.039403438568115234,-0.05494499206542969,-0.05121323557930252,-0.26373291015625,0.0,0.031350135803222656,0.0061054229736328125,0.025982931605394114,-0.02930450439453125,0.0,0.02269744873046875,0.0073261260986328125,0.01869727798900586,-0.007816314697265625,0.0,0.18596935272216797,-0.05128288269042969,0.15822217978234235,-0.3047618865966797,0.0,-0.29764437675476074,0.04603099822998047,-0.28412418984089505,0.0018315017223358154,0.0,0.0,0.0,0.0,0.0,0.0,nan,nan,nan,nan,nan,nan,nan,nan,nan,nan,0.09239254716253517,0.20784077048301697,-0.09024641662836075,-0.9739906787872314,-0.0031912566628307104,-0.04302871599793434,-0.0054274979047477245,nan
0.9011,1789426376.1794,ramp,0,0.026576,-0.018416397680440632,-0.00514545973247982,-0.009334253744754332,-0.021079597994685173,-0.06248703971505165,0.12317892163991928,-0.990190863609314,-0.23555850982666016,0.0061054229736328125,-0.23339425098546407,0.26373291015625,0.0,0.16499614715576172,-0.04273414611816406,0.1347878470997881,-6.534797668457031,0.0,0.011600494384765625,0.0061054229736328125,0.009037950132227626,-0.4395599365234375,0.0,0.4418759346008301,0.0061054229736328125,0.41090769399754457,-7.0622711181640625,0.0,-0.33852577209472656,0.03052520751953125,-0.1909532942921398,9.699630737304688,0.0,-0.17209100723266602,0.06715583801269531,-0.1121529047354163,2.5494537353515625,0.0,-0.11993646621704102,0.0061054229736328125,-0.14678378712588142,-5.479850769042969,0.0,0.04362154006958008,-0.05494499206542969,0.03796087596734091,-1.0842514038085938,0.0,0.0934758186340332,0.0061054229736328125,0.08904653951478972,-0.7325973510742188,0.0,0.45395565032958984,-0.06715583801269531,0.4154663451995704,-7.589744567871094,0.0,-0.4643101692199707,0.07936477661132812,-0.28369420977248827,11.575088500976562,0.0,-0.01716136932373047,0.06715583801269531,0.0231853265945598,1.7289352416992188,0.0,-0.030008316040039062,0.018314361572265625,-0.010767282400943295,3.8974380493164062,0.0,-0.08183255673308894,0.022616072900092366,-0.047392112121434446,6.898015301182366,0.0,-0.05851800974446848,-0.020044856536766447,-0.029726485289971422,6.961626065043153,0.0,0.17420053482055664,0.0061054229736328125,0.19818373257750005,1.4358978271484375,0.0,0.06567239761352539,-0.0061054229736328125,0.0940227024413936,1.7289352416992188,0.0,0.06950759887695312,-0.03052520751953125,0.06295332351087732,-0.14652252197265625,0.0,-0.11916971206665039,-0.0061054229736328125,-0.12142314788929953,-0.14652252197265625,0.0,0.024255752563476562,0.0061054229736328125,0.01988419390710414,-0.02930450439453125,0.0,0.01621246337890625,-0.0073261260986328125,0.01329052828578951,-0.05470085144042969,0.0,-0.13866615295410156,-0.0073261260986328125,-0.11711457166281412,0.21099090576171875,0.0,0.0616459846496582,0.04273414611816406,0.07196280365157556,0.6739959716796875,0.0,-0.12185382843017578,0.018314361572265625,-0.15438241844708817,-2.3150177001953125,0.0,-0.2167677879333496,0.07936477661132812,-0.20992350337615456,0.14652252197265625,0.0,-0.04017019271850586,-0.06715583801269531,-0.052417943233698874,-0.26373291015625,0.0,0.031350135803222656,0.0061054229736328125,0.02585711367789425,-0.02930450439453125,0.0,0.02269744873046875,0.0073261260986328125,0.018606739600105313,-0.02344512939453125,0.0,0.18482494354248047,-0.05128288269042969,0.1574560157848744,-0.28913307189941406,0.0,-0.29668569564819336,0.06444263458251953,-0.28274836677130205,0.0001221001148223877,0.0,0.0,0.0,0.0,0.0,0.0,nan,nan,nan,nan,nan,nan,nan,nan,nan,nan,0.09265303249919314,0.2066524177789688,-0.09052341431379318,-0.9742177724838257,0.001509969006292522,-0.028356706723570824,-0.02716841921210289,nan
0.9211,1789426376.1996,ramp,0,0.026351,-0.007170392186726967,-0.006906009990401253,0.005516337163489679,-0.020963730290532112,-0.06244169548153877,0.12322113662958145,-0.9901909232139587,-0.23632574081420898,0.03052520751953125,-0.23323172792435037,0.3223419189453125,0.0,0.16384601593017578,-0.06715583801269531,0.1341318618681954,-6.1831512451171875,0.0,0.011600494384765625,0.0061054229736328125,0.008993964254137121,-0.4395599365234375,0.0,0.44206762313842773,0.0061054229736328125,0.4108546084826624,-7.120880126953125,0.0,-0.3379502296447754,0.03052520751953125,-0.1909973227963529,9.75823974609375,0.0,-0.17074918746948242,0.06715583801269531,-0.11160707919721187,2.4908447265625,0.0,-0.11993646621704102,-0.0061054229736328125,-0.14704277970149437,-5.655677795410156,0.0,0.04247140884399414,-0.06715583801269531,0.03777612805016064,-0.7912063598632812,0.0,0.0934758186340332,0.0061054229736328125,0.0886131679898117,-0.7325973510742188,0.0,0.45299720764160156,-0.018314361572265625,0.415391073649902,-7.9413909912109375,0.0,-0.4633517265319824,0.04273414611816406,-0.2832868869699737,11.575088500976562,0.0,-0.015819072723388672,0.06715583801269531,0.02307248829227261,1.6703262329101562,0.0,-0.029624462127685547,0.0061054229736328125,-0.010714880211937502,3.9560470581054688,0.0,-0.08090644598908017,0.02262577692825195,-0.04716146428251888,6.916732041691198,0.0,-0.05953064099522498,-0.020078969994498732,-0.029581812489292716,7.259341120334086,0.0,0.1743922233581543,-0.0061054229736328125,0.19819257199875656,1.4945068359375,0.0,0.06567239761352539,-0.0061054229736328125,0.09405179274875544,1.7289352416992188,0.0,0.0687403678894043,-0.04273414611816406,0.06264694239869707,-0.08791351318359375,0.0,-0.11916971206665039,-0.018314361572265625,-0.12229224542316072,-0.14652252197265625,0.0,0.024064064025878906,0.0061054229736328125,0.019787421550947065,-0.02930450439453125,0.0,0.01621246337890625,-0.0073261260986328125,0.013225845968628611,-0.05470085144042969,0.0,-0.13866615295410156,-0.0073261260986328125,-0.11654459869367666,0.21099090576171875,0.0,0.062029361724853516,0.018314361572265625,0.0725859348437513,0.6739959716796875,0.0,-0.12127876281738281,0.0061054229736328125,-0.15411775020622162,-2.25640869140625,0.0,-0.2150421142578125,0.09157562255859375,-0.20890184807901924,0.14652252197265625,0.0,-0.04132080078125,-0.07936477661132812,-0.05362287516310166,-0.14652252197265625,0.0,0.031350135803222656,0.0061054229736328125,0.02573127232743663,-0.02930450439453125,0.0,0.02269744873046875,0.0073261260986328125,0.018516184356080056,-0.02344512939453125,0.0,0.18329906463623047,-0.08058547973632812,0.15668970915410046,-0.27350425720214844,0.0,-0.29524755477905273,0.07671833038330078,-0.2813722875709152,0.0003663003444671631,0.0,0.0,0.0,0.0,0.0,0.0,nan,nan,nan,nan,nan,nan,nan,nan,nan,nan,0.09331900514892955,0.20564186573028564,-0.09119203686714172,-0.9743692278862,0.011518027633428574,-0.029545485973358154,0.0008359101484529674,nan
0.9404,1789426376.2187,ramp,0,0.026271,0.0016765826612863762,-0.018831291130545155,-0.0025198320488652353,-0.020906036719679832,-0.06231198087334633,0.1231934055685997,-0.9902037978172302,-0.2367091178894043,-0.0061054229736328125,-0.23307426715912744,0.7912063598632812,0.0,0.16269540786743164,-0.07936477661132812,0.133496309375929,-6.1831512451171875,0.0,0.011600494384765625,0.0061054229736328125,0.008951348455642586,-0.4981689453125,0.0,0.4422593116760254,-0.0061054229736328125,0.4108031764844075,-7.1794891357421875,0.0,-0.3375668525695801,0.03052520751953125,-0.19103997989324437,9.699630737304688,0.0,-0.16959810256958008,0.06715583801269531,-0.11107825512550798,2.5494537353515625,0.0,-0.11993646621704102,0.0061054229736328125,-0.14729370513240644,-5.772895812988281,0.0,0.04132080078125,-0.05494499206542969,0.03759713469245979,-0.6739959716796875,0.0,0.0934758186340332,0.0061054229736328125,0.08819329519464475,-0.9670333862304688,0.0,0.45261335372924805,-0.0061054229736328125,0.4153181466712378,-7.882781982421875,0.0,-0.46277618408203125,0.018314361572265625,-0.282892251527242,11.692306518554688,0.0,-0.01486063003540039,0.06715583801269531,0.022963164696575784,1.6703262329101562,0.0,-0.02943277359008789,0.018314361572265625,-0.01066411025520847,3.7802200317382812,0.0,-0.0800509876113039,0.022634764927558258,-0.046938000701635015,6.691720563288574,0.0,-0.060466971578714605,-0.020110475311217447,-0.029441645981563166,7.478191859687813,0.0,0.1743922233581543,-0.0061054229736328125,0.19820113608821954,1.4945068359375,0.0,0.06567239761352539,-0.0061054229736328125,0.09407997694628645,1.7289352416992188,0.0,0.06778192520141602,-0.04273414611816406,0.06235010449739748,-0.08791351318359375,0.0,-0.11916971206665039,-0.03052520751953125,-0.12313427215953557,-0.20513153076171875,0.0,0.024255752563476562,0.0061054229736328125,0.019693663476563605,-0.02930450439453125,0.0,0.01621246337890625,-0.0073261260986328125,0.013163178387260409,-0.05470085144042969,0.0,-0.13866615295410156,-0.0073261260986328125,-0.11599237933931669,0.21099090576171875,0.0,0.06241321563720703,0.0061054229736328125,0.07318965663979643,0.6739959716796875,0.0,-0.12108707427978516,-0.0061054229736328125,-0.15386132589664062,-2.25640869140625,0.0,-0.21389150619506836,0.07936477661132812,-0.20791201547447266,0.14652252197265625,0.0,-0.04304647445678711,-0.09157562255859375,-0.0547902756682685,-0.14652252197265625,0.0,0.031350135803222656,0.0061054229736328125,0.025609350704720635,-0.08791351318359375,0.0,0.02269744873046875,0.0073261260986328125,0.018428449742164572,-0.02344512939453125,0.0,0.18177318572998047,-0.09523773193359375,0.15594727157231814,-0.2578754425048828,0.0,-0.29390549659729004,0.082855224609375,-0.2800390707190078,0.00158730149269104,0.0,0.0,0.0,0.0,0.0,0.0,nan,nan,nan,nan,nan,nan,nan,nan,nan,nan,0.09409377602737136,0.20452836155891418,-0.0919688418507576,-0.9745305776596069,0.020594213157892227,-0.04220825433731079,-0.01794498786330223,nan
0.9611,1789426376.2395,ramp,0,0.026392,0.013346360022418347,-0.006750265000902055,0.008857713316900977,-0.02093144878745079,-0.0620313324034214,0.12318108230829239,-0.9902223944664001,-0.23690080642700195,-0.0061054229736328125,-0.23290542549558702,0.7912063598632812,0.0,0.16077804565429688,-0.07936477661132812,0.13281482062595645,-5.831504821777344,0.0,0.011600494384765625,0.0061054229736328125,0.008905652486232481,-0.4981689453125,0.0,0.4422593116760254,-0.018314361572265625,0.41074802710079894,-7.003662109375,0.0,-0.3369917869567871,0.03052520751953125,-0.19108572014600356,9.699630737304688,0.0,-0.16806411743164062,0.06715583801269531,-0.11051120887839831,2.4322357177734375,0.0,-0.11993646621704102,0.0061054229736328125,-0.14756276687054667,-5.831504821777344,0.0,0.03959512710571289,-0.0061054229736328125,0.03740520411067898,-0.7325973510742188,0.0,0.0934758186340332,-0.0061054229736328125,0.08774307496923832,-0.9670333862304688,0.0,0.45222997665405273,0.0061054229736328125,0.4152399486999704,-8.117218017578125,0.0,-0.4622011184692383,0.0061054229736328125,-0.28246909275147664,11.633697509765625,0.0,-0.01351785659790039,0.06715583801269531,0.022845939445348695,1.611724853515625,0.0,-0.029049396514892578,0.0061054229736328125,-0.010609670763949383,3.8388290405273438,0.0,-0.07919532510511298,0.027186097612185926,-0.04669838569224708,6.627093598895366,0.0,-0.06140443841084762,-0.02512097983075785,-0.029291348564271964,7.698826115054962,0.0,0.17458391189575195,0.0061054229736328125,0.1982103191701739,1.4358978271484375,0.0,0.06567239761352539,-0.0061054229736328125,0.09411019823214103,1.7875442504882812,0.0,0.06701469421386719,-0.03052520751953125,0.0620318118421681,-0.02930450439453125,0.0,-0.1195530891418457,-0.03052520751953125,-0.12403715863232588,-0.14652252197265625,0.0,0.024064064025878906,0.0061054229736328125,0.019593128786370564,-0.02930450439453125,0.0,0.01621246337890625,-0.0073261260986328125,0.013095981338692286,-0.05470085144042969,0.0,-0.13866615295410156,-0.0073261260986328125,-0.11540024685286952,0.22661972045898438,0.0,0.06241321563720703,0.018314361572265625,0.07383701404476982,0.7325973510742188,0.0,-0.12108707427978516,-0.0061054229736328125,-0.15358636783365548,-2.1977996826171875,0.0,-0.21274089813232422,0.06715583801269531,-0.20685064006872292,0.14652252197265625,0.0,-0.04477214813232422,-0.10378456115722656,-0.056042053169992084,-0.14652252197265625,0.0,0.031350135803222656,0.0061054229736328125,0.025478616870347567,-0.02930450439453125,0.0,0.02269744873046875,0.0073261260986328125,0.0183343738741692,-0.02344512939453125,0.0,0.18024730682373047,-0.0659332275390625,0.15515117232686132,-0.2578754425048828,0.0,-0.29227566719055176,0.07058048248291016,-0.27860949205020474,-0.001098930835723877,0.0,0.0,0.0,0.0,0.0,0.0,nan,nan,nan,nan,nan,nan,nan,nan,nan,nan,0.09502317287555863,0.20315201580524445,-0.09290172159671783,-0.9747299551963806,0.03662915900349617,-0.034458521753549576,0.00616407347843051,nan
0.9801,1789426376.2585,ramp,0,0.026575,0.014927580710733869,-0.005669034602046146,0.011508338824505427,-0.020996084436774254,-0.061852455139160156,0.12309710681438446,-0.9902426600456238,-0.23690080642700195,-0.0061054229736328125,-0.23275059233302203,0.6739959716796875,0.0,0.15962743759155273,-0.07936477661132812,0.1321898738195927,-5.538459777832031,0.0,0.011600494384765625,0.0061054229736328125,0.008863747832417298,-0.4981689453125,0.0,0.44245100021362305,-0.0061054229736328125,0.41069745336622077,-7.1794891357421875,0.0,-0.33680009841918945,0.0061054229736328125,-0.19112766540905493,9.75823974609375,0.0,-0.16710567474365234,0.06715583801269531,-0.10999120947825265,2.4908447265625,0.0,-0.11993646621704102,0.0061054229736328125,-0.14780950502135576,-6.00732421875,0.0,0.038252830505371094,0.0061054229736328125,0.03722919767751,-0.4395599365234375,0.0,0.0934758186340332,-0.0061054229736328125,0.08733020873771292,-1.0256423950195312,0.0,0.45222997665405273,0.0061054229736328125,0.41516823867921115,-7.8241729736328125,0.0,-0.4620094299316406,-0.0061054229736328125,-0.2820810427278922,11.692306518554688,0.0,-0.012558937072753906,0.05494499206542969,0.02273844017058809,1.4945068359375,0.0,-0.028857707977294922,0.018314361572265625,-0.010559748023179555,3.7802200317382812,0.0,-0.07862461186360731,0.013563162911306902,-0.046478651126005396,6.713643910755885,0.0,-0.06203022037405871,-0.010196357536218155,-0.029153521063899228,7.772261586505964,0.0,0.17458391189575195,0.0061054229736328125,0.1982187403476918,1.4358978271484375,0.0,0.06567239761352539,-0.0061054229736328125,0.09413791211014677,1.6703262329101562,0.0,0.06663131713867188,-0.03052520751953125,0.06173992737836344,-0.02930450439453125,0.0,-0.11974477767944336,-0.03052520751953125,-0.1248651341751387,-0.26373291015625,0.0,0.024064064025878906,0.0061054229736328125,0.01950093528564522,-0.02930450439453125,0.0,0.01621246337890625,-0.0073261260986328125,0.013034359513091481,-0.05470085144042969,0.0,-0.13866615295410156,-0.0073261260986328125,-0.11485724257530178,0.22661972045898438,0.0,0.06260490417480469,0.018314361572265625,0.07443066132483181,0.7912063598632812,0.0,-0.12108707427978516,-0.0061054229736328125,-0.1533342225658819,-2.139190673828125,0.0,-0.21178245544433594,0.05494499206542969,-0.20587732514576484,0.14652252197265625,0.0,-0.046306610107421875,-0.09157562255859375,-0.05718997285613754,-0.14652252197265625,0.0,0.031350135803222656,0.0061054229736328125,0.025358729796234568,-0.02930450439453125,0.0,0.02269744873046875,0.0073261260986328125,0.018248103318328074,-0.02344512939453125,0.0,0.17910289764404297,-0.0659332275390625,0.1544211240597155,-0.2578754425048828,0.0,-0.2910292148590088,0.06444263458251953,-0.277298523052477,0.0006105005741119385,0.0,0.0,0.0,0.0,0.0,0.0,nan,nan,nan,nan,nan,nan,nan,nan,nan,nan,0.09576247939461428,0.20225024223327637,-0.09364016354084015,-0.9748468399047852,0.023572489619255066,-0.019196033477783203,-0.004539975430816412,nan
1.0013,1789426376.2796,ramp,0,0.026819,0.011667529278664913,-0.0003577643534959587,0.007806546469741238,-0.02110413834452629,-0.0617770254611969,0.12302803248167038,-0.9902536273002625,-0.2370929718017578,-0.0061054229736328125,-0.2325785784590278,0.9084243774414062,0.0,0.15809345245361328,-0.07936477661132812,0.13149558120538726,-5.597068786621094,0.0,0.011600494384765625,0.0061054229736328125,0.008817193323539972,-0.4981689453125,0.0,0.44245100021362305,-0.0061054229736328125,0.4106412678316555,-7.1794891357421875,0.0,-0.33680009841918945,0.0061054229736328125,-0.19117426503328042,9.641029357910156,0.0,-0.1659550666809082,0.05494499206542969,-0.10941350952165464,2.4908447265625,0.0,-0.11993646621704102,0.0061054229736328125,-0.14808362191259364,-5.890106201171875,0.0,0.0369110107421875,-0.04273414611816406,0.03703366108886354,0.26373291015625,0.0,0.0934758186340332,-0.0061054229736328125,0.08687152973930218,-1.3186798095703125,0.0,0.4520382881164551,0.0061054229736328125,0.41508857151830936,-7.882781982421875,0.0,-0.4620094299316406,-0.0061054229736328125,-0.28164993361176677,11.692306518554688,0.0,-0.011408805847167969,0.06715583801269531,0.02261901248212129,1.4945068359375,0.0,-0.02847433090209961,0.0061054229736328125,-0.010504285718477079,3.7216110229492188,0.0,-0.07819642077845182,0.009020960917160875,-0.046234534210975606,6.715676214320289,0.0,-0.06249999379619055,-0.005217814337192678,-0.029000399846911218,7.769978188834544,0.0,0.1747756004333496,0.0061054229736328125,0.19822809596211216,1.4358978271484375,0.0,0.06567239761352539,-0.0061054229736328125,0.09416870119589686,1.8461532592773438,0.0,0.06624794006347656,-0.0061054229736328125,0.0614156546156942,-0.08791351318359375,0.0,-0.12012815475463867,-0.03052520751953125,-0.12578498414999095,-0.20513153076171875,0.0,0.024064064025878906,0.0061054229736328125,0.01939851174178588,-0.02930450439453125,0.0,0.01621246337890625,-0.0073261260986328125,0.012965899961089877,-0.05470085144042969,0.0,-0.13866615295410156,0.0073261260986328125,-0.11425398505712858,0.22661972045898438,0.0,0.06279659271240234,0.0061054229736328125,0.07509018133164388,0.8498153686523438,0.0,-0.12108707427978516,-0.0061054229736328125,-0.15305409856918425,-2.1977996826171875,0.0,-0.21082353591918945,0.03052520751953125,-0.20479600853541577,0.20513153076171875,0.0,-0.04784059524536133,-0.09157562255859375,-0.058465268852014605,-0.14652252197265625,0.0,0.031350135803222656,0.0061054229736328125,0.025225539724299213,-0.08791351318359375,0.0,0.02269744873046875,0.0073261260986328125,0.018152259945525828,-0.02344512939453125,0.0,0.17795848846435547,-0.0659332275390625,0.15361006763902263,-0.2422466278076172,0.0,-0.28959107398986816,0.08899307250976562,-0.2758420853472095,0.0006105005741119385,0.0,0.0,0.0,0.0,0.0,0.0,nan,nan,nan,nan,nan,nan,nan,nan,nan,nan,0.09637996330577715,0.2017212063074112,-0.09425260126590729,-0.9748974442481995,0.015963677316904068,-0.009348718449473381,0.0030033783987164497,nan
1.0208,1789426376.2994,ramp,0,0.026951,0.012426859963581857,0.0007367319815584904,0.002749221244734879,-0.02117040939629078,-0.06180673465132713,0.12297071516513824,-0.9902575016021729,-0.2370929718017578,-0.0061054229736328125,-0.23241962466220456,0.8498153686523438,0.0,0.15694332122802734,-0.05494499206542969,0.1308540024503039,-5.421241760253906,0.0,0.011600494384765625,0.0061054229736328125,0.008774173445122838,-0.4395599365234375,0.0,0.44245100021362305,-0.0061054229736328125,0.4105893481589087,-7.120880126953125,0.0,-0.3366084098815918,0.0061054229736328125,-0.1912173266016829,9.641029357910156,0.0,-0.16518783569335938,0.04273414611816406,-0.1088796711783071,2.4908447265625,0.0,-0.11993646621704102,0.0061054229736328125,-0.14833692660031378,-6.124542236328125,0.0,0.03576040267944336,-0.06715583801269531,0.03685297052907612,0.380950927734375,0.0,0.0934758186340332,-0.0061054229736328125,0.08644767574062465,-1.2014617919921875,0.0,0.4520382881164551,0.0061054229736328125,0.41501495305130187,-7.8241729736328125,0.0,-0.4620094299316406,-0.0061054229736328125,-0.28125155626427695,11.868133544921875,0.0,-0.01064157485961914,0.05494499206542969,0.022508652287988012,1.4358978271484375,0.0,-0.028282642364501953,0.0061054229736328125,-0.010453034364686153,3.7802200317382812,0.0,-0.0780537282535624,-6.790196153414625e-05,-0.046008951764561636,6.876319911089552,0.0,-0.06265659398491082,0.004756519967331519,-0.02885890429048153,7.771501296224723,0.0,0.17496728897094727,-0.0061054229736328125,0.19823674125565272,1.4358978271484375,0.0,0.06567239761352539,-0.0061054229736328125,0.0941971526339527,1.7875442504882812,0.0,0.06586456298828125,-0.0061054229736328125,0.06111600211885916,-0.08791351318359375,0.0,-0.1208953857421875,-0.05494499206542969,-0.1266349949230489,-0.20513153076171875,0.0,0.024064064025878906,0.0061054229736328125,0.01930386466011455,-0.02930450439453125,0.0,0.01621246337890625,-0.0073261260986328125,0.012902638170242484,-0.05470085144042969,0.0,-0.13828468322753906,0.021978378295898438,-0.11369652959874497,0.22661972045898438,0.0,0.06298828125,0.0061054229736328125,0.07569962757414396,0.9084243774414062,0.0,-0.12108707427978516,-0.0061054229736328125,-0.15279524286282484,-2.1977996826171875,0.0,-0.21024847030639648,0.04273414611816406,-0.2037967904096221,0.20513153076171875,0.0,-0.049757957458496094,-0.11599540710449219,-0.059643738564434015,-0.02930450439453125,0.0,0.031350135803222656,0.0061054229736328125,0.025102462049564702,-0.02930450439453125,0.0,0.02269744873046875,0.0073261260986328125,0.018063693438339478,-0.02344512939453125,0.0,0.17681407928466797,-0.0659332275390625,0.15286059031772628,-0.2422466278076172,0.0,-0.28824877738952637,0.05830574035644531,-0.27449622702942883,0.0003663003444671631,0.0,0.0,0.0,0.0,0.0,0.0,nan,nan,nan,nan,nan,nan,nan,nan,nan,nan,0.09662914873590488,0.2016623616218567,-0.0944966971874237,-0.9748860001564026,0.007461242377758026,0.0007646427256986499,-0.0028178500942885876,nan
1.0406,1789426376.3189,ramp,0,0.026996,0.013544259939141054,-0.003279315657485395,0.001142208985588969,-0.021195782348513603,-0.06184280663728714,0.12294775992631912,-0.9902575612068176,-0.2370929718017578,-0.0061054229736328125,-0.23225804325457253,0.9084243774414062,0.0,0.15598440170288086,-0.04273414611816406,0.13020181797641903,-5.538459777832031,0.0,0.011600494384765625,0.0061054229736328125,0.00873044241982038,-0.20513153076171875,0.0,0.44245100021362305,-0.0061054229736328125,0.4105365702198227,-7.23809814453125,0.0,-0.3366084098815918,0.0061054229736328125,-0.19126110000613353,9.641029357910156,0.0,-0.16442108154296875,0.04273414611816406,-0.1083370081360272,2.4322357177734375,0.0,-0.11993646621704102,0.0061054229736328125,-0.1485944185811258,-6.1831512451171875,0.0,0.034801483154296875,-0.05494499206542969,0.03666929303549141,0.615386962890625,0.0,0.09328413009643555,0.0061054229736328125,0.0860168151565712,-1.3186798095703125,0.0,0.45165491104125977,0.0061054229736328125,0.41494011762261435,-7.706962585449219,0.0,-0.4620094299316406,-0.0061054229736328125,-0.280846593477212,11.809524536132812,0.0,-0.009874820709228516,0.04273414611816406,0.02239646776725947,1.4358978271484375,0.0,-0.028282642364501953,-0.0061054229736328125,-0.01040093579230796,3.7216110229492188,0.0,-0.0780537282535624,-6.790196153414625e-05,-0.04577964029193808,7.104572649341275,0.0,-0.06265659398491082,0.004756519967331519,-0.028715069719439424,7.549069862154975,0.0,0.17496728897094727,-0.0061054229736328125,0.19824552946158172,1.377288818359375,0.0,0.06567239761352539,-0.0061054229736328125,0.09422607439299273,1.7875442504882812,0.0,0.06548070907592773,-0.0061054229736328125,0.060811396169163645,-0.08791351318359375,0.0,-0.12204551696777344,-0.06715583801269531,-0.1274990569332556,-0.14652252197265625,0.0,0.024064064025878906,0.0061054229736328125,0.019207652999931796,-0.02930450439453125,0.0,0.01621246337890625,-0.0073261260986328125,0.01283833062038376,-0.05470085144042969,0.0,-0.13790321350097656,0.021978378295898438,-0.113129859034984,0.22661972045898438,0.0,0.06298828125,-0.0061054229736328125,0.07631914836387832,0.9670333862304688,0.0,-0.1208953857421875,0.0061054229736328125,-0.15253210810138443,-2.1977996826171875,0.0,-0.20948123931884766,0.06715583801269531,-0.20278105455100207,0.14652252197265625,0.0,-0.05225038528442383,-0.10378456115722656,-0.060841689156304286,-0.02930450439453125,0.0,0.031350135803222656,0.0061054229736328125,0.024977349819916027,-0.08791351318359375,0.0,0.02269744873046875,0.0073261260986328125,0.017973662868537264,-0.02344512939453125,0.0,0.17605113983154297,-0.05128288269042969,0.1520987236433618,-0.2578754425048828,0.0,-0.2870023250579834,0.06444263458251953,-0.2731281207884558,0.0008547008037567139,0.0,0.0,0.0,0.0,0.0,0.0,nan,nan,nan,nan,nan,nan,nan,nan,nan,nan,0.09667738848554144,0.20173650979995728,-0.0945422500371933,-0.9748662114143372,0.008564012125134468,-0.003376989858224988,0.008131850510835648,nan
1.0611,1789426376.3394,ramp,0,0.027002,0.01382037668901993,-0.0046218900643999975,-0.0007249200558935808,-0.02119852602481842,-0.061855386942625046,0.12292297184467316,-0.9902598261833191,-0.2370929718017578,0.0061054229736328125,-0.2320908231528786,1.0256423950195312,0.0,0.1554093360900879,-0.03052520751953125,0.1295268742706767,-5.421241760253906,0.0,0.011600494384765625,0.0061054229736328125,0.00868518531626234,-0.615386962890625,0.0,0.44245100021362305,-0.0061054229736328125,0.4104819504930206,-7.120880126953125,0.0,-0.3366084098815918,0.0061054229736328125,-0.19130640096774165,9.641029357910156,0.0,-0.16384601593017578,0.03052520751953125,-0.10777540782293779,2.4908447265625,0.0,-0.11993646621704102,0.0061054229736328125,-0.148860896239959,-6.24176025390625,0.0,0.03403472900390625,-0.04273414611816406,0.03647920576241808,0.615386962890625,0.0,0.09328413009643555,0.0061054229736328125,0.08557091886356824,-1.5531158447265625,0.0,0.45165491104125977,0.0061054229736328125,0.4148626706676779,-7.648353576660156,0.0,-0.4620094299316406,-0.0061054229736328125,-0.28042749873464434,11.809524536132812,0.0,-0.009299278259277344,0.03052520751953125,0.022280368351864897,1.4358978271484375,0.0,-0.028090476989746094,-0.0061054229736328125,-0.010347019140021894,3.8974380493164062,0.0,-0.0780537282535624,-0.004612223971453932,-0.0455423265543389,7.1123607046230495,0.0,-0.06265659398491082,0.009744157759063524,-0.02856621576433875,7.699631160312727,0.0,0.17496728897094727,-0.0061054229736328125,0.19825462434886293,1.4358978271484375,0.0,0.06567239761352539,-0.0061054229736328125,0.09425600543245274,1.7875442504882812,0.0,0.06509733200073242,-0.018314361572265625,0.060496160408867156,-0.02930450439453125,0.0,-0.12377119064331055,-0.09157562255859375,-0.1283932720495496,-0.02930450439453125,0.0,0.024064064025878906,0.0061054229736328125,0.019108083848779586,-0.02930450439453125,0.0,0.01621246337890625,-0.0073261260986328125,0.012771778934860933,-0.05470085144042969,0.0,-0.13752174377441406,0.0073261260986328125,-0.11254341341176691,0.22661972045898438,0.0,0.06298828125,0.0061054229736328125,0.07696028852337483,0.9670333862304688,0.0,-0.1208953857421875,0.0061054229736328125,-0.1522597907462375,-2.1977996826171875,0.0,-0.20833110809326172,0.05494499206542969,-0.20172987263557152,0.20513153076171875,0.0,-0.055893898010253906,-0.07936477661132812,-0.06208144453863782,0.08791351318359375,0.0,0.031350135803222656,0.0061054229736328125,0.024847871558328852,-0.08791351318359375,0.0,0.02269744873046875,0.0073261260986328125,0.017880490508805306,-0.02344512939453125,0.0,0.17490673065185547,-0.0659332275390625,0.1513102701657527,-0.2422466278076172,0.0,-0.2852766513824463,0.10740470886230469,-0.27171227184830665,0.0003663003444671631,0.0,0.0,0.0,0.0,0.0,0.0,nan,nan,nan,nan,nan,nan,nan,nan,nan,nan,0.0966446032217067,0.20177896320819855,-0.09450944513082504,-0.9748606085777283,0.004094748292118311,-0.00016105979739222676,0.005990490783005953,nan
1.0813,1789426376.3596,ramp,0,0.026922,0.0024443098457924968,-0.013493396683212444,-0.0012022786125554428,-0.02115429751574993,-0.06180770322680473,0.12294712662696838,-0.9902607202529907,-0.2370929718017578,0.0061054229736328125,-0.23192682244207302,0.9670333862304688,0.0,0.15502548217773438,-0.018314361572265625,0.1288649248616389,-5.831504821777344,0.0,0.011600494384765625,0.0061054229736328125,0.008640799521269178,-0.4395599365234375,0.0,0.44245100021362305,-0.0061054229736328125,0.4104283823278969,-7.120880126953125,0.0,-0.3366084098815918,0.0061054229736328125,-0.19135082977641157,9.641029357910156,0.0,-0.16346216201782227,0.018314361572265625,-0.10722461967245626,2.5494537353515625,0.0,-0.11993646621704102,0.0061054229736328125,-0.14912224356016612,-6.358970642089844,0.0,0.03365135192871094,-0.018314361572265625,0.0362927781285192,0.5567779541015625,0.0,0.09309196472167969,0.0061054229736328125,0.08513360715129617,-1.5531158447265625,0.0,0.4514632225036621,0.0061054229736328125,0.4147867147537021,-7.8241729736328125,0.0,-0.4620094299316406,-0.0061054229736328125,-0.2800164725782209,11.868133544921875,0.0,-0.009107589721679688,0.018314361572265625,0.022166504130662117,1.4945068359375,0.0,-0.028090476989746094,-0.0061054229736328125,-0.010294140513531402,3.7216110229492188,0.0,-0.0780537282535624,-0.004612223971453932,-0.04530958167943479,7.104572649341275,0.0,-0.06265659398491082,0.009744157759063524,-0.028420227607439865,7.549069862154975,0.0,0.17496728897094727,-0.0061054229736328125,0.19826354413759473,1.4358978271484375,0.0,0.06567239761352539,0.0061054229736328125,0.09428536022710286,1.7875442504882812,0.0,0.06452226638793945,-0.018314361572265625,0.06018699369842821,0.02930450439453125,0.0,-0.12588071823120117,-0.11599540710449219,-0.12927027136482203,0.02930450439453125,0.0,0.024064064025878906,0.0061054229736328125,0.019010431644302606,-0.02930450439453125,0.0,0.01621246337890625,-0.0073261260986328125,0.012706508530044205,-0.05470085144042969,0.0,-0.13714027404785156,0.0073261260986328125,-0.11196825828339306,0.22661972045898438,0.0,0.06279659271240234,0.0061054229736328125,0.07758908518608668,1.0256423950195312,0.0,-0.12051153182983398,0.0061054229736328125,-0.15199271615797685,-2.25640869140625,0.0,-0.2075638771057129,0.04273414611816406,-0.2006989285112091,0.26373291015625,0.0,-0.05838632583618164,-0.10378456115722656,-0.06329733163515427,0.14652252197265625,0.0,0.031350135803222656,0.0061054229736328125,0.02472088606604012,-0.08791351318359375,0.0,0.02269744873046875,0.0073261260986328125,0.017789111942061887,-0.02344512939453125,0.0,0.17452526092529297,-0.0073261260986328125,0.15053699632214665,-0.2578754425048828,0.0,-0.2840301990509033,0.04603099822998047,-0.27032368142032764,0.0030525028705596924,0.0,0.0,0.0,0.0,0.0,0.0,nan,nan,nan,nan,nan,nan,nan,nan,nan,nan,0.09655995841571002,0.20167891681194305,-0.0944289118051529,-0.9748890995979309,-0.007497894112020731,-0.008722825907170773,0.005182279739528894,nan
1.1011,1789426376.3795,ramp,0,0.026784,0.00198533899905256,-0.018575677600167987,0.0025313403377554703,-0.02106938511133194,-0.06168600171804428,0.12292611598968506,-0.9902727007865906,-0.2370929718017578,0.0061054229736328125,-0.23176514327618075,1.0842514038085938,0.0,0.15483379364013672,-0.0061054229736328125,0.12821234581005814,-6.0659332275390625,0.0,0.011600494384765625,0.0061054229736328125,0.008597042038288113,-0.6739959716796875,0.0,0.44245100021362305,-0.0061054229736328125,0.410375572457665,-7.23809814453125,0.0,-0.3366084098815918,0.018314361572265625,-0.19139462966418058,9.641029357910156,0.0,-0.1632704734802246,0.018314361572265625,-0.10668162831396916,2.5494537353515625,0.0,-0.11993646621704102,0.018314361572265625,-0.14937989132603063,-6.417579650878906,0.0,0.03345918655395508,-0.018314361572265625,0.036108989508335944,0.4981689453125,0.0,0.09309196472167969,-0.0061054229736328125,0.0847024858925666,-1.5531158447265625,0.0,0.4514632225036621,0.0061054229736328125,0.41471183404888146,-7.882781982421875,0.0,-0.46181774139404297,-0.0061054229736328125,-0.27961126478488874,11.868133544921875,0.0,-0.008915901184082031,0.0061054229736328125,0.022054251737251108,1.4945068359375,0.0,-0.028090476989746094,-0.0061054229736328125,-0.010242010421030496,3.7802200317382812,0.0,-0.07812507584849884,-6.780800013766101e-05,-0.04508013147122931,7.1959131177343885,0.0,-0.06257828927019699,0.004756203011887818,-0.028276306015139356,7.77642991396475,0.0,0.17496728897094727,-0.0061054229736328125,0.19827233766047037,1.4358978271484375,0.0,0.06567239761352539,-0.0061054229736328125,0.09431429948407713,1.7875442504882812,0.0,0.06394672393798828,-0.03052520751953125,0.059882203459289136,0.02930450439453125,0.0,-0.12856483459472656,-0.15262603759765625,-0.13013485614061232,0.20513153076171875,0.0,0.024064064025878906,0.0061054229736328125,0.018914161775167155,-0.02930450439453125,0.0,0.01621246337890625,-0.0073261260986328125,0.012642162073517402,-0.05470085144042969,0.0,-0.13675880432128906,0.0073261260986328125,-0.11140124487865023,0.24224853515625,0.0,0.06279659271240234,0.0061054229736328125,0.07820898079168302,1.0842514038085938,0.0,-0.12012815475463867,0.0061054229736328125,-0.15172942219754895,-2.25640869140625,0.0,-0.20718050003051758,0.03052520751953125,-0.1996825781229111,0.3223419189453125,0.0,-0.06011199951171875,-0.07936477661132812,-0.06449600699831742,0.14652252197265625,0.0,0.031350135803222656,-0.0061054229736328125,0.024595698142324388,-0.08791351318359375,0.0,0.02269744873046875,0.0073261260986328125,0.017699026902924363,-0.02344512939453125,0.0,0.17452526092529297,-0.0073261260986328125,0.1497746687113309,-0.28913307189941406,0.0,-0.2828795909881592,0.06444263458251953,-0.2689547474623053,-0.0001221299171447754,0.0,0.0,0.0,0.0,0.0,0.0,nan,nan,nan,nan,nan,nan,nan,nan,nan,nan,0.0963356748877121,0.20149804651737213,-0.09421384334564209,-0.9749473333358765,-0.0035634050145745277,-0.018220309168100357,0.009565981104969978,nan
1.1213,1789426376.3996,ramp,0,0.026670,0.0001516321741204354,-0.026302040554705874,-0.003850400384631164,-0.02099437452852726,-0.06153970956802368,0.12293071299791336,-0.9902828931808472,-0.2370929718017578,0.0061054229736328125,-0.23160033829814242,1.0842514038085938,0.0,0.15483379364013672,-0.0061054229736328125,0.12754715016984977,-5.890106201171875,0.0,0.011600494384765625,0.0061054229736328125,0.00855243857325964,-0.5567779541015625,0.0,0.44245100021362305,-0.0061054229736328125,0.4103217415917291,-7.1794891357421875,0.0,-0.33641624450683594,0.018314361572265625,-0.1914392763538269,9.641029357910156,0.0,-0.16307878494262695,0.0061054229736328125,-0.10612813907237995,2.6080551147460938,0.0,-0.11993646621704102,0.0061054229736328125,-0.14964252030584138,-6.358970642089844,0.0,0.03326749801635742,-0.0061054229736328125,0.03592164762451409,0.5567779541015625,0.0,0.09290027618408203,0.0061054229736328125,0.08426302958300014,-1.611724853515625,0.0,0.4514632225036621,0.018314361572265625,0.4146355056435156,-7.8241729736328125,0.0,-0.46181774139404297,0.0061054229736328125,-0.27919822293677843,11.868133544921875,0.0,-0.008915901184082031,0.0061054229736328125,0.021939829120528918,1.4358978271484375,0.0,-0.028090476989746094,-0.0061054229736328125,-0.010188872475257852,3.8388290405273438,0.0,-0.0781964207784917,-6.771406390892929e-05,-0.044846245204464424,7.2716773585507095,0.0,-0.062499993796131616,0.004755886093088207,-0.028129601925422958,7.702644727079199,0.0,0.17496728897094727,-0.0061054229736328125,0.19828130119226745,1.4945068359375,0.0,0.06567239761352539,-0.0061054229736328125,0.09434379823602684,1.7875442504882812,0.0,0.06317996978759766,-0.04273414611816406,0.059571520580698006,0.08791351318359375,0.0,-0.13163280487060547,-0.1770458221435547,-0.1310161563019539,0.3223419189453125,0.0,0.024064064025878906,0.0061054229736328125,0.018816030679666598,-0.02930450439453125,0.0,0.01621246337890625,-0.0073261260986328125,0.012576571579552259,-0.05470085144042969,0.0,-0.13675880432128906,0.0073261260986328125,-0.11082326916235809,0.24224853515625,0.0,0.06279659271240234,0.018314361572265625,0.07884086110293141,1.1428604125976562,0.0,-0.11993646621704102,0.0061054229736328125,-0.1514610378628916,-2.1977996826171875,0.0,-0.20641374588012695,0.03052520751953125,-0.19864657819986384,0.3223419189453125,0.0,-0.06145429611206055,-0.07936477661132812,-0.06571785686259035,0.14652252197265625,0.0,0.031350135803222656,0.0061054229736328125,0.024468089907183025,-0.02930450439453125,0.0,0.02269744873046875,0.0073261260986328125,0.017607200211373162,-0.02344512939453125,0.0,0.17452526092529297,-0.0073261260986328125,0.14899760269626844,-0.28913307189941406,0.0,-0.28144168853759766,0.07671833038330078,-0.2675593473212743,0.0018315017223358154,0.0,0.0,0.0,0.0,0.0,0.0,nan,nan,nan,nan,nan,nan,nan,nan,nan,nan,0.09613245391151462,0.20127153396606445,-0.09402018040418625,-0.9750128388404846,-0.005158728454262018,-0.026288945227861404,0.003552401438355446,nan
1.1412,1789426376.4196,ramp,0,0.026617,-0.0022011762419845227,-0.02740719206984531,0.002267003394362342,-0.02094307169318199,-0.061323609203100204,0.12295456975698471,-0.990294337272644,-0.2370929718017578,0.0061054229736328125,-0.23143856033114066,0.9670333862304688,0.0,0.15464210510253906,-0.0061054229736328125,0.12689417233136316,-6.0659332275390625,0.0,0.011600494384765625,0.0061054229736328125,0.00850865435035917,-0.380950927734375,0.0,0.44245100021362305,-0.0061054229736328125,0.41026889944972156,-7.296699523925781,0.0,-0.3360328674316406,0.03052520751953125,-0.19148310300742863,9.523811340332031,0.0,-0.16307878494262695,0.0061054229736328125,-0.1055848158953289,2.6080551147460938,0.0,-0.11993646621704102,0.0061054229736328125,-0.1499003255186161,-6.358970642089844,0.0,0.03326749801635742,-0.0061054229736328125,0.035737746692274544,0.380950927734375,0.0,0.09290027618408203,-0.0061054229736328125,0.08383164486881273,-1.7875442504882812,0.0,0.4514632225036621,0.018314361572265625,0.4145605791795727,-8.0,0.0,-0.46181774139404297,0.0061054229736328125,-0.27879276752354226,11.926742553710938,0.0,-0.008724212646484375,0.0061054229736328125,0.021827508130394597,1.4358978271484375,0.0,-0.028090476989746094,-0.0061054229736328125,-0.01013671052638914,3.7802200317382812,0.0,-0.0782677630442273,-6.762015234450362e-05,-0.04461665478069678,7.355225872207732,0.0,-0.062421707562386596,0.004755569210786958,-0.027985592383553217,7.77944737108359,0.0,0.17496728897094727,-0.0061054229736328125,0.1982901000888089,1.4358978271484375,0.0,0.06567239761352539,-0.0061054229736328125,0.09437275517759688,1.8461532592773438,0.0,0.06260490417480469,-0.018314361572265625,0.05926654408618328,-0.02930450439453125,0.0,-0.13489246368408203,-0.16483497619628906,-0.131881269419999,0.380950927734375,0.0,0.024064064025878906,0.0061054229736328125,0.018719701980626714,-0.02930450439453125,0.0,0.01621246337890625,-0.0073261260986328125,0.012512185801315332,-0.05470085144042969,0.0,-0.13675880432128906,-0.0073261260986328125,-0.11025590925933172,0.2578773498535156,0.0,0.06279659271240234,0.018314361572265625,0.07946113552278772,1.1428604125976562,0.0,-0.1195530891418457,0.0061054229736328125,-0.15119758300519995,-2.25640869140625,0.0,-0.20602989196777344,0.04273414611816406,-0.1976296067263109,0.3223419189453125,0.0,-0.06241273880004883,-0.04273414611816406,-0.0669172647286403,0.02930450439453125,0.0,0.031350135803222656,0.0061054229736328125,0.02434282548192372,-0.08791351318359375,0.0,0.02269744873046875,0.0073261260986328125,0.017517060121841465,-0.02344512939453125,0.0,0.17452526092529297,-0.0073261260986328125,0.1482348092319007,-0.3047618865966797,0.0,-0.28000354766845703,0.082855224609375,-0.26618957681642114,0.0010989010334014893,0.0,0.0,0.0,0.0,0.0,0.0,nan,nan,nan,nan,nan,nan,nan,nan,nan,nan,0.09598706795228003,0.20091313123703003,-0.09388547390699387,-0.9750996828079224,-0.00800558365881443,-0.0269305482506752,0.009521610103547573,nan
1.1611,1789426376.4408,ramp,0,0.026602,-0.0032556704800609094,-0.027151942643523424,0.006006793648335998,-0.02090785838663578,-0.06111195683479309,0.12292720377445221,-0.9903116226196289,-0.2367091178894043,-0.0061054229736328125,-0.23127632638974582,1.0256423950195312,0.0,0.15464210510253906,-0.0061054229736328125,0.12623935406195055,-6.24176025390625,0.0,0.011600494384765625,0.0061054229736328125,0.008464746720762258,-0.6739959716796875,0.0,0.44245100021362305,-0.018314361572265625,0.41021590837109373,-7.0622711181640625,0.0,-0.33545780181884766,0.03052520751953125,-0.19152705318731858,9.465202331542969,0.0,-0.16307878494262695,0.0061054229736328125,-0.10503996135117945,2.6080551147460938,0.0,-0.11993646621704102,0.0061054229736328125,-0.1501588573604715,-6.476188659667969,0.0,0.03326749801635742,-0.0061054229736328125,0.035553327431627715,0.3223419189453125,0.0,0.09270858764648438,0.0061054229736328125,0.08339904428829387,-1.6703262329101562,0.0,0.4514632225036621,0.018314361572265625,0.41448544153391237,-8.293045043945312,0.0,-0.46143436431884766,0.0061054229736328125,-0.2783861693262212,11.868133544921875,0.0,-0.008724212646484375,0.0061054229736328125,0.021714870561332634,1.4358978271484375,0.0,-0.028090476989746094,-0.0061054229736328125,-0.01008440155803799,3.8974380493164062,0.0,-0.0782677630442273,-6.762015234450362e-05,-0.04438641725178818,7.355225872207732,0.0,-0.062421707562386596,0.004755569210786958,-0.02784117694794731,7.77944737108359,0.0,0.17496728897094727,-0.018314361572265625,0.19829892378521397,1.4945068359375,0.0,0.06567239761352539,-0.0061054229736328125,0.0944017937348783,1.7875442504882812,0.0,0.06222105026245117,-0.0061054229736328125,0.05896070800939925,-0.02930450439453125,0.0,-0.13700151443481445,-0.10378456115722656,-0.13274882087644263,0.380950927734375,0.0,0.024064064025878906,0.0061054229736328125,0.018623101777247287,-0.02930450439453125,0.0,0.01621246337890625,-0.0073261260986328125,0.012447618550491622,-0.05470085144042969,0.0,-0.13637733459472656,-0.0073261260986328125,-0.10968695024122034,0.2578773498535156,0.0,0.06279659271240234,0.018314361572265625,0.08008315819833914,1.1428604125976562,0.0,-0.11936140060424805,-0.0061054229736328125,-0.1509333855947919,-2.1977996826171875,0.0,-0.2052631378173828,0.04273414611816406,-0.1966097688985872,0.3223419189453125,0.0,-0.06317996978759766,-0.03052520751953125,-0.06812005314943421,-0.02930450439453125,0.0,0.031350135803222656,0.0061054229736328125,0.024217207996409404,-0.08791351318359375,0.0,0.02269744873046875,0.0073261260986328125,0.01742666597068827,-0.02344512939453125,0.0,0.17452526092529297,-0.0073261260986328125,0.14746986581909788,-0.3047618865966797,0.0,-0.2785654067993164,0.06444263458251953,-0.2648159455863641,-0.0008547306060791016,0.0,0.0,0.0,0.0,0.0,0.0,nan,nan,nan,nan,nan,nan,nan,nan,nan,nan,0.09595602688467908,0.20049233734607697,-0.09386346489191055,-0.9751884341239929,-0.009333204478025436,-0.026405008509755135,0.01314436737447977,nan
1.1811,1789426376.4594,ramp,0,0.026592,-0.0011915768141476624,-0.022605539672162264,0.00014182496637277228,-0.020867645740509033,-0.06083916872739792,0.12289541214704514,-0.9903332591056824,-0.23651742935180664,0.0061054229736328125,-0.2311136594246211,0.9670333862304688,0.0,0.15464210510253906,-0.0061054229736328125,0.12558278799644162,-6.3003692626953125,0.0,0.011600494384765625,0.0061054229736328125,0.008420721895926311,-0.615386962890625,0.0,0.44245100021362305,-0.018314361572265625,0.41016277585230665,-7.1794891357421875,0.0,-0.3348827362060547,0.03052520751953125,-0.19157112067601992,9.523811340332031,0.0,-0.16307878494262695,0.0061054229736328125,-0.10449365251858111,2.6080551147460938,0.0,-0.11993646621704102,0.0061054229736328125,-0.1504180792578203,-6.476188659667969,0.0,0.03326749801635742,-0.0061054229736328125,0.03536841593171558,0.380950927734375,0.0,0.09251689910888672,0.0061054229736328125,0.08296528903992101,-1.8461532592773438,0.0,0.4518465995788574,0.018314361572265625,0.41441010333599215,-7.9413909912109375,0.0,-0.4612421989440918,0.0061054229736328125,-0.2779784858648272,11.926742553710938,0.0,-0.008724212646484375,0.0061054229736328125,0.021601932347782418,1.377288818359375,0.0,-0.028090476989746094,-0.0061054229736328125,-0.010031952970169554,3.8974380493164062,0.0,-0.0782677630442273,-6.762015234450362e-05,-0.044155565188629314,7.515200588383242,0.0,-0.062421707562386596,0.004755569210786958,-0.02769637604854726,7.781722075582584,0.0,0.17458391189575195,-0.0061054229736328125,0.19830777103322544,1.4358978271484375,0.0,0.06567239761352539,-0.0061054229736328125,0.09443090979988886,1.8461532592773438,0.0,0.062029361724853516,-0.0061054229736328125,0.0586540556158964,-0.08791351318359375,0.0,-0.13891887664794922,-0.06715583801269531,-0.13361868794184184,0.3223419189453125,0.0,0.024064064025878906,0.0061054229736328125,0.018526243735218183,-0.02930450439453125,0.0,0.01621246337890625,-0.0073261260986328125,0.012382878961182241,-0.05470085144042969,0.0,-0.13637733459472656,-0.0073261260986328125,-0.10911647259664836,0.27350616455078125,0.0,0.06298828125,0.03052520751953125,0.08070684113423293,1.1428604125976562,0.0,-0.11936140060424805,-0.0061054229736328125,-0.1506684830067428,-2.1977996826171875,0.0,-0.20449590682983398,0.05494499206542969,-0.19558720898955112,0.3223419189453125,0.0,-0.06394672393798828,-0.03052520751953125,-0.06932605197073885,-0.02930450439453125,0.0,0.031350135803222656,0.0061054229736328125,0.024091255221302437,-0.08791351318359375,0.0,0.02269744873046875,0.0073261260986328125,0.017336030545655138,-0.02344512939453125,0.0,0.17414379119873047,-0.021978378295898438,0.14670288067170512,-0.3047618865966797,0.0,-0.2772231101989746,0.07058048248291016,-0.2634386479538656,0.0006105005741119385,0.0,0.0,0.0,0.0,0.0,0.0,nan,nan,nan,nan,nan,nan,nan,nan,nan,nan,0.0959260334722373,0.1999509483575821,-0.09384481608867645,-0.9753013849258423,-0.0066794101148843765,-0.02230624295771122,0.007187386974692345,nan
1.2011,1789426376.4793,ramp,0,0.026609,-0.00066421077612427,-0.01753832017952788,0.0038576039232906378,-0.020845014601945877,-0.06059195101261139,0.12287874519824982,-0.9903509020805359,-0.23651742935180664,-0.0061054229736328125,-0.23095018220406754,1.0842514038085938,0.0,0.15464210510253906,-0.0061054229736328125,0.12492295152984957,-6.769233703613281,0.0,0.011600494384765625,0.0061054229736328125,0.008376477780386212,-0.615386962890625,0.0,0.44245100021362305,-0.0061054229736328125,0.41010937867676056,-6.9450531005859375,0.0,-0.33449888229370117,0.03052520751953125,-0.19161540766793708,9.465202331542969,0.0,-0.1628870964050293,0.0061054229736328125,-0.1039446224838194,2.6666641235351562,0.0,-0.11993646621704102,0.0061054229736328125,-0.15067859235740813,-6.476188659667969,0.0,0.03326749801635742,-0.0061054229736328125,0.035182583374804975,0.26373291015625,0.0,0.09251689910888672,-0.0061054229736328125,0.08252937322658964,-1.9047622680664062,0.0,0.4520382881164551,0.0061054229736328125,0.41433438987328597,-7.9413909912109375,0.0,-0.46105051040649414,0.0061054229736328125,-0.27756877170385286,11.868133544921875,0.0,-0.008724212646484375,0.0061054229736328125,0.021488431581162034,1.4358978271484375,0.0,-0.028090476989746094,-0.0061054229736328125,-0.009979243132249392,3.7216110229492188,0.0,-0.07833928010472496,-6.752603199464256e-05,-0.043923563235342,7.5987444932524815,0.0,-0.062343235861344645,0.004755251576749111,-0.02755085388583022,7.8585294910718515,0.0,0.17458391189575195,-0.0061054229736328125,0.19831666234999254,1.4358978271484375,0.0,0.06567239761352539,-0.0061054229736328125,0.09446017089403747,1.8461532592773438,0.0,0.06183767318725586,-0.0061054229736328125,0.05834587576556544,-0.02930450439453125,0.0,-0.13968610763549805,-0.018314361572265625,-0.13449288787538988,0.20513153076171875,0.0,0.024064064025878906,0.0061054229736328125,0.018428903236567876,-0.08791351318359375,0.0,0.01621246337890625,-0.0073261260986328125,0.012317816899490991,-0.05470085144042969,0.0,-0.13637733459472656,-0.0073261260986328125,-0.10854315336338527,0.27350616455078125,0.0,0.06337165832519531,0.03052520751953125,0.0813336306780619,1.2014617919921875,0.0,-0.11936140060424805,-0.0061054229736328125,-0.1504022609205405,-2.1977996826171875,0.0,-0.20392084121704102,0.04273414611816406,-0.19455955563872787,0.380950927734375,0.0,-0.0643305778503418,-0.018314361572265625,-0.070538057955768,-0.08791351318359375,0.0,0.031350135803222656,0.0061054229736328125,0.023964675066692063,-0.08791351318359375,0.0,0.02269744873046875,0.0073261260986328125,0.017244943659287387,-0.02344512939453125,0.0,0.17338085174560547,-0.0659332275390625,0.14593207511812847,-0.28913307189941406,0.0,-0.2758808135986328,0.08899307250976562,-0.26205448990639024,0.0008547008037567139,0.0,0.0,0.0,0.0,0.0,0.0,nan,nan,nan,nan,nan,nan,nan,nan,nan,nan,0.09584931138817636,0.19953544437885284,-0.093778096139431,-0.9753928780555725,-0.006270367186516523,-0.017026985064148903,0.01060893852263689,nan
1.2202,1789426376.4985,ramp,0,0.026585,0.0033448471053554585,-0.024958771229194324,-0.0009543874040979479,-0.020807083696126938,-0.060393739491701126,0.1228509321808815,-0.9903672337532043,-0.23632574081420898,-0.0061054229736328125,-0.23079503790804615,1.0842514038085938,0.0,0.15464210510253906,-0.0061054229736328125,0.12429674890815082,-6.8278350830078125,0.0,0.011600494384765625,-0.0061054229736328125,0.008334488920193249,-0.5567779541015625,0.0,0.44245100021362305,-0.0061054229736328125,0.41005870331549865,-7.1794891357421875,0.0,-0.3339238166809082,0.03052520751953125,-0.1916574372189695,9.347984313964844,0.0,-0.1628870964050293,0.0061054229736328125,-0.10342357815758682,2.6666641235351562,0.0,-0.11993646621704102,0.0061054229736328125,-0.1509258263225015,-6.710624694824219,0.0,0.03326749801635742,-0.0061054229736328125,0.035006223261009765,0.14652252197265625,0.0,0.09232521057128906,-0.0061054229736328125,0.08211567735046157,-1.9633712768554688,0.0,0.4520382881164551,0.0061054229736328125,0.41426253575299243,-8.175827026367188,0.0,-0.46066713333129883,0.018314361572265625,-0.27717994190322914,11.926742553710938,0.0,-0.008724212646484375,0.0061054229736328125,0.02138071628923585,1.4358978271484375,0.0,-0.028090476989746094,-0.0061054229736328125,-0.009929220072951992,3.7802200317382812,0.0,-0.07833928010472496,-6.752603199464256e-05,-0.043703387117859295,7.5987444932524815,0.0,-0.062343235861344645,0.004755251576749111,-0.027412749424463694,7.8585294910718515,0.0,0.17458391189575195,-0.0061054229736328125,0.1983251004496608,1.4945068359375,0.0,0.06567239761352539,-0.0061054229736328125,0.09448794046240379,1.7875442504882812,0.0,0.0616459846496582,-0.0061054229736328125,0.058053404767063804,-0.02930450439453125,0.0,-0.1398777961730957,-0.018314361572265625,-0.13532252721482202,0.14652252197265625,0.0,0.024064064025878906,0.0061054229736328125,0.018336524475255835,-0.02930450439453125,0.0,0.01621246337890625,-0.0073261260986328125,0.012256071246337548,-0.07032966613769531,0.0,-0.13637733459472656,-0.0073261260986328125,-0.1079990579319916,0.27350616455078125,0.0,0.06356334686279297,0.03052520751953125,0.0819284708778257,1.2014617919921875,0.0,-0.11916971206665039,-0.0061054229736328125,-0.1501496089730132,-2.0805892944335938,0.0,-0.20334577560424805,0.03052520751953125,-0.19358428486321785,0.380950927734375,0.0,-0.06471395492553711,-0.03052520751953125,-0.07168828435847005,-0.08791351318359375,0.0,0.031158447265625,0.0061054229736328125,0.023844547082433415,-0.08791351318359375,0.0,0.02269744873046875,0.0073261260986328125,0.017158499744872567,-0.039073944091796875,0.0,0.17185497283935547,-0.08058547973632812,0.14520055983683064,-0.27350425720214844,0.0,-0.2744429111480713,0.05830574035644531,-0.26074088654849886,0.0025641024112701416,0.0,0.0,0.0,0.0,0.0,0.0,nan,nan,nan,nan,nan,nan,nan,nan,nan,nan,0.09581041164607743,0.19914036989212036,-0.09374783933162689,-0.9754765033721924,-0.0021520773880183697,-0.02485157735645771,0.006595667451620102,nan
1.2401,1789426376.5184,ramp,0,0.026578,-0.0014782905524812616,-0.016495604187491287,0.003865984038197331,-0.02077498659491539,-0.06018156558275223,0.12280797213315964,-0.9903862476348877,-0.23632574081420898,-0.0061054229736328125,-0.23063259478726747,1.0842514038085938,0.0,0.15464210510253906,-0.0061054229736328125,0.12364108633648578,-6.9450531005859375,0.0,0.011600494384765625,-0.0061054229736328125,0.008290524677468238,-0.615386962890625,0.0,0.44245100021362305,-0.0061054229736328125,0.4100056439118269,-7.120880126953125,0.0,-0.3335404396057129,0.03052520751953125,-0.19170144406685058,9.347984313964844,0.0,-0.1628870964050293,0.0061054229736328125,-0.10287802109498247,2.6666641235351562,0.0,-0.11993646621704102,0.0061054229736328125,-0.15118469150725006,-6.652015686035156,0.0,0.03326749801635742,-0.0061054229736328125,0.0348215662159204,0.3223419189453125,0.0,0.09232521057128906,-0.0061054229736328125,0.08168251898824724,-2.0805892944335938,0.0,0.4520382881164551,0.0061054229736328125,0.41418730122719544,-8.410263061523438,0.0,-0.4602837562561035,0.018314361572265625,-0.2767728194508745,11.926742553710938,0.0,-0.008724212646484375,0.0061054229736328125,0.02126793348880557,1.377288818359375,0.0,-0.028090476989746094,-0.0061054229736328125,-0.009876843659048597,3.7216110229492188,0.0,-0.07833928010472496,0.004341085827399004,-0.04347285272786216,7.522638393750478,0.0,-0.062343235861344645,0.009278986951000377,-0.027268147784099514,7.932698783720244,0.0,0.17458391189575195,-0.0061054229736328125,0.19833393552306486,1.4358978271484375,0.0,0.06567239761352539,-0.0061054229736328125,0.09451701646109524,1.7875442504882812,0.0,0.06126260757446289,-0.0061054229736328125,0.05774717435478157,-0.02930450439453125,0.0,-0.14006948471069336,-0.0061054229736328125,-0.1361911972650542,0.08791351318359375,0.0,0.024064064025878906,0.0061054229736328125,0.018239799718587187,-0.02930450439453125,0.0,0.01621246337890625,-0.0073261260986328125,0.012191420744514514,-0.07032966613769531,0.0,-0.13599586486816406,0.0073261260986328125,-0.10742936531586843,0.27350616455078125,0.0,0.06413888931274414,0.03052520751953125,0.08255129557001376,1.2014617919921875,0.0,-0.11916971206665039,-0.0061054229736328125,-0.14988507091470465,-2.139190673828125,0.0,-0.20277023315429688,0.04273414611816406,-0.1925631320884084,0.380950927734375,0.0,-0.06509733200073242,-0.03052520751953125,-0.0728926236171381,-0.08791351318359375,0.0,0.031158447265625,0.0061054229736328125,0.023718767629651357,-0.08791351318359375,0.0,0.02269744873046875,0.0073261260986328125,0.01706798904232032,-0.039073944091796875,0.0,0.17032909393310547,-0.08058547973632812,0.1444346301298504,-0.2578754425048828,0.0,-0.273388147354126,0.06444263458251953,-0.2593654842011781,0.0025641024112701416,0.0,0.0,0.0,0.0,0.0,0.0,nan,nan,nan,nan,nan,nan,nan,nan,nan,nan,0.09578768246393844,0.19871847331523895,-0.09373386204242706,-0.9755638837814331,-0.011679863557219505,-0.020243719220161438,0.01013477798551321,nan
1.2611,1789426376.5393,ramp,0,0.026517,0.00010210100263086909,-0.015390351763513672,0.004928044358542525,-0.02071535214781761,-0.059972431510686874,0.12275674194097519,-0.9904064536094666,-0.23632574081420898,-0.0061054229736328125,-0.23046163771929412,1.0842514038085938,0.0,0.15464210510253906,-0.0061054229736328125,0.12295105926550606,-6.710624694824219,0.0,0.011600494384765625,-0.0061054229736328125,0.008244256186713393,-0.615386962890625,0.0,0.44245100021362305,-0.0061054229736328125,0.40994980356576205,-7.1794891357421875,0.0,-0.3329648971557617,0.03052520751953125,-0.19174775739577726,9.347984313964844,0.0,-0.1628870964050293,0.018314361572265625,-0.10230387036832865,2.7252731323242188,0.0,-0.11993646621704102,0.0061054229736328125,-0.1514571242995582,-6.710624694824219,0.0,0.03326749801635742,-0.0061054229736328125,0.03462723095039622,0.14652252197265625,0.0,0.0921335220336914,-0.0061054229736328125,0.081226657987687,-2.0805892944335938,0.0,0.45222997665405273,0.0061054229736328125,0.41410812351946,-8.175827026367188,0.0,-0.4599003791809082,0.0061054229736328125,-0.27634435895081116,11.926742553710938,0.0,-0.008724212646484375,0.0061054229736328125,0.021149239531271638,1.377288818359375,0.0,-0.028090476989746094,-0.0061054229736328125,-0.009821722099520801,3.9560470581054688,0.0,-0.07827006126436856,-6.74651213242075e-05,-0.04323023560014377,7.598161010465192,0.0,-0.06227220618362287,0.004755483243101586,-0.027115967301834114,7.858041051495292,0.0,0.17458391189575195,-0.0061054229736328125,0.1983432336591585,1.4358978271484375,0.0,0.06567239761352539,-0.0061054229736328125,0.09454761638715464,1.7875442504882812,0.0,0.061070919036865234,-0.0061054229736328125,0.057424893834947394,-0.02930450439453125,0.0,-0.14026117324829102,-0.0061054229736328125,-0.1371053959341765,0.14652252197265625,0.0,0.024064064025878906,0.0061054229736328125,0.01813800543686419,-0.02930450439453125,0.0,0.01621246337890625,-0.0073261260986328125,0.012123381789207015,-0.05470085144042969,0.0,-0.13599586486816406,0.0073261260986328125,-0.10682981404628172,0.27350616455078125,0.0,0.06471395492553711,0.04273414611816406,0.08320676366695422,1.2014617919921875,0.0,-0.11916971206665039,-0.0061054229736328125,-0.14960666792294355,-2.139190673828125,0.0,-0.2018117904663086,0.04273414611816406,-0.1914884587904722,0.380950927734375,0.0,-0.06548070907592773,-0.018314361572265625,-0.07416008454450843,-0.20513153076171875,0.0,0.031158447265625,0.0061054229736328125,0.02358639584095487,-0.08791351318359375,0.0,0.02269744873046875,0.0073261260986328125,0.01697273450488982,-0.02344512939453125,0.0,0.16880321502685547,-0.09523773193359375,0.1436285566171565,-0.2578754425048828,0.0,-0.27156639099121094,0.10740470886230469,-0.2579179944493531,-0.0020757317543029785,0.0,0.0,0.0,0.0,0.0,0.0,nan,nan,nan,nan,nan,nan,nan,nan,nan,nan,0.0956344181855203,0.1982325166463852,-0.09359373897314072,-0.9756762385368347,-0.005517509300261736,-0.014837258495390415,0.011599848046898842,nan
1.2802,1789426376.5585,ramp,0,0.026556,-0.0004114394029915024,-0.017532860699293218,0.005453748716683613,-0.02071029134094715,-0.059793729335069656,0.12270546704530716,-0.9904237389564514,-0.23632574081420898,-0.0061054229736328125,-0.23030587087121093,1.1428604125976562,0.0,0.15464210510253906,-0.018314361572265625,0.12232234386220188,-6.886444091796875,0.0,0.011408805847167969,-0.0061054229736328125,0.008202098836591022,-0.615386962890625,0.0,0.44245100021362305,-0.0061054229736328125,0.40989892485799345,-7.1794891357421875,0.0,-0.33277320861816406,0.018314361572265625,-0.19178995560002038,9.289375305175781,0.0,-0.16269540786743164,0.018314361572265625,-0.1017807352322636,2.7252731323242188,0.0,-0.11993646621704102,0.0061054229736328125,-0.15170535034762636,-6.769233703613281,0.0,0.03326749801635742,-0.018314361572265625,0.034450163151205714,0.14652252197265625,0.0,0.09194183349609375,-0.0061054229736328125,0.08081130206199709,-2.0805892944335938,0.0,0.45222997665405273,0.0061054229736328125,0.414035981068033,-8.293045043945312,0.0,-0.45970869064331055,0.0061054229736328125,-0.2759539688814553,11.868133544921875,0.0,-0.008724212646484375,0.018314361572265625,0.0210410920070379,1.4358978271484375,0.0,-0.028090476989746094,-0.0061054229736328125,-0.009771498311227873,4.131866455078125,0.0,-0.07827006126436856,-6.74651213242075e-05,-0.043009175975504126,7.758136367085353,0.0,-0.06227220618362287,0.004755483243101586,-0.026977308664649532,7.860310590949336,0.0,0.17458391189575195,-0.0061054229736328125,0.19835170561863655,1.4358978271484375,0.0,0.06567239761352539,-0.0061054229736328125,0.09457549738728149,1.8461532592773438,0.0,0.06087923049926758,-0.018314361572265625,0.05713124922950179,-0.02930450439453125,0.0,-0.14026117324829102,-0.0061054229736328125,-0.13793836439169127,0.02930450439453125,0.0,0.024064064025878906,0.0061054229736328125,0.018045255984590287,-0.02930450439453125,0.0,0.01621246337890625,-0.0073261260986328125,0.012061388367462251,-0.07032966613769531,0.0,-0.13561439514160156,0.0073261260986328125,-0.1062835353072106,0.27350616455078125,0.0,0.06528902053833008,0.04273414611816406,0.08380399079941417,1.1428604125976562,0.0,-0.11916971206665039,-0.0061054229736328125,-0.1493530021515447,-2.139190673828125,0.0,-0.20104408264160156,0.05494499206542969,-0.19050927451734959,0.380950927734375,0.0,-0.06567239761352539,-0.05494499206542969,-0.07531492649439386,-0.14652252197265625,0.0,0.031158447265625,0.0061054229736328125,0.0234657858156145,-0.14652252197265625,0.0,0.02269744873046875,0.0073261260986328125,0.01688594371444715,-0.039073944091796875,0.0,0.16804027557373047,-0.05128288269042969,0.14289410596305882,-0.2578754425048828,0.0,-0.27022409439086914,0.04603099822998047,-0.25659911995678397,0.0030525028705596924,0.0,0.0,0.0,0.0,0.0,0.0,nan,nan,nan,nan,nan,nan,nan,nan,nan,nan,0.09566171814910096,0.19788041710853577,-0.09362716972827911,-0.9757444858551025,-0.00613984651863575,-0.016926243901252747,0.012215697206556797,nan
1.3011,1789426376.5795,ramp,0,0.026568,-0.003965797183244034,-0.006380945415100164,0.00733700724272235,-0.020690690726041794,-0.05961918085813522,0.12263776361942291,-0.9904429912567139,-0.23632574081420898,-0.0061054229736328125,-0.23013538566467495,1.0842514038085938,0.0,0.15464210510253906,-0.018314361572265625,0.12163422134637972,-6.886444091796875,0.0,0.011408805847167969,-0.0061054229736328125,0.008155958052264527,-0.5567779541015625,0.0,0.4422593116760254,-0.0061054229736328125,0.40984323863779354,-7.413917541503906,0.0,-0.33238983154296875,0.018314361572265625,-0.19183614109876015,9.289375305175781,0.0,-0.16250371932983398,0.018314361572265625,-0.10120816922854842,2.7252731323242188,0.0,-0.11993646621704102,0.0061054229736328125,-0.1519770311936682,-6.9450531005859375,0.0,0.03326749801635742,-0.018314361572265625,0.034256364273669515,0.14652252197265625,0.0,0.09194183349609375,-0.0061054229736328125,0.08035669929094154,-2.25640869140625,0.0,0.45222997665405273,0.0061054229736328125,0.41395702190000144,-8.117218017578125,0.0,-0.4595165252685547,0.0061054229736328125,-0.275526690982321,11.9853515625,0.0,-0.008532524108886719,0.018314361572265625,0.020922725658663807,1.377288818359375,0.0,-0.028090476989746094,-0.0061054229736328125,-0.00971652889363031,3.9560470581054688,0.0,-0.07827006126436856,-6.74651213242075e-05,-0.04276722849934195,7.689781438105109,0.0,-0.06227220618362287,0.004755483243101586,-0.02682554821825601,8.085079923096927,0.0,0.17458391189575195,-0.0061054229736328125,0.19836097809079065,1.377288818359375,0.0,0.06567239761352539,-0.0061054229736328125,0.09460601285397771,1.7289352416992188,0.0,0.06049537658691406,-0.0061054229736328125,0.05680985824147302,-0.02930450439453125,0.0,-0.14026117324829102,-0.0061054229736328125,-0.13885003976591176,0.02930450439453125,0.0,0.024064064025878906,0.0061054229736328125,0.017943742666951774,-0.08791351318359375,0.0,0.01621246337890625,-0.0073261260986328125,0.011993537207603214,-0.07032966613769531,0.0,-0.13485145568847656,0.03663063049316406,-0.10568563886902217,0.2578773498535156,0.0,0.06624794006347656,0.06715583801269531,0.08445764972799422,1.1428604125976562,0.0,-0.11916971206665039,-0.0061054229736328125,-0.14907536758449638,-2.0805892944335938,0.0,-0.20008563995361328,0.05494499206542969,-0.18943756744299844,0.380950927734375,0.0,-0.06586408615112305,-0.05494499206542969,-0.07657888908184719,-0.20513153076171875,0.0,0.031158447265625,-0.0061054229736328125,0.023333779388486395,-0.02930450439453125,0.0,0.02269744873046875,0.0073261260986328125,0.0167909520906445,-0.039073944091796875,0.0,0.16727733612060547,-0.03663063049316406,0.14209025730723002,-0.27350425720214844,0.0,-0.2689778804779053,0.07058048248291016,-0.25515562544541875,0.0003663003444671631,0.0,0.0,0.0,0.0,0.0,0.0,nan,nan,nan,nan,nan,nan,nan,nan,nan,nan,0.09566082021751085,0.19753345847129822,-0.09363297373056412,-0.9758142232894897,-0.009458684362471104,-0.00558105343952775,0.013119754381477833,nan
1.3209,1789426376.5994,ramp,0,0.026624,0.0038221118402045028,-0.016157820694214866,0.004917496264060939,-0.020699333399534225,-0.05949478596448898,0.12256859987974167,-0.9904588460922241,-0.23632574081420898,-0.0061054229736328125,-0.22997415584135394,1.26007080078125,0.0,0.1544504165649414,-0.018314361572265625,0.12098345595797183,-7.120880126953125,0.0,0.011217117309570312,0.0061054229736328125,0.008112322181117659,-0.4981689453125,0.0,0.4422593116760254,-0.0061054229736328125,0.409790575538005,-7.413917541503906,0.0,-0.3321981430053711,0.018314361572265625,-0.19187981925684255,9.230766296386719,0.0,-0.16231203079223633,0.018314361572265625,-0.1006666869645192,2.7838821411132812,0.0,-0.11993646621704102,0.0061054229736328125,-0.15223396289875296,-6.9450531005859375,0.0,0.03326749801635742,-0.018314361572265625,0.034073086443177115,0.3223419189453125,0.0,0.0917501449584961,-0.0061054229736328125,0.07992677621463616,-2.3150177001953125,0.0,0.45222997665405273,0.0061054229736328125,0.413882349305411,-8.293045043945312,0.0,-0.45932483673095703,0.0061054229736328125,-0.27512260935209565,11.9853515625,0.0,-0.008340835571289062,0.018314361572265625,0.020810785239766087,1.3186798095703125,0.0,-0.028090476989746094,-0.0061054229736328125,-0.009664543682318495,3.8388290405273438,0.0,-0.07827006126436856,-6.74651213242075e-05,-0.0425384159845954,7.84975679472527,0.0,-0.06227220618362287,0.004755483243101586,-0.026682026616257223,8.087349462550971,0.0,0.17458391189575195,-0.0061054229736328125,0.19836974717449896,1.4945068359375,0.0,0.06567239761352539,-0.0061054229736328125,0.09463487168228285,1.7875442504882812,0.0,0.060303688049316406,-0.0061054229736328125,0.05650591508259317,-0.08791351318359375,0.0,-0.14026117324829102,-0.018314361572265625,-0.13971222166719377,-0.02930450439453125,0.0,0.024064064025878906,0.0061054229736328125,0.017847740353319194,-0.08791351318359375,0.0,0.01621246337890625,-0.0073261260986328125,0.011929369584274055,-0.07032966613769531,0.0,-0.13370704650878906,0.03663063049316406,-0.10512020132137775,0.2578773498535156,0.0,0.06720638275146484,0.06715583801269531,0.08507582250502567,1.0842514038085938,0.0,-0.11916971206665039,-0.0061054229736328125,-0.14881280537688607,-2.0219802856445312,0.0,-0.1991267204284668,0.06715583801269531,-0.18842404171979737,0.380950927734375,0.0,-0.06720638275146484,-0.05494499206542969,-0.07777423305802025,-0.20513153076171875,0.0,0.031158447265625,-0.0061054229736328125,0.023208939390016475,-0.08791351318359375,0.0,0.02269744873046875,0.0073261260986328125,0.016701117417983677,-0.039073944091796875,0.0,0.16689586639404297,-0.021978378295898438,0.14133004837538513,-0.28913307189941406,0.0,-0.2677314281463623,0.07671833038330078,-0.2537904960611101,0.0010989010334014893,0.0,0.0,0.0,0.0,0.0,0.0,nan,nan,nan,nan,nan,nan,nan,nan,nan,nan,0.09570865453402307,0.197289377450943,-0.09368434548377991,-0.9758586883544922,-0.0018347931327298284,-0.015707675367593765,0.011927835643291473,nan
1.3404,1789426376.6189,ramp,0,0.026679,0.005379921417988223,-0.011345727872820871,0.0049074979667028335,-0.020710380747914314,-0.05939124524593353,0.12251177430152893,-0.9904718995094299,-0.23632574081420898,-0.0061054229736328125,-0.2298153450523481,1.26007080078125,0.0,0.1540670394897461,-0.018314361572265625,0.12034245441953427,-7.472526550292969,0.0,0.011024951934814453,-0.0061054229736328125,0.008069341006896581,-0.4395599365234375,0.0,0.4422593116760254,-0.018314361572265625,0.40973870257643613,-7.0622711181640625,0.0,-0.33200645446777344,0.018314361572265625,-0.19192284208354127,9.289375305175781,0.0,-0.16212034225463867,0.018314361572265625,-0.10013332890574392,2.7838821411132812,0.0,-0.11993646621704102,0.0061054229736328125,-0.15248703969288865,-7.0622711181640625,0.0,0.03288412094116211,-0.018314361572265625,0.03389255844737429,0.20513153076171875,0.0,0.09155845642089844,0.0061054229736328125,0.079503303549632,-2.373626708984375,0.0,0.45222997665405273,0.0061054229736328125,0.41380879707158896,-8.23443603515625,0.0,-0.4591331481933594,-0.0061054229736328125,-0.2747245904174032,11.9853515625,0.0,-0.008149147033691406,0.018314361572265625,0.02070052433467657,1.377288818359375,0.0,-0.028090476989746094,-0.0061054229736328125,-0.009613338438431138,3.9560470581054688,0.0,-0.07827006126436856,0.004341250414845022,-0.04231303649057355,7.84975679472527,0.0,-0.06227220618362287,0.009279726907862709,-0.02654065836078604,8.087349462550971,0.0,0.17458391189575195,-0.0061054229736328125,0.19837838469002742,1.4945068359375,0.0,0.06567239761352539,-0.0061054229736328125,0.09466329752310139,1.9047622680664062,0.0,0.059920310974121094,-0.0061054229736328125,0.05620653217761692,-0.02930450439453125,0.0,-0.14045286178588867,-0.018314361572265625,-0.14056146770113986,-0.02930450439453125,0.0,0.024064064025878906,0.0061054229736328125,0.017753178423892364,-0.02930450439453125,0.0,0.01621246337890625,-0.0073261260986328125,0.011866164708900298,-0.07032966613769531,0.0,-0.13256263732910156,0.0659332275390625,-0.1045632473954519,0.24224853515625,0.0,0.06797361373901367,0.05494499206542969,0.08568472043991254,1.0842514038085938,0.0,-0.11916971206665039,-0.0061054229736328125,-0.14855418255826086,-2.139190673828125,0.0,-0.197784423828125,0.09157562255859375,-0.18742572257223583,0.3223419189453125,0.0,-0.06835699081420898,-0.06715583801269531,-0.07895164252284077,-0.14652252197265625,0.0,0.031158447265625,-0.018314361572265625,0.02308597244600991,-0.08791351318359375,0.0,0.02269744873046875,0.0073261260986328125,0.016612630592460417,-0.039073944091796875,0.0,0.16651439666748047,-0.021978378295898438,0.14058124534509686,-0.28913307189941406,0.0,-0.26619744300842285,0.07671833038330078,-0.25244584858738844,0.0010989010334014893,0.0,0.0,0.0,0.0,0.0,0.0,nan,nan,nan,nan,nan,nan,nan,nan,nan,nan,0.09575616425183181,0.1970868855714798,-0.09373460710048676,-0.9758947491645813,-0.004755742382258177,-0.015232019126415253,0.011387391947209835,nan
1.3612,1789426376.6396,ramp,0,0.026820,0.005934546041091892,-0.007633096140330868,0.013423206784029341,-0.02075679413974285,-0.059238895773887634,0.12241947650909424,-0.9904914498329163,-0.23632574081420898,-0.0061054229736328125,-0.2296462830151696,1.2014617919921875,0.0,0.15368366241455078,-0.03052520751953125,0.11966007618439539,-7.472526550292969,0.0,0.010833263397216797,-0.0061054229736328125,0.008023585394701539,-0.4981689453125,0.0,0.4418759346008301,-0.018314361572265625,0.40968348121136255,-7.003662109375,0.0,-0.3316230773925781,0.018314361572265625,-0.19196864203688446,9.347984313964844,0.0,-0.16192865371704102,0.018314361572265625,-0.0995655425448386,2.7838821411132812,0.0,-0.11993646621704102,0.0061054229736328125,-0.1527564526127981,-6.9450531005859375,0.0,0.0325007438659668,-0.03052520751953125,0.03370037735609428,0.3223419189453125,0.0,0.09136629104614258,-0.0061054229736328125,0.07905249569279056,-2.4322357177734375,0.0,0.45222997665405273,0.0061054229736328125,0.41373049703563525,-8.5274658203125,0.0,-0.4589414596557617,-0.0061054229736328125,-0.27430087933104713,11.9853515625,0.0,-0.00795745849609375,0.018314361572265625,0.020583146080010915,1.26007080078125,0.0,-0.027898788452148438,-0.0061054229736328125,-0.009558827892264777,3.9560470581054688,0.0,-0.07820084079520027,-6.74041560704871e-05,-0.0420731087335482,7.765296504002334,0.0,-0.06220116852575165,0.004755714967020883,-0.026390164773971533,8.010415003567141,0.0,0.17458391189575195,-0.0061054229736328125,0.1983875797578219,1.4358978271484375,0.0,0.06567239761352539,-0.0061054229736328125,0.09469355825404654,1.7875442504882812,0.0,0.05972862243652344,-0.0061054229736328125,0.0558878240839883,-0.02930450439453125,0.0,-0.14083623886108398,-0.018314361572265625,-0.1414655326293698,-0.08791351318359375,0.0,0.024064064025878906,0.0061054229736328125,0.017652512514929195,-0.08791351318359375,0.0,0.01621246337890625,-0.0073261260986328125,0.011798879954147846,-0.07032966613769531,0.0,-0.13103675842285156,0.08058547973632812,-0.10397034205242679,0.21099090576171875,0.0,0.06912374496459961,0.05494499206542969,0.08633292278151779,1.0256423950195312,0.0,-0.11916971206665039,-0.0061054229736328125,-0.148278865617571,-2.0219802856445312,0.0,-0.1960587501525879,0.09157562255859375,-0.1863629618498842,0.26373291015625,0.0,-0.06931543350219727,-0.03052520751953125,-0.0802050538556722,-0.26373291015625,0.0,0.030966758728027344,0.0061054229736328125,0.02295506797667564,-0.14652252197265625,0.0,0.02269744873046875,0.0073261260986328125,0.016518431935806984,-0.039073944091796875,0.0,0.16613292694091797,-0.021978378295898438,0.13978410702383756,-0.28913307189941406,0.0,-0.2646634578704834,0.06444263458251953,-0.25101440401981584,-0.0008547306060791016,0.0,0.0,0.0,0.0,0.0,0.0,nan,nan,nan,nan,nan,nan,nan,nan,nan,nan,0.09577486833440273,0.19674670696258545,-0.09375939518213272,-0.9759610295295715,-9.584155486663803e-05,-0.006716469768434763,0.02002684958279133,nan
1.3812,1789426376.6597,ramp,0,0.026979,0.0055676134174467125,-0.001225259820227685,0.005436174454232342,-0.020819274708628654,-0.05916057154536247,0.12229271233081818,-0.9905105233192444,-0.23632574081420898,-0.0061054229736328125,-0.2294830395378103,1.3186798095703125,0.0,0.15329980850219727,-0.018314361572265625,0.11900118316596621,-7.355308532714844,0.0,0.010833263397216797,-0.0061054229736328125,0.007979404540335439,-0.380950927734375,0.0,0.4416842460632324,-0.018314361572265625,0.4096301603842295,-7.120880126953125,0.0,-0.3312392234802246,0.018314361572265625,-0.19201286570632203,9.230766296386719,0.0,-0.1615447998046875,0.018314361572265625,-0.09901729752485537,2.7838821411132812,0.0,-0.11993646621704102,0.0061054229736328125,-0.15301659322523548,-7.003662109375,0.0,0.032117366790771484,-0.03052520751953125,0.033514810506511616,0.26373291015625,0.0,0.09117460250854492,-0.0061054229736328125,0.0786172031611268,-2.373626708984375,0.0,0.45222997665405273,0.0061054229736328125,0.41365489182964243,-8.23443603515625,0.0,-0.4589414596557617,-0.0061054229736328125,-0.2738917509880626,12.043960571289062,0.0,-0.007573604583740234,0.018314361572265625,0.020469807599191897,1.26007080078125,0.0,-0.027898788452148438,0.0061054229736328125,-0.009506193419987876,3.8388290405273438,0.0,-0.07813161869632797,0.004341580001436181,-0.041841438501570176,7.848555190779083,0.0,-0.062130122885924614,0.009281207181078591,-0.026244850681926578,8.08634293381655,0.0,0.17458391189575195,-0.0061054229736328125,0.1983964583615958,1.4945068359375,0.0,0.06567239761352539,-0.0061054229736328125,0.09472277751006264,1.8461532592773438,0.0,0.05953693389892578,-0.0061054229736328125,0.05558008487573815,-0.08791351318359375,0.0,-0.1412200927734375,-0.018314361572265625,-0.14233848261332727,-0.02930450439453125,0.0,0.024064064025878906,0.0061054229736328125,0.017555311195786648,-0.08791351318359375,0.0,0.01621246337890625,-0.0073261260986328125,0.011733910919571166,-0.07032966613769531,0.0,-0.12951087951660156,0.05128288269042969,-0.10339784256315293,0.21099090576171875,0.0,0.0700826644897461,0.05494499206542969,0.08695881612837436,1.0842514038085938,0.0,-0.11916971206665039,0.0061054229736328125,-0.14801302418134918,-2.0219802856445312,0.0,-0.19414138793945312,0.10378456115722656,-0.1853367778595995,0.20513153076171875,0.0,-0.07027435302734375,-0.05494499206542969,-0.08141532688885968,-0.20513153076171875,0.0,0.03058338165283203,0.0061054229736328125,0.02282866880905275,-0.08791351318359375,0.0,0.02269744873046875,0.0073261260986328125,0.016427475287399632,-0.039073944091796875,0.0,0.16575145721435547,-0.021978378295898438,0.13901440358437597,-0.3047618865966797,0.0,-0.2636089324951172,0.07058048248291016,-0.24963222507084915,0.0013431012630462646,0.0,0.0,0.0,0.0,0.0,0.0,nan,nan,nan,nan,nan,nan,nan,nan,nan,nan,0.09585591197908741,0.19653503596782684,-0.09384255111217499,-0.975995659828186,-0.004275887738913298,-0.005109654739499092,-0.0009102991316467524,nan
1.4003,1789426376.6786,ramp,0,0.027025,0.006458210376226087,-0.007626537065849247,0.010754292849876614,-0.020830128341913223,-0.05909686163067818,0.1222207173705101,-0.9905229210853577,-0.23632574081420898,-0.0061054229736328125,-0.22932748020708105,1.4945068359375,0.0,0.15291643142700195,-0.018314361572265625,0.1183733053565305,-7.472526550292969,0.0,0.01064157485961914,-0.0061054229736328125,0.007937303353522869,-0.4981689453125,0.0,0.4416842460632324,-0.0061054229736328125,0.40957934945862984,-7.296699523925781,0.0,-0.3312392234802246,0.018314361572265625,-0.19205500769282827,9.172164916992188,0.0,-0.16135311126708984,0.018314361572265625,-0.09849485932540114,2.7838821411132812,0.0,-0.11993646621704102,0.0061054229736328125,-0.15326448857897867,-7.23809814453125,0.0,0.03192567825317383,-0.03052520751953125,0.03333797860245287,0.26373291015625,0.0,0.09098291397094727,-0.0061054229736328125,0.07820240058529083,-2.6666641235351562,0.0,0.45222997665405273,0.0061054229736328125,0.4135828454885932,-8.293045043945312,0.0,-0.45874977111816406,-0.0061054229736328125,-0.2735018810082841,12.102569580078125,0.0,-0.007381916046142578,0.018314361572265625,0.02036180415239401,1.26007080078125,0.0,-0.02770709991455078,-0.0061054229736328125,-0.009456036541360124,3.8388290405273438,0.0,-0.07799316960425313,0.008751730030582204,-0.04162067337931618,7.923479691290896,0.0,-0.06198800765648733,0.013809672505533077,-0.02610637677001468,8.011180090468395,0.0,0.17458391189575195,-0.0061054229736328125,0.1984049190344706,1.4358978271484375,0.0,0.06567239761352539,-0.0061054229736328125,0.09475062136626931,1.9047622680664062,0.0,0.059345245361328125,-0.0061054229736328125,0.0552868314726072,-0.08791351318359375,0.0,-0.1416034698486328,-0.018314361572265625,-0.1431703413648145,-0.08791351318359375,0.0,0.024064064025878906,0.0061054229736328125,0.0174626853071667,-0.08791351318359375,0.0,0.01621246337890625,-0.0073261260986328125,0.011672000087356842,-0.07032966613769531,0.0,-0.12836647033691406,0.05128288269042969,-0.10285229159330762,0.21099090576171875,0.0,0.07084941864013672,0.05494499206542969,0.08755524761660224,1.0842514038085938,0.0,-0.11916971206665039,0.0061054229736328125,-0.14775969635124087,-2.0219802856445312,0.0,-0.19222402572631836,0.10378456115722656,-0.1843588980856811,0.14652252197265625,0.0,-0.0718083381652832,-0.07936477661132812,-0.08256863032301733,-0.14652252197265625,0.0,0.03058338165283203,-0.0061054229736328125,0.022708219464072952,-0.02930450439453125,0.0,0.02269744873046875,0.0073261260986328125,0.01634080012229958,-0.039073944091796875,0.0,0.16498851776123047,-0.05128288269042969,0.13828093138787823,-0.28913307189941406,0.0,-0.2619788646697998,0.08899307250976562,-0.2483151076231726,0.0003663003444671631,0.0,0.0,0.0,0.0,0.0,0.0,nan,nan,nan,nan,nan,nan,nan,nan,nan,nan,0.09570947801101912,0.19629773497581482,-0.09370417147874832,-0.976056694984436,-0.008633952587842941,-0.01546415314078331,0.016704663634300232,nan
1.4210,1789426376.6998,ramp,0,0.027118,0.0003541107643569249,-0.01271457914925669,0.007598638892984716,-0.020863628014922142,-0.05902506783604622,0.12215009331703186,-0.9905352592468262,-0.23632574081420898,-0.0061054229736328125,-0.2291585388706825,1.377288818359375,0.0,0.1527247428894043,-0.018314361572265625,0.11769141430104829,-7.648353576660156,0.0,0.010449886322021484,-0.0061054229736328125,0.007891580408259876,-0.26373291015625,0.0,0.44149255752563477,-0.0061054229736328125,0.40952416751850307,-7.531135559082031,0.0,-0.3308558464050293,0.018314361572265625,-0.19210077494758232,9.172164916992188,0.0,-0.1611614227294922,0.018314361572265625,-0.09792747833200335,2.7838821411132812,0.0,-0.11993646621704102,0.0061054229736328125,-0.15353370915322545,-7.0622711181640625,0.0,0.03154182434082031,-0.018314361572265625,0.03314593471765638,0.380950927734375,0.0,0.09079122543334961,-0.0061054229736328125,0.0777519145798884,-2.6666641235351562,0.0,0.45222997665405273,0.0061054229736328125,0.41350460135445855,-8.410263061523438,0.0,-0.45874977111816406,0.0061054229736328125,-0.27307847242779787,12.043960571289062,0.0,-0.007190227508544922,0.018314361572265625,0.020244509699196316,1.3186798095703125,0.0,-0.027515411376953125,-0.0061054229736328125,-0.009401564912655954,3.7216110229492188,0.0,-0.07792587669653009,0.008752400192068154,-0.04138091691720657,7.921951257244904,0.0,-0.061767420868457455,0.013811768511199059,-0.02595599062715161,8.01054845351764,0.0,0.17458391189575195,-0.0061054229736328125,0.19841410753750416,1.4358978271484375,0.0,0.06567239761352539,-0.0061054229736328125,0.09478086049275561,1.8461532592773438,0.0,0.05896139144897461,-0.0061054229736328125,0.05496835091862102,-0.08791351318359375,0.0,-0.14198684692382812,-0.03052520751953125,-0.14407376084156506,-0.08791351318359375,0.0,0.024064064025878906,0.0061054229736328125,0.017362091267997207,-0.08791351318359375,0.0,0.01621246337890625,-0.0073261260986328125,0.011604763370132599,-0.07032966613769531,0.0,-0.12684059143066406,0.05128288269042969,-0.10225980955132961,0.19536209106445312,0.0,0.07161664962768555,0.05494499206542969,0.08820298717821544,1.0256423950195312,0.0,-0.11878585815429688,0.0061054229736328125,-0.14748457597135223,-2.0805892944335938,0.0,-0.1903066635131836,0.10378456115722656,-0.18329689611467467,0.08791351318359375,0.0,-0.07372570037841797,-0.09157562255859375,-0.0838211467906972,-0.08791351318359375,0.0,0.03058338165283203,-0.0061054229736328125,0.02257740845316268,-0.08791351318359375,0.0,0.02269744873046875,0.0073261260986328125,0.016246668718185638,-0.039073944091796875,0.0,0.16422557830810547,-0.05128288269042969,0.13748436217851856,-0.28913307189941406,0.0,-0.2606368064880371,0.05830574035644531,-0.2468846850264617,0.002808302640914917,0.0,0.0,0.0,0.0,0.0,0.0,nan,nan,nan,nan,nan,nan,nan,nan,nan,nan,0.09553424954466651,0.19612056016921997,-0.09353651851415634,-0.9761084318161011,-0.0146400211378932,-0.020578697323799133,0.013401382602751255,nan
1.4413,1789426376.7196,ramp,0,0.027175,0.003997408957398139,-0.0070945571142410095,0.00013667367421347544,-0.020877592265605927,-0.05892461538314819,0.12211714684963226,-0.9905449748039246,-0.23632574081420898,-0.0061054229736328125,-0.22899335891772202,1.4358978271484375,0.0,0.15253305435180664,-0.018314361572265625,0.11702470516478936,-7.706962585449219,0.0,0.010449886322021484,0.0061054229736328125,0.007846875458549181,-0.26373291015625,0.0,0.44149255752563477,-0.0061054229736328125,0.40947021417310686,-7.003662109375,0.0,-0.330472469329834,0.018314361572265625,-0.19214552322025824,9.172164916992188,0.0,-0.16096973419189453,0.018314361572265625,-0.09737272975597094,2.7838821411132812,0.0,-0.11993646621704102,0.0061054229736328125,-0.15379693568344044,-7.413917541503906,0.0,0.031350135803222656,-0.018314361572265625,0.03295816658148991,0.26373291015625,0.0,0.09079122543334961,-0.0061054229736328125,0.07731145839096508,-2.6666641235351562,0.0,0.45222997665405273,0.0061054229736328125,0.41342809928177865,-8.4688720703125,0.0,-0.4585580825805664,0.0061054229736328125,-0.2726644908002181,12.043960571289062,0.0,-0.006998538970947266,0.018314361572265625,0.020129826740752026,1.26007080078125,0.0,-0.02732372283935547,-0.0061054229736328125,-0.009348306063999706,3.8974380493164062,0.0,-0.0777874139423089,0.008752940177578288,-0.041146498497313146,7.836941693425653,0.0,-0.061625243112359764,0.013814268219358472,-0.025808952746822395,7.933145127882821,0.0,0.17458391189575195,-0.0061054229736328125,0.19842309146370724,1.4945068359375,0.0,0.06567239761352539,-0.0061054229736328125,0.09481042636216953,1.7289352416992188,0.0,0.05876970291137695,-0.0061054229736328125,0.05465696115429387,-0.08791351318359375,0.0,-0.14237022399902344,-0.018314361572265625,-0.1449570661939105,-0.08791351318359375,0.0,0.024064064025878906,0.0061054229736328125,0.017263736898295044,-0.08791351318359375,0.0,0.01621246337890625,-0.0073261260986328125,0.011539023640442549,-0.07032966613769531,0.0,-0.12569618225097656,0.05128288269042969,-0.10168051878738675,0.19536209106445312,0.0,0.07200002670288086,0.04273414611816406,0.08883630518432786,1.0842514038085938,0.0,-0.11859416961669922,0.018314361572265625,-0.14721558099133586,-2.0219802856445312,0.0,-0.18858098983764648,0.07936477661132812,-0.1822585390177418,0.14652252197265625,0.0,-0.07564306259155273,-0.09157562255859375,-0.08504577668663628,-0.02930450439453125,0.0,0.030391693115234375,-0.0061054229736328125,0.022449509875529225,-0.08791351318359375,0.0,0.02269744873046875,0.0073261260986328125,0.016154633096619568,-0.039073944091796875,0.0,0.16346263885498047,-0.05128288269042969,0.13670552813270886,-0.28913307189941406,0.0,-0.2595820426940918,0.07058048248291016,-0.2454861099809744,0.0013431012630462646,0.0,0.0,0.0,0.0,0.0,0.0,nan,nan,nan,nan,nan,nan,nan,nan,nan,nan,0.09539578182953125,0.19581295549869537,-0.09340721368789673,-0.9761825799942017,-0.010260418988764286,-0.015551099553704262,0.0059141721576452255,nan
1.4613,1789426376.7397,ramp,0,0.027254,0.0035388518889096004,-0.013237926713862789,0.003571899793487477,-0.02090144157409668,-0.058809246867895126,0.12208385765552521,-0.9905554056167603,-0.23632574081420898,-0.0061054229736328125,-0.22883090432568348,1.4358978271484375,0.0,0.15214967727661133,-0.018314361572265625,0.11636899629214392,-7.76556396484375,0.0,0.010258197784423828,-0.0061054229736328125,0.00780290811119745,-0.4395599365234375,0.0,0.44149255752563477,-0.0061054229736328125,0.4094171510225347,-7.003662109375,0.0,-0.33028078079223633,0.018314361572265625,-0.1921895331757747,9.230766296386719,0.0,-0.16077804565429688,0.018314361572265625,-0.09682713416771642,2.7838821411132812,0.0,-0.11993646621704102,0.0061054229736328125,-0.15405581914849406,-7.1794891357421875,0.0,0.030966758728027344,-0.018314361572265625,0.032773496496458054,0.4981689453125,0.0,0.09059953689575195,0.0061054229736328125,0.07687826944036931,-2.9597091674804688,0.0,0.45222997665405273,0.0061054229736328125,0.41335285944313865,-8.4688720703125,0.0,-0.45836639404296875,0.0061054229736328125,-0.2722573395980621,12.043960571289062,0.0,-0.006806850433349609,0.018314361572265625,0.020017035975928996,1.2014617919921875,0.0,-0.02732372283935547,-0.0061054229736328125,-0.009295925951426571,3.6043930053710938,0.0,-0.07765103834317325,0.00434329509135151,-0.0409159478276491,7.834838079364397,0.0,-0.061333666479563655,0.009287155177870019,-0.025664340895111704,7.932022219169711,0.0,0.1747756004333496,-0.0061054229736328125,0.1984319271610184,1.4358978271484375,0.0,0.06567239761352539,-0.0061054229736328125,0.0948395044141233,1.8461532592773438,0.0,0.05876970291137695,-0.0061054229736328125,0.05435070911691219,-0.02930450439453125,0.0,-0.14275407791137695,-0.018314361572265625,-0.14582579758709052,-0.08791351318359375,0.0,0.024064064025878906,0.0061054229736328125,0.01716700531120591,-0.08791351318359375,0.0,0.01621246337890625,-0.0073261260986328125,0.01147436857318945,-0.07032966613769531,0.0,-0.12531471252441406,0.0073261260986328125,-0.10111078594123094,0.21099090576171875,0.0,0.07257509231567383,0.04273414611816406,0.08945917385858095,1.0256423950195312,0.0,-0.1182107925415039,0.0061054229736328125,-0.14695102425212042,-2.0219802856445312,0.0,-0.1872386932373047,0.07936477661132812,-0.18123731413209873,0.14652252197265625,0.0,-0.0775609016418457,-0.10378456115722656,-0.08625020099223367,-0.08791351318359375,0.0,0.03020000457763672,-0.0061054229736328125,0.0223237215405687,-0.14652252197265625,0.0,0.02269744873046875,0.0073261260986328125,0.01606411600246523,-0.039073944091796875,0.0,0.16231822967529297,-0.0659332275390625,0.1359395443380044,-0.27350425720214844,0.0,-0.25766468048095703,0.09512996673583984,-0.2441106105067474,0.0003663003444671631,0.0,0.0,0.0,0.0,0.0,0.0,nan,nan,nan,nan,nan,nan,nan,nan,nan,nan,0.09516714440597328,0.19546693563461304,-0.09319058060646057,-0.9762725830078125,-0.006541885435581207,-0.01716507039964199,0.010022927075624466,nan
1.4811,1789426376.7594,ramp,0,0.027341,0.0003480455710188646,-0.016438132963107917,0.0028050644038424776,-0.020931633189320564,-0.05871155858039856,0.12205962091684341,-0.9905635714530945,-0.23632574081420898,-0.0061054229736328125,-0.2286690566430833,1.377288818359375,0.0,0.15195798873901367,-0.018314361572265625,0.11571573706341834,-7.76556396484375,0.0,0.010258197784423828,0.0061054229736328125,0.007759105020194236,-0.380950927734375,0.0,0.4413008689880371,-0.0061054229736328125,0.4093642861090606,-7.355308532714844,0.0,-0.329897403717041,0.018314361572265625,-0.19223337871576401,9.113555908203125,0.0,-0.16058635711669922,0.018314361572265625,-0.09628357685432933,2.8424911499023438,0.0,-0.11993646621704102,0.0061054229736328125,-0.1543137354582558,-7.355308532714844,0.0,0.030775070190429688,-0.018314361572265625,0.03258951631508596,0.3223419189453125,0.0,0.09059953689575195,0.0061054229736328125,0.07644669882791605,-2.9597091674804688,0.0,0.45222997665405273,0.0061054229736328125,0.4132779006908479,-8.5274658203125,0.0,-0.4581747055053711,0.0061054229736328125,-0.27185170946037296,12.102569580078125,0.0,-0.006615161895751953,0.018314361572265625,0.019904666582880527,1.2014617919921875,0.0,-0.02732372283935547,-0.0061054229736328125,-0.009243741524209603,3.7802200317382812,0.0,-0.07751255859796555,0.008754424874081682,-0.04068625846560146,7.917440109895835,0.0,-0.0611914102040899,0.013820116182806267,-0.025520269294658938,8.007406919903266,0.0,0.1747756004333496,-0.0061054229736328125,0.19844072984930206,1.4358978271484375,0.0,0.06567239761352539,-0.0061054229736328125,0.094868473834219,1.7875442504882812,0.0,0.0585780143737793,-0.0061054229736328125,0.05404560119770949,-0.02930450439453125,0.0,-0.14313793182373047,-0.03052520751953125,-0.1466912835116425,-0.14652252197265625,0.0,0.024064064025878906,0.0061054229736328125,0.017070635100871086,-0.02930450439453125,0.0,0.01621246337890625,-0.0073261260986328125,0.011409955048942693,-0.07032966613769531,0.0,-0.12455177307128906,0.021978378295898438,-0.10054318154363019,0.21099090576171875,0.0,0.07334232330322266,0.04273414611816406,0.09007971557566688,1.0842514038085938,0.0,-0.11801910400390625,-0.0061054229736328125,-0.14668745586281864,-2.0219802856445312,0.0,-0.18608856201171875,0.06715583801269531,-0.18021990441113664,0.20513153076171875,0.0,-0.07947826385498047,-0.09157562255859375,-0.08745012572370565,-0.02930450439453125,0.0,0.030008316040039062,-0.0061054229736328125,0.022198403134631214,-0.08791351318359375,0.0,0.02269744873046875,0.0073261260986328125,0.01597393706851977,-0.039073944091796875,0.0,0.16193675994873047,-0.0073261260986328125,0.1351764221601297,-0.3047618865966797,0.0,-0.2565138339996338,0.04603099822998047,-0.2427402497214483,0.002808302640914917,0.0,0.0,0.0,0.0,0.0,0.0,nan,nan,nan,nan,nan,nan,nan,nan,nan,nan,0.09509811086254767,0.19514977931976318,-0.09312918037176132,-0.9763419032096863,-0.014403882436454296,-0.024605918675661087,0.008855847641825676,nan
1.5010,1789426376.7792,ramp,0,0.027394,0.002511789510432656,-0.016166155556188975,0.007043364084068041,-0.02094087190926075,-0.05858222022652626,0.12203699350357056,-0.9905738234519958,-0.23632574081420898,-0.0061054229736328125,-0.22850706191980316,1.5531158447265625,0.0,0.15157413482666016,-0.03052520751953125,0.11506188434036754,-7.76556396484375,0.0,0.010258197784423828,-0.0061054229736328125,0.0077152621335252365,-0.380950927734375,0.0,0.4413008689880371,-0.0061054229736328125,0.4093113731671397,-7.1794891357421875,0.0,-0.32970571517944336,0.018314361572265625,-0.19227726408998458,9.113555908203125,0.0,-0.1602029800415039,0.018314361572265625,-0.09573952571220358,2.8424911499023438,0.0,-0.11993646621704102,0.0061054229736328125,-0.15457188608826822,-7.472526550292969,0.0,0.030391693115234375,-0.018314361572265625,0.03240536898537705,0.4981689453125,0.0,0.0904078483581543,0.0061054229736328125,0.0760147361280675,-3.0183181762695312,0.0,0.45222997665405273,0.0061054229736328125,0.4132028738375766,-8.351654052734375,0.0,-0.45798301696777344,0.0061054229736328125,-0.27144571080254004,12.161178588867188,0.0,-0.006423473358154297,0.018314361572265625,0.019792195100808024,1.2014617919921875,0.0,-0.02732372283935547,-0.0061054229736328125,-0.009191509686776204,3.7216110229492188,0.0,-0.07751464355840473,0.0043439068331123775,-0.040456360427844486,8.152628517663802,0.0,-0.06104203130955723,0.009289020321486277,-0.025376066803323143,7.935356813853323,0.0,0.1747756004333496,-0.0061054229736328125,0.19844954053494007,1.4358978271484375,0.0,0.06567239761352539,-0.0061054229736328125,0.09489746957340166,1.8461532592773438,0.0,0.05838632583618164,-0.0061054229736328125,0.05374021608407821,-0.08791351318359375,0.0,-0.14371299743652344,-0.03052520751953125,-0.14755755574117455,-0.14652252197265625,0.0,0.024064064025878906,0.0061054229736328125,0.016974177336973387,-0.08791351318359375,0.0,0.01621246337890625,-0.0073261260986328125,0.01134548300418918,-0.07032966613769531,0.0,-0.12378883361816406,0.021978378295898438,-0.09997506147020868,0.21099090576171875,0.0,0.07391738891601562,0.04273414611816406,0.09070082106280225,1.0256423950195312,0.0,-0.1178274154663086,-0.0061054229736328125,-0.14642364801828,-1.9633712768554688,0.0,-0.18512964248657227,0.05494499206542969,-0.1792015703604915,0.20513153076171875,0.0,-0.0815877914428711,-0.06715583801269531,-0.08865114060207113,-0.02930450439453125,0.0,0.029816150665283203,-0.0061054229736328125,0.022072970875326642,-0.14652252197265625,0.0,0.02269744873046875,0.0073261260986328125,0.015883676205864852,-0.039073944091796875,0.0,0.16193675994873047,-0.0073261260986328125,0.13441260667604196,-0.3203907012939453,0.0,-0.25536346435546875,0.07058048248291016,-0.24136864394593122,0.0003663003444671631,0.0,0.0,0.0,0.0,0.0,0.0,nan,nan,nan,nan,nan,nan,nan,nan,nan,nan,0.0949911898478273,0.19490455090999603,-0.09302941709756851,-0.9764003753662109,-0.007922676391899586,-0.019841235131025314,0.013572990894317627,nan
1.5209,1789426376.7998,ramp,0,0.027484,0.0035964495094150195,-0.015649972519093572,0.007830226237050975,-0.02096564695239067,-0.05844193696975708,0.12198092043399811,-0.9905885457992554,-0.23632574081420898,-0.0061054229736328125,-0.22834458438524485,1.7289352416992188,0.0,0.1513824462890625,-0.03052520751953125,0.11440608286576133,-8.0,0.0,0.010258197784423828,-0.0061054229736328125,0.00767128857692006,-0.4395599365234375,0.0,0.4413008689880371,-0.0061054229736328125,0.4092583025227665,-7.23809814453125,0.0,-0.3291301727294922,0.03052520751953125,-0.19232128026077178,8.996337890625,0.0,-0.1598191261291504,0.03052520751953125,-0.09519385307264874,2.8424911499023438,0.0,-0.11993646621704102,0.0061054229736328125,-0.15483080611393202,-7.413917541503906,0.0,0.03000783920288086,-0.03052520751953125,0.032220672820460226,0.4395599365234375,0.0,0.0904078483581543,-0.0061054229736328125,0.07558148600070887,-3.0183181762695312,0.0,0.4524216651916504,0.0061054229736328125,0.4131276233732506,-8.410263061523438,0.0,-0.4577908515930176,0.0061054229736328125,-0.27103850210078134,12.102569580078125,0.0,-0.006039619445800781,0.018314361572265625,0.019679388407199495,1.2014617919921875,0.0,-0.02732372283935547,-0.0061054229736328125,-0.009139122176863591,3.7216110229492188,0.0,-0.07744522702803784,0.00434407399527951,-0.040225777198846624,7.915911160196942,0.0,-0.06097070688178673,0.009289764243234548,-0.025231434528919426,8.00677130293692,0.0,0.1747756004333496,-0.0061054229736328125,0.1984583774800655,1.4358978271484375,0.0,0.06567239761352539,-0.0061054229736328125,0.09492655173188003,1.8461532592773438,0.0,0.058194637298583984,-0.0061054229736328125,0.05343392079649764,-0.08791351318359375,0.0,-0.1442880630493164,-0.03052520751953125,-0.14842640982025035,-0.14652252197265625,0.0,0.024064064025878906,0.0061054229736328125,0.016877432089043277,-0.08791351318359375,0.0,0.01621246337890625,-0.0073261260986328125,0.01128081880607595,-0.07032966613769531,0.0,-0.12340736389160156,0.0073261260986328125,-0.09940524816398762,0.22661972045898438,0.0,0.0744929313659668,0.04273414611816406,0.09132377770118538,1.0842514038085938,0.0,-0.1178274154663086,-0.0061054229736328125,-0.1461590539172508,-1.9633712768554688,0.0,-0.18417119979858398,0.06715583801269531,-0.17818020125318124,0.14652252197265625,0.0,-0.08350515365600586,-0.03052520751953125,-0.08985573500152717,-0.02930450439453125,0.0,0.029624462127685547,0.0061054229736328125,0.021947164776009175,-0.08791351318359375,0.0,0.02269744873046875,0.0073261260986328125,0.01579314632850633,-0.039073944091796875,0.0,0.16193675994873047,-0.0073261260986328125,0.1336465147058891,-0.3203907012939453,0.0,-0.2538294792175293,0.07671833038330078,-0.23999295021789177,0.002808302640914917,0.0,0.0,0.0,0.0,0.0,0.0,nan,nan,nan,nan,nan,nan,nan,nan,nan,nan,0.09499744154224062,0.1945670247077942,-0.09304187446832657,-0.9764665365219116,-0.006884751841425896,-0.019306961447000504,0.014407933689653873,nan
1.5414,1789426376.8197,ramp,0,0.027592,0.0022971923018832614,-0.023640250576469107,0.0011829576909361081,-0.020994551479816437,-0.058261603116989136,0.12192485481500626,-0.9906054139137268,-0.23632574081420898,-0.0061054229736328125,-0.22817798909238943,1.6703262329101562,0.0,0.15080738067626953,-0.03052520751953125,0.1137336610505607,-7.9413909912109375,0.0,0.010066509246826172,0.0061054229736328125,0.007626200574074329,-0.380950927734375,0.0,0.44110918045043945,-0.0061054229736328125,0.4092038868796106,-6.886444091796875,0.0,-0.3287467956542969,0.03052520751953125,-0.1923664119577944,8.996337890625,0.0,-0.15962743759155273,0.03052520751953125,-0.09463435114866312,2.8424911499023438,0.0,-0.11993646621704102,0.0061054229736328125,-0.15509628809344905,-7.648353576660156,0.0,0.029624462127685547,-0.03052520751953125,0.03203129579817077,0.5567779541015625,0.0,0.09021615982055664,-0.0061054229736328125,0.07513725577501545,-2.9597091674804688,0.0,0.4524216651916504,0.0061054229736328125,0.41305046579465987,-8.410263061523438,0.0,-0.45740747451782227,0.0061054229736328125,-0.270620973282984,12.102569580078125,0.0,-0.005656242370605469,0.03052520751953125,0.019563722790972307,1.2014617919921875,0.0,-0.027132034301757812,-0.0061054229736328125,-0.009085406981223882,3.8388290405273438,0.0,-0.07751862655949676,0.004344465761492072,-0.03998935017115403,8.067038666252115,0.0,-0.06074310434478998,0.009289787061653837,-0.025083136758546856,7.858708580754889,0.0,0.1747756004333496,-0.0061054229736328125,0.19846743838479378,1.4358978271484375,0.0,0.06567239761352539,-0.0061054229736328125,0.09495637093563482,1.8461532592773438,0.0,0.05781126022338867,-0.0061054229736328125,0.05311986289751838,-0.08791351318359375,0.0,-0.14486360549926758,-0.03052520751953125,-0.14931728375027226,-0.20513153076171875,0.0,0.024064064025878906,0.0061054229736328125,0.016778234972622853,-0.14652252197265625,0.0,0.01621246337890625,-0.0073261260986328125,0.011214515787315738,-0.07032966613769531,0.0,-0.12302589416503906,0.021978378295898438,-0.09882099376302778,0.21099090576171875,0.0,0.07545137405395508,0.05494499206542969,0.09196252227525696,1.0256423950195312,0.0,-0.1178274154663086,-0.0061054229736328125,-0.1458877540611285,-1.9633712768554688,0.0,-0.18302059173583984,0.06715583801269531,-0.17713294702195245,0.20513153076171875,0.0,-0.0859975814819336,-0.06715583801269531,-0.09109085810512971,0.08791351318359375,0.0,0.02943277359008789,0.0061054229736328125,0.021818170302922397,-0.14652252197265625,0.0,0.02269744873046875,0.0073261260986328125,0.015700322102242033,-0.039073944091796875,0.0,0.16193675994873047,-0.0073261260986328125,0.13286100724192657,-0.33601951599121094,0.0,-0.25229549407958984,0.07671833038330078,-0.23858239152049962,0.0008547008037567139,0.0,0.0,0.0,0.0,0.0,0.0,nan,nan,nan,nan,nan,nan,nan,nan,nan,nan,0.09482972847516416,0.19431428611278534,-0.09288284927606583,-0.976531982421875,-0.007927589118480682,-0.027664421126246452,0.00817192904651165,nan
1.5609,1789426376.8393,ramp,0,0.027679,0.0015023378048125112,-0.023121830900176953,0.004379134088512218,-0.02101171761751175,-0.05806629732251167,0.12188104540109634,-0.9906219244003296,-0.23632574081420898,-0.0061054229736328125,-0.22801918560327622,1.5531158447265625,0.0,0.15023231506347656,-0.03052520751953125,0.11309268897638337,-8.058609008789062,0.0,0.010066509246826172,0.0061054229736328125,0.007583221375524802,-0.4395599365234375,0.0,0.44110918045043945,-0.0061054229736328125,0.4091520163024329,-7.0622711181640625,0.0,-0.32836341857910156,0.03052520751953125,-0.19240943280690695,9.054946899414062,0.0,-0.15905237197875977,0.03052520751953125,-0.09410101760621065,2.8424911499023438,0.0,-0.11993646621704102,0.0061054229736328125,-0.1553493532546633,-7.531135559082031,0.0,0.029241085052490234,-0.03052520751953125,0.03185077610051315,0.615386962890625,0.0,0.09002447128295898,0.0061054229736328125,0.0747138025753449,-3.1941375732421875,0.0,0.4524216651916504,0.0061054229736328125,0.4129769169417379,-8.4688720703125,0.0,-0.45702409744262695,0.018314361572265625,-0.2702229726436196,12.102569580078125,0.0,-0.005272865295410156,0.03052520751953125,0.019453466954132716,1.1428604125976562,0.0,-0.027132034301757812,-0.0061054229736328125,-0.00903420409103545,3.7216110229492188,0.0,-0.07759201264790708,0.004344857665753186,-0.0397639810369202,8.225753716556211,0.0,-0.06051553345552727,0.009289810803320774,-0.02494177500120527,7.861127539974234,0.0,0.1747756004333496,-0.0061054229736328125,0.1984760755032904,1.4358978271484375,0.0,0.06567239761352539,-0.0061054229736328125,0.09498479546983189,1.8461532592773438,0.0,0.057619571685791016,-0.0061054229736328125,0.05282049375396904,-0.08791351318359375,0.0,-0.1452469825744629,-0.03052520751953125,-0.150166490747797,-0.20513153076171875,0.0,0.024064064025878906,0.0061054229736328125,0.016683677389827237,-0.08791351318359375,0.0,0.01621246337890625,-0.0073261260986328125,0.01115131381721566,-0.07032966613769531,0.0,-0.12226295471191406,0.05128288269042969,-0.09826406543803178,0.21099090576171875,0.0,0.07583475112915039,0.04273414611816406,0.09257139222155698,1.0842514038085938,0.0,-0.1178274154663086,-0.0061054229736328125,-0.1456291431303531,-2.0219802856445312,0.0,-0.18206167221069336,0.05494499206542969,-0.17613467376310318,0.20513153076171875,0.0,-0.08753156661987305,-0.05494499206542969,-0.092268213449177,0.02930450439453125,0.0,0.029241085052490234,0.0061054229736328125,0.021695209011211216,-0.08791351318359375,0.0,0.02269744873046875,0.0073261260986328125,0.015611839344101921,-0.0547027587890625,0.0,0.16193675994873047,-0.0073261260986328125,0.13211223863109914,-0.33601951599121094,0.0,-0.2510490417480469,0.06444263458251953,-0.23723780585480914,-0.0006105303764343262,0.0,0.0,0.0,0.0,0.0,0.0,nan,nan,nan,nan,nan,nan,nan,nan,nan,nan,0.0946771513092876,0.19401273131370544,-0.09273950010538101,-0.9766055941581726,-0.0089450404047966,-0.026926763355731964,0.011253918521106243,nan
1.5801,1789426376.8583,ramp,0,0.027679,-4.980936974430695e-05,-0.031369850936207117,0.0006621461110750644,-0.0209844708442688,-0.057850223034620285,0.1218668669462204,-0.9906368851661682,-0.23632574081420898,-0.0061054229736328125,-0.2278624976978288,1.6703262329101562,0.0,0.14984846115112305,-0.03052520751953125,0.11246025594664341,-8.058609008789062,0.0,0.010066509246826172,0.0061054229736328125,0.0075408147468282866,-0.3223419189453125,0.0,0.4409170150756836,-0.0061054229736328125,0.40910083674625497,-7.0622711181640625,0.0,-0.3277878761291504,0.03052520751953125,-0.19245188053129675,8.937728881835938,0.0,-0.15866899490356445,0.03052520751953125,-0.09357478914524676,2.8424911499023438,0.0,-0.11993646621704102,0.0061054229736328125,-0.15559904707608885,-7.589744567871094,0.0,0.028857707977294922,-0.03052520751953125,0.03167266129034162,0.5567779541015625,0.0,0.09002447128295898,0.0061054229736328125,0.07429599062875669,-3.135528564453125,0.0,0.4524216651916504,0.0061054229736328125,0.41290434790829433,-8.4688720703125,0.0,-0.456449031829834,0.018314361572265625,-0.26983027417775485,12.161178588867188,0.0,-0.0046977996826171875,0.03052520751953125,0.01934467994803971,1.0842514038085938,0.0,-0.027132034301757812,-0.0061054229736328125,-0.008983683326905634,3.7802200317382812,0.0,-0.07766556268181048,0.00434524998773035,-0.039541614275378674,8.148288391735198,0.0,-0.06028779972773466,0.009289834575432077,-0.024802296468385183,7.935512607359345,0.0,0.1747756004333496,-0.0061054229736328125,0.19848459755789954,1.4358978271484375,0.0,0.06567239761352539,-0.0061054229736328125,0.09501284133174293,1.8461532592773438,0.0,0.05742788314819336,-0.0061054229736328125,0.052525112812906095,-0.08791351318359375,0.0,-0.14601373672485352,-0.04273414611816406,-0.15100438459053622,-0.20513153076171875,0.0,0.024064064025878906,0.0061054229736328125,0.016590379505283564,-0.08791351318359375,0.0,0.01621246337890625,-0.0073261260986328125,0.011088953825187566,-0.07032966613769531,0.0,-0.12073707580566406,0.0659332275390625,-0.09771455652474988,0.1797332763671875,0.0,0.07660198211669922,0.04273414611816406,0.09317215078869172,1.0256423950195312,0.0,-0.11763572692871094,-0.0061054229736328125,-0.14537397742023375,-1.9633712768554688,0.0,-0.18129491806030273,0.06715583801269531,-0.1751496995231369,0.20513153076171875,0.0,-0.08868217468261719,-0.04273414611816406,-0.0934298840387609,0.02930450439453125,0.0,0.029241085052490234,0.0061054229736328125,0.021573885812603152,-0.14652252197265625,0.0,0.02269744873046875,0.0073261260986328125,0.015524535355262594,-0.039073944091796875,0.0,0.16117382049560547,-0.03663063049316406,0.13137344513260305,-0.33601951599121094,0.0,-0.24970698356628418,0.07058048248291016,-0.23591113278970105,0.0025641024112701416,0.0,0.0,0.0,0.0,0.0,0.0,nan,nan,nan,nan,nan,nan,nan,nan,nan,nan,0.09443434152261287,0.19366399943828583,-0.09250885993242264,-0.9766966700553894,-0.010472193360328674,-0.03534712642431259,0.007924110628664494,nan
1.6012,1789426376.8795,ramp,0,0.027699,0.00022899297263519663,-0.031119241235846855,0.0019922511244306437,-0.020957890897989273,-0.05755341053009033,0.12184900790452957,-0.9906569719314575,-0.23632574081420898,-0.0061054229736328125,-0.22769048922542723,1.7875442504882812,0.0,0.14927339553833008,-0.03052520751953125,0.11176598513466712,-8.175827026367188,0.0,0.010066509246826172,-0.0061054229736328125,0.0074942616998591675,-0.4981689453125,0.0,0.4409170150756836,-0.0061054229736328125,0.4090446529760321,-7.1794891357421875,0.0,-0.32702112197875977,0.03052520751953125,-0.19249847869219727,8.879119873046875,0.0,-0.15809345245361328,0.04273414611816406,-0.09299710732962646,2.8424911499023438,0.0,-0.11993646621704102,0.0061054229736328125,-0.15587315535948734,-7.706962585449219,0.0,0.02828216552734375,-0.04273414611816406,0.03147713084194989,0.7325973510742188,0.0,0.08983278274536133,-0.0061054229736328125,0.07383732603381853,-3.4285736083984375,0.0,0.4524216651916504,0.0061054229736328125,0.4128246832491067,-8.76190185546875,0.0,-0.4558734893798828,0.018314361572265625,-0.2693991785993504,12.102569580078125,0.0,-0.004122257232666016,0.03052520751953125,0.019225256009850214,1.0256423950195312,0.0,-0.027132034301757812,-0.0061054229736328125,-0.008928222763834643,3.9560470581054688,0.0,-0.0777409686479383,0.008757641579272816,-0.0392975050261267,8.30608577029826,0.0,-0.05991095852497624,0.013824855046201553,-0.0246491800597212,7.937777702605058,0.0,0.1747756004333496,-0.0061054229736328125,0.19849395287853416,1.4358978271484375,0.0,0.06567239761352539,-0.0061054229736328125,0.09504362945065181,1.9047622680664062,0.0,0.057044029235839844,0.0061054229736328125,0.05220085023307466,-0.08791351318359375,0.0,-0.14678096771240234,-0.04273414611816406,-0.15192420568019005,-0.20513153076171875,0.0,0.024064064025878906,0.0061054229736328125,0.01648795917773609,-0.08791351318359375,0.0,0.01621246337890625,-0.0073261260986328125,0.01102049642295799,-0.07032966613769531,0.0,-0.11959266662597656,0.0659332275390625,-0.09711131795011486,0.1797332763671875,0.0,0.07736873626708984,0.05494499206542969,0.09383165008520666,1.0256423950195312,0.0,-0.11763572692871094,-0.0061054229736328125,-0.145093862220011,-1.9047622680664062,0.0,-0.17995262145996094,0.06715583801269531,-0.1740684168683737,0.14652252197265625,0.0,-0.08964061737060547,-0.05494499206542969,-0.0947051399876967,0.08791351318359375,0.0,0.029241085052490234,0.0061054229736328125,0.021440699923112504,-0.08791351318359375,0.0,0.02269744873046875,0.0073261260986328125,0.015428694992141187,-0.0547027587890625,0.0,0.16041088104248047,-0.05128288269042969,0.13056241418076517,-0.3203907012939453,0.0,-0.2480771541595459,0.07671833038330078,-0.2344547408196004,0.0010989010334014893,0.0,0.0,0.0,0.0,0.0,0.0,nan,nan,nan,nan,nan,nan,nan,nan,nan,nan,0.09405666831260241,0.1931639462709427,-0.09214924275875092,-0.9768296480178833,-0.014925909228622913,-0.03931131213903427,0.00888984277844429,nan
1.6209,1789426376.8996,ramp,0,0.027725,-0.003223854807635845,-0.0327396769712138,0.0020266204666548777,-0.020932994782924652,-0.05725213512778282,0.12182509899139404,-0.9906778335571289,-0.23632574081420898,-0.0061054229736328125,-0.22753049850989776,1.611724853515625,0.0,0.1486983299255371,-0.03052520751953125,0.11112022110671857,-8.0,0.0,0.009874820709228516,0.0061054229736328125,0.007450961185700316,-0.380950927734375,0.0,0.4409170150756836,-0.0061054229736328125,0.40899239461065284,-7.003662109375,0.0,-0.3264460563659668,0.04273414611816406,-0.19254182116830176,8.820510864257812,0.0,-0.1575183868408203,0.04273414611816406,-0.0924597865468822,2.7838821411132812,0.0,-0.11993646621704102,0.0061054229736328125,-0.15612811245422337,-7.882781982421875,0.0,0.02770709991455078,-0.03052520751953125,0.031295261565924014,0.8498153686523438,0.0,0.08983278274536133,0.0061054229736328125,0.07341070706727788,-3.5457839965820312,0.0,0.4524216651916504,0.0061054229736328125,0.41275058453961944,-8.879119873046875,0.0,-0.4554901123046875,0.03052520751953125,-0.2689982024783051,12.043960571289062,0.0,-0.003547191619873047,0.03052520751953125,0.0191141758923681,1.0256423950195312,0.0,-0.027132034301757812,-0.0061054229736328125,-0.008876637077121025,3.8388290405273438,0.0,-0.0776044913043144,0.00875859408076207,-0.03907045101587999,8.380243593003277,0.0,-0.05961922619076725,0.013828216550116205,-0.024506761471616637,7.86242847142837,0.0,0.1747756004333496,-0.0061054229736328125,0.19850265456875588,1.4358978271484375,0.0,0.06567239761352539,-0.0061054229736328125,0.0950722664887306,1.8461532592773438,0.0,0.05685234069824219,-0.0061054229736328125,0.05189924298406922,-0.14652252197265625,0.0,-0.14754772186279297,-0.04273414611816406,-0.15277976141089408,-0.20513153076171875,0.0,0.024064064025878906,0.0061054229736328125,0.016392694675585125,-0.08791351318359375,0.0,0.01621246337890625,-0.0073261260986328125,0.010956821950339982,-0.07032966613769531,0.0,-0.11806678771972656,0.05128288269042969,-0.09655022598851942,0.16410446166992188,0.0,0.07813596725463867,0.06715583801269531,0.09444507198743879,0.9670333862304688,0.0,-0.11763572692871094,-0.0061054229736328125,-0.1448333178951379,-1.9047622680664062,0.0,-0.1788020133972168,0.06715583801269531,-0.1730626804461509,0.14652252197265625,0.0,-0.09079122543334961,-0.05494499206542969,-0.09589129732579064,0.02930450439453125,0.0,0.029241085052490234,0.0061054229736328125,0.021316819363855564,-0.08791351318359375,0.0,0.02269744873046875,0.0073261260986328125,0.015339550730475975,-0.0547027587890625,0.0,0.15926647186279297,-0.0659332275390625,0.12980804772143079,-0.3203907012939453,0.0,-0.24702239036560059,0.05830574035644531,-0.23310010293383515,0.0037851035594940186,0.0,0.0,0.0,0.0,0.0,0.0,nan,nan,nan,nan,nan,nan,nan,nan,nan,nan,0.09376035575832725,0.19244542717933655,-0.09187301248311996,-0.9769974946975708,-0.01842339336872101,-0.04083457589149475,0.008745251223444939,nan
1.6407,1789426376.9190,ramp,0,0.027742,0.004506601196632086,-0.03241534556233418,0.0033040232385283352,-0.020906776189804077,-0.056963518261909485,0.1218305304646492,-0.9906944036483765,-0.23632574081420898,-0.0061054229736328125,-0.227368721993101,1.6703262329101562,0.0,0.14812278747558594,-0.04273414611816406,0.11046724912163536,-8.175827026367188,0.0,0.009874820709228516,0.0061054229736328125,0.007407177355288997,-0.4981689453125,0.0,0.4409170150756836,-0.0061054229736328125,0.4089395529423311,-7.1794891357421875,0.0,-0.3258700370788574,0.04273414611816406,-0.19258564742903406,8.76190185546875,0.0,-0.15694332122802734,0.04273414611816406,-0.09191646824027168,2.8424911499023438,0.0,-0.11993646621704102,0.0061054229736328125,-0.15638591535598872,-7.706962585449219,0.0,0.027132034301757812,-0.04273414611816406,0.031111362282203413,1.0842514038085938,0.0,0.08983278274536133,0.0061054229736328125,0.07297932622009574,-3.369964599609375,0.0,0.4524216651916504,0.0061054229736328125,0.41267565874733003,-8.644683837890625,0.0,-0.45472288131713867,0.03052520751953125,-0.26859275069963956,12.043960571289062,0.0,-0.002972126007080078,0.04273414611816406,0.019001855909098062,0.9670333862304688,0.0,-0.027132034301757812,-0.0061054229736328125,-0.008824475595840812,4.0732574462890625,0.0,-0.07739652769160826,0.008759418384322063,-0.03884086265019959,8.287409366236561,0.0,-0.059405386940325884,0.013831984515176109,-0.024362753220672696,7.634040159124773,0.0,0.1747756004333496,-0.0061054229736328125,0.19851145338642256,1.4358978271484375,0.0,0.06567239761352539,-0.0061054229736328125,0.09510122317072578,1.8461532592773438,0.0,0.05666065216064453,0.0061054229736328125,0.05159426922341519,-0.14652252197265625,0.0,-0.14812326431274414,-0.04273414611816406,-0.15364486677391945,-0.26373291015625,0.0,0.024064064025878906,0.0061054229736328125,0.01629636684005193,-0.08791351318359375,0.0,0.01583099365234375,-0.0073261260986328125,0.010892436749268021,-0.07032966613769531,0.0,-0.11692237854003906,0.05128288269042969,-0.09598287117140283,0.16410446166992188,0.0,0.07928609848022461,0.07936477661132812,0.0950653408470507,0.9670333862304688,0.0,-0.11763572692871094,0.0061054229736328125,-0.14456986539909997,-1.9633712768554688,0.0,-0.17803525924682617,0.04273414611816406,-0.17204571808890165,0.20513153076171875,0.0,-0.0917501449584961,-0.05494499206542969,-0.0970906944401464,0.02930450439453125,0.0,0.029049396514892578,0.0061054229736328125,0.021191556061487676,-0.08791351318359375,0.0,0.02269744873046875,0.0073261260986328125,0.01524941144897523,-0.0547027587890625,0.0,0.15812206268310547,-0.08058547973632812,0.1290452610948722,-0.28913307189941406,0.0,-0.2456800937652588,0.07671833038330078,-0.23173034470783566,0.0006105005741119385,0.0,0.0,0.0,0.0,0.0,0.0,nan,nan,nan,nan,nan,nan,nan,nan,nan,nan,0.09353117137256359,0.19167985022068024,-0.09166308492422104,-0.9771677255630493,-0.010807857848703861,-0.040643177926540375,0.010591465048491955,nan
1.6611,1789426376.9396,ramp,0,0.027733,0.004502000481819245,-0.03507944916176795,-0.0022955288664992623,-0.020853420719504356,-0.05656476691365242,0.12182311713695526,-0.9907192587852478,-0.23632574081420898,-0.0061054229736328125,-0.22720272161700505,1.7289352416992188,0.0,0.1473560333251953,-0.04273414611816406,0.10979722854479164,-8.23443603515625,0.0,0.009874820709228516,0.0061054229736328125,0.007362250363046168,-0.20513153076171875,0.0,0.4409170150756836,-0.0061054229736328125,0.4088853316190598,-7.003662109375,0.0,-0.3251032829284668,0.04273414611816406,-0.19263061795942055,8.703300476074219,0.0,-0.15617609024047852,0.04273414611816406,-0.09135896431434364,2.8424911499023438,0.0,-0.11993646621704102,0.0061054229736328125,-0.15665044929143895,-7.8241729736328125,0.0,0.026364803314208984,-0.04273414611816406,0.030922661530908675,0.9084243774414062,0.0,0.08964061737060547,0.0061054229736328125,0.07253668235378734,-3.6043930053710938,0.0,0.4524216651916504,0.0061054229736328125,0.41259877670075373,-8.644683837890625,0.0,-0.4541473388671875,0.03052520751953125,-0.26817671288970324,12.043960571289062,0.0,-0.00220489501953125,0.04273414611816406,0.01888660333823612,0.9670333862304688,0.0,-0.027132034301757812,-0.0061054229736328125,-0.00877095221876678,3.7802200317382812,0.0,-0.07711944924852548,0.01317262981758992,-0.03860527991047427,8.208800152703166,0.0,-0.05912039187779818,0.018375972026965372,-0.02421498502606108,7.706239564348441,0.0,0.1747756004333496,-0.0061054229736328125,0.19852048193438981,1.4945068359375,0.0,0.06567239761352539,-0.0061054229736328125,0.09513093588921459,1.9047622680664062,0.0,0.05666065216064453,-0.0061054229736328125,0.05128133283455989,-0.08791351318359375,0.0,-0.14889001846313477,-0.03052520751953125,-0.15453255936656712,-0.26373291015625,0.0,0.024064064025878906,0.0061054229736328125,0.016197523959492775,-0.08791351318359375,0.0,0.01583099365234375,-0.0073261260986328125,0.010826370500565275,-0.07032966613769531,0.0,-0.11615943908691406,0.03663063049316406,-0.09540070316033407,0.16410446166992188,0.0,0.08062887191772461,0.09157562255859375,0.09570180444519784,0.7912063598632812,0.0,-0.11763572692871094,0.0061054229736328125,-0.14429953436285536,-1.9047622680664062,0.0,-0.17726802825927734,0.04273414611816406,-0.17100220363376673,0.20513153076171875,0.0,-0.09270858764648438,-0.04273414611816406,-0.09832140688230867,0.02930450439453125,0.0,0.029049396514892578,0.0061054229736328125,0.021063022231511522,-0.14652252197265625,0.0,0.02269744873046875,0.0073261260986328125,0.015156918700791383,-0.0547027587890625,0.0,0.15621376037597656,-0.09523773193359375,0.12826255870149106,-0.27350425720214844,0.0,-0.24376273155212402,0.07671833038330078,-0.23032482315762148,0.0008547008037567139,0.0,0.0,0.0,0.0,0.0,0.0,nan,nan,nan,nan,nan,nan,nan,nan,nan,nan,0.09319275673870833,0.19062818586826324,-0.0913514569401741,-0.9774025678634644,-0.01512182503938675,-0.04793383181095123,0.004818364977836609,nan
1.6812,1789426376.9596,ramp,0,0.027699,-0.003936766646767569,-0.04206859503111226,0.001474238594494598,-0.020793821662664413,-0.05621485039591789,0.12181861698627472,-0.9907410740852356,-0.23632574081420898,-0.0061054229736328125,-0.2270391191658238,1.9633712768554688,0.0,0.14678096771240234,-0.04273414611816406,0.10913688661490265,-8.058609008789062,0.0,0.009874820709228516,-0.0061054229736328125,0.007317972354598291,-0.380950927734375,0.0,0.4409170150756836,-0.0061054229736328125,0.40883189353896576,-7.355308532714844,0.0,-0.32452821731567383,0.04273414611816406,-0.19267493887709064,8.703300476074219,0.0,-0.15560102462768555,0.04273414611816406,-0.09080951369880845,2.8424911499023438,0.0,-0.11993646621704102,0.0061054229736328125,-0.15691116195533839,-7.882781982421875,0.0,0.02559804916381836,-0.04273414611816406,0.030736686618215006,1.1428604125976562,0.0,0.08964061737060547,0.0061054229736328125,0.07210043261007268,-3.6043930053710938,0.0,0.4524216651916504,0.0061054229736328125,0.41252300523825747,-8.703292846679688,0.0,-0.4533805847167969,0.03052520751953125,-0.2677666848699456,12.043960571289062,0.0,-0.001438140869140625,0.04273414611816406,0.018773015625115193,0.8498153686523438,0.0,-0.027132034301757812,-0.0061054229736328125,-0.008718202002829026,3.9560470581054688,0.0,-0.0769114505266584,0.013173778892893756,-0.038373100233647664,8.20705549042771,0.0,-0.05890638402920438,0.018381277912370465,-0.02406935138706791,7.704752335950451,0.0,0.1747756004333496,-0.0061054229736328125,0.19852938006229043,1.4945068359375,0.0,0.06567239761352539,-0.0061054229736328125,0.095160219398628,1.7875442504882812,0.0,0.056468963623046875,-0.0061054229736328125,0.05097291690512285,-0.14652252197265625,0.0,-0.14946508407592773,-0.04273414611816406,-0.1554074289751074,-0.20513153076171875,0.0,0.02387237548828125,0.0061054229736328125,0.01610010889380675,-0.08791351318359375,0.0,0.01583099365234375,-0.0073261260986328125,0.01076125859851831,-0.07032966613769531,0.0,-0.11539649963378906,0.0073261260986328125,-0.09482694473972,0.1797332763671875,0.0,0.08216285705566406,0.09157562255859375,0.09632907413695035,0.7912063598632812,0.0,-0.11763572692871094,0.0061054229736328125,-0.1440331083390106,-1.8461532592773438,0.0,-0.17669296264648438,0.04273414611816406,-0.16997376305599088,0.26373291015625,0.0,-0.09385919570922852,-0.06715583801269531,-0.09953434131638864,0.02930450439453125,0.0,0.029049396514892578,0.0061054229736328125,0.020936345111023213,-0.02930450439453125,0.0,0.02269744873046875,0.0073261260986328125,0.015065762037925636,-0.0547027587890625,0.0,0.15545082092285156,-0.03663063049316406,0.12749116267749314,-0.3047618865966797,0.0,-0.24280405044555664,0.05216789245605469,-0.2289396047851632,0.0037851035594940186,0.0,0.0,0.0,0.0,0.0,0.0,nan,nan,nan,nan,nan,nan,nan,nan,nan,nan,0.09290782594783331,0.18973612785339355,-0.09108898788690567,-0.977600634098053,-0.02404146082699299,-0.054450441151857376,0.008327286690473557,nan
1.7001,1789426376.9783,ramp,0,0.027654,-0.0002577131754231134,-0.0375122010444741,-0.0014757859066923935,-0.02073177695274353,-0.05588773265480995,0.12181726843118668,-0.9907609224319458,-0.23632574081420898,-0.0061054229736328125,-0.22688500254958416,1.9047622680664062,0.0,0.14639711380004883,-0.04273414611816406,0.10851483197537333,-8.23443603515625,0.0,0.009874820709228516,0.0061054229736328125,0.007276261629688317,-0.5567779541015625,0.0,0.4409170150756836,-0.0061054229736328125,0.40878155385259185,-7.120880126953125,0.0,-0.323760986328125,0.04273414611816406,-0.19271669002330288,8.644691467285156,0.0,-0.15483379364013672,0.04273414611816406,-0.0902919207835087,2.8424911499023438,0.0,-0.11993646621704102,0.0061054229736328125,-0.15715675823632863,-7.882781982421875,0.0,0.02502298355102539,-0.04273414611816406,0.030561494718320655,1.26007080078125,0.0,0.08964061737060547,-0.0061054229736328125,0.07168947706600054,-3.5457839965820312,0.0,0.4524216651916504,0.0061054229736328125,0.4124516270814931,-8.410263061523438,0.0,-0.45261335372924805,0.03052520751953125,-0.26738043068785816,11.9853515625,0.0,-0.0006709098815917969,0.04273414611816406,0.018666013842035516,0.8498153686523438,0.0,-0.0267486572265625,0.0061054229736328125,-0.008668510297554808,3.7802200317382812,0.0,-0.07670360903886646,0.013174929699832761,-0.03815438256839401,8.205312347724632,0.0,-0.058692481242131625,0.01838658156727671,-0.023932161733182893,7.703265256839783,0.0,0.1747756004333496,-0.0061054229736328125,0.19853776226777087,1.4945068359375,0.0,0.06567239761352539,-0.0061054229736328125,0.09518780502066378,1.7875442504882812,0.0,0.05627727508544922,-0.0061054229736328125,0.05068238324198971,-0.08791351318359375,0.0,-0.15023231506347656,-0.05494499206542969,-0.15623157276235278,-0.20513153076171875,0.0,0.02387237548828125,0.0061054229736328125,0.016008342051770482,-0.08791351318359375,0.0,0.01583099365234375,-0.0073261260986328125,0.010699921950149335,-0.08595848083496094,0.0,-0.11539649963378906,-0.0073261260986328125,-0.09428645341036887,0.19536209106445312,0.0,0.08350515365600586,0.07936477661132812,0.0969199741000291,0.7912063598632812,0.0,-0.11744403839111328,0.0061054229736328125,-0.1437821299644405,-1.8461532592773438,0.0,-0.1761178970336914,0.05494499206542969,-0.16900495249902198,0.26373291015625,0.0,-0.09443426132202148,-0.05494499206542969,-0.10067694859000387,0.02930450439453125,0.0,0.029049396514892578,0.0061054229736328125,0.0208170128576023,-0.08791351318359375,0.0,0.02269744873046875,0.0073261260986328125,0.01497989073020907,-0.0547027587890625,0.0,0.15468788146972656,-0.05128288269042969,0.12676449297211334,-0.3047618865966797,0.0,-0.24146175384521484,0.07058048248291016,-0.2276347027694851,0.0006105005741119385,0.0,0.0,0.0,0.0,0.0,0.0,nan,nan,nan,nan,nan,nan,nan,nan,nan,nan,0.0925403622984264,0.18892326951026917,-0.09074423462152481,-0.977790117263794,-0.019994767382740974,-0.05019229277968407,-0.006809068378061056,nan
1.7212,1789426376.9999,ramp,0,0.027591,0.002687308991174341,-0.03777455154017133,0.001966708444729477,-0.020652329549193382,-0.05549650266766548,0.12180507183074951,-0.9907861351966858,-0.23632574081420898,-0.0061054229736328125,-0.22671316195840818,1.9047622680664062,0.0,0.14543867111206055,-0.04273414611816406,0.1078212387755702,-8.175827026367188,0.0,0.009874820709228516,-0.0061054229736328125,0.00722975401875191,-0.3223419189453125,0.0,0.4409170150756836,-0.0061054229736328125,0.4087254249180412,-7.23809814453125,0.0,-0.3229942321777344,0.04273414611816406,-0.19276324270413925,8.644691467285156,0.0,-0.15425872802734375,0.04273414611816406,-0.0897148027885528,2.7838821411132812,0.0,-0.11993646621704102,0.0061054229736328125,-0.1574305989885183,-8.058609008789062,0.0,0.024255752563476562,-0.04273414611816406,0.030366155108733858,1.4358978271484375,0.0,0.08944892883300781,0.0061054229736328125,0.07123126013025756,-3.7802200317382812,0.0,0.4524216651916504,0.0061054229736328125,0.4123720401754559,-8.820510864257812,0.0,-0.45165491104125977,0.03052520751953125,-0.2669497558611355,11.9853515625,0.0,-9.584426879882812e-05,0.04273414611816406,0.018546706462273778,0.8498153686523438,0.0,-0.026556968688964844,0.0061054229736328125,-0.008613103864301776,3.9560470581054688,0.0,-0.07614311425985425,0.01759032061760139,-0.03791051157112674,7.9670942047316995,0.0,-0.05857005113036899,0.022942179811059584,-0.02377919476698521,7.771728293311774,0.0,0.1747756004333496,-0.0061054229736328125,0.19854710845756057,1.4358978271484375,0.0,0.06586408615112305,-0.0061054229736328125,0.09521856309019741,1.7875442504882812,0.0,0.055893898010253906,-0.0061054229736328125,0.050358437144239335,-0.14652252197265625,0.0,-0.15119075775146484,-0.06715583801269531,-0.15715049610150816,-0.20513153076171875,0.0,0.02387237548828125,0.0061054229736328125,0.01590602168703223,-0.08791351318359375,0.0,0.01583099365234375,-0.0073261260986328125,0.01063153136272501,-0.08595848083496094,0.0,-0.11539649963378906,0.0073261260986328125,-0.09368380359993717,0.19536209106445312,0.0,0.08484745025634766,0.07936477661132812,0.09757882972156334,0.7325973510742188,0.0,-0.11706018447875977,0.0061054229736328125,-0.14350228815821084,-1.9047622680664062,0.0,-0.17535066604614258,0.03052520751953125,-0.16792472518214263,0.3223419189453125,0.0,-0.0948176383972168,-0.04273414611816406,-0.10195095988204211,-0.08791351318359375,0.0,0.029049396514892578,0.0061054229736328125,0.02068395695828041,-0.08791351318359375,0.0,0.02269744873046875,0.0073261260986328125,0.014884143907815013,-0.0547027587890625,0.0,0.15354347229003906,-0.0659332275390625,0.1259542535909944,-0.28913307189941406,0.0,-0.2399275302886963,0.07671833038330078,-0.22617973224604596,0.0025641024112701416,0.0,0.0,0.0,0.0,0.0,0.0,nan,nan,nan,nan,nan,nan,nan,nan,nan,nan,0.0922643912240637,0.18761587142944336,-0.09049747884273529,-0.9780646562576294,-0.02197187766432762,-0.05462079495191574,-0.00348376901820302,nan
1.7413,1789426377.0195,ramp,0,0.027549,-0.005308645968571726,-0.03859703139213947,0.0030812955864244424,-0.020586347207427025,-0.055130984634160995,0.12179549783468246,-0.9908090829849243,-0.23632574081420898,-0.0061054229736328125,-0.22654945652660685,1.9633712768554688,0.0,0.14486360549926758,-0.03052520751953125,0.10716048118918631,-8.23443603515625,0.0,0.00968313217163086,0.0061054229736328125,0.00718544813922549,-0.4395599365234375,0.0,0.4409170150756836,-0.0061054229736328125,0.40867195320100225,-7.120880126953125,0.0,-0.32222700119018555,0.04273414611816406,-0.1928075915198974,8.527473449707031,0.0,-0.15329980850219727,0.04273414611816406,-0.08916500631777712,2.7838821411132812,0.0,-0.11993646621704102,0.0061054229736328125,-0.15769147575968873,-8.117218017578125,0.0,0.023680686950683594,-0.03052520751953125,0.030180063132929622,1.4358978271484375,0.0,0.08944892883300781,0.0061054229736328125,0.07079473578632269,-3.8974380493164062,0.0,0.4524216651916504,0.0061054229736328125,0.4122962210181229,-8.644683837890625,0.0,-0.4510798454284668,0.03052520751953125,-0.26653946974659115,11.9853515625,0.0,0.0006709098815917969,0.04273414611816406,0.018433047250632825,0.7912063598632812,0.0,-0.026364803314208984,0.0061054229736328125,-0.008560320444399729,3.6630020141601562,0.0,-0.07544195164934442,0.0175925981410061,-0.0376781857473022,7.804988330294939,0.0,-0.05845463332414882,0.02295779685294374,-0.023633469457956895,7.765188534278145,0.0,0.1747756004333496,-0.0061054229736328125,0.19855601218644525,1.5531158447265625,0.0,0.06586408615112305,-0.0061054229736328125,0.09524786503230503,1.8461532592773438,0.0,0.05570220947265625,0.0061054229736328125,0.05004982708040252,-0.14652252197265625,0.0,-0.15214967727661133,-0.06715583801269531,-0.1580259164023769,-0.14652252197265625,0.0,0.02387237548828125,0.0061054229736328125,0.01580854530280361,-0.14652252197265625,0.0,0.01583099365234375,-0.0073261260986328125,0.01056637847557055,-0.08595848083496094,0.0,-0.11501502990722656,-0.0073261260986328125,-0.09310968402337762,0.21099090576171875,0.0,0.0859975814819336,0.06715583801269531,0.09820649425227673,0.7912063598632812,0.0,-0.11686849594116211,0.0061054229736328125,-0.1432356944307837,-1.8461532592773438,0.0,-0.1747756004333496,0.04273414611816406,-0.1668956372457993,0.3223419189453125,0.0,-0.09500932693481445,-0.06715583801269531,-0.10316465780553957,-0.14652252197265625,0.0,0.029049396514892578,0.0061054229736328125,0.02055720010006002,-0.08791351318359375,0.0,0.02269744873046875,0.0073261260986328125,0.01479292986579877,-0.0547027587890625,0.0,0.15201759338378906,-0.08058547973632812,0.12518237200678442,-0.27350425720214844,0.0,-0.23868107795715332,0.07671833038330078,-0.22479364193893187,0.0003663003444671631,0.0,0.0,0.0,0.0,0.0,0.0,nan,nan,nan,nan,nan,nan,nan,nan,nan,nan,0.09201240392680693,0.1862231194972992,-0.0902753695845604,-0.9783512949943542,-0.030052674934267998,-0.05517062544822693,-0.002920116065070033,nan
1.7612,1789426377.0396,ramp,0,0.027436,-0.0018618968011895336,-0.038854675582847824,-0.0019923694582486113,-0.020484136417508125,-0.05475517362356186,0.12178722023963928,-0.990833044052124,-0.23632574081420898,-0.0061054229736328125,-0.2263867576570434,2.139190673828125,0.0,0.14447975158691406,-0.03052520751953125,0.10650378634908736,-8.175827026367188,0.0,0.00968313217163086,-0.0061054229736328125,0.007141414679647257,-0.3223419189453125,0.0,0.4409170150756836,-0.0061054229736328125,0.4086188102611491,-7.413917541503906,0.0,-0.3214602470397949,0.04273414611816406,-0.1928516676517088,8.527473449707031,0.0,-0.1527247428894043,0.03052520751953125,-0.08861859033572399,2.7838821411132812,0.0,-0.11993646621704102,0.0061054229736328125,-0.15795074849913143,-8.058609008789062,0.0,0.02329730987548828,-0.03052520751953125,0.029995115365680745,1.4945068359375,0.0,0.08925724029541016,0.0061054229736328125,0.07036089546402167,-3.9560470581054688,0.0,0.4524216651916504,0.0061054229736328125,0.4122208680438595,-8.586074829101562,0.0,-0.45031261444091797,0.03052520751953125,-0.2661317063248195,11.9853515625,0.0,0.0012464523315429688,0.03052520751953125,0.018320086886117287,0.7912063598632812,0.0,-0.026173114776611328,0.0061054229736328125,-0.008507861569607011,3.7802200317382812,0.0,-0.0748120208769046,0.017595056855955554,-0.03744728840632385,7.795249737428696,0.0,-0.05826045719793569,0.022972938493027676,-0.023488640158251934,7.610942939258836,0.0,0.1747756004333496,-0.0061054229736328125,0.1985648611696983,1.4358978271484375,0.0,0.06586408615112305,-0.0061054229736328125,0.09527698680795085,1.7875442504882812,0.0,0.05551004409790039,-0.0061054229736328125,0.049743114542097296,-0.14652252197265625,0.0,-0.15330028533935547,-0.05494499206542969,-0.1588959540778344,-0.20513153076171875,0.0,0.02387237548828125,0.0061054229736328125,0.015711668263669248,-0.08791351318359375,0.0,0.01583099365234375,-0.0073261260986328125,0.010501626188659952,-0.08595848083496094,0.0,-0.11501502990722656,-0.0073261260986328125,-0.09253909448903753,0.21099090576171875,0.0,0.08733987808227539,0.06715583801269531,0.09883029951327778,0.615386962890625,0.0,-0.1164851188659668,0.018314361572265625,-0.14297073988646702,-1.9047622680664062,0.0,-0.1743922233581543,0.03052520751953125,-0.16587287677852547,0.3223419189453125,0.0,-0.09558486938476562,-0.04273414611816406,-0.10437089316359496,-0.14652252197265625,0.0,0.029049396514892578,0.0061054229736328125,0.020431222621396426,-0.08791351318359375,0.0,0.02269744873046875,0.0073261260986328125,0.014702276664123933,-0.0547027587890625,0.0,0.15049171447753906,-0.08058547973632812,0.12441523642792238,-0.27350425720214844,0.0,-0.23714733123779297,0.06444263458251953,-0.22341607417224993,-0.0001221299171447754,0.0,0.0,0.0,0.0,0.0,0.0,nan,nan,nan,nan,nan,nan,nan,nan,nan,nan,0.09161314412411836,0.18487562239170074,-0.08990801870822906,-0.9786406755447388,-0.026255924254655838,-0.05583181977272034,-0.0076889777556061745,nan
1.7811,1789426377.0596,ramp,0,0.027304,-0.0021057513310269705,-0.037267398283646974,0.0025376408983578394,-0.02037546969950199,-0.054400455206632614,0.12179486453533173,-0.9908539056777954,-0.23651742935180664,-0.0061054229736328125,-0.22622472383534453,2.0805892944335938,0.0,0.1439046859741211,-0.03052520751953125,0.10584977581467657,-8.351646423339844,0.0,0.00968313217163086,-0.0061054229736328125,0.007097561211228994,-0.4395599365234375,0.0,0.4409170150756836,-0.0061054229736328125,0.4085658845483656,-7.531135559082031,0.0,-0.32088470458984375,0.04273414611816406,-0.19289556361793325,8.410255432128906,0.0,-0.15234136581420898,0.03052520751953125,-0.08807440788352243,2.8424911499023438,0.0,-0.11993646621704102,0.0061054229736328125,-0.15820896143537974,-8.351654052734375,0.0,0.02272176742553711,-0.03052520751953125,0.029810923590885777,1.5531158447265625,0.0,0.08925724029541016,0.0061054229736328125,0.06992882850732948,-4.131866455078125,0.0,0.4524216651916504,0.0061054229736328125,0.41214582308239756,-8.76190185546875,0.0,-0.44954586029052734,0.03052520751953125,-0.26572560967672354,11.926742553710938,0.0,0.0018215179443359375,0.03052520751953125,0.018207588258363622,0.8498153686523438,0.0,-0.025981426239013672,-0.0061054229736328125,-0.008455617125699694,3.7216110229492188,0.0,-0.07425333520026607,0.013182008257539391,-0.03721733488126719,7.792452118335487,0.0,-0.05798782374770432,0.018432582096383505,-0.023344402862761522,7.607333967820809,0.0,0.1747756004333496,0.0061054229736328125,0.19857367398184933,1.4358978271484375,0.0,0.06586408615112305,-0.0061054229736328125,0.09530598954543279,1.8461532592773438,0.0,0.05551004409790039,-0.0061054229736328125,0.04943765572189815,-0.14652252197265625,0.0,-0.1540670394897461,-0.04273414611816406,-0.15976243538747553,-0.20513153076171875,0.0,0.02387237548828125,0.0061054229736328125,0.015615187219099368,-0.08791351318359375,0.0,0.01583099365234375,-0.0073261260986328125,0.010437138583183504,-0.08595848083496094,0.0,-0.11501502990722656,-0.0073261260986328125,-0.09197083729635619,0.21099090576171875,0.0,0.08829879760742188,0.04273414611816406,0.09945155490802715,0.7325973510742188,0.0,-0.11610174179077148,0.018314361572265625,-0.1427068683702891,-1.9047622680664062,0.0,-0.17362499237060547,0.04273414611816406,-0.16485429694671924,0.3223419189453125,0.0,-0.09635162353515625,-0.04273414611816406,-0.10557219791425836,-0.14652252197265625,0.0,0.029049396514892578,0.0061054229736328125,0.020305760088247717,-0.08791351318359375,0.0,0.02269744873046875,0.0073261260986328125,0.014611994016456907,-0.0547027587890625,0.0,0.14972877502441406,-0.05128288269042969,0.12365123659228866,-0.27350425720214844,0.0,-0.23580503463745117,0.07671833038330078,-0.22204413735127693,0.002319902181625366,0.0,0.0,0.0,0.0,0.0,0.0,nan,nan,nan,nan,nan,nan,nan,nan,nan,nan,0.09111984822152093,0.18364056944847107,-0.08944632112979889,-0.9789154529571533,-0.0221280287951231,-0.049681611359119415,0.009262071922421455,nan
1.8001,1789426377.0784,ramp,0,0.027174,0.0031679198422914488,-0.0356164423060688,-0.002021921313709946,-0.0202727559953928,-0.054092731326818466,0.12179415673017502,-0.9908729195594788,-0.23651742935180664,-0.0061054229736328125,-0.2260698524868524,2.139190673828125,0.0,0.14371299743652344,-0.018314361572265625,0.10522467488000593,-8.527473449707031,0.0,0.009491443634033203,0.0061054229736328125,0.0070556462226248695,-0.4395599365234375,0.0,0.4409170150756836,-0.0061054229736328125,0.40851529834097533,-7.1794891357421875,0.0,-0.3201179504394531,0.04273414611816406,-0.1929375192257889,8.410255432128906,0.0,-0.15176630020141602,0.03052520751953125,-0.0875542802378584,2.8424911499023438,0.0,-0.11993646621704102,0.0061054229736328125,-0.15845576043830142,-8.293045043945312,0.0,0.022338390350341797,-0.03052520751953125,0.02963487374990469,1.611724853515625,0.0,0.08925724029541016,0.0061054229736328125,0.06951586045214071,-4.24908447265625,0.0,0.4524216651916504,0.0061054229736328125,0.41207409537606254,-8.703292846679688,0.0,-0.44897031784057617,0.018314361572265625,-0.26533746394980484,11.868133544921875,0.0,0.0023965835571289062,0.03052520751953125,0.018100062471456638,0.7325973510742188,0.0,-0.025981426239013672,-0.0061054229736328125,-0.008405682072669955,3.8974380493164062,0.0,-0.07390473037898428,0.013311141834459523,-0.036997546122706546,7.8739846572745185,0.0,-0.05777996074264302,0.008900423362054157,-0.0232065413705049,7.681168232951734,0.0,0.1747756004333496,0.0061054229736328125,0.1985820972362509,1.4358978271484375,0.0,0.06586408615112305,-0.0061054229736328125,0.0953337102584092,1.8461532592773438,0.0,0.055318355560302734,-0.0061054229736328125,0.0491456992717136,-0.14652252197265625,0.0,-0.15464210510253906,-0.05494499206542969,-0.16059061513081752,-0.20513153076171875,0.0,0.02387237548828125,0.0061054229736328125,0.015522970981033774,-0.08791351318359375,0.0,0.01583099365234375,-0.0073261260986328125,0.010375501560021,-0.08595848083496094,0.0,-0.11463356018066406,0.0073261260986328125,-0.09142769909966271,0.21099090576171875,0.0,0.08868217468261719,0.03052520751953125,0.10004534859711026,0.7325973510742188,0.0,-0.11552667617797852,0.03052520751953125,-0.14245466091686576,-1.9047622680664062,0.0,-0.17285823822021484,0.06715583801269531,-0.16388074197872113,0.26373291015625,0.0,-0.09692716598510742,-0.04273414611816406,-0.1067204007075673,-0.20513153076171875,0.0,0.029049396514892578,0.0061054229736328125,0.020185843446831445,-0.08791351318359375,0.0,0.02269744873046875,0.0073261260986328125,0.014525702184029403,-0.0547027587890625,0.0,0.14934730529785156,-0.021978378295898438,0.12292100827605351,-0.28913307189941406,0.0,-0.23446273803710938,0.07671833038330078,-0.2207328450341403,0.0006105005741119385,0.0,0.0,0.0,0.0,0.0,0.0,nan,nan,nan,nan,nan,nan,nan,nan,nan,nan,0.09074180531137348,0.18268448114395142,-0.08909238129854202,-0.9791266322135925,-0.006990301888436079,-0.04881978780031204,0.005720269866287708,nan
1.8211,1789426377.0998,ramp,0,0.027040,0.0009903344872160258,-0.027124416376943933,-0.0009280800408621023,-0.020165424793958664,-0.05375086888670921,0.12181184440851212,-0.9908915162086487,-0.23651742935180664,-0.0061054229736328125,-0.2258994903356385,2.139190673828125,0.0,0.14332962036132812,-0.018314361572265625,0.10453704904738312,-8.468864440917969,0.0,0.009299278259277344,0.0061054229736328125,0.007009538742472928,-0.26373291015625,0.0,0.4409170150756836,-0.0061054229736328125,0.4084596523147951,-7.1794891357421875,0.0,-0.31954288482666016,0.03052520751953125,-0.19298367138807943,8.351646423339844,0.0,-0.1513824462890625,0.018314361572265625,-0.08698212750926215,2.8424911499023438,0.0,-0.11993646621704102,0.0061054229736328125,-0.1587272451865428,-8.23443603515625,0.0,0.021955013275146484,-0.018314361572265625,0.029441214755375242,1.6703262329101562,0.0,0.08925724029541016,0.0061054229736328125,0.06906158581096548,-4.131866455078125,0.0,0.4524216651916504,0.0061054229736328125,0.41199519320034156,-8.703292846679688,0.0,-0.44820356369018555,0.018314361572265625,-0.26491049445760256,11.926742553710938,0.0,0.0025887489318847656,0.03052520751953125,0.01798178155928795,0.7325973510742188,0.0,-0.025789737701416016,-0.0061054229736328125,-0.008350752331707833,3.8388290405273438,0.0,-0.07362525113383643,0.008768714357016889,-0.03675577328295543,7.796217001817284,0.0,-0.057643734969758255,0.013887885011998925,-0.023054890464000447,7.753318193921201,0.0,0.1747756004333496,0.0061054229736328125,0.1985913630155835,1.4358978271484375,0.0,0.06586408615112305,-0.0061054229736328125,0.09536420369920263,1.9047622680664062,0.0,0.05512666702270508,-0.0061054229736328125,0.04882454026200338,-0.14652252197265625,0.0,-0.15560102462768555,-0.06715583801269531,-0.1615016324625656,-0.14652252197265625,0.0,0.02387237548828125,0.0061054229736328125,0.015421530935172047,-0.08791351318359375,0.0,0.01583099365234375,-0.0073261260986328125,0.010307699374770968,-0.08595848083496094,0.0,-0.11425209045410156,0.021978378295898438,-0.09083023421996708,0.21099090576171875,0.0,0.0890655517578125,0.018314361572265625,0.10069853571812629,0.8498153686523438,0.0,-0.11475944519042969,0.03052520751953125,-0.14217722674498234,-1.9633712768554688,0.0,-0.17189931869506836,0.06715583801269531,-0.16280980845687876,0.26373291015625,0.0,-0.0978856086730957,-0.04273414611816406,-0.1079834509734974,-0.20513153076171875,0.0,0.028857707977294922,0.0061054229736328125,0.020053932301245588,-0.08791351318359375,0.0,0.02269744873046875,0.0073261260986328125,0.014430779124679355,-0.0547027587890625,0.0,0.14858436584472656,-0.03663063049316406,0.12211773983394102,-0.28913307189941406,0.0,-0.2332162857055664,0.06444263458251953,-0.21929039242949327,0.0032967031002044678,0.0,0.0,0.0,0.0,0.0,0.0,nan,nan,nan,nan,nan,nan,nan,nan,nan,nan,0.09039858583370892,0.18174336850643158,-0.08877206593751907,-0.979330837726593,-0.013830900192260742,-0.03555671498179436,0.005791120231151581,nan
1.8402,1789426377.1185,ramp,0,0.026936,0.0012759147566218086,-0.028174436296329528,0.006245297409006707,-0.020076941698789597,-0.05346347391605377,0.12178558111190796,-0.9909120202064514,-0.23651742935180664,-0.0061054229736328125,-0.2257435383912984,2.139190673828125,0.0,0.14313793182373047,-0.018314361572265625,0.10390758654757373,-8.468864440917969,0.0,0.009299278259277344,-0.0061054229736328125,0.0069673312971742975,-0.26373291015625,0.0,0.4409170150756836,-0.0061054229736328125,0.4084087131483443,-7.120880126953125,0.0,-0.318967342376709,0.03052520751953125,-0.19302591973604538,8.351646423339844,0.0,-0.1509990692138672,0.018314361572265625,-0.08645837073671445,2.9597091674804688,0.0,-0.11993646621704102,0.0061054229736328125,-0.15897576619925158,-8.410263061523438,0.0,0.021763324737548828,-0.018314361572265625,0.029263936548211165,1.6703262329101562,0.0,0.0890655517578125,-0.0061054229736328125,0.06864573632179857,-4.131866455078125,0.0,0.4524216651916504,0.0061054229736328125,0.4119229650227289,-8.76190185546875,0.0,-0.44782018661499023,0.018314361572265625,-0.26451964049145815,11.868133544921875,0.0,0.002972126007080078,0.018314361572265625,0.017873505524384718,0.7325973510742188,0.0,-0.025789737701416016,-0.0061054229736328125,-0.00830046886296726,3.7216110229492188,0.0,-0.07327642527543254,0.008769713033110395,-0.03653445097527646,7.794217081663966,0.0,-0.05743547725057983,0.013893325694049689,-0.022916067060082444,7.750983942961319,0.0,0.1747756004333496,-0.0061054229736328125,0.19859984504221004,1.4945068359375,0.0,0.06586408615112305,-0.0061054229736328125,0.09539211783005548,1.8461532592773438,0.0,0.05493497848510742,-0.0061054229736328125,0.04853054672147944,-0.20513153076171875,0.0,-0.15694332122802734,-0.07936477661132812,-0.16233559072853784,-0.08791351318359375,0.0,0.02387237548828125,0.0061054229736328125,0.015328671269610404,-0.08791351318359375,0.0,0.01583099365234375,-0.0073261260986328125,0.010245632286835608,-0.08595848083496094,0.0,-0.11348915100097656,0.03663063049316406,-0.09028330634309105,0.19536209106445312,0.0,0.08925724029541016,0.018314361572265625,0.1012964725298801,0.8498153686523438,0.0,-0.11418437957763672,0.03052520751953125,-0.14192325954497156,-2.0219802856445312,0.0,-0.17094087600708008,0.04273414611816406,-0.16182946062844236,0.3223419189453125,0.0,-0.09865283966064453,-0.04273414611816406,-0.1091396652110352,-0.20513153076171875,0.0,0.028857707977294922,0.0061054229736328125,0.01993317895616476,-0.14652252197265625,0.0,0.02269744873046875,0.0073261260986328125,0.014343885201569852,-0.0547027587890625,0.0,0.14743995666503906,-0.05128288269042969,0.12138241643915013,-0.27350425720214844,0.0,-0.23197007179260254,0.07671833038330078,-0.21796995073096895,0.0001221001148223877,0.0,0.0,0.0,0.0,0.0,0.0,nan,nan,nan,nan,nan,nan,nan,nan,nan,nan,0.09004866887250682,0.180828258395195,-0.0884445458650589,-0.979529857635498,-0.014096283353865147,-0.03618771955370903,0.013012940995395184,nan
1.8610,1789426377.1393,ramp,0,0.026897,0.0007302083422036784,-0.023923810653535292,0.008906895452391475,-0.020015520974993706,-0.0531662292778492,0.12168093770742416,-0.9909422397613525,-0.2367091178894043,-0.0061054229736328125,-0.2255744088301138,2.1977996826171875,0.0,0.14275407791137695,-0.018314361572265625,0.1032249357680313,-8.468864440917969,0.0,0.009299278259277344,-0.018314361572265625,0.006921557410017666,-0.380950927734375,0.0,0.4409170150756836,-0.0061054229736328125,0.4083534697276522,-7.413917541503906,0.0,-0.318392276763916,0.03052520751953125,-0.19307173798206015,8.23443603515625,0.0,-0.15061569213867188,0.018314361572265625,-0.08589035759982606,2.9011001586914062,0.0,-0.11993646621704102,0.0061054229736328125,-0.15924528672368266,-8.644683837890625,0.0,0.021379470825195312,-0.018314361572265625,0.02907167869908895,1.7875442504882812,0.0,0.08887386322021484,-0.0061054229736328125,0.06819474841062342,-4.1904754638671875,0.0,0.4524216651916504,0.0061054229736328125,0.41184463371344976,-8.76190185546875,0.0,-0.44724464416503906,0.018314361572265625,-0.26409576017331926,11.926742553710938,0.0,0.0033555030822753906,0.018314361572265625,0.017756080388407848,0.6739959716796875,0.0,-0.025789737701416016,-0.0061054229736328125,-0.008245936545086138,3.5457839965820312,0.0,-0.07306642635594025,0.00877014582501596,-0.03629442739021312,7.953207638516375,0.0,-0.0573705146916254,0.013896242922398836,-0.022765513365569964,7.751769113116133,0.0,0.17496728897094727,-0.0061054229736328125,0.19860904378254873,1.4945068359375,0.0,0.06586408615112305,-0.0061054229736328125,0.09542239064724907,1.8461532592773438,0.0,0.054743289947509766,-0.0061054229736328125,0.048211711334653566,-0.20513153076171875,0.0,-0.15866899490356445,-0.09157562255859375,-0.1632400167436606,-0.02930450439453125,0.0,0.023680686950683594,0.0061054229736328125,0.01522796515430901,-0.14652252197265625,0.0,0.01583099365234375,-0.0073261260986328125,0.010178320658302004,-0.08595848083496094,0.0,-0.11348915100097656,-0.0073261260986328125,-0.08969016419146805,0.22661972045898438,0.0,0.08925724029541016,0.018314361572265625,0.10194493376591,0.8498153686523438,0.0,-0.11341714859008789,0.03052520751953125,-0.14164783264167224,-2.0219802856445312,0.0,-0.17017364501953125,0.05494499206542969,-0.16076627543550787,0.380950927734375,0.0,-0.09961128234863281,-0.04273414611816406,-0.11039357716101197,-0.20513153076171875,0.0,0.028857707977294922,0.0061054229736328125,0.01980222220309885,-0.08791351318359375,0.0,0.02269744873046875,0.0073261260986328125,0.014249648921622806,-0.0547027587890625,0.0,0.14629554748535156,-0.0659332275390625,0.12058495973788227,-0.2578754425048828,0.0,-0.2301483154296875,0.07058048248291016,-0.21653793443911523,0.0013431012630462646,0.0,0.0,0.0,0.0,0.0,0.0,nan,nan,nan,nan,nan,nan,nan,nan,nan,nan,0.08991470122000157,0.18002741038799286,-0.08832651376724243,-0.9796879887580872,-0.014704467728734016,-0.03177526593208313,0.01538090780377388,nan
1.8809,1789426377.1591,ramp,0,0.026853,-0.0002842001524898022,-0.027145370045176895,0.010501239491156745,-0.019956283271312714,-0.05289999395608902,0.1215912476181984,-0.990968644618988,-0.23690080642700195,-0.0061054229736328125,-0.2254120501713669,2.1977996826171875,0.0,0.14237070083618164,-0.018314361572265625,0.10256961410703537,-8.820510864257812,0.0,0.008915901184082031,-0.0061054229736328125,0.0068776160264279055,-0.14652252197265625,0.0,0.4409170150756836,-0.0061054229736328125,0.40830043791212955,-7.1794891357421875,0.0,-0.31781721115112305,0.03052520751953125,-0.1931157219486535,8.175827026367188,0.0,-0.15042400360107422,0.018314361572265625,-0.08534508419871359,2.9011001586914062,0.0,-0.11993646621704102,0.0061054229736328125,-0.15950401731190678,-8.586074829101562,0.0,0.021187782287597656,-0.018314361572265625,0.028887117666124597,1.7289352416992188,0.0,0.08849048614501953,-0.0061054229736328125,0.06776181526838272,-4.4249114990234375,0.0,0.4524216651916504,0.0061054229736328125,0.4117694383057199,-8.586074829101562,0.0,-0.44686126708984375,0.0061054229736328125,-0.2636888494036099,11.868133544921875,0.0,0.003547191619873047,0.018314361572265625,0.01764335622920801,0.7325973510742188,0.0,-0.02559804916381836,0.0061054229736328125,-0.008193587364212477,3.6043930053710938,0.0,-0.07278905525943398,0.008771282840712744,-0.03606401286619056,7.867443290483867,0.0,-0.0570839986749083,0.013901287596935475,-0.022620986910589398,7.673723330077988,0.0,0.17496728897094727,-0.0061054229736328125,0.19861787426217095,1.4945068359375,0.0,0.06586408615112305,-0.0061054229736328125,0.09545145152792311,1.8461532592773438,0.0,0.0541682243347168,-0.0061054229736328125,0.04790564014636743,-0.14652252197265625,0.0,-0.1602029800415039,-0.10378456115722656,-0.16410823513033762,-0.02930450439453125,0.0,0.023680686950683594,0.0061054229736328125,0.015131290689517525,-0.08791351318359375,0.0,0.01583099365234375,-0.0073261260986328125,0.010113703771400407,-0.08595848083496094,0.0,-0.11348915100097656,-0.0073261260986328125,-0.08912076778607786,0.22661972045898438,0.0,0.08925724029541016,0.018314361572265625,0.10256743462143003,0.8498153686523438,0.0,-0.11245870590209961,0.03052520751953125,-0.1413834321294893,-2.0219802856445312,0.0,-0.16940641403198242,0.05494499206542969,-0.1597456536073938,0.3223419189453125,0.0,-0.1005702018737793,-0.04273414611816406,-0.11159729022547546,-0.26373291015625,0.0,0.028857707977294922,0.0061054229736328125,0.01967650814913512,-0.14652252197265625,0.0,0.02269744873046875,0.0073261260986328125,0.014159185279960568,-0.0547027587890625,0.0,0.14515113830566406,-0.05128288269042969,0.11981942827478564,-0.2578754425048828,0.0,-0.22899794578552246,0.06444263458251953,-0.21516324722996888,0.0013431012630462646,0.0,0.0,0.0,0.0,0.0,0.0,nan,nan,nan,nan,nan,nan,nan,nan,nan,nan,0.0895165436479263,0.17924606800079346,-0.08794918656349182,-0.9798651933670044,-0.01592092029750347,-0.0348772369325161,0.004863937385380268,nan
1.9013,1789426377.1795,ramp,0,0.026857,-0.0016535481383774674,-0.02289673137022721,0.009191275283730703,-0.01992746628820896,-0.05269728600978851,0.12147703766822815,-0.9909940361976624,-0.23690080642700195,-0.0061054229736328125,-0.22524582298534548,2.3150177001953125,0.0,0.14198732376098633,-0.018314361572265625,0.1018986780665,-8.820510864257812,0.0,0.008724212646484375,-0.0061054229736328125,0.006832627649458107,-0.26373291015625,0.0,0.4409170150756836,-0.0061054229736328125,0.4082461425050847,-7.296699523925781,0.0,-0.3172416687011719,0.03052520751953125,-0.1931607539232541,8.23443603515625,0.0,-0.15023231506347656,0.018314361572265625,-0.08478681854304203,2.9011001586914062,0.0,-0.11993646621704102,0.0061054229736328125,-0.15976891268582843,-8.644683837890625,0.0,0.020804405212402344,-0.018314361572265625,0.028698159088887835,1.7289352416992188,0.0,0.08829879760742188,-0.0061054229736328125,0.06731856660812927,-4.366302490234375,0.0,0.4524216651916504,0.0061054229736328125,0.4116924512135307,-8.879119873046875,0.0,-0.4466695785522461,0.018314361572265625,-0.26327224315216224,11.926742553710938,0.0,0.003738880157470703,0.018314361572265625,0.01752794618625097,0.6739959716796875,0.0,-0.025406360626220703,0.0061054229736328125,-0.008139990856983848,3.5457839965820312,0.0,-0.07265018685731026,0.013188850317560601,-0.03582810824464243,7.8662890322543815,0.0,-0.056940514101978514,0.018468028178412005,-0.022473016817078518,7.672734308302742,0.0,0.17496728897094727,-0.0061054229736328125,0.19862691514603975,1.4945068359375,0.0,0.06586408615112305,-0.0061054229736328125,0.09548120484354568,1.8461532592773438,0.0,0.05397653579711914,-0.0061054229736328125,0.04759227618571555,-0.14652252197265625,0.0,-0.16250371932983398,-0.11599540710449219,-0.16499714059668805,0.08791351318359375,0.0,0.023680686950683594,0.0061054229736328125,0.015032312757780155,-0.08791351318359375,0.0,0.01583099365234375,-0.0073261260986328125,0.010047547254944666,-0.08595848083496094,0.0,-0.11310768127441406,0.0073261260986328125,-0.08853780434618946,0.22661972045898438,0.0,0.08944892883300781,0.018314361572265625,0.10320476783363877,0.9670333862304688,0.0,-0.11188316345214844,0.03052520751953125,-0.14111273173406835,-2.0805892944335938,0.0,-0.1686391830444336,0.04273414611816406,-0.15870071337575528,0.3223419189453125,0.0,-0.10152864456176758,-0.05494499206542969,-0.11282968421682388,-0.26373291015625,0.0,0.028857707977294922,0.0061054229736328125,0.01954779870059058,-0.14652252197265625,0.0,0.02269744873046875,0.0073261260986328125,0.014066566156922533,-0.0547027587890625,0.0,0.14400672912597656,-0.0659332275390625,0.11903565645809533,-0.2578754425048828,0.0,-0.22765564918518066,0.07058048248291016,-0.21375580528508095,0.0003663003444671631,0.0,0.0,0.0,0.0,0.0,0.0,nan,nan,nan,nan,nan,nan,nan,nan,nan,nan,0.08932175671264812,0.178725004196167,-0.08776678144931793,-0.9799767136573792,-0.021724913269281387,-0.03498480096459389,0.0028858096338808537,nan
1.9212,1789426377.1999,ramp,0,0.026790,-0.001633033995754101,-0.028738604086722196,0.008122608555376701,-0.019860049709677696,-0.0524526946246624,0.12140269577503204,-0.9910174608230591,-0.23690080642700195,-0.0061054229736328125,-0.22508339784543807,2.4322357177734375,0.0,0.14179563522338867,-0.018314361572265625,0.1012430880702955,-8.937728881835938,0.0,0.008532524108886719,0.0061054229736328125,0.006788668273146554,-0.20513153076171875,0.0,0.44072532653808594,-0.018314361572265625,0.4081930889745722,-7.1794891357421875,0.0,-0.31685829162597656,0.03052520751953125,-0.19320475590000577,8.117218017578125,0.0,-0.1500406265258789,0.018314361572265625,-0.08424132186829078,2.8424911499023438,0.0,-0.11993646621704102,0.0061054229736328125,-0.1600277492167224,-8.644683837890625,0.0,0.020612716674804688,-0.018314361572265625,0.028513522483534805,1.7289352416992188,0.0,0.08810710906982422,-0.0061054229736328125,0.06688545619232668,-4.3076934814453125,0.0,0.4524216651916504,0.0061054229736328125,0.41161722501546294,-8.937728881835938,0.0,-0.4462862014770508,0.018314361572265625,-0.2628651657642977,11.926742553710938,0.0,0.004122257232666016,0.018314361572265625,0.017415175869778192,0.6739959716796875,0.0,-0.02502298355102539,0.0061054229736328125,-0.008087620240639326,3.6043930053710938,0.0,-0.07244213005285327,0.01319003694607988,-0.03559759937255686,7.940974572183215,0.0,-0.05672549417512062,0.018473353561049653,-0.022328431182707508,7.597321231619442,0.0,0.17496728897094727,-0.0061054229736328125,0.1986357492414872,1.4358978271484375,0.0,0.06586408615112305,-0.0061054229736328125,0.09551027762380727,1.8461532592773438,0.0,0.05378437042236328,-0.018314361572265625,0.04728607967015727,-0.14652252197265625,0.0,-0.16480445861816406,-0.14041519165039062,-0.1658657144936065,0.14652252197265625,0.0,0.023680686950683594,0.0061054229736328125,0.014935598707599971,-0.08791351318359375,0.0,0.01583099365234375,-0.0073261260986328125,0.009982903909302489,-0.08595848083496094,0.0,-0.11272621154785156,0.0073261260986328125,-0.0879681747894901,0.22661972045898438,0.0,0.08944892883300781,0.0061054229736328125,0.10382752358519971,0.9670333862304688,0.0,-0.11130809783935547,0.03052520751953125,-0.14084822295754626,-2.0805892944335938,0.0,-0.16787242889404297,0.05494499206542969,-0.15767967363261196,0.380950927734375,0.0,-0.10287094116210938,-0.06715583801269531,-0.11403389016686623,-0.20513153076171875,0.0,0.028857707977294922,0.0061054229736328125,0.019422033170368856,-0.14652252197265625,0.0,0.02269744873046875,0.0073261260986328125,0.013976065473023486,-0.07033157348632812,0.0,0.14324378967285156,-0.03663063049316406,0.11826981153207348,-0.2578754425048828,0.0,-0.22631359100341797,0.07058048248291016,-0.21238055518140367,0.0037851035594940186,0.0,0.0,0.0,0.0,0.0,0.0,nan,nan,nan,nan,nan,nan,nan,nan,nan,nan,0.08894253781743074,0.1780671775341034,-0.0874057412147522,-0.9801287055015564,-0.02178843319416046,-0.04088955000042915,0.0021526392083615065,nan
1.9404,1789426377.2186,ramp,0,0.026795,0.005510274310820545,-0.020416862342172673,0.01154398669211236,-0.01983615569770336,-0.05226989835500717,0.12131959944963455,-0.9910377860069275,-0.23690080642700195,-0.0061054229736328125,-0.22492745893661503,2.4322357177734375,0.0,0.14179563522338867,-0.018314361572265625,0.10061367818521413,-8.937728881835938,0.0,0.008340835571289062,-0.0061054229736328125,0.00674646435583133,-0.20513153076171875,0.0,0.44072532653808594,-0.018314361572265625,0.408142154065961,-7.23809814453125,0.0,-0.3162832260131836,0.03052520751953125,-0.19324700071656936,8.175827026367188,0.0,-0.14984846115112305,0.018314361572265625,-0.08371760887487233,2.9597091674804688,0.0,-0.11993646621704102,0.0061054229736328125,-0.16027624945636604,-8.586074829101562,0.0,0.020612716674804688,-0.018314361572265625,0.02833625909448087,1.6703262329101562,0.0,0.08791494369506836,-0.0061054229736328125,0.06646964146266932,-4.3076934814453125,0.0,0.4524216651916504,0.0061054229736328125,0.41154500287516926,-8.76190185546875,0.0,-0.44590282440185547,0.0061054229736328125,-0.26247434446836815,11.868133544921875,0.0,0.004314422607421875,0.018314361572265625,0.017306908885317406,0.6739959716796875,0.0,-0.024831295013427734,-0.0061054229736328125,-0.008037340974930756,3.7802200317382812,0.0,-0.07216469674336179,0.01319162320116085,-0.03537629556449149,7.85530146690475,0.0,-0.056438688153756515,0.01848045733198717,-0.022189619382587414,7.519346718474544,0.0,0.17515897750854492,-0.0061054229736328125,0.1986442305591286,1.4358978271484375,0.0,0.06586408615112305,-0.0061054229736328125,0.09553818942140849,1.9047622680664062,0.0,0.053592681884765625,-0.0061054229736328125,0.0469921107035995,-0.14652252197265625,0.0,-0.16748905181884766,-0.128204345703125,-0.1666996030517131,0.3223419189453125,0.0,0.023680686950683594,0.0061054229736328125,0.014842746803876481,-0.08791351318359375,0.0,0.01583099365234375,-0.0073261260986328125,0.009920842009353628,-0.08595848083496094,0.0,-0.11234474182128906,0.0073261260986328125,-0.08742129262854072,0.22661972045898438,0.0,0.08944892883300781,0.018314361572265625,0.10442541041735548,1.0256423950195312,0.0,-0.1107325553894043,0.03052520751953125,-0.1405942769858297,-2.139190673828125,0.0,-0.16710567474365234,0.05494499206542969,-0.1566994077482697,0.4395599365234375,0.0,-0.10440492630004883,-0.07936477661132812,-0.11519000776020732,-0.14652252197265625,0.0,0.028857707977294922,0.0061054229736328125,0.01930128991866835,-0.08791351318359375,0.0,0.02269744873046875,0.0073261260986328125,0.01388917881309508,-0.07033157348632812,0.0,0.14286231994628906,-0.03663063049316406,0.11753454960057934,-0.27350425720214844,0.0,-0.22477936744689941,0.07671833038330078,-0.2110602238543166,-0.0001221299171447754,0.0,0.0,0.0,0.0,0.0,0.0,nan,nan,nan,nan,nan,nan,nan,nan,nan,nan,0.08860080243819642,0.17745527625083923,-0.08708056807518005,-0.980268657207489,-0.014663695357739925,-0.03257075697183609,0.017814544960856438,nan
1.9611,1789426377.2393,ramp,0,0.026876,-0.001132048141777611,-0.0172928110568335,0.020362456873934797,-0.01984214596450329,-0.052050914615392685,0.12117278575897217,-0.9910671710968018,-0.23690080642700195,-0.0061054229736328125,-0.2247588512932745,2.4908447265625,0.0,0.14141225814819336,-0.018314361572265625,0.09993313400147097,-9.113555908203125,0.0,0.00795745849609375,0.0061054229736328125,0.006700831722565108,-0.14652252197265625,0.0,0.4403419494628906,-0.018314361572265625,0.4080870811212449,-7.003662109375,0.0,-0.3157076835632324,0.04273414611816406,-0.1932926775718065,8.058609008789062,0.0,-0.1496567726135254,0.018314361572265625,-0.08315134857285056,2.9597091674804688,0.0,-0.11993646621704102,0.0061054229736328125,-0.1605449382659268,-8.76190185546875,0.0,0.02042102813720703,-0.018314361572265625,0.028144594534913834,1.611724853515625,0.0,0.0877232551574707,-0.0061054229736328125,0.06602004525757241,-4.366302490234375,0.0,0.4524216651916504,0.0061054229736328125,0.4114669132889087,-8.996337890625,0.0,-0.44551897048950195,0.018314361572265625,-0.26205177220483683,11.868133544921875,0.0,0.004314422607421875,0.018314361572265625,0.017189846112214188,0.615386962890625,0.0,-0.024639129638671875,-0.0061054229736328125,-0.00798297693862964,3.4871826171875,0.0,-0.07188883826174701,0.008775426881084134,-0.03513701266953088,7.8521556201394755,0.0,-0.05600140797151179,0.013918582610304915,-0.022039530282549784,7.517238340017048,0.0,0.17515897750854492,-0.0061054229736328125,0.19865340091302386,1.4945068359375,0.0,0.06586408615112305,-0.0061054229736328125,0.0955683688195488,1.8461532592773438,0.0,0.05340099334716797,-0.0061054229736328125,0.046674259212649345,-0.14652252197265625,0.0,-0.16959810256958008,-0.11599540710449219,-0.167601238093616,0.26373291015625,0.0,0.023680686950683594,0.0061054229736328125,0.014742351458130788,-0.14652252197265625,0.0,0.01583099365234375,-0.0073261260986328125,0.009853738098145135,-0.08595848083496094,0.0,-0.11196327209472656,0.021978378295898438,-0.08682998085754927,0.22661972045898438,0.0,0.08944892883300781,0.0061054229736328125,0.10507187056328668,1.0842514038085938,0.0,-0.11034917831420898,0.03052520751953125,-0.14031970002392777,-2.139190673828125,0.0,-0.16614675521850586,0.05494499206542969,-0.155639503444376,0.380950927734375,0.0,-0.10593891143798828,-0.05494499206542969,-0.11644005025639362,-0.20513153076171875,0.0,0.028857707977294922,0.0061054229736328125,0.019170737285767778,-0.14652252197265625,0.0,0.02269744873046875,0.0073261260986328125,0.01379523333740319,-0.07033157348632812,0.0,0.14171791076660156,-0.05128288269042969,0.11673955377533675,-0.2578754425048828,0.0,-0.2233412265777588,0.06444263458251953,-0.20963262662942264,0.0003663003444671631,0.0,0.0,0.0,0.0,0.0,0.0,nan,nan,nan,nan,nan,nan,nan,nan,nan,nan,0.08818128863441772,0.17678168416023254,-0.08668000251054764,-0.9804258346557617,-0.017150025814771652,-0.02448631078004837,0.026267820969223976,nan
1.9822,1789426377.2606,ramp,0,0.026960,0.00205435076154249,-0.015132959324752115,0.020072024592899446,-0.01985233835875988,-0.0518706776201725,0.12098140269517899,-0.9910997748374939,-0.23690080642700195,-0.0061054229736328125,-0.22458670439178222,2.5494537353515625,0.0,0.14102840423583984,-0.018314361572265625,0.0992383044537774,-9.113555908203125,0.0,0.007573604583740234,0.0061054229736328125,0.006654241210604459,-0.02930450439453125,0.0,0.4399585723876953,-0.018314361572265625,0.4080308521354108,-7.120880126953125,0.0,-0.31513261795043945,0.04273414611816406,-0.19333931323400538,8.0,0.0,-0.14946508407592773,0.018314361572265625,-0.08257320185008157,2.9597091674804688,0.0,-0.11993646621704102,0.0061054229736328125,-0.16081926714636857,-8.820510864257812,0.0,0.020229339599609375,-0.018314361572265625,0.027948906727400212,1.6703262329101562,0.0,0.08714818954467773,-0.018314361572265625,0.0655610115382421,-4.483512878417969,0.0,0.4524216651916504,0.0061054229736328125,0.4113871845171447,-8.703292846679688,0.0,-0.4453272819519043,0.0061054229736328125,-0.2616203296890514,11.9853515625,0.0,0.004506111145019531,0.018314361572265625,0.017070326063949755,0.615386962890625,0.0,-0.02444744110107422,-0.0061054229736328125,-0.007927471741970496,3.5457839965820312,0.0,-0.07161134102898928,0.013195367672854015,-0.03489270696587793,7.766561004310944,0.0,-0.05571431409462353,0.01849603098000034,-0.02188629064876248,7.439320872458429,0.0,0.17515897750854492,-0.0061054229736328125,0.19866276376263958,1.4945068359375,0.0,0.06586408615112305,-0.0061054229736328125,0.09559918171614014,1.9047622680664062,0.0,0.05320930480957031,0.0061054229736328125,0.046349735672567234,-0.20513153076171875,0.0,-0.17151546478271484,-0.06715583801269531,-0.1685217994374868,0.20513153076171875,0.0,0.023680686950683594,0.0061054229736328125,0.014639848704685248,-0.08791351318359375,0.0,0.01583099365234375,-0.0073261260986328125,0.009785225602722703,-0.08595848083496094,0.0,-0.11120033264160156,0.021978378295898438,-0.08622625680818037,0.22661972045898438,0.0,0.08964061737060547,0.018314361572265625,0.10573190061207602,1.0256423950195312,0.0,-0.10977363586425781,0.018314361572265625,-0.14003935939241136,-2.139190673828125,0.0,-0.16499614715576172,0.05494499206542969,-0.15455735059425207,0.380950927734375,0.0,-0.10747289657592773,-0.07936477661132812,-0.11771633250664448,-0.14652252197265625,0.0,0.028857707977294922,0.0061054229736328125,0.01903744421085004,-0.08791351318359375,0.0,0.02269744873046875,0.0073261260986328125,0.013699315843811784,-0.07033157348632812,0.0,0.14095497131347656,-0.021978378295898438,0.11592787012148004,-0.27350425720214844,0.0,-0.22190308570861816,0.07671833038330078,-0.2081750625832416,0.0018315017223358154,0.0,0.0,0.0,0.0,0.0,0.0,nan,nan,nan,nan,nan,nan,nan,nan,nan,nan,0.08792002653958464,0.17617712914943695,-0.08643336594104767,-0.9805564284324646,-0.018553005531430244,-0.02674158848822117,0.025759059935808182,nan
2.0011,1789426377.2794,ramp,0,0.027063,0.002568774915976547,-0.015387191340313806,0.019811721402290216,-0.019873278215527534,-0.051712483167648315,0.12077265977859497,-0.9911330938339233,-0.2370929718017578,-0.0061054229736328125,-0.2244323719154542,2.4908447265625,0.0,0.14064502716064453,-0.018314361572265625,0.09861537854693932,-9.054946899414062,0.0,0.007190227508544922,0.0061054229736328125,0.00661247206447434,0.08791351318359375,0.0,0.4395751953125,-0.018314361572265625,0.40798044194184957,-6.886444091796875,0.0,-0.31436586380004883,0.03052520751953125,-0.19338112285805303,8.0,0.0,-0.14927339553833008,0.018314361572265625,-0.08205488397951634,3.0183181762695312,0.0,-0.11993646621704102,0.0061054229736328125,-0.16106520741645108,-8.644683837890625,0.0,0.019845962524414062,-0.018314361572265625,0.027773469448779557,1.8461532592773438,0.0,0.08695650100708008,-0.018314361572265625,0.06514948039822044,-4.366302490234375,0.0,0.4524216651916504,0.0061054229736328125,0.41131570638611664,-8.879119873046875,0.0,-0.444943904876709,0.0061054229736328125,-0.2612335345084402,12.043960571289062,0.0,0.0046977996826171875,0.0061054229736328125,0.01696317441114859,0.615386962890625,0.0,-0.02444744110107422,-0.0061054229736328125,-0.007877710437089472,3.6043930053710938,0.0,-0.07126425755838485,0.01761740798562272,-0.03467368295848088,7.756947209000616,0.0,-0.05535508651609557,0.0230806086237915,-0.021748908843170947,7.287072744411714,0.0,0.17515897750854492,-0.0061054229736328125,0.19867115770847393,1.4945068359375,0.0,0.06586408615112305,-0.0061054229736328125,0.09562680597537779,1.9047622680664062,0.0,0.053017616271972656,-0.0061054229736328125,0.04605879507977438,-0.20513153076171875,0.0,-0.17228269577026367,-0.05494499206542969,-0.16934709754381272,0.20513153076171875,0.0,0.023680686950683594,0.0061054229736328125,0.014547953331416492,-0.14652252197265625,0.0,0.01583099365234375,-0.0073261260986328125,0.009723803044510513,-0.08595848083496094,0.0,-0.11120033264160156,-0.0073261260986328125,-0.08568500845139787,0.24224853515625,0.0,0.09002447128295898,0.04273414611816406,0.10632362820634321,1.0256423950195312,0.0,-0.10919857025146484,0.018314361572265625,-0.13978802949043667,-2.1977996826171875,0.0,-0.16365432739257812,0.07936477661132812,-0.15358718309383634,0.26373291015625,0.0,-0.10919904708862305,-0.09157562255859375,-0.11886054014829976,-0.08791351318359375,0.0,0.028857707977294922,0.0061054229736328125,0.018917944817302395,-0.14652252197265625,0.0,0.02269744873046875,0.0073261260986328125,0.013613324262314718,-0.07033157348632812,0.0,0.14095497131347656,-0.021978378295898438,0.11520018262197357,-0.28913307189941406,0.0,-0.22056078910827637,0.06444263458251953,-0.20686833288492093,0.0018315017223358154,0.0,0.0,0.0,0.0,0.0,0.0,nan,nan,nan,nan,nan,nan,nan,nan,nan,nan,0.08763702286552201,0.1755344718694687,-0.0861659124493599,-0.9806951880455017,-0.022701773792505264,-0.03133933246135712,0.025225229561328888,nan
2.0211,1789426377.2999,ramp,0,0.027120,0.0009655220962200285,-0.015669003717914628,0.01690084992042808,-0.01987379416823387,-0.051549527794122696,0.1206139549612999,-0.9911608695983887,-0.2370929718017578,-0.0061054229736328125,-0.2242697757576524,2.6080551147460938,0.0,0.14045333862304688,-0.018314361572265625,0.09795909827815263,-9.230766296386719,0.0,0.006806850433349609,0.0061054229736328125,0.006568466403209732,-0.08791351318359375,0.0,0.43938350677490234,-0.018314361572265625,0.40792733255112296,-6.8278350830078125,0.0,-0.3139820098876953,0.03052520751953125,-0.19342517116461183,8.0,0.0,-0.14927339553833008,0.018314361572265625,-0.08150881294975595,3.0183181762695312,0.0,-0.11993646621704102,0.0061054229736328125,-0.16132431647706874,-8.996337890625,0.0,0.019653797149658203,-0.018314361572265625,0.02758863843901663,1.4945068359375,0.0,0.08657312393188477,-0.0061054229736328125,0.06471591395922223,-4.483512878417969,0.0,0.4524216651916504,0.0061054229736328125,0.41124040098216974,-8.937728881835938,0.0,-0.44475221633911133,0.0061054229736328125,-0.26082602850762954,11.926742553710938,0.0,0.004889488220214844,0.018314361572265625,0.01685028535848704,0.5567779541015625,0.0,-0.02444744110107422,-0.0061054229736328125,-0.007825284679573205,3.4871826171875,0.0,-0.0709171302031999,0.017619978898820554,-0.03444293138294457,7.59441006352958,0.0,-0.05499565690660237,0.023092088623455166,-0.02160417097417195,7.282649771117444,0.0,0.17515897750854492,-0.0061054229736328125,0.1986800011053657,1.4945068359375,0.0,0.06586408615112305,-0.0061054229736328125,0.09565590936645287,1.8461532592773438,0.0,0.053017616271972656,-0.0061054229736328125,0.04575227616902906,-0.14652252197265625,0.0,-0.17285776138305664,-0.03052520751953125,-0.1702165859646716,0.14652252197265625,0.0,0.023680686950683594,0.0061054229736328125,0.014451137450736243,-0.14652252197265625,0.0,0.01583099365234375,-0.0073261260986328125,0.00965909163570481,-0.08595848083496094,0.0,-0.11120033264160156,-0.0073261260986328125,-0.08511477913010894,0.24224853515625,0.0,0.0904078483581543,0.03052520751953125,0.10694703965921623,1.0256423950195312,0.0,-0.10881519317626953,0.0061054229736328125,-0.13952324221186718,-2.139190673828125,0.0,-0.16173648834228516,0.128204345703125,-0.152565068295027,0.14652252197265625,0.0,-0.11111640930175781,-0.11599540710449219,-0.1200660140102313,-0.02930450439453125,0.0,0.028666019439697266,0.0061054229736328125,0.01879204686819417,-0.14652252197265625,0.0,0.02269744873046875,0.0073261260986328125,0.013522728289986734,-0.07033157348632812,0.0,0.14019203186035156,-0.03663063049316406,0.11443353133563858,-0.28913307189941406,0.0,-0.2193145751953125,0.06444263458251953,-0.2054916347764758,0.002075701951980591,0.0,0.0,0.0,0.0,0.0,0.0,nan,nan,nan,nan,nan,nan,nan,nan,nan,nan,0.08730789392570741,0.17488019168376923,-0.08585328608751297,-0.9808394908905029,-0.02411121316254139,-0.03175637871026993,0.022229593247175217,nan
2.0402,1789426377.3184,ramp,0,0.027151,0.003919734639284346,-0.018860977054321132,0.014223937140329405,-0.01986539177596569,-0.05141257867217064,0.12047765403985977,-0.9911847710609436,-0.2370929718017578,-0.0061054229736328125,-0.22411420730205825,2.7838821411132812,0.0,0.14026165008544922,-0.018314361572265625,0.09733118363839535,-9.465202331542969,0.0,0.006615161895751953,0.0061054229736328125,0.006526362746807976,-0.08791351318359375,0.0,0.4391913414001465,-0.018314361572265625,0.40787651864503455,-6.8278350830078125,0.0,-0.31340694427490234,0.03052520751953125,-0.1934673156231005,8.0,0.0,-0.14908170700073242,0.018314361572265625,-0.08098634410490131,3.0183181762695312,0.0,-0.11993646621704102,0.0061054229736328125,-0.16157222637196225,-8.937728881835938,0.0,0.019653797149658203,-0.018314361572265625,0.027411796162277416,1.6703262329101562,0.0,0.08638143539428711,-0.0061054229736328125,0.06430108705172168,-4.4249114990234375,0.0,0.4524216651916504,0.0061054229736328125,0.41116835041499583,-8.76190185546875,0.0,-0.44456052780151367,0.0061054229736328125,-0.26043613565869317,11.926742553710938,0.0,0.0050811767578125,0.018314361572265625,0.016742275576377384,0.615386962890625,0.0,-0.02444744110107422,-0.0061054229736328125,-0.007775124858822096,3.6043930053710938,0.0,-0.0704313196027703,0.01762359181087492,-0.03422215331095684,7.66710469483792,0.0,-0.054492366315883466,0.023108164698982175,-0.02146568893959888,7.205469792335186,0.0,0.17515897750854492,-0.0061054229736328125,0.19868846227453024,1.4358978271484375,0.0,0.06586408615112305,-0.0061054229736328125,0.0956837548559362,1.8461532592773438,0.0,0.052825927734375,0.0061054229736328125,0.04545900556411621,-0.20513153076171875,0.0,-0.17324113845825195,-0.018314361572265625,-0.17104849351168058,0.08791351318359375,0.0,0.023680686950683594,0.0061054229736328125,0.014358506128827823,-0.14652252197265625,0.0,0.01583099365234375,-0.0073261260986328125,0.009597177171898758,-0.08595848083496094,0.0,-0.11081886291503906,-0.0073261260986328125,-0.08456919615910458,0.2578773498535156,0.0,0.09079122543334961,0.04273414611816406,0.1075435061331741,1.0256423950195312,0.0,-0.10843133926391602,0.0061054229736328125,-0.13926989952194807,-2.139190673828125,0.0,-0.1598191261291504,0.11599540710449219,-0.15158713116022404,0.14652252197265625,0.0,-0.11341714859008789,-0.10378456115722656,-0.12121938509534859,0.02930450439453125,0.0,0.028666019439697266,0.0061054229736328125,0.018671590457845853,-0.14652252197265625,0.0,0.02269744873046875,0.0073261260986328125,0.01343604804065826,-0.07033157348632812,0.0,0.13981056213378906,-0.03663063049316406,0.11370001611481914,-0.27350425720214844,0.0,-0.21806812286376953,0.08899307250976562,-0.20417444006876806,0.0001221001148223877,0.0,0.0,0.0,0.0,0.0,0.0,nan,nan,nan,nan,nan,nan,nan,nan,nan,nan,0.08680293146668332,0.17414429783821106,-0.0853692963719368,-0.9810126423835754,-0.021078849211335182,-0.03517710044980049,0.019947409629821777,nan
2.0609,1789426377.3391,ramp,0,0.027269,0.005472373159260054,-0.010850113593957125,0.017675214981936357,-0.01989385485649109,-0.051238417625427246,0.12028923630714417,-0.9912161231040955,-0.2370929718017578,-0.0061054229736328125,-0.22394545054049386,2.6080551147460938,0.0,0.1398782730102539,-0.018314361572265625,0.09665003757482084,-9.289375305175781,0.0,0.006040096282958984,0.018314361572265625,0.006480689755601343,0.14652252197265625,0.0,0.4386162757873535,-0.018314361572265625,0.4078213969932757,-6.8278350830078125,0.0,-0.3128318786621094,0.03052520751953125,-0.19351303287538835,7.9413909912109375,0.0,-0.14889001846313477,0.018314361572265625,-0.08041958299681402,3.0183181762695312,0.0,-0.11993646621704102,0.0061054229736328125,-0.16184115281249428,-8.937728881835938,0.0,0.01927042007446289,-0.018314361572265625,0.02721996209272772,1.7875442504882812,0.0,0.0859975814819336,-0.018314361572265625,0.06385109321941032,-4.483512878417969,0.0,0.4524216651916504,0.0061054229736328125,0.411090191765553,-8.820510864257812,0.0,-0.44417715072631836,0.0061054229736328125,-0.26001318966818165,11.9853515625,0.0,0.0050811767578125,0.018314361572265625,0.016625109271830044,0.615386962890625,0.0,-0.024255752563476562,-0.0061054229736328125,-0.0077207127424436224,3.369964599609375,0.0,-0.06987582866270567,0.022050031130312526,-0.033982658791899066,7.496385850333926,0.0,-0.05391651292043741,0.027712536688410807,-0.021315467099315467,7.050015621176295,0.0,0.17515897750854492,-0.0061054229736328125,0.19869764073877483,1.4945068359375,0.0,0.06586408615112305,-0.0061054229736328125,0.09571396094502695,1.9047622680664062,0.0,0.052634239196777344,0.0061054229736328125,0.045140872962245795,-0.20513153076171875,0.0,-0.1734328269958496,-0.018314361572265625,-0.1719509259682994,0.02930450439453125,0.0,0.023680686950683594,0.0061054229736328125,0.014258021992471307,-0.14652252197265625,0.0,0.01583099365234375,-0.0073261260986328125,0.009530013913344824,-0.08595848083496094,0.0,-0.11081886291503906,0.0073261260986328125,-0.08397736142628713,0.2578773498535156,0.0,0.09155845642089844,0.04273414611816406,0.1081905380146853,1.0256423950195312,0.0,-0.1080479621887207,0.0061054229736328125,-0.13899507972153619,-2.139190673828125,0.0,-0.15809345245361328,0.07936477661132812,-0.15052628946675461,0.20513153076171875,0.0,-0.11571836471557617,-0.06715583801269531,-0.12247053314115934,0.02930450439453125,0.0,0.02847433090209961,0.0061054229736328125,0.018540922362939218,-0.14652252197265625,0.0,0.02269744873046875,0.0073261260986328125,0.013342019478682753,-0.07033157348632812,0.0,0.13904762268066406,-0.03663063049316406,0.11290431718761103,-0.28913307189941406,0.0,-0.21634244918823242,0.05216789245605469,-0.2027455802631373,0.002808302640914917,0.0,0.0,0.0,0.0,0.0,0.0,nan,nan,nan,nan,nan,nan,nan,nan,nan,nan,0.08627521216338449,0.17329014837741852,-0.08486456423997879,-0.9812076687812805,-0.024226540699601173,-0.03135349974036217,0.022742386907339096,nan
2.0811,1789426377.3594,ramp,0,0.027407,0.004178813139896194,-0.017229967737188736,0.021131779614426038,-0.019935982301831245,-0.05111426115036011,0.12006855010986328,-0.9912484288215637,-0.2370929718017578,-0.0061054229736328125,-0.2237809358961093,2.7838821411132812,0.0,0.1394944190979004,-0.03052520751953125,0.09598601379654881,-9.465202331542969,0.0,0.005656242370605469,0.0061054229736328125,0.006436164867610566,0.26373291015625,0.0,0.43842458724975586,-0.018314361572265625,0.4077676609601063,-6.593406677246094,0.0,-0.3122563362121582,0.04273414611816406,-0.193557600911849,7.76556396484375,0.0,-0.1486983299255371,0.018314361572265625,-0.07986706882621925,3.0183181762695312,0.0,-0.11993646621704102,0.0061054229736328125,-0.16210331912405196,-8.996337890625,0.0,0.019078731536865234,-0.018314361572265625,0.027032950245378544,1.7875442504882812,0.0,0.08561420440673828,-0.018314361572265625,0.06341241109128874,-4.483512878417969,0.0,0.4524216651916504,0.0061054229736328125,0.41101399782642156,-8.996337890625,0.0,-0.4439849853515625,0.0061054229736328125,-0.2596008754676846,12.043960571289062,0.0,0.005272865295410156,0.0061054229736328125,0.016510888231157195,0.5567779541015625,0.0,-0.024255752563476562,-0.0061054229736328125,-0.007667668408733751,3.6043930053710938,0.0,-0.06946096198584177,0.01763157694249319,-0.033749184557921065,7.492360719014522,0.0,-0.05333399087271031,0.023142208321043467,-0.021169021455277683,7.0470737104480214,0.0,0.17515897750854492,-0.0061054229736328125,0.1987065884796961,1.4358978271484375,0.0,0.06586408615112305,-0.0061054229736328125,0.09574340772961173,1.9047622680664062,0.0,0.052634239196777344,0.0061054229736328125,0.04483073740750601,-0.20513153076171875,0.0,-0.17381715774536133,-0.018314361572265625,-0.17283067356066556,0.02930450439453125,0.0,0.023680686950683594,0.0061054229736328125,0.014160063772571008,-0.14652252197265625,0.0,0.01583099365234375,-0.0073261260986328125,0.009464538968849065,-0.08595848083496094,0.0,-0.11043739318847656,-0.0073261260986328125,-0.08340040391832516,0.2578773498535156,0.0,0.09194183349609375,0.03052520751953125,0.10882130515495013,1.1428604125976562,0.0,-0.10785627365112305,0.0061054229736328125,-0.13872716819422617,-2.139190673828125,0.0,-0.1567516326904297,0.06715583801269531,-0.1494921146441778,0.14652252197265625,0.0,-0.11744403839111328,-0.04273414611816406,-0.1236902304968148,-0.02930450439453125,0.0,0.02847433090209961,0.0061054229736328125,0.018413538932689058,-0.14652252197265625,0.0,0.02269744873046875,0.0073261260986328125,0.013250354556388693,-0.07033157348632812,0.0,0.13790321350097656,-0.0659332275390625,0.1121286201143005,-0.27350425720214844,0.0,-0.21519184112548828,0.07058048248291016,-0.20135263837079645,0.0013431012630462646,0.0,0.0,0.0,0.0,0.0,0.0,nan,nan,nan,nan,nan,nan,nan,nan,nan,nan,0.08580221572703128,0.17265725135803223,-0.08440997451543808,-0.9813584685325623,-0.021257562562823296,-0.033204738050699234,0.0267564058303833,nan
2.1011,1789426377.3793,ramp,0,0.027604,0.007619108302824147,-0.009758293488727596,0.02750148461719093,-0.020007571205496788,-0.05098973959684372,0.11983779817819595,-0.991281270980835,-0.2370929718017578,-0.0061054229736328125,-0.22361787021511803,2.7252731323242188,0.0,0.13911104202270508,-0.03052520751953125,0.0953278384103795,-9.523811340332031,0.0,0.005272865295410156,0.0061054229736328125,0.006392032132750176,0.380950927734375,0.0,0.4378495216369629,-0.018314361572265625,0.4077143982072655,-6.652015686035156,0.0,-0.31168127059936523,0.03052520751953125,-0.19360177641514895,7.8241729736328125,0.0,-0.1486983299255371,0.018314361572265625,-0.07931942092640827,3.0183181762695312,0.0,-0.11993646621704102,0.0061054229736328125,-0.16236317640476416,-9.054946899414062,0.0,0.018695354461669922,-0.018314361572265625,0.026847585505628435,1.8461532592773438,0.0,0.08523082733154297,-0.018314361572265625,0.0629775926577782,-4.366302490234375,0.0,0.4524216651916504,0.0061054229736328125,0.41093847496571595,-9.23077392578125,0.0,-0.44379329681396484,-0.0061054229736328125,-0.2591921927261697,12.043960571289062,0.0,0.005272865295410156,0.018314361572265625,0.016397673192760313,0.5567779541015625,0.0,-0.02387237548828125,-0.0061054229736328125,-0.007615091263206764,3.4871826171875,0.0,-0.06904414879848371,0.017634722704730814,-0.03351776664919959,7.246322637857494,0.0,-0.052901379265932184,0.02315603185077978,-0.021023865631839847,6.966538256383482,0.0,0.17515897750854492,-0.0061054229736328125,0.19871545741335317,1.4945068359375,0.0,0.06586408615112305,-0.0061054229736328125,0.09577259516152264,1.9047622680664062,0.0,0.052634239196777344,-0.0061054229736328125,0.044523333372914246,-0.26373291015625,0.0,-0.17400884628295898,-0.018314361572265625,-0.17370267277256707,-0.02930450439453125,0.0,0.023680686950683594,0.0061054229736328125,0.014062968320087191,-0.14652252197265625,0.0,0.01583099365234375,-0.0073261260986328125,0.009399640695190777,-0.08595848083496094,0.0,-0.11043739318847656,-0.0073261260986328125,-0.08282852796593934,0.2578773498535156,0.0,0.09251689910888672,0.03052520751953125,0.10944651681108546,1.1428604125976562,0.0,-0.10747289657592773,0.0061054229736328125,-0.13846161629877246,-2.139190673828125,0.0,-0.1554093360900879,0.09157562255859375,-0.14846704832051788,0.14652252197265625,0.0,-0.11859416961669922,-0.06715583801269531,-0.12489918536309567,0.02930450439453125,0.0,0.02847433090209961,0.0061054229736328125,0.018287277432514105,-0.14652252197265625,0.0,0.02269744873046875,0.0073261260986328125,0.01315949697326709,-0.07033157348632812,0.0,0.13675880432128906,-0.05128288269042969,0.11135975499608872,-0.2578754425048828,0.0,-0.21394562721252441,0.07671833038330078,-0.19997196481978508,0.0013431012630462646,0.0,0.0,0.0,0.0,0.0,0.0,nan,nan,nan,nan,nan,nan,nan,nan,nan,nan,0.0854743376312778,0.17205429077148438,-0.08409721404314041,-0.981491208076477,-0.01804402656853199,-0.025501729920506477,0.03294587507843971,nan
2.1201,1789426377.3986,ramp,0,0.027756,0.006250177963793469,-0.012686123897187573,0.016599823251681255,-0.020060937851667404,-0.05089249089360237,0.11962331831455231,-0.9913111329078674,-0.2370929718017578,-0.0061054229736328125,-0.2234631753675841,2.7838821411132812,0.0,0.13891935348510742,-0.018314361572265625,0.09470344987935889,-9.582420349121094,0.0,0.004889488220214844,-0.0061054229736328125,0.0063501649130569835,0.380950927734375,0.0,0.4374656677246094,-0.018314361572265625,0.40766386965104284,-6.710624694824219,0.0,-0.31110620498657227,0.03052520751953125,-0.19364368420780137,7.76556396484375,0.0,-0.14850664138793945,0.018314361572265625,-0.07879988605034782,3.0769195556640625,0.0,-0.11993646621704102,0.0061054229736328125,-0.16260969414029247,-9.113555908203125,0.0,0.018120288848876953,-0.03052520751953125,0.026671736301924213,1.9047622680664062,0.0,0.08465576171875,-0.018314361572265625,0.06256509524650235,-4.483512878417969,0.0,0.4524216651916504,0.018314361572265625,0.41086682900470706,-8.937728881835938,0.0,-0.44379329681396484,-0.0061054229736328125,-0.2588044893541048,12.043960571289062,0.0,0.0054645538330078125,0.018314361572265625,0.016290269948884082,0.5567779541015625,0.0,-0.023680686950683594,-0.0061054229736328125,-0.007565213119248934,3.25274658203125,0.0,-0.06855798658186334,0.022062998274275294,-0.0332982283754889,7.402362023756245,0.0,-0.05239650608173472,0.02776842673835175,-0.020886161255058232,6.965289106468026,0.0,0.17515897750854492,-0.0061054229736328125,0.19872387106809353,1.4945068359375,0.0,0.06586408615112305,-0.0061054229736328125,0.09580028428226169,1.9047622680664062,0.0,0.05244255065917969,-0.0061054229736328125,0.04423170965434026,-0.26373291015625,0.0,-0.17400884628295898,-0.018314361572265625,-0.1745299086711005,-0.02930450439453125,0.0,0.023680686950683594,0.0061054229736328125,0.013970857177344519,-0.14652252197265625,0.0,0.01583099365234375,-0.0073261260986328125,0.00933807391738841,-0.08595848083496094,0.0,-0.11043739318847656,-0.0073261260986328125,-0.0822860087630952,0.27350616455078125,0.0,0.09290027618408203,0.018314361572265625,0.11003963377619008,1.2014617919921875,0.0,-0.10747289657592773,0.0061054229736328125,-0.1382096962765469,-2.139190673828125,0.0,-0.15387535095214844,0.09157562255859375,-0.14749460287591706,0.14652252197265625,0.0,-0.11936140060424805,-0.04273414611816406,-0.12604607959355413,-0.02930450439453125,0.0,0.028282642364501953,0.0061054229736328125,0.018167497455512015,-0.14652252197265625,0.0,0.02269744873046875,0.0073261260986328125,0.013073303484343773,-0.07033157348632812,0.0,0.13599586486816406,-0.05128288269042969,0.1106303588931634,-0.27350425720214844,0.0,-0.2125074863433838,0.07058048248291016,-0.19866216693239758,0.004029303789138794,0.0,0.0,0.0,0.0,0.0,0.0,nan,nan,nan,nan,nan,nan,nan,nan,nan,nan,0.08506113070888753,0.17141976952552795,-0.08370104432106018,-0.981636106967926,-0.023444270715117455,-0.03331655263900757,0.02183227427303791,nan
2.1403,1789426377.4186,ramp,0,0.027928,0.0035167177433145444,-0.00920528392718344,0.008379994752354453,-0.02012515254318714,-0.05077590420842171,0.11947841942310333,-0.9913332462310791,-0.2370929718017578,-0.0061054229736328125,-0.22329849830060378,2.7252731323242188,0.0,0.1385354995727539,-0.018314361572265625,0.09403877052135982,-9.875457763671875,0.0,0.0046977996826171875,-0.0061054229736328125,0.006305596066378476,0.4395599365234375,0.0,0.43708229064941406,-0.018314361572265625,0.4076100805651739,-6.593406677246094,0.0,-0.31072235107421875,0.03052520751953125,-0.1936882962455495,7.76556396484375,0.0,-0.1483149528503418,0.018314361572265625,-0.07824682639162298,3.0183181762695312,0.0,-0.11993646621704102,0.0061054229736328125,-0.16287211928432654,-9.172164916992188,0.0,0.017736434936523438,-0.018314361572265625,0.026484539820861835,1.6703262329101562,0.0,0.08446359634399414,-0.0061054229736328125,0.06212598001474922,-4.600730895996094,0.0,0.4524216651916504,0.0061054229736328125,0.41079055984055585,-8.996337890625,0.0,-0.4436016082763672,-0.0061054229736328125,-0.25839176808259634,12.043960571289062,0.0,0.005656242370605469,0.018314361572265625,0.016175936139661194,0.4981689453125,0.0,-0.023680686950683594,0.0061054229736328125,-0.007512116415743052,3.4285736083984375,0.0,-0.0680715631970583,0.0264922140892046,-0.03306452363624951,7.309298073746288,0.0,-0.051891055879892095,0.03238736061633286,-0.02073957102765087,6.736878400543613,0.0,0.17515897750854492,-0.0061054229736328125,0.1987328276429719,1.4358978271484375,0.0,0.06586408615112305,-0.0061054229736328125,0.09582976013917133,1.8461532592773438,0.0,0.05225086212158203,0.0061054229736328125,0.04392126790788118,-0.26373291015625,0.0,-0.17420053482055664,-0.018314361572265625,-0.17541052482375818,-0.08791351318359375,0.0,0.023680686950683594,0.0061054229736328125,0.01387280224490897,-0.14652252197265625,0.0,0.01583099365234375,-0.0073261260986328125,0.009272534330559586,-0.10158729553222656,0.0,-0.11043739318847656,-0.0073261260986328125,-0.08170848163449923,0.27350616455078125,0.0,0.0934758186340332,0.03052520751953125,0.11067102366245159,1.1428604125976562,0.0,-0.10728120803833008,0.0061054229736328125,-0.1379415202446036,-2.139190673828125,0.0,-0.15253305435180664,0.05494499206542969,-0.14645940702959068,0.20513153076171875,0.0,-0.12051153182983398,-0.05494499206542969,-0.12726698113629692,-0.02930450439453125,0.0,0.028282642364501953,0.0061054229736328125,0.01803998826170163,-0.08791351318359375,0.0,0.02269744873046875,0.0073261260986328125,0.012981548062783418,-0.07033157348632812,0.0,0.13561439514160156,-0.03663063049316406,0.10985389598692306,-0.27350425720214844,0.0,-0.211165189743042,0.07671833038330078,-0.197267849811495,0.0003663003444671631,0.0,0.0,0.0,0.0,0.0,0.0,nan,nan,nan,nan,nan,nan,nan,nan,nan,nan,0.08469862934297932,0.17073477804660797,-0.08335525542497635,-0.9817848801612854,-0.030231919139623642,-0.03454429656267166,0.0007565096602775156,nan
2.1609,1789426377.4398,ramp,0,0.028092,0.00563740332231765,-0.00762340212993325,0.00649508839539123,-0.020192988216876984,-0.050691425800323486,0.11939218640327454,-0.991346538066864,-0.2370929718017578,-0.0061054229736328125,-0.22313084638910746,2.8424911499023438,0.0,0.1381521224975586,-0.018314361572265625,0.0933620839192475,-9.75823974609375,0.0,0.0046977996826171875,0.0061054229736328125,0.006260222096123502,0.4395599365234375,0.0,0.43669891357421875,-0.018314361572265625,0.4075553197947222,-6.534797668457031,0.0,-0.31033897399902344,0.03052520751953125,-0.19373371418710855,7.76556396484375,0.0,-0.14812278747558594,0.018314361572265625,-0.07768377586699926,3.135528564453125,0.0,-0.11993646621704102,0.0061054229736328125,-0.16313928506416944,-9.172164916992188,0.0,0.01754474639892578,-0.03052520751953125,0.026293961688454024,2.1977996826171875,0.0,0.08427190780639648,-0.0061054229736328125,0.06167893229085825,-4.659339904785156,0.0,0.4524216651916504,0.0061054229736328125,0.41071291289558254,-8.996337890625,0.0,-0.4436016082763672,0.0061054229736328125,-0.25797159111835705,12.043960571289062,0.0,0.005847930908203125,0.018314361572265625,0.01605953692259735,0.4981689453125,0.0,-0.02329730987548828,-0.0061054229736328125,-0.007458060535345437,3.4285736083984375,0.0,-0.06765651937378174,0.017646016799371042,-0.03282659708716948,7.299166993987834,0.0,-0.051306835455441596,0.023204027875128232,-0.020590332689355277,6.584589887372328,0.0,0.17515897750854492,-0.0061054229736328125,0.19874194601583553,1.4358978271484375,0.0,0.06586408615112305,-0.0061054229736328125,0.09585976846907734,1.9047622680664062,0.0,0.05205869674682617,-0.0061054229736328125,0.043605218119307024,-0.26373291015625,0.0,-0.17458391189575195,-0.018314361572265625,-0.17630704905748956,-0.08791351318359375,0.0,0.023680686950683594,0.0061054229736328125,0.013772975977925275,-0.14652252197265625,0.0,0.01583099365234375,-0.0073261260986328125,0.009205810789680337,-0.10158729553222656,0.0,-0.11005592346191406,0.021978378295898438,-0.08112052164209964,0.27350616455078125,0.0,0.09366750717163086,0.018314361572265625,0.11131381942795962,1.1428604125976562,0.0,-0.10708951950073242,0.0061054229736328125,-0.13766849968869233,-2.1977996826171875,0.0,-0.1513824462890625,0.06715583801269531,-0.14540551066386004,0.20513153076171875,0.0,-0.12185382843017578,-0.06715583801269531,-0.1285099379191875,0.02930450439453125,0.0,0.028282642364501953,0.0061054229736328125,0.017910175650463968,-0.14652252197265625,0.0,0.02269744873046875,0.0073261260986328125,0.012888135105552471,-0.07033157348632812,0.0,0.13523292541503906,-0.021978378295898438,0.10906340649846993,-0.28913307189941406,0.0,-0.20972681045532227,0.06444263458251953,-0.19584834474720214,0.0010989010334014893,0.0,0.0,0.0,0.0,0.0,0.0,nan,nan,nan,nan,nan,nan,nan,nan,nan,nan,0.08418874858750242,0.1702193319797516,-0.08286214619874954,-0.9819161295890808,-0.018567169085144997,-0.024500412866473198,0.011779600754380226,nan
2.1801,1789426377.4584,ramp,0,0.028260,0.005650831479876534,-0.009732430657532104,0.008890217406064854,-0.020267270505428314,-0.05064329877495766,0.1193174198269844,-0.9913565516471863,-0.2370929718017578,-0.0061054229736328125,-0.22297410426404063,2.7252731323242188,0.0,0.13776826858520508,-0.03052520751953125,0.09272943204505946,-9.699630737304688,0.0,0.0046977996826171875,0.0061054229736328125,0.006217800793216729,0.5567779541015625,0.0,0.43631553649902344,-0.018314361572265625,0.40750412252858736,-6.358970642089844,0.0,-0.3099555969238281,0.018314361572265625,-0.19377617659992918,7.706962585449219,0.0,-0.14793109893798828,0.018314361572265625,-0.07715736531216665,3.0769195556640625,0.0,-0.11993646621704102,0.0061054229736328125,-0.1633890652885878,-9.347991943359375,0.0,0.01716136932373047,-0.03052520751953125,0.026115785244187666,2.0219802856445312,0.0,0.08408021926879883,-0.0061054229736328125,0.06126097576639293,-4.717948913574219,0.0,0.4524216651916504,0.0061054229736328125,0.4106403187506579,-9.113555908203125,0.0,-0.44340991973876953,-0.0061054229736328125,-0.2575787567647777,12.043960571289062,0.0,0.005847930908203125,0.018314361572265625,0.015950712272309323,0.4981689453125,0.0,-0.02329730987548828,-0.0061054229736328125,-0.00740752228922429,3.4285736083984375,0.0,-0.06745147562472938,0.017649053637000436,-0.032604153378775216,7.29611888877418,0.0,-0.05078890056113132,0.023214677914847038,-0.020450805891974202,6.582931610804488,0.0,0.17515897750854492,-0.0061054229736328125,0.19875047101938031,1.377288818359375,0.0,0.06586408615112305,-0.0061054229736328125,0.09588782403585969,1.9047622680664062,0.0,0.05205869674682617,-0.0061054229736328125,0.043309734965873786,-0.26373291015625,0.0,-0.1747756004333496,-0.018314361572265625,-0.17714523284146672,-0.08791351318359375,0.0,0.023680686950683594,0.0061054229736328125,0.013679645808976626,-0.14652252197265625,0.0,0.01583099365234375,-0.0073261260986328125,0.009143429218864615,-0.10158729553222656,0.0,-0.10929298400878906,0.021978378295898438,-0.08057082257907984,0.2578773498535156,0.0,0.09385919570922852,0.018314361572265625,0.11191478587904549,1.26007080078125,0.0,-0.10689735412597656,0.0061054229736328125,-0.1374132456821109,-2.139190673828125,0.0,-0.15042400360107422,0.07936477661132812,-0.14442019558757782,0.20513153076171875,0.0,-0.12319612503051758,-0.05494499206542969,-0.12967201048834406,0.02930450439453125,0.0,0.028282642364501953,0.0061054229736328125,0.0177888104696899,-0.20513153076171875,0.0,0.02269744873046875,0.0073261260986328125,0.012800800906410463,-0.07033157348632812,0.0,0.13485145568847656,-0.021978378295898438,0.10832435735099943,-0.28913307189941406,0.0,-0.20828866958618164,0.07671833038330078,-0.1945212126057633,0.002319902181625366,0.0,0.0,0.0,0.0,0.0,0.0,nan,nan,nan,nan,nan,nan,nan,nan,nan,nan,0.08382515628287127,0.16994903981685638,-0.08250903338193893,-0.9819926619529724,-0.018777763471007347,-0.026487359777092934,0.014273140579462051,nan
2.2011,1789426377.4793,ramp,0,0.028412,0.0037267683325107395,-0.005771181394012896,0.0033242325740425634,-0.02032913826406002,-0.05054152384400368,0.11927136778831482,-0.9913659691810608,-0.23728466033935547,-0.0061054229736328125,-0.22280286823590797,2.9597091674804688,0.0,0.1371932029724121,-0.03052520751953125,0.09203827901851735,-9.816848754882812,0.0,0.004506111145019531,0.0061054229736328125,0.006171456803591306,0.4981689453125,0.0,0.4361238479614258,-0.0061054229736328125,0.4074481910647231,-6.3003692626953125,0.0,-0.3095722198486328,0.018314361572265625,-0.1938225655008914,7.648353576660156,0.0,-0.14754772186279297,0.018314361572265625,-0.07658227771182843,3.1941375732421875,0.0,-0.12012815475463867,0.0061054229736328125,-0.16366194262464034,-9.465194702148438,0.0,0.016777992248535156,-0.03052520751953125,0.02592113287099861,1.7289352416992188,0.0,0.08388853073120117,-0.0061054229736328125,0.06080437091207558,-4.835166931152344,0.0,0.4524216651916504,0.0061054229736328125,0.41056101184425164,-9.172164916992188,0.0,-0.4432182312011719,-0.0061054229736328125,-0.2571495971218784,12.21978759765625,0.0,0.006231784820556641,0.018314361572265625,0.01583182463524117,0.4981689453125,0.0,-0.023105621337890625,-0.0061054229736328125,-0.007352310784781044,3.3113555908203125,0.0,-0.06717703720743681,0.013225038440590054,-0.03236114035919117,7.369345593169851,0.0,-0.05019864077833771,0.01861863254956017,-0.020298377088349105,6.50707325448534,0.0,0.17515897750854492,-0.0061054229736328125,0.19875978432775995,1.4358978271484375,0.0,0.06586408615112305,-0.0061054229736328125,0.0959184738935209,1.8461532592773438,0.0,0.05167531967163086,-0.0061054229736328125,0.04298692856298485,-0.26373291015625,0.0,-0.17515897750854492,-0.03052520751953125,-0.1780609232594202,-0.14652252197265625,0.0,0.023680686950683594,0.0061054229736328125,0.01357768542386067,-0.14652252197265625,0.0,0.01583099365234375,-0.0073261260986328125,0.009075279240608296,-0.10158729553222656,0.0,-0.10891151428222656,0.021978378295898438,-0.07997029298832964,0.27350616455078125,0.0,0.09405088424682617,0.018314361572265625,0.11257132353974764,1.2014617919921875,0.0,-0.10689735412597656,0.0061054229736328125,-0.13713438840469883,-2.139190673828125,0.0,-0.14946508407592773,0.04273414611816406,-0.14334376868543036,0.20513153076171875,0.0,-0.12434673309326172,-0.0061054229736328125,-0.1309415396022266,-0.08791351318359375,0.0,0.028282642364501953,0.0061054229736328125,0.017656222682581102,-0.14652252197265625,0.0,0.02269744873046875,0.0073261260986328125,0.012705390936851612,-0.08596038818359375,0.0,0.13408851623535156,-0.05128288269042969,0.10751696852330779,-0.28913307189941406,0.0,-0.2067546844482422,0.06444263458251953,-0.19307136090437702,0.0025641024112701416,0.0,0.0,0.0,0.0,0.0,0.0,nan,nan,nan,nan,nan,nan,nan,nan,nan,nan,0.0833346889339994,0.16952158510684967,-0.08203351497650146,-0.9821063876152039,-0.015531404875218868,-0.01846824772655964,0.008707270957529545,nan
2.2210,1789426377.4999,ramp,0,0.028585,0.004026008290643418,-0.0068492638532365495,0.005173609657291148,-0.020407287403941154,-0.05049164220690727,0.1192215159535408,-0.9913729429244995,-0.23728466033935547,-0.0061054229736328125,-0.22264094533020418,3.135528564453125,0.0,0.1368098258972168,-0.03052520751953125,0.09138471616983336,-9.934066772460938,0.0,0.004506111145019531,0.0061054229736328125,0.006127633353912571,0.4981689453125,0.0,0.4359321594238281,-0.0061054229736328125,0.4073953015808456,-6.417579650878906,0.0,-0.30938053131103516,0.018314361572265625,-0.19386643141928556,7.648353576660156,0.0,-0.14716434478759766,0.03052520751953125,-0.07603846776542579,3.135528564453125,0.0,-0.12031984329223633,0.0061054229736328125,-0.16391997880800788,-9.347991943359375,0.0,0.016010761260986328,-0.03052520751953125,0.025737067179843327,2.25640869140625,0.0,0.08369684219360352,0.0061054229736328125,0.06037259971546575,-4.835166931152344,0.0,0.45261335372924805,0.0061054229736328125,0.41048601825284625,-9.054946899414062,0.0,-0.4432182312011719,-0.0061054229736328125,-0.2567437784565725,12.21978759765625,0.0,0.006615161895751953,0.018314361572265625,0.015719403015467166,0.4395599365234375,0.0,-0.023105621337890625,-0.0061054229736328125,-0.007300102103435049,3.4285736083984375,0.0,-0.06704312399479201,0.022195612186335933,-0.03213134424277791,7.360006652186007,0.0,-0.049602250015997267,0.018262767678498,-0.020154238526709396,6.356298576222313,0.0,0.17515897750854492,-0.0061054229736328125,0.19876859110733194,1.377288818359375,0.0,0.06586408615112305,-0.0061054229736328125,0.09594745677794095,1.9047622680664062,0.0,0.0514836311340332,-0.0061054229736328125,0.04268167883659495,-0.26373291015625,0.0,-0.17554283142089844,-0.018314361572265625,-0.17892681144204817,-0.20513153076171875,0.0,0.023680686950683594,0.0061054229736328125,0.01348127042285475,-0.14652252197265625,0.0,0.01583099365234375,-0.0073261260986328125,0.009010835778427723,-0.08595848083496094,0.0,-0.10814857482910156,0.021978378295898438,-0.07940242478117823,0.27350616455078125,0.0,0.09405088424682617,0.03052520751953125,0.11319215367044042,1.26007080078125,0.0,-0.1067056655883789,-0.0061054229736328125,-0.1368706975148339,-2.139190673828125,0.0,-0.14889001846313477,0.05494499206542969,-0.1423258860956842,0.20513153076171875,0.0,-0.1256885528564453,-0.04273414611816406,-0.132142022031288,-0.02930450439453125,0.0,0.028282642364501953,0.0061054229736328125,0.017530846031512854,-0.14652252197265625,0.0,0.02269744873046875,0.0073261260986328125,0.012615170089798814,-0.08596038818359375,0.0,0.13294410705566406,-0.05128288269042969,0.106753491663687,-0.27350425720214844,0.0,-0.20570015907287598,0.06444263458251953,-0.19170036320670633,0.0025641024112701416,0.0,0.0,0.0,0.0,0.0,0.0,nan,nan,nan,nan,nan,nan,nan,nan,nan,nan,0.08290019276519806,0.16932116448879242,-0.08160963654518127,-0.9821762442588806,-0.01523472461849451,-0.02843554876744747,0.010646135546267033,nan
2.2402,1789426377.5185,ramp,0,0.028658,0.0026430893338830422,-0.005225622961885806,-0.0006628403794861939,-0.02043542079627514,-0.050427284091711044,0.11920727789402008,-0.9913773536682129,-0.23728466033935547,-0.0061054229736328125,-0.22248458292172835,3.25274658203125,0.0,0.13623476028442383,-0.03052520751953125,0.09075359693030176,-9.816848754882812,0.0,0.004506111145019531,0.0061054229736328125,0.006085314818991888,0.380950927734375,0.0,0.4359321594238281,-0.0061054229736328125,0.40734422834295997,-6.476188659667969,0.0,-0.30938053131103516,0.0061054229736328125,-0.193908790964529,7.706962585449219,0.0,-0.14678096771240234,0.03052520751953125,-0.07551333246969343,3.1941375732421875,0.0,-0.12031984329223633,0.0061054229736328125,-0.1641691539258201,-9.465194702148438,0.0,0.015819072723388672,-0.03052520751953125,0.025559322378008748,2.139190673828125,0.0,0.08369684219360352,0.0061054229736328125,0.05995565571412794,-4.893775939941406,0.0,0.45261335372924805,0.0061054229736328125,0.4104135999713101,-9.054946899414062,0.0,-0.4432182312011719,-0.0061054229736328125,-0.2563518957662523,12.161178588867188,0.0,0.006998538970947266,0.03052520751953125,0.015610841998999432,0.4395599365234375,0.0,-0.023105621337890625,-0.0061054229736328125,-0.007249686289050281,3.3113555908203125,0.0,-0.06676852398683962,0.013230492517471902,-0.031909439416746135,7.2797173706278295,0.0,-0.049011198678884496,0.018636341719644223,-0.020015049740822306,6.42796930348678,0.0,0.17515897750854492,-0.0061054229736328125,0.1987770954585774,1.4358978271484375,0.0,0.06586408615112305,-0.0061054229736328125,0.09597544437853886,1.8461532592773438,0.0,0.0514836311340332,-0.0061054229736328125,0.04238691150767725,-0.26373291015625,0.0,-0.1761178970336914,-0.03052520751953125,-0.17976296467878722,-0.14652252197265625,0.0,0.023680686950683594,0.0061054229736328125,0.013388166351476119,-0.14652252197265625,0.0,0.01583099365234375,-0.0073261260986328125,0.008948605330466857,-0.08595848083496094,0.0,-0.10776710510253906,0.03663063049316406,-0.07885405739497624,0.2578773498535156,0.0,0.09405088424682617,0.018314361572265625,0.11379166424658481,1.26007080078125,0.0,-0.10651397705078125,0.0061054229736328125,-0.13661606187540296,-2.139190673828125,0.0,-0.14793109893798828,0.06715583801269531,-0.14134295800044958,0.20513153076171875,0.0,-0.12683916091918945,-0.04273414611816406,-0.13330127941445444,-0.02930450439453125,0.0,0.028282642364501953,0.0061054229736328125,0.017409774864697695,-0.20513153076171875,0.0,0.02269744873046875,0.0073261260986328125,0.0125280474626536,-0.08596038818359375,0.0,0.13218116760253906,-0.0659332275390625,0.10601623290423626,-0.27350425720214844,0.0,-0.20416617393493652,0.09512996673583984,-0.19037644611733107,0.0006105005741119385,0.0,0.0,0.0,0.0,0.0,0.0,nan,nan,nan,nan,nan,nan,nan,nan,nan,nan,0.08236372339456212,0.16894616186618805,-0.08108801394701004,-0.9822840094566345,-0.01635328121483326,-0.018109329044818878,0.004633242264389992,nan
2.2611,1789426377.5393,ramp,0,0.028800,0.010360584014005829,-0.00570065079746378,0.0024862538527382697,-0.020500358194112778,-0.05037575215101242,0.11920483410358429,-0.991378903388977,-0.23728466033935547,-0.0061054229736328125,-0.22231477147241885,3.0183181762695312,0.0,0.1358509063720703,-0.03052520751953125,0.09006819387341203,-9.875457763671875,0.0,0.004506111145019531,0.0061054229736328125,0.00603935638296123,0.5567779541015625,0.0,0.43573999404907227,-0.0061054229736328125,0.40728876219460103,-6.358970642089844,0.0,-0.3091888427734375,0.0061054229736328125,-0.19395479393826162,7.648353576660156,0.0,-0.14639711380004883,0.03052520751953125,-0.07494302924578476,3.135528564453125,0.0,-0.12031984329223633,0.0061054229736328125,-0.16443976108965197,-9.582412719726562,0.0,0.015052318572998047,-0.03052520751953125,0.025366289393284502,2.3150177001953125,0.0,0.08369684219360352,0.0061054229736328125,0.05950284953239774,-5.24542236328125,0.0,0.45261335372924805,0.0061054229736328125,0.41033495284976707,-9.465194702148438,0.0,-0.4430265426635742,-0.0061054229736328125,-0.2559263064685992,12.161178588867188,0.0,0.007381916046142578,0.03052520751953125,0.015492943434219083,0.380950927734375,0.0,-0.023105621337890625,-0.0061054229736328125,-0.007194934110491202,3.3113555908203125,0.0,-0.06663118973407056,0.008803240884761327,-0.03166844811657021,7.514511920561773,0.0,-0.048715768797869166,0.014025980124656189,-0.019863889051437232,6.354994640967379,0.0,0.17515897750854492,-0.0061054229736328125,0.19878633128593837,1.4945068359375,0.0,0.06586408615112305,-0.0061054229736328125,0.09600583924816614,1.9047622680664062,0.0,0.05110025405883789,-0.0061054229736328125,0.042066790656249305,-0.26373291015625,0.0,-0.17650127410888672,-0.03052520751953125,-0.180671037113585,-0.20513153076171875,0.0,0.023680686950683594,0.0061054229736328125,0.013287054214284496,-0.14652252197265625,0.0,0.01583099365234375,-0.0073261260986328125,0.00888102231826832,-0.10158729553222656,0.0,-0.10662269592285156,0.05128288269042969,-0.07825852384242535,0.2578773498535156,0.0,0.09462594985961914,0.03052520751953125,0.11444273991626659,1.3186798095703125,0.0,-0.1063222885131836,0.0061054229736328125,-0.13633952451965925,-2.0805892944335938,0.0,-0.14697265625,0.04273414611816406,-0.14027548631050935,0.20513153076171875,0.0,-0.12818145751953125,-0.018314361572265625,-0.13456024682405837,-0.02930450439453125,0.0,0.028090476989746094,0.0061054229736328125,0.017278290126729788,-0.14652252197265625,0.0,0.02269744873046875,0.0073261260986328125,0.012433431245575647,-0.08596038818359375,0.0,0.13103675842285156,-0.03663063049316406,0.10521556105683497,-0.27350425720214844,0.0,-0.20253634452819824,0.05830574035644531,-0.18893865629365245,0.0030525028705596924,0.0,0.0,0.0,0.0,0.0,0.0,nan,nan,nan,nan,nan,nan,nan,nan,nan,nan,0.08220127194901124,0.168729767203331,-0.08093148469924927,-0.9823341369628906,-0.004172201734036207,-0.014283476397395134,0.00861615315079689,nan
2.2803,1789426377.5585,ramp,0,0.028879,0.00821472480076902,-0.002786810047030801,0.0022365107200295847,-0.020533837378025055,-0.05033363401889801,0.11918169260025024,-0.9913831353187561,-0.23728466033935547,-0.0061054229736328125,-0.2221581908574634,3.0183181762695312,0.0,0.13527584075927734,-0.03052520751953125,0.08943619389592782,-9.934066772460938,0.0,0.004506111145019531,0.0061054229736328125,0.00599697879178387,0.5567779541015625,0.0,0.43573999404907227,-0.0061054229736328125,0.4072376176831175,-6.417579650878906,0.0,-0.3091888427734375,0.0061054229736328125,-0.1939972125969924,7.648353576660156,0.0,-0.14582204818725586,0.03052520751953125,-0.07441716111454963,3.135528564453125,0.0,-0.12051153182983398,0.0061054229736328125,-0.16468928393570534,-9.465194702148438,0.0,0.014668941497802734,-0.04273414611816406,0.025188296545465817,2.1977996826171875,0.0,0.08350515365600586,0.0061054229736328125,0.059085323678403426,-5.1868133544921875,0.0,0.45261335372924805,0.0061054229736328125,0.41026243350725067,-9.23077392578125,0.0,-0.4430265426635742,-0.0061054229736328125,-0.255533876899121,12.21978759765625,0.0,0.007765769958496094,0.03052520751953125,0.015384230918951459,0.380950927734375,0.0,-0.023105621337890625,-0.0061054229736328125,-0.007144447939954444,3.25274658203125,0.0,-0.06642258177258863,0.008804161346582505,-0.031446233618467115,7.518956303657388,0.0,-0.0484983398890422,0.014029823348359786,-0.01972450602516159,6.502994750429743,0.0,0.17515897750854492,-0.0061054229736328125,0.19879484750515497,1.4358978271484375,0.0,0.06586408615112305,-0.0061054229736328125,0.0960338659059509,1.9047622680664062,0.0,0.050908565521240234,-0.0061054229736328125,0.04177161197436135,-0.26373291015625,0.0,-0.1770763397216797,-0.018314361572265625,-0.18150835721681094,-0.20513153076171875,0.0,0.023680686950683594,0.0061054229736328125,0.01319382021454357,-0.14652252197265625,0.0,0.01583099365234375,-0.0073261260986328125,0.008818705026627377,-0.10158729553222656,0.0,-0.10585975646972656,0.03663063049316406,-0.07770939119993142,0.2578773498535156,0.0,0.0948176383972168,0.03052520751953125,0.11504308711992026,1.3186798095703125,0.0,-0.10593891143798828,0.0061054229736328125,-0.13608453353173364,-2.139190673828125,0.0,-0.14620542526245117,0.05494499206542969,-0.13929118652190217,0.20513153076171875,0.0,-0.12894821166992188,-0.04273414611816406,-0.1357211219712071,-0.02930450439453125,0.0,0.028090476989746094,0.0061054229736328125,0.017157050002980814,-0.14652252197265625,0.0,0.02269744873046875,0.0073261260986328125,0.012346187037278328,-0.08596038818359375,0.0,0.13103675842285156,-0.0073261260986328125,0.10447727343987256,-0.3047618865966797,0.0,-0.20157766342163086,0.05830574035644531,-0.187612891654791,0.004029303789138794,0.0,0.0,0.0,0.0,0.0,0.0,nan,nan,nan,nan,nan,nan,nan,nan,nan,nan,0.08205186099955122,0.16845344007015228,-0.08078858256340027,-0.9823933243751526,-0.006223135162144899,-0.011338519863784313,0.008083213120698929,nan
2.3010,1789426377.5792,ramp,0,0.029009,0.001586662483496072,-0.00682180364553566,0.001473607134033005,-0.020590662956237793,-0.050278935581445694,0.11914604157209396,-0.9913889765739441,-0.23728466033935547,-0.0061054229736328125,-0.22198928691671443,3.1941375732421875,0.0,0.13470077514648438,-0.04273414611816406,0.08875445377898736,-9.934066772460938,0.0,0.004506111145019531,0.0061054229736328125,0.005951265967426009,0.4395599365234375,0.0,0.43573999404907227,-0.0061054229736328125,0.4071824479576715,-6.358970642089844,0.0,-0.30899667739868164,0.0061054229736328125,-0.19404296972103324,7.706962585449219,0.0,-0.1452469825744629,0.03052520751953125,-0.07384990571256275,3.135528564453125,0.0,-0.12051153182983398,0.0061054229736328125,-0.1649584449172055,-9.641021728515625,0.0,0.013901710510253906,-0.04273414611816406,0.024996295170134273,2.373626708984375,0.0,0.08350515365600586,-0.0061054229736328125,0.05863493738937091,-5.24542236328125,0.0,0.45261335372924805,0.0061054229736328125,0.41018420669267963,-9.113555908203125,0.0,-0.4430265426635742,-0.0061054229736328125,-0.255110562041339,12.21978759765625,0.0,0.008149147033691406,0.03052520751953125,0.015266962429217544,0.380950927734375,0.0,-0.023105621337890625,-0.0061054229736328125,-0.007089988368701588,3.3113555908203125,0.0,-0.06628350051108106,0.004374806123314103,-0.03120653022713835,7.517956509675415,0.0,-0.04835334650638098,0.009413719268920855,-0.019574153170702758,6.502104990422027,0.0,0.17515897750854492,-0.0061054229736328125,0.19880403397428698,1.4945068359375,0.0,0.06586408615112305,-0.0061054229736328125,0.09606409833891977,1.9047622680664062,0.0,0.05071687698364258,-0.0061054229736328125,0.04145320191695964,-0.26373291015625,0.0,-0.1774601936340332,-0.018314361572265625,-0.18241157671906805,-0.26373291015625,0.0,0.023680686950683594,0.0061054229736328125,0.01309324844215329,-0.14652252197265625,0.0,0.01583099365234375,-0.0073261260986328125,0.00875148319244342,-0.10158729553222656,0.0,-0.10547828674316406,0.0073261260986328125,-0.07711704030555347,0.2578773498535156,0.0,0.09539318084716797,0.04273414611816406,0.11569068330252284,1.3186798095703125,0.0,-0.10555553436279297,0.018314361572265625,-0.1358094740505305,-2.139190673828125,0.0,-0.1456303596496582,0.04273414611816406,-0.13822941962807933,0.3223419189453125,0.0,-0.12990713119506836,-0.03052520751953125,-0.13697336119077286,-0.08791351318359375,0.0,0.028090476989746094,0.0061054229736328125,0.017026267947463154,-0.14652252197265625,0.0,0.02269744873046875,0.0073261260986328125,0.012252076469420786,-0.08596038818359375,0.0,0.13103675842285156,-0.0073261260986328125,0.10368088055339306,-0.3047618865966797,0.0,-0.20013952255249023,0.07671833038330078,-0.18618278568622632,0.003540903329849243,0.0,0.0,0.0,0.0,0.0,0.0,nan,nan,nan,nan,nan,nan,nan,nan,nan,nan,0.08202880732239011,0.1682223528623581,-0.08076917380094528,-0.9824345111846924,-0.008183933794498444,-0.01093124970793724,0.007384655065834522,nan
2.3212,1789426377.5999,ramp,0,0.029150,0.005077315057790116,-0.00841445824148441,0.003850927815362676,-0.020652132108807564,-0.0502241887152195,0.11909177154302597,-0.9913970828056335,-0.23728466033935547,-0.0061054229736328125,-0.22182487745269314,3.3113555908203125,0.0,0.13393354415893555,-0.04273414611816406,0.08809085453594444,-9.934066772460938,0.0,0.004506111145019531,0.0061054229736328125,0.005906769545860897,0.4395599365234375,0.0,0.43573999404907227,-0.0061054229736328125,0.4071287462799572,-6.00732421875,0.0,-0.308804988861084,0.018314361572265625,-0.19408750926348178,7.648353576660156,0.0,-0.14486360549926758,0.03052520751953125,-0.0732977447849356,3.135528564453125,0.0,-0.12051153182983398,0.0061054229736328125,-0.16522044361603783,-9.5238037109375,0.0,0.013134479522705078,-0.04273414611816406,0.024809402886451427,2.5494537353515625,0.0,0.0833134651184082,-0.0061054229736328125,0.058196535727136046,-5.1868133544921875,0.0,0.45261335372924805,0.0061054229736328125,0.41010806146718226,-9.172164916992188,0.0,-0.44283485412597656,-0.0061054229736328125,-0.25469851144872657,12.27838134765625,0.0,0.008724212646484375,0.03052520751953125,0.015152814414326692,0.3223419189453125,0.0,-0.023105621337890625,-0.0061054229736328125,-0.007036977948217569,3.369964599609375,0.0,-0.06614423880835855,0.004375184895423549,-0.03097320526196767,7.67661188271546,0.0,-0.04820814009308935,0.009415245385744127,-0.01942780115484077,6.503022293531771,0.0,0.17515897750854492,-0.0061054229736328125,0.19881297599458292,1.4945068359375,0.0,0.06586408615112305,-0.0061054229736328125,0.09609352629707416,1.9047622680664062,0.0,0.05052518844604492,-0.0061054229736328125,0.04114326464347588,-0.3223419189453125,0.0,-0.17765188217163086,-0.018314361572265625,-0.1832907618559049,-0.26373291015625,0.0,0.023680686950683594,0.0061054229736328125,0.012995352850605603,-0.14652252197265625,0.0,0.01583099365234375,-0.0073261260986328125,0.008686050108527767,-0.10158729553222656,0.0,-0.10509681701660156,-0.0073261260986328125,-0.07654045166809863,0.27350616455078125,0.0,0.09596824645996094,0.04273414611816406,0.11632104716977068,1.3186798095703125,0.0,-0.1049799919128418,0.018314361572265625,-0.13554173380907705,-2.139190673828125,0.0,-0.14486360549926758,0.05494499206542969,-0.13719590599213408,0.26373291015625,0.0,-0.13067388534545898,-0.04273414611816406,-0.1381922787483047,-0.08791351318359375,0.0,0.028090476989746094,0.0061054229736328125,0.016898965958202786,-0.14652252197265625,0.0,0.02269744873046875,0.0073261260986328125,0.012160470151938874,-0.08596038818359375,0.0,0.13103675842285156,-0.0073261260986328125,0.10290567941222459,-0.3203907012939453,0.0,-0.19860553741455078,0.07671833038330078,-0.18479073435371896,0.0032967031002044678,0.0,0.0,0.0,0.0,0.0,0.0,nan,nan,nan,nan,nan,nan,nan,nan,nan,nan,0.08201687486627986,0.16799120604991913,-0.08076068013906479,-0.9824747443199158,-0.004899223800748587,-0.012484435923397541,0.010061346925795078,nan
2.3401,1789426377.6183,ramp,0,0.029332,0.006094770030619734,-0.004658579269605043,0.0019829669911695454,-0.02073417790234089,-0.05016438663005829,0.11905454844236374,-0.9914029240608215,-0.23728466033935547,-0.0061054229736328125,-0.22167075316179355,3.25274658203125,0.0,0.13316679000854492,-0.04273414611816406,0.08746876891949691,-9.99267578125,0.0,0.004506111145019531,0.0061054229736328125,0.0058650567438508884,0.4981689453125,0.0,0.43573999404907227,-0.0061054229736328125,0.40707840408678053,-6.476188659667969,0.0,-0.308804988861084,0.018314361572265625,-0.19412926248880696,7.648353576660156,0.0,-0.1442880630493164,0.04273414611816406,-0.07278012609467593,3.135528564453125,0.0,-0.12051153182983398,0.0061054229736328125,-0.16546605212716903,-9.699630737304688,0.0,0.01236724853515625,-0.05494499206542969,0.02463420226239555,2.9597091674804688,0.0,0.08312177658081055,0.0061054229736328125,0.057785559718404586,-5.128204345703125,0.0,0.45261335372924805,0.0061054229736328125,0.41003667975594665,-9.113555908203125,0.0,-0.44283485412597656,-0.0061054229736328125,-0.25431223803205194,12.27838134765625,0.0,0.009107589721679688,0.03052520751953125,0.015045807302799523,0.26373291015625,0.0,-0.023105621337890625,-0.0061054229736328125,-0.006987283768408492,3.369964599609375,0.0,-0.06600514264674937,0.008914386501742845,-0.030754476705067535,7.67560839566538,0.0,-0.048063081403624405,0.004444028422899597,-0.019290604669220373,6.502126875928682,0.0,0.17515897750854492,-0.0061054229736328125,0.1988213586174783,1.4945068359375,0.0,0.06586408615112305,-0.0061054229736328125,0.09612111329281171,1.9047622680664062,0.0,0.05033302307128906,-0.0061054229736328125,0.04085271651242152,-0.3223419189453125,0.0,-0.17784357070922852,-0.018314361572265625,-0.1841149466836523,-0.26373291015625,0.0,0.023488998413085938,0.0061054229736328125,0.012903581438787552,-0.14652252197265625,0.0,0.01583099365234375,-0.0073261260986328125,0.008624710405732029,-0.10158729553222656,0.0,-0.10509681701660156,-0.0073261260986328125,-0.07599993342349819,0.2891349792480469,0.0,0.0965433120727539,0.03052520751953125,0.11691197655833502,1.377288818359375,0.0,-0.10459661483764648,0.0061054229736328125,-0.13529074293634993,-2.1977996826171875,0.0,-0.14409637451171875,0.05494499206542969,-0.13622704719058426,0.26373291015625,0.0,-0.1310572624206543,-0.05494499206542969,-0.13933494292118537,-0.08791351318359375,0.0,0.028090476989746094,0.0061054229736328125,0.01677962776230477,-0.20513153076171875,0.0,0.02269744873046875,0.0073261260986328125,0.012074594568024838,-0.08596038818359375,0.0,0.13065528869628906,-0.0073261260986328125,0.10217897352033221,-0.3203907012939453,0.0,-0.19726324081420898,0.082855224609375,-0.18348576735686326,0.0001221001148223877,0.0,0.0,0.0,0.0,0.0,0.0,nan,nan,nan,nan,nan,nan,nan,nan,nan,nan,0.08204572398471868,0.16775447130203247,-0.08079232275485992,-0.9825125932693481,0.0011900851968675852,-0.013503414578735828,0.00841399747878313,nan
2.3610,1789426377.6393,ramp,0,0.029456,0.009292665779559763,-0.005992772001167001,9.979887346810767e-05,-0.020785966888070107,-0.05008791759610176,0.11902846395969391,-0.9914087057113647,-0.23728466033935547,-0.0061054229736328125,-0.2215008486470027,3.369964599609375,0.0,0.1323995590209961,-0.04273414611816406,0.08678299022618409,-9.875457763671875,0.0,0.004506111145019531,0.0061054229736328125,0.0058190731202136855,0.380950927734375,0.0,0.43573999404907227,-0.0061054229736328125,0.4070229075400956,-6.417579650878906,0.0,-0.30861330032348633,0.018314361572265625,-0.19417529067455513,7.589744567871094,0.0,-0.14371299743652344,0.03052520751953125,-0.07220951031502222,3.135528564453125,0.0,-0.12051153182983398,0.0061054229736328125,-0.1657368075977615,-9.699630737304688,0.0,0.011600494384765625,-0.04273414611816406,0.024441063485584162,2.9011001586914062,0.0,0.08312177658081055,-0.0061054229736328125,0.05733250537540235,-5.3040313720703125,0.0,0.45261335372924805,0.0061054229736328125,0.40995798953170204,-9.289382934570312,0.0,-0.44283485412597656,0.0061054229736328125,-0.25388641548939084,12.336990356445312,0.0,0.009874820709228516,0.03052520751953125,0.014927844123490954,0.26373291015625,0.0,-0.023105621337890625,-0.0061054229736328125,-0.00693250158281588,3.3113555908203125,0.0,-0.06586603902550542,0.00891472037739124,-0.03051335332916028,7.509117697141314,0.0,-0.047917990070840515,0.004445622484979805,-0.019139361135937682,6.350183558915778,0.0,0.17515897750854492,-0.0061054229736328125,0.1988305995065517,1.4358978271484375,0.0,0.06586408615112305,-0.0061054229736328125,0.09615152482040396,1.9633712768554688,0.0,0.050141334533691406,-0.0061054229736328125,0.04053242021816417,-0.3223419189453125,0.0,-0.17822694778442383,-0.018314361572265625,-0.1850235167892409,-0.3223419189453125,0.0,0.023488998413085938,0.0061054229736328125,0.012802413886900644,-0.20513153076171875,0.0,0.01583099365234375,-0.0073261260986328125,0.008557090354537663,-0.10158729553222656,0.0,-0.10509681701660156,-0.0073261260986328125,-0.07540407348767358,0.2891349792480469,0.0,0.09692716598510742,0.03052520751953125,0.11756340905125134,1.3186798095703125,0.0,-0.10421323776245117,0.0061054229736328125,-0.1350140540237929,-2.1977996826171875,0.0,-0.14313793182373047,0.04273414611816406,-0.13515899047079433,0.26373291015625,0.0,-0.1314411163330078,-0.05494499206542969,-0.1405946003102252,-0.14652252197265625,0.0,0.028090476989746094,0.0061054229736328125,0.016648070963881097,-0.20513153076171875,0.0,0.02269744873046875,0.0073261260986328125,0.011979926496352728,-0.08596038818359375,0.0,0.13065528869628906,-0.021978378295898438,0.10137786286323229,-0.3203907012939453,0.0,-0.1959209442138672,0.07058048248291016,-0.18204718954979132,0.002808302640914917,0.0,0.0,0.0,0.0,0.0,0.0,nan,nan,nan,nan,nan,nan,nan,nan,nan,nan,0.08201529073834878,0.16747993230819702,-0.08076624572277069,-0.9825615882873535,0.004465647507458925,-0.015003010630607605,0.006810345221310854,nan
2.3810,1789426377.6592,ramp,0,0.029563,0.00957292291269587,-0.009445131751966799,-0.0025703663107724643,-0.020826436579227448,-0.0499902181327343,0.1189977377653122,-0.9914164543151855,-0.23728466033935547,-0.0061054229736328125,-0.22133753907955178,3.4285736083984375,0.0,0.13182449340820312,-0.04273414611816406,0.08612383045100191,-9.816848754882812,0.0,0.004506111145019531,0.0061054229736328125,0.005774874378966217,0.4981689453125,0.0,0.43573999404907227,-0.0061054229736328125,0.40696956512570903,-6.358970642089844,0.0,-0.30842161178588867,0.018314361572265625,-0.19421953224820804,7.531135559082031,0.0,-0.1429457664489746,0.04273414611816406,-0.07166104333478554,3.0769195556640625,0.0,-0.12051153182983398,0.0061054229736328125,-0.1659970535296713,-9.699630737304688,0.0,0.011024951934814453,-0.04273414611816406,0.024255421508159996,3.0183181762695312,0.0,0.08292961120605469,0.0061054229736328125,0.056897036612971075,-5.772895812988281,0.0,0.45261335372924805,0.0061054229736328125,0.4098823537164925,-9.172164916992188,0.0,-0.44245100021362305,0.0061054229736328125,-0.2534771215083661,12.395599365234375,0.0,0.010449886322021484,0.03052520751953125,0.014814459756914634,0.20513153076171875,0.0,-0.023105621337890625,-0.0061054229736328125,-0.006879845801160177,3.3113555908203125,0.0,-0.0657964844145678,0.013345688964216246,-0.030281589304112486,7.674103298619408,0.0,-0.047845432161085076,0.009068726744964126,-0.018993988212619252,6.500783062779551,0.0,0.17515897750854492,-0.0061054229736328125,0.1988394817048811,1.4945068359375,0.0,0.06586408615112305,-0.0061054229736328125,0.09618075590600944,1.9047622680664062,0.0,0.04994964599609375,0.0061054229736328125,0.04022455641986728,-0.3223419189453125,0.0,-0.17861032485961914,-0.03052520751953125,-0.18589682019218556,-0.3223419189453125,0.0,0.023488998413085938,0.0061054229736328125,0.012705173215226571,-0.20513153076171875,0.0,0.01583099365234375,-0.0073261260986328125,0.008492095016861354,-0.10158729553222656,0.0,-0.10471534729003906,0.0073261260986328125,-0.07483134221858027,0.2891349792480469,0.0,0.09750223159790039,0.05494499206542969,0.11818955579474784,1.26007080078125,0.0,-0.10382986068725586,0.018314361572265625,-0.13474810496008627,-2.1977996826171875,0.0,-0.1425623893737793,0.04273414611816406,-0.1341323910238246,0.380950927734375,0.0,-0.13220787048339844,-0.04273414611816406,-0.14180536332964042,-0.20513153076171875,0.0,0.028090476989746094,0.0061054229736328125,0.01652162062280426,-0.14652252197265625,0.0,0.02269744873046875,0.0073261260986328125,0.011888933023605898,-0.08596038818359375,0.0,0.13027381896972656,-0.03663063049316406,0.10060784780476044,-0.3203907012939453,0.0,-0.19438695907592773,0.082855224609375,-0.18066445101746564,0.0013431012630462646,0.0,0.0,0.0,0.0,0.0,0.0,nan,nan,nan,nan,nan,nan,nan,nan,nan,nan,0.08204203094051579,0.16722774505615234,-0.08079603314399719,-0.9826021194458008,0.00011289866961305961,-0.022911669686436653,0.00402746070176363,nan
2.4010,1789426377.6792,ramp,0,0.029676,0.006712743037707711,-0.016629976268945298,-0.0004221438671611161,-0.02086932584643364,-0.04988138750195503,0.11897887289524078,-0.9914233684539795,-0.23728466033935547,-0.0061054229736328125,-0.2211742514117751,3.369964599609375,0.0,0.1310572624206543,-0.04273414611816406,0.08546475906858551,-9.75823974609375,0.0,0.004506111145019531,0.0061054229736328125,0.005730681564732396,0.4395599365234375,0.0,0.43573999404907227,-0.0061054229736328125,0.4069162298644948,-6.358970642089844,0.0,-0.30803823471069336,0.018314361572265625,-0.1942637678891035,7.472526550292969,0.0,-0.14237070083618164,0.04273414611816406,-0.07111264990350488,3.0769195556640625,0.0,-0.12051153182983398,0.0061054229736328125,-0.16625726456282275,-9.934066772460938,0.0,0.010066509246826172,-0.04273414611816406,0.02406980442516727,3.135528564453125,0.0,0.08292961120605469,0.0061054229736328125,0.056461626246530845,-5.655677795410156,0.0,0.45261335372924805,0.0061054229736328125,0.40980672804398144,-9.113555908203125,0.0,-0.4422593116760254,0.0061054229736328125,-0.25306788241331635,12.27838134765625,0.0,0.011024951934814453,0.03052520751953125,0.014701090595085531,0.20513153076171875,0.0,-0.023105621337890625,-0.0061054229736328125,-0.006827197080600054,3.369964599609375,0.0,-0.06551468773438453,0.004376276745341669,-0.03004985635842353,7.519809098302439,0.0,-0.04785662529012031,0.009421264958328733,-0.018848634783686317,6.646776963387288,0.0,0.17515897750854492,-0.0061054229736328125,0.19884836271211526,1.4945068359375,0.0,0.06586408615112305,-0.0061054229736328125,0.09620998307175117,1.9633712768554688,0.0,0.049757957458496094,-0.0061054229736328125,0.03991673390584416,-0.3223419189453125,0.0,-0.1791858673095703,-0.03052520751953125,-0.18677000648588588,-0.3223419189453125,0.0,0.023488998413085938,0.0061054229736328125,0.012607945583443947,-0.20513153076171875,0.0,0.01583099365234375,-0.0073261260986328125,0.008427108395004605,-0.10158729553222656,0.0,-0.10433387756347656,0.0073261260986328125,-0.07425868775226352,0.2891349792480469,0.0,0.09846115112304688,0.05494499206542969,0.118815618572498,1.26007080078125,0.0,-0.10344600677490234,0.018314361572265625,-0.1344821915599231,-2.139190673828125,0.0,-0.14198732376098633,0.04273414611816406,-0.13310592924296846,0.380950927734375,0.0,-0.13355016708374023,-0.05494499206542969,-0.14301596398676344,-0.20513153076171875,0.0,0.027898788452148438,0.0061054229736328125,0.016395187238610723,-0.14652252197265625,0.0,0.02269744873046875,0.0073261260986328125,0.011797951753006446,-0.08596038818359375,0.0,0.12951087951660156,-0.03663063049316406,0.09983793600465367,-0.3203907012939453,0.0,-0.19314050674438477,0.06444263458251953,-0.1792818979092023,0.003540903329849243,0.0,0.0,0.0,0.0,0.0,0.0,nan,nan,nan,nan,nan,nan,nan,nan,nan,nan,0.08215099565206489,0.16674359142780304,-0.08090982586145401,-0.9826750159263611,-0.0032118072267621756,-0.020938793197274208,0.006301190238445997,nan
2.4208,1789426377.6991,ramp,0,0.029836,0.01025857870247199,-0.023034454249287135,0.001943142850048503,-0.02092912793159485,-0.04972194880247116,0.11894893646240234,-0.9914337396621704,-0.23728466033935547,-0.0061054229736328125,-0.22101312313516722,3.3113555908203125,0.0,0.13029050827026367,-0.04273414611816406,0.08481440354905186,-9.816848754882812,0.0,0.004506111145019531,0.0061054229736328125,0.005687073176585854,0.380950927734375,0.0,0.4355483055114746,-0.0061054229736328125,0.40686359993328886,-6.476188659667969,0.0,-0.3078465461730957,0.018314361572265625,-0.19430741853755223,7.531135559082031,0.0,-0.14179563522338867,0.04273414611816406,-0.07057150867901146,3.0769195556640625,0.0,-0.12051153182983398,0.0061054229736328125,-0.16651403444567392,-9.934066772460938,0.0,0.009299278259277344,-0.04273414611816406,0.023886642027793153,3.369964599609375,0.0,0.08292961120605469,0.0061054229736328125,0.05603197394689925,-5.655677795410156,0.0,0.45261335372924805,0.0061054229736328125,0.40973210248012265,-9.113555908203125,0.0,-0.4422593116760254,0.0061054229736328125,-0.2526640552841536,12.21978759765625,0.0,0.011600494384765625,0.03052520751953125,0.014589220679159067,0.08791351318359375,0.0,-0.023105621337890625,-0.0061054229736328125,-0.0067752446109189636,3.3113555908203125,0.0,-0.065234575396586,0.00880805909890476,-0.029821187955717206,7.518550846745869,0.0,-0.04771675135679571,0.01404890762311957,-0.018705203575304776,6.645144184290555,0.0,0.17515897750854492,-0.0061054229736328125,0.1988571262728279,1.4358978271484375,0.0,0.06586408615112305,-0.0061054229736328125,0.09623882372401979,1.9047622680664062,0.0,0.04956626892089844,-0.0061054229736328125,0.03961298217822753,-0.3223419189453125,0.0,-0.17976093292236328,-0.04273414611816406,-0.18763164536270538,-0.26373291015625,0.0,0.023488998413085938,0.0061054229736328125,0.012512003734551674,-0.20513153076171875,0.0,0.01583099365234375,-0.0073261260986328125,0.008362981186104367,-0.10158729553222656,0.0,-0.10395240783691406,0.0073261260986328125,-0.07369360633181213,0.2891349792480469,0.0,0.09980297088623047,0.05494499206542969,0.11943340200832496,1.2014617919921875,0.0,-0.10306262969970703,0.0061054229736328125,-0.13421979472078255,-2.1977996826171875,0.0,-0.1412200927734375,0.04273414611816406,-0.1320930418644836,0.380950927734375,0.0,-0.13489246368408203,-0.05494499206542969,-0.14421055510438174,-0.14652252197265625,0.0,0.027898788452148438,0.0061054229736328125,0.01627042586760093,-0.14652252197265625,0.0,0.02269744873046875,0.0073261260986328125,0.011708173660546113,-0.08596038818359375,0.0,0.12912940979003906,-0.021978378295898438,0.09907820587205751,-0.33601951599121094,0.0,-0.1918940544128418,0.07058048248291016,-0.17791762831869012,0.0025641024112701416,0.0,0.0,0.0,0.0,0.0,0.0,nan,nan,nan,nan,nan,nan,nan,nan,nan,nan,0.08215207811567415,0.1661684215068817,-0.08091885596513748,-0.9827716946601868,-0.0047122822143137455,-0.03162318095564842,0.0088915154337883,nan
2.4407,1789426377.7191,ramp,0,0.029957,0.006530549529632666,-0.01986505952549746,0.007284714618302423,-0.020968306809663773,-0.049554307013750076,0.11890988796949387,-0.9914460182189941,-0.23728466033935547,-0.0061054229736328125,-0.2208511655631195,3.4871826171875,0.0,0.12952375411987305,-0.04273414611816406,0.08416070077801178,-9.934066772460938,0.0,0.004506111145019531,0.0061054229736328125,0.005643240344671971,0.5567779541015625,0.0,0.4355483055114746,-0.0061054229736328125,0.4068106991262138,-6.417579650878906,0.0,-0.3074631690979004,0.03052520751953125,-0.19435129384727373,7.413917541503906,0.0,-0.14102840423583984,0.04273414611816406,-0.07002758230743393,3.0769195556640625,0.0,-0.12051153182983398,0.0061054229736328125,-0.1667721258724366,-9.875457763671875,0.0,0.008532524108886719,-0.04273414611816406,0.02370253692970825,3.4871826171875,0.0,0.08273792266845703,-0.0061054229736328125,0.055600110311676616,-5.655677795410156,0.0,0.45261335372924805,0.0061054229736328125,0.4096570928332146,-9.289382934570312,0.0,-0.4418759346008301,0.0061054229736328125,-0.25225814973645544,12.27838134765625,0.0,0.01236724853515625,0.018314361572265625,0.014476774990853711,0.20513153076171875,0.0,-0.023105621337890625,-0.0061054229736328125,-0.006723024752129642,3.369964599609375,0.0,-0.06495292720480754,0.008808396711117819,-0.029591342641871604,7.518073722775464,0.0,-0.047727714384518706,0.014052222660147365,-0.01856103415480094,6.643694978930156,0.0,0.17515897750854492,-0.0061054229736328125,0.19886593493785792,1.4358978271484375,0.0,0.06586408615112305,-0.0061054229736328125,0.09626781281343369,1.9633712768554688,0.0,0.04937458038330078,0.0061054229736328125,0.039307667100416575,0.26373291015625,0.0,-0.1805281639099121,-0.04273414611816406,-0.18849771892477285,-0.3223419189453125,0.0,0.023488998413085938,0.0061054229736328125,0.012415568091898008,-0.14652252197265625,0.0,0.01583099365234375,-0.0073261260986328125,0.008298523927115914,-0.10158729553222656,0.0,-0.10357093811035156,0.021978378295898438,-0.07312561654881282,0.2891349792480469,0.0,0.10018682479858398,0.05494499206542969,0.12005436505357181,1.26007080078125,0.0,-0.10287094116210938,0.0061054229736328125,-0.13395604737689693,-2.139190673828125,0.0,-0.14045333862304688,0.05494499206542969,-0.13107494135456269,0.3223419189453125,0.0,-0.1358509063720703,-0.03052520751953125,-0.14541129454672072,-0.14652252197265625,0.0,0.02770709991455078,0.0061054229736328125,0.01614502237443716,-0.20513153076171875,0.0,0.02269744873046875,0.0073261260986328125,0.011617933497962278,-0.08596038818359375,0.0,0.12874794006347656,-0.03663063049316406,0.09831456555840742,-0.33601951599121094,0.0,-0.19045591354370117,0.08899307250976562,-0.1765463371018446,0.0008547008037567139,0.0,0.0,0.0,0.0,0.0,0.0,nan,nan,nan,nan,nan,nan,nan,nan,nan,nan,0.08226599954454744,0.16556735336780548,-0.08103912323713303,-0.9828632473945618,-0.00869138166308403,-0.02810998447239399,0.013824042864143848,nan
2.4611,1789426377.7396,ramp,0,0.030070,0.006802325118875252,-0.020656451132928133,0.005155164145850447,-0.020999275147914886,-0.04936518520116806,0.11884723603725433,-0.9914622902870178,-0.23728466033935547,-0.0061054229736328125,-0.2206850620679025,3.4871826171875,0.0,0.12875652313232422,-0.04273414611816406,0.08349026398564743,-9.699630737304688,0.0,0.004506111145019531,0.0061054229736328125,0.005598285443866161,0.4981689453125,0.0,0.4355483055114746,-0.0061054229736328125,0.4067564441207586,-6.417579650878906,0.0,-0.3070793151855469,0.03052520751953125,-0.19439629231326905,7.472526550292969,0.0,-0.14026165008544922,0.04273414611816406,-0.06946973206111691,3.0769195556640625,0.0,-0.12051153182983398,0.0061054229736328125,-0.1670368241358694,-10.051284790039062,0.0,0.007573604583740234,-0.05494499206542969,0.023513718957862143,3.6630020141601562,0.0,0.08273792266845703,-0.0061054229736328125,0.05515719147583199,-5.772895812988281,0.0,0.45261335372924805,0.0061054229736328125,0.40958016302765576,-9.23077392578125,0.0,-0.44149255752563477,0.0061054229736328125,-0.251841853484615,12.27838134765625,0.0,0.013134479522705078,0.0061054229736328125,0.014361450825311777,0.08791351318359375,0.0,-0.023105621337890625,-0.0061054229736328125,-0.006669468126434558,3.4285736083984375,0.0,-0.06460338388003452,0.013240782043672083,-0.029355613558591988,7.4336148514055145,0.0,-0.0475152671981035,0.018685243073018387,-0.01841317416686508,6.566166470080953,0.0,0.17515897750854492,-0.0061054229736328125,0.19887496909434219,1.4358978271484375,0.0,0.06586408615112305,-0.0061054229736328125,0.09629754398940732,1.9633712768554688,0.0,0.049182891845703125,0.0061054229736328125,0.03899453631606581,-0.380950927734375,0.0,-0.18129491806030273,-0.04273414611816406,-0.18938596295038754,-0.3223419189453125,0.0,0.023488998413085938,0.0061054229736328125,0.012316663810327576,-0.14652252197265625,0.0,0.01583099365234375,-0.0073261260986328125,0.00823241663818388,-0.10158729553222656,0.0,-0.10280799865722656,0.021978378295898438,-0.07254308689607185,0.2891349792480469,0.0,0.10133695602416992,0.05494499206542969,0.12069122402170764,1.1428604125976562,0.0,-0.10267925262451172,0.0061054229736328125,-0.13368554841152164,-2.139190673828125,0.0,-0.13968658447265625,0.05494499206542969,-0.13003077867021326,0.3223419189453125,0.0,-0.13700151443481445,-0.05494499206542969,-0.14664277150513458,-0.14652252197265625,0.0,0.02770709991455078,0.0061054229736328125,0.01601640869948786,-0.20513153076171875,0.0,0.02269744873046875,0.0073261260986328125,0.01152538329345743,-0.10158920288085938,0.0,0.12760353088378906,-0.0659332275390625,0.0975313769517734,-0.3203907012939453,0.0,-0.1888260841369629,0.05830574035644531,-0.17513994244429013,0.003540903329849243,0.0,0.0,0.0,0.0,0.0,0.0,nan,nan,nan,nan,nan,nan,nan,nan,nan,nan,0.08214192661136505,0.164861261844635,-0.08092688024044037,-0.9829911589622498,-0.013027583248913288,-0.033336978405714035,0.011455965228378773,nan
2.4810,1789426377.7592,ramp,0,0.030177,0.006996548104788239,-0.018773311200781687,-0.0014908516222399185,-0.021028360351920128,-0.04917878285050392,0.11879671365022659,-0.9914770126342773,-0.23728466033935547,-0.0061054229736328125,-0.2205230765998411,3.5457839965820312,0.0,0.1279897689819336,-0.04273414611816406,0.08283644861906012,-9.699630737304688,0.0,0.004506111145019531,0.0061054229736328125,0.005554445062065823,0.4981689453125,0.0,0.4355483055114746,-0.0061054229736328125,0.40670353420190447,-6.476188659667969,0.0,-0.30669593811035156,0.03052520751953125,-0.19444017518019352,7.472526550292969,0.0,-0.13968658447265625,0.04273414611816406,-0.06892571200217842,3.0769195556640625,0.0,-0.12051153182983398,0.0061054229736328125,-0.167294960017003,-10.109893798828125,0.0,0.006998538970947266,-0.05494499206542969,0.023329582149013286,3.6630020141601562,0.0,0.08254623413085938,-0.0061054229736328125,0.054725253455239584,-5.714286804199219,0.0,0.45261335372924805,0.0061054229736328125,0.40950514046088166,-9.172164916992188,0.0,-0.4413008689880371,0.0061054229736328125,-0.25143587802263884,12.27838134765625,0.0,0.013901233673095703,0.0061054229736328125,0.014248985769054546,0.08791351318359375,0.0,-0.022913455963134766,-0.0061054229736328125,-0.006617239273154409,3.3113555908203125,0.0,-0.06439448032949537,0.013242075811002015,-0.029125728655562982,7.426357723668911,0.0,-0.04729708446216859,0.018690659888450534,-0.01826897991422726,6.415742440368793,0.0,0.17515897750854492,-0.0061054229736328125,0.19888377927660073,1.4945068359375,0.0,0.06586408615112305,-0.0061054229736328125,0.09632653807198102,1.9047622680664062,0.0,0.049182891845703125,-0.0061054229736328125,0.03868916864995358,-0.3223419189453125,0.0,-0.18206167221069336,-0.04273414611816406,-0.19025218568732627,-0.3223419189453125,0.0,0.023488998413085938,0.0061054229736328125,0.012220211557335941,-0.20513153076171875,0.0,0.01583099365234375,-0.0073261260986328125,0.00816794827690143,-0.10158729553222656,0.0,-0.10280799865722656,-0.0073261260986328125,-0.07197499928096401,0.3047637939453125,0.0,0.10210418701171875,0.05494499206542969,0.12131229402332214,1.2014617919921875,0.0,-0.10248756408691406,0.0061054229736328125,-0.13342175563907457,-2.139190673828125,0.0,-0.13911104202270508,0.05494499206542969,-0.12901250279988524,0.380950927734375,0.0,-0.13834381103515625,-0.05494499206542969,-0.14784371776610833,-0.14652252197265625,0.0,0.02770709991455078,0.0061054229736328125,0.015890983606484582,-0.20513153076171875,0.0,0.02269744873046875,0.0073261260986328125,0.011435127587662004,-0.10158920288085938,0.0,0.12607765197753906,-0.08058547973632812,0.09676760510663406,-0.3047618865966797,0.0,-0.18767571449279785,0.07058048248291016,-0.17376841503250737,0.002075701951980591,0.0,0.0,0.0,0.0,0.0,0.0,nan,nan,nan,nan,nan,nan,nan,nan,nan,nan,0.08197978876021592,0.1643143892288208,-0.08077497035264969,-0.9830952286720276,-0.012362761422991753,-0.031789977103471756,0.004752561450004578,nan
2.5011,1789426377.7793,ramp,0,0.030239,0.0017027066071043722,-0.017505652763687773,0.00517954299294633,-0.021036406978964806,-0.048996008932590485,0.11877202242612839,-0.9914888143539429,-0.23728466033935547,-0.0061054229736328125,-0.22035897998018883,3.7216110229492188,0.0,0.12722253799438477,-0.04273414611816406,0.08217411209703936,-9.641029357910156,0.0,0.004506111145019531,0.0061054229736328125,0.00551003330992659,0.4981689453125,0.0,0.4355483055114746,-0.0061054229736328125,0.40664993470971567,-6.476188659667969,0.0,-0.30631256103515625,0.03052520751953125,-0.19448462997116414,7.413917541503906,0.0,-0.13891935348510742,0.04273414611816406,-0.0683746017466523,3.0769195556640625,0.0,-0.12051153182983398,0.0061054229736328125,-0.1675564601750846,-10.051284790039062,0.0,0.006039619445800781,-0.04273414611816406,0.023143045490834784,3.7802200317382812,0.0,0.08235454559326172,-0.0061054229736328125,0.054287685999795735,-5.831504821777344,0.0,0.45261335372924805,0.0061054229736328125,0.4094291401273171,-9.347991943359375,0.0,-0.4409174919128418,0.018314361572265625,-0.2510246114950339,12.336990356445312,0.0,0.014668464660644531,0.0061054229736328125,0.014135054959200546,0.02930450439453125,0.0,-0.022913455963134766,-0.0061054229736328125,-0.00656432972284624,3.3113555908203125,0.0,-0.06397362207972526,0.013351074750643042,-0.028892847669709048,7.507560597641301,0.0,-0.04716253159726653,0.009090825375966267,-0.018122906382358438,6.488864410993617,0.0,0.17515897750854492,-0.0061054229736328125,0.1988927042816919,1.4945068359375,0.0,0.06586408615112305,-0.0061054229736328125,0.09635591003353536,1.9047622680664062,0.0,0.04899120330810547,-0.0061054229736328125,0.03837982113650177,-0.380950927734375,0.0,-0.1828289031982422,-0.04273414611816406,-0.19112969787838097,-0.380950927734375,0.0,0.023488998413085938,0.0061054229736328125,0.01212250224511681,-0.20513153076171875,0.0,0.01583099365234375,-0.0073261260986328125,0.00810263970146205,-0.10158729553222656,0.0,-0.10280799865722656,-0.0073261260986328125,-0.07139950779755401,0.3047637939453125,0.0,0.10325431823730469,0.06715583801269531,0.12194145841104201,1.1428604125976562,0.0,-0.1022958755493164,0.0061054229736328125,-0.13315452486359006,-2.139190673828125,0.0,-0.13834381103515625,0.04273414611816406,-0.1279809557716607,0.4395599365234375,0.0,-0.1394944190979004,-0.06715583801269531,-0.1490603159225252,-0.14652252197265625,0.0,0.02770709991455078,0.0061054229736328125,0.015763923852126816,-0.20513153076171875,0.0,0.02269744873046875,0.0073261260986328125,0.01134369558204687,-0.10158920288085938,0.0,0.12455177307128906,-0.08058547973632812,0.09599387904668008,-0.27350425720214844,0.0,-0.1861417293548584,0.07671833038330078,-0.1723790125464234,0.004029303789138794,0.0,0.0,0.0,0.0,0.0,0.0,nan,nan,nan,nan,nan,nan,nan,nan,nan,nan,0.08188047766236398,0.16354548931121826,-0.08068779110908508,-0.9832305908203125,-0.008455422706902027,-0.03040732815861702,0.01161991711705923,nan
2.5210,1789426377.7993,ramp,0,0.030287,0.0027475018933709617,-0.015888069523519663,0.003857672582912492,-0.021035289391875267,-0.04880357161164284,0.11871711164712906,-0.9915048480033875,-0.23747634887695312,-0.0061054229736328125,-0.2201972137614526,3.6043930053710938,0.0,0.1266474723815918,-0.04273414611816406,0.08152118167759964,-9.582420349121094,0.0,0.004506111145019531,0.0061054229736328125,0.005466252266622725,0.4395599365234375,0.0,0.4355483055114746,-0.0061054229736328125,0.406597096405088,-6.534797668457031,0.0,-0.30592918395996094,0.03052520751953125,-0.194528453442088,7.413917541503906,0.0,-0.13834381103515625,0.04273414611816406,-0.06783131802556086,3.0769195556640625,0.0,-0.12051153182983398,0.0061054229736328125,-0.16781424666612524,-10.168502807617188,0.0,0.005272865295410156,-0.04273414611816406,0.022959157913423556,3.8388290405273438,0.0,0.08216285705566406,0.0061054229736328125,0.05385633261263166,-6.00732421875,0.0,0.45261335372924805,0.0061054229736328125,0.40935421910451075,-9.465194702148438,0.0,-0.4405336380004883,0.018314361572265625,-0.2506191855258434,12.27838134765625,0.0,0.015435218811035156,-0.0061054229736328125,0.014022742125781484,0.02930450439453125,0.0,-0.022913455963134766,0.0061054229736328125,-0.006512171561961981,3.4285736083984375,0.0,-0.0635525558527351,0.013244874013598312,-0.028663273918726338,7.346505651660719,0.0,-0.04702769472661805,0.01870673099509876,-0.017978907298416693,6.484785764297711,0.0,0.17515897750854492,-0.0061054229736328125,0.19890150253926028,1.4358978271484375,0.0,0.06586408615112305,-0.0061054229736328125,0.09638486487226136,1.9633712768554688,0.0,0.04879951477050781,-0.0061054229736328125,0.038074866789284914,-0.3223419189453125,0.0,-0.1835956573486328,-0.04273414611816406,-0.1919947481721814,-0.26373291015625,0.0,0.023488998413085938,0.0061054229736328125,0.012026180541436995,-0.14652252197265625,0.0,0.01583099365234375,-0.0073261260986328125,0.008038258598900248,-0.10158729553222656,0.0,-0.10242652893066406,0.0073261260986328125,-0.07083218909602676,0.3047637939453125,0.0,0.10440492630004883,0.07936477661132812,0.12256168778676352,1.0842514038085938,0.0,-0.10210418701171875,-0.0061054229736328125,-0.13289108913790795,-2.139190673828125,0.0,-0.13738489151000977,0.06715583801269531,-0.12696405815025888,0.380950927734375,0.0,-0.14102840423583984,-0.06715583801269531,-0.1502596366879502,-0.08791351318359375,0.0,0.02770709991455078,0.0061054229736328125,0.01563866852353099,-0.14652252197265625,0.0,0.02269744873046875,0.0073261260986328125,0.011253562038460348,-0.10158920288085938,0.0,0.12340736389160156,-0.0659332275390625,0.09523114097613569,-0.3047618865966797,0.0,-0.18499112129211426,0.07058048248291016,-0.17100934151387695,0.003540903329849243,0.0,0.0,0.0,0.0,0.0,0.0,nan,nan,nan,nan,nan,nan,nan,nan,nan,nan,0.08176726832788364,0.16275465488433838,-0.08058716356754303,-0.9833700656890869,-0.01687783934175968,-0.028554826974868774,-0.002527965698391199,nan
2.5414,1789426377.8197,ramp,0,0.030319,-0.0019618030528446594,-0.023931261262803708,0.0014755349349685727,-0.021026862785220146,-0.04860350117087364,0.1187073141336441,-0.9915159940719604,-0.23766803741455078,-0.0061054229736328125,-0.22003040141901525,3.7216110229492188,0.0,0.12607240676879883,-0.04273414611816406,0.08084788379398562,-9.582420349121094,0.0,0.004506111145019531,0.0061054229736328125,0.005421105520627644,0.3223419189453125,0.0,0.4355483055114746,-0.0061054229736328125,0.40654260986621593,-6.417579650878906,0.0,-0.3055453300476074,0.03052520751953125,-0.19457364393918716,7.355308532714844,0.0,-0.13757658004760742,0.04273414611816406,-0.0672710871514553,3.0769195556640625,0.0,-0.12051153182983398,0.0061054229736328125,-0.16808007453028095,-10.109893798828125,0.0,0.004506111145019531,-0.04273414611816406,0.02276953416025223,4.0146484375,0.0,0.0819711685180664,0.0061054229736328125,0.053411523619176386,-5.9487152099609375,0.0,0.45261335372924805,0.0061054229736328125,0.40927696100074984,-9.406600952148438,0.0,-0.44015026092529297,0.018314361572265625,-0.25020111272835843,12.336990356445312,0.0,0.016010284423828125,0.0061054229736328125,0.01390692581397809,-0.02930450439453125,0.0,-0.022530078887939453,0.0061054229736328125,-0.006458386383187944,3.1941375732421875,0.0,-0.06320272172805944,0.008813470593002751,-0.028426538860796845,7.339107775275726,0.0,-0.04681497815756165,0.014078868437565641,-0.01783041631748869,6.33380854198049,0.0,0.17515897750854492,-0.0061054229736328125,0.1989105752490375,1.4358978271484375,0.0,0.06586408615112305,-0.0061054229736328125,0.09641472292612771,1.9633712768554688,0.0,0.04860687255859375,0.0061054229736328125,0.037760399718266544,-0.380950927734375,0.0,-0.1845545768737793,-0.04273414611816406,-0.19288678278214078,-0.3223419189453125,0.0,0.023488998413085938,0.0061054229736328125,0.011926854185514769,-0.20513153076171875,0.0,0.01583099365234375,-0.0073261260986328125,0.007971869196891999,-0.10158729553222656,0.0,-0.10242652893066406,-0.0073261260986328125,-0.07024717349604795,0.3203926086425781,0.0,0.10593891143798828,0.07936477661132812,0.12320126455267201,0.9670333862304688,0.0,-0.10210418701171875,-0.0061054229736328125,-0.13261943581729488,-2.139190673828125,0.0,-0.13604259490966797,0.06715583801269531,-0.12591543949816802,0.3223419189453125,0.0,-0.14237070083618164,-0.07936477661132812,-0.15149636897839536,-0.08791351318359375,0.0,0.027515411376953125,0.0061054229736328125,0.015509505989294467,-0.14652252197265625,0.0,0.02269744873046875,0.0073261260986328125,0.011160616875648798,-0.10158920288085938,0.0,0.12226295471191406,-0.0659332275390625,0.09444461010950818,-0.27350425720214844,0.0,-0.18336129188537598,0.07058048248291016,-0.16959694506242612,-0.0001221299171447754,0.0,0.0,0.0,0.0,0.0,0.0,nan,nan,nan,nan,nan,nan,nan,nan,nan,nan,0.08149744600552836,0.16205185651779175,-0.0803312361240387,-0.9835070371627808,-0.01690390147268772,-0.03227683901786804,-0.004529890604317188,nan
2.5610,1789426377.8393,ramp,0,0.030344,0.0035426180252128656,-0.01668461788467046,-0.0006730192984631536,-0.021015793085098267,-0.04841382056474686,0.1186809092760086,-0.9915286898612976,-0.23766803741455078,-0.0061054229736328125,-0.21987100393377396,3.6043930053710938,0.0,0.12530517578125,-0.03052520751953125,0.08020451419735844,-9.699630737304688,0.0,0.004314422607421875,0.0061054229736328125,0.0053779655606384985,0.380950927734375,0.0,0.4355483055114746,-0.0061054229736328125,0.40649054526986284,-6.534797668457031,0.0,-0.3051619529724121,0.03052520751953125,-0.19461682570553107,7.413917541503906,0.0,-0.1371932029724121,0.03052520751953125,-0.0667357587028395,3.135528564453125,0.0,-0.12051153182983398,0.0061054229736328125,-0.1683340862684675,-10.402923583984375,0.0,0.004122257232666016,-0.03052520751953125,0.022588339238126632,4.366302490234375,0.0,0.0819711685180664,-0.0061054229736328125,0.052986486515005836,-6.124542236328125,0.0,0.45261335372924805,0.0061054229736328125,0.40920313704219824,-9.465194702148438,0.0,-0.43976688385009766,0.0061054229736328125,-0.24980162338846193,12.336990356445312,0.0,0.016585826873779297,-0.0061054229736328125,0.013796257570959355,-0.02930450439453125,0.0,-0.02214670181274414,0.018314361572265625,-0.0064069919712723255,3.1941375732421875,0.0,-0.06292264164769643,0.01768158343736523,-0.028200326745128103,7.34355537343071,0.0,-0.046674750705191795,0.023357996936221904,-0.017688525803902597,6.481151241375919,0.0,0.17515897750854492,-0.0061054229736328125,0.19891924467422317,1.4945068359375,0.0,0.06586408615112305,-0.0061054229736328125,0.0964432537808052,1.9633712768554688,0.0,0.048415184020996094,-0.0061054229736328125,0.03745991080012581,-0.3223419189453125,0.0,-0.18532133102416992,-0.05494499206542969,-0.1937391661939325,-0.26373291015625,0.0,0.02329730987548828,-0.0061054229736328125,0.01183194291503651,-0.20513153076171875,0.0,0.01583099365234375,-0.0073261260986328125,0.0079084308231352,-0.10158729553222656,0.0,-0.10242652893066406,-0.0073261260986328125,-0.06968816200984113,0.3203926086425781,0.0,0.10747289657592773,0.09157562255859375,0.12381241194509507,0.9670333862304688,0.0,-0.10210418701171875,0.0061054229736328125,-0.13235985756588683,-2.139190673828125,0.0,-0.13527584075927734,0.06715583801269531,-0.12491343225051392,0.380950927734375,0.0,-0.1439046859741211,-0.09157562255859375,-0.1526781281584014,-0.08791351318359375,0.0,0.027515411376953125,0.0061054229736328125,0.015386084767316094,-0.20513153076171875,0.0,0.02269744873046875,0.0073261260986328125,0.01107180315238928,-0.10158920288085938,0.0,0.12035560607910156,-0.10988998413085938,0.09369304076893521,-0.27350425720214844,0.0,-0.18201899528503418,0.07058048248291016,-0.16824733004452339,0.0037851035594940186,0.0,0.0,0.0,0.0,0.0,0.0,nan,nan,nan,nan,nan,nan,nan,nan,nan,nan,0.0812982555396056,0.1614348441362381,-0.08014354854822159,-0.9836238026618958,-0.02053931914269924,-0.03393291309475899,-0.01945440284907818,nan
2.5811,1789426377.8593,ramp,0,0.030279,0.005965392936655575,-0.01721772759914738,0.0022404466848672078,-0.020964941009879112,-0.048256125301122665,0.11868046969175339,-0.9915375113487244,-0.23785972595214844,-0.0061054229736328125,-0.2197076544776267,3.7802200317382812,0.0,0.12473011016845703,-0.03052520751953125,0.07954519342105111,-9.816848754882812,0.0,0.004314422607421875,0.0061054229736328125,0.005333756023757954,0.380950927734375,0.0,0.4355483055114746,-0.0061054229736328125,0.40643718982648225,-6.3003692626953125,0.0,-0.3047785758972168,0.03052520751953125,-0.19466107808527894,7.296699523925781,0.0,-0.13661813735961914,0.03052520751953125,-0.06618715775841955,3.0769195556640625,0.0,-0.12051153182983398,0.0061054229736328125,-0.16859439576597918,-10.344329833984375,0.0,0.0033555030822753906,-0.03052520751953125,0.022402651917269253,4.0146484375,0.0,0.0819711685180664,0.0061054229736328125,0.052550911388437434,-6.0659332275390625,0.0,0.45261335372924805,0.0061054229736328125,0.4091274827527858,-9.289382934570312,0.0,-0.43938350677490234,0.0061054229736328125,-0.24939222943654396,12.336990356445312,0.0,0.017160892486572266,0.0061054229736328125,0.013682845510019269,-0.02930450439453125,0.0,-0.021763324737548828,0.018314361572265625,-0.006354323328334105,3.0769195556640625,0.0,-0.06236225581528057,0.013249861976674155,-0.027968506111242502,7.175940865363682,0.0,-0.046393911431171254,0.018731839311919435,-0.017543117372949897,6.327368325483614,0.0,0.17515897750854492,-0.0061054229736328125,0.19892812904204774,1.4358978271484375,0.0,0.06586408615112305,-0.0061054229736328125,0.09647249200616322,1.8461532592773438,0.0,0.04822349548339844,-0.0061054229736328125,0.03715197180546564,-0.380950927734375,0.0,-0.18647193908691406,-0.06715583801269531,-0.19461268290302197,-0.26373291015625,0.0,0.02329730987548828,-0.0061054229736328125,0.011734678492129216,-0.20513153076171875,0.0,0.01583099365234375,-0.0073261260986328125,0.007843419610214543,-0.10158729553222656,0.0,-0.10242652893066406,-0.0073261260986328125,-0.06911529084996229,0.33602142333984375,0.0,0.10919857025146484,0.10378456115722656,0.1244387116262161,0.8498153686523438,0.0,-0.1019124984741211,0.0061054229736328125,-0.13209384354357667,-2.0219802856445312,0.0,-0.1341252326965332,0.06715583801269531,-0.12388658205452663,0.3223419189453125,0.0,-0.14601373672485352,-0.09157562255859375,-0.15388918690916395,0.02930450439453125,0.0,0.027515411376953125,0.0061054229736328125,0.015259603540484458,-0.20513153076171875,0.0,0.02269744873046875,0.0073261260986328125,0.010980787454300358,-0.10158920288085938,0.0,0.11844825744628906,-0.09523773193359375,0.0929228376327082,-0.2422466278076172,0.0,-0.18067693710327148,0.07671833038330078,-0.16686425377547912,0.002808302640914917,0.0,0.0,0.0,0.0,0.0,0.0,nan,nan,nan,nan,nan,nan,nan,nan,nan,nan,0.08085944043529054,0.16060228645801544,-0.07972288131713867,-0.9837942719459534,-0.013588170520961285,-0.030056575313210487,-0.01607934571802616,nan
2.6009,1789426377.8791,ramp,0,0.030239,-0.0017710744255650997,-0.014874337254581,0.00546789780027196,-0.02092359960079193,-0.04809027165174484,0.11865171790122986,-0.9915499091148376,-0.23785972595214844,-0.0061054229736328125,-0.2195461565217769,3.7802200317382812,0.0,0.12415456771850586,-0.018314361572265625,0.07889334578020574,-9.699630737304688,0.0,0.004314422607421875,0.0061054229736328125,0.0052900475841728255,0.380950927734375,0.0,0.4355483055114746,-0.0061054229736328125,0.40638443914556377,-6.652015686035156,0.0,-0.3043951988220215,0.03052520751953125,-0.19470482888212476,7.296699523925781,0.0,-0.13623476028442383,0.03052520751953125,-0.06564477498475886,3.0769195556640625,0.0,-0.12070322036743164,0.0061054229736328125,-0.16885175476017467,-10.344329833984375,0.0,0.002972126007080078,-0.03052520751953125,0.022219069287409344,4.3076934814453125,0.0,0.08177947998046875,-0.0061054229736328125,0.052120273330503425,-6.417579650878906,0.0,0.45261335372924805,0.0061054229736328125,0.4090526859742746,-9.406600952148438,0.0,-0.43899965286254883,0.0061054229736328125,-0.24898747580019004,12.395599365234375,0.0,0.01754474639892578,0.018314361572265625,0.013570718929113913,-0.14652252197265625,0.0,-0.021187782287597656,0.03052520751953125,-0.00630225166325161,3.0183181762695312,0.0,-0.061871426020295966,0.017686956828856844,-0.02773931307087763,7.1740294227533346,0.0,-0.046185702617479535,0.02338537004520445,-0.017399357087999678,6.324685300280899,0.0,0.17515897750854492,-0.0061054229736328125,0.1989369127091411,1.4945068359375,0.0,0.06586408615112305,-0.0061054229736328125,0.09650139882801231,1.9047622680664062,0.0,0.04803180694580078,-0.0061054229736328125,0.03684752317528935,-0.380950927734375,0.0,-0.18819761276245117,-0.10378456115722656,-0.19547629865201754,-0.14652252197265625,0.0,0.023105621337890625,0.0061054229736328125,0.011638516522282915,-0.20513153076171875,0.0,0.01583099365234375,-0.0073261260986328125,0.007779145273209466,-0.10158729553222656,0.0,-0.10242652893066406,-0.0073261260986328125,-0.06854891295396026,0.33602142333984375,0.0,0.11092424392700195,0.09157562255859375,0.12505791245269005,0.7912063598632812,0.0,-0.10172033309936523,0.0061054229736328125,-0.13183084468307388,-2.0805892944335938,0.0,-0.1327834129333496,0.07936477661132812,-0.12287137079195312,0.3223419189453125,0.0,-0.14773941040039062,-0.06715583801269531,-0.1550865187967332,-0.02930450439453125,0.0,0.027515411376953125,0.0061054229736328125,0.015134555927419404,-0.14652252197265625,0.0,0.02269744873046875,0.0073261260986328125,0.010890803382493252,-0.10158920288085938,0.0,0.11730384826660156,-0.0659332275390625,0.09216136443883566,-0.2578754425048828,0.0,-0.1793346405029297,0.05830574035644531,-0.16549685411891882,0.004029303789138794,0.0,0.0,0.0,0.0,0.0,0.0,nan,nan,nan,nan,nan,nan,nan,nan,nan,nan,0.08048953570559882,0.1598358005285263,-0.0793689638376236,-0.9839476943016052,-0.026166947558522224,-0.031745731830596924,-0.025943640619516373,nan
2.6211,1789426377.8994,ramp,0,0.030173,0.0006697406714824813,-0.017001909601715482,0.007058245016807509,-0.020871957764029503,-0.04795633256435394,0.11859827488660812,-0.9915639162063599,-0.23785972595214844,-0.0061054229736328125,-0.21938175540048632,3.8974380493164062,0.0,0.1239628791809082,-0.018314361572265625,0.07822978021058816,-10.168495178222656,0.0,0.004314422607421875,-0.0061054229736328125,0.005245553420517055,0.380950927734375,0.0,0.4355483055114746,-0.0061054229736328125,0.4063307401928668,-6.476188659667969,0.0,-0.30401182174682617,0.03052520751953125,-0.19474936616447586,7.23809814453125,0.0,-0.1358509063720703,0.018314361572265625,-0.06509264207577392,3.135528564453125,0.0,-0.12070322036743164,0.0061054229736328125,-0.16911374016424557,-10.344329833984375,0.0,0.002780437469482422,-0.03052520751953125,0.02203218648731682,4.366302490234375,0.0,0.08177947998046875,-0.0061054229736328125,0.05168189391435427,-6.1831512451171875,0.0,0.45261335372924805,0.0061054229736328125,0.40897654461266136,-9.23077392578125,0.0,-0.43880796432495117,0.0061054229736328125,-0.24857544611651478,12.336990356445312,0.0,0.017736434936523438,0.018314361572265625,0.013456576706506124,-0.14652252197265625,0.0,-0.020612716674804688,0.018314361572265625,-0.006249243932708026,2.8424911499023438,0.0,-0.06152327579241798,0.013253905190114362,-0.027505999945459447,7.089075100865311,0.0,-0.04582111273323244,0.018750730891476185,-0.01725301249856822,6.247273144668781,0.0,0.17515897750854492,-0.0061054229736328125,0.19894585427568662,1.4945068359375,0.0,0.06586408615112305,-0.0061054229736328125,0.09653082529288569,1.9047622680664062,0.0,0.04764842987060547,-0.0061054229736328125,0.036537601629143664,-0.380950927734375,0.0,-0.19011497497558594,-0.10378456115722656,-0.19635543917582113,-0.08791351318359375,0.0,0.023105621337890625,0.0061054229736328125,0.01154062589831156,-0.20513153076171875,0.0,0.01583099365234375,-0.0073261260986328125,0.007713715509605115,-0.11721611022949219,0.0,-0.10242652893066406,-0.0073261260986328125,-0.06797235357469797,0.33602142333984375,0.0,0.11245870590209961,0.07936477661132812,0.1256882443329957,0.7325973510742188,0.0,-0.10152864456176758,0.0061054229736328125,-0.13156311802772847,-2.0805892944335938,0.0,-0.13163280487060547,0.06715583801269531,-0.12183790960022722,0.3223419189453125,0.0,-0.14927339553833008,-0.07936477661132812,-0.15630537450198023,-0.02930450439453125,0.0,0.027515411376953125,0.0061054229736328125,0.015007260397922328,-0.20513153076171875,0.0,0.02269744873046875,0.0073261260986328125,0.010799201713447162,-0.10158920288085938,0.0,0.11654090881347656,-0.05128288269042969,0.09138620263417642,-0.2578754425048828,0.0,-0.1779921054840088,0.07671833038330078,-0.16410487342413008,0.0018315017223358154,0.0,0.0,0.0,0.0,0.0,0.0,nan,nan,nan,nan,nan,nan,nan,nan,nan,nan,0.07994379369329915,0.15927323698997498,-0.07883923500776291,-0.984081506729126,-0.019140824675559998,-0.029526421800255775,-0.011611264199018478,nan
2.6410,1789426377.9193,ramp,0,0.030126,0.0012219267076758829,-0.017813245788997328,0.012364749013236863,-0.020824454724788666,-0.047792281955480576,0.11850600689649582,-0.9915838837623596,-0.23785972595214844,-0.0061054229736328125,-0.21921908898937276,4.1904754638671875,0.0,0.12357950210571289,-0.018314361572265625,0.0775732163812122,-9.934066772460938,0.0,0.004314422607421875,-0.0061054229736328125,0.005201528745620874,0.4395599365234375,0.0,0.4355483055114746,-0.0061054229736328125,0.4062776078550384,-6.534797668457031,0.0,-0.30362796783447266,0.03052520751953125,-0.1947934335030921,7.23809814453125,0.0,-0.135467529296875,0.018314361572265625,-0.06454633510379441,3.1941375732421875,0.0,-0.12070322036743164,0.0061054229736328125,-0.1693729611787363,-10.695968627929688,0.0,0.0023965835571289062,-0.018314361572265625,0.021847275617176348,4.24908447265625,0.0,0.0815877914428711,-0.0061054229736328125,0.05124814014326522,-6.417579650878906,0.0,0.45261335372924805,0.0061054229736328125,0.408901206671328,-9.172164916992188,0.0,-0.43842458724975586,0.0061054229736328125,-0.2481677640436093,12.336990356445312,0.0,0.017928600311279297,0.018314361572265625,0.01334363887760092,-0.14652252197265625,0.0,-0.02003765106201172,0.018314361572265625,-0.006196795523469009,2.9597091674804688,0.0,-0.06124454790543457,0.017692005179298715,-0.027275148668536624,7.252169165617054,0.0,-0.04552911193863955,0.02340634779039257,-0.017108212092331133,6.395987673087565,0.0,0.17515897750854492,-0.0061054229736328125,0.19895470149356612,1.4945068359375,0.0,0.06586408615112305,-0.0061054229736328125,0.09655994125873274,1.9633712768554688,0.0,0.04745674133300781,-0.0061054229736328125,0.03623095028003765,-0.3223419189453125,0.0,-0.19222402572631836,-0.128204345703125,-0.19722530327862675,0.02930450439453125,0.0,0.023105621337890625,0.0061054229736328125,0.01144376818616161,-0.14652252197265625,0.0,0.01583099365234375,-0.0073261260986328125,0.0076489761407858535,-0.11721611022949219,0.0,-0.10166358947753906,0.021978378295898438,-0.06740187787305896,0.33602142333984375,0.0,0.11360883712768555,0.06715583801269531,0.12631192514474987,0.7912063598632812,0.0,-0.10133695602416992,0.0061054229736328125,-0.13129821634188465,-2.0219802856445312,0.0,-0.12990713119506836,0.09157562255859375,-0.12081535317382605,0.26373291015625,0.0,-0.1509990692138672,-0.07936477661132812,-0.15751136921589362,0.02930450439453125,0.0,0.027515411376953125,0.0061054229736328125,0.01488130805178537,-0.20513153076171875,0.0,0.02269744873046875,0.0073261260986328125,0.010708566597100195,-0.10158920288085938,0.0,0.11539649963378906,-0.05128288269042969,0.09061922009898195,-0.2578754425048828,0.0,-0.17645812034606934,0.08899307250976562,-0.1627275804824324,0.00158730149269104,0.0,0.0,0.0,0.0,0.0,0.0,nan,nan,nan,nan,nan,nan,nan,nan,nan,nan,0.07949207765566825,0.15871679782867432,-0.07840181887149811,-0.9842063188552856,-0.023643609136343002,-0.034457217901945114,-0.006534188520163298,nan
2.6612,1789426377.9396,ramp,0,0.030047,-0.0030431829944375616,-0.017034152576256855,0.010000624503167993,-0.020764509215950966,-0.04766468331217766,0.11840005964040756,-0.9916039705276489,-0.23785972595214844,-0.0061054229736328125,-0.219055012175564,4.0732574462890625,0.0,0.12338781356811523,-0.018314361572265625,0.0769109598007133,-10.168495178222656,0.0,0.004122257232666016,-0.0061054229736328125,0.005157122353812736,0.4395599365234375,0.0,0.4355483055114746,-0.0061054229736328125,0.40622401483210635,-6.534797668457031,0.0,-0.30324459075927734,0.03052520751953125,-0.19483788292853704,7.120880126953125,0.0,-0.13527584075927734,0.018314361572265625,-0.06399529136519899,3.1941375732421875,0.0,-0.12070322036743164,0.0061054229736328125,-0.16963442977473445,-10.578750610351562,0.0,0.00220489501953125,-0.018314361572265625,0.021660761473269428,4.24908447265625,0.0,0.08120393753051758,-0.0061054229736328125,0.05081062550056405,-6.3003692626953125,0.0,0.45261335372924805,0.0061054229736328125,0.4088252155107173,-9.465194702148438,0.0,-0.4382328987121582,0.0061054229736328125,-0.24775654715432424,12.395599365234375,0.0,0.01831197738647461,0.0061054229736328125,0.013229721818766265,-0.14652252197265625,0.0,-0.019654273986816406,0.018314361572265625,-0.0061438923591441465,2.6666641235351562,0.0,-0.06082665829237993,0.022132461219029134,-0.02704229579053995,7.078852719941839,0.0,-0.045091137172423586,0.028071847679836382,-0.016962156190987055,6.094312386315634,0.0,0.17515897750854492,-0.0061054229736328125,0.1989636254214428,1.4945068359375,0.0,0.06586408615112305,-0.0061054229736328125,0.09658930967520202,1.9047622680664062,0.0,0.047265052795410156,-0.018314361572265625,0.03592164010366478,-0.380950927734375,0.0,-0.1947169303894043,-0.128204345703125,-0.19810270955726736,0.08791351318359375,0.0,0.023105621337890625,0.0061054229736328125,0.011346070667088199,-0.20513153076171875,0.0,0.01583099365234375,-0.0073261260986328125,0.0075836754478453795,-0.11721611022949219,0.0,-0.10090065002441406,0.05128288269042969,-0.06682645584930197,0.3047637939453125,0.0,0.11475944519042969,0.05494499206542969,0.12694101359469948,0.7912063598632812,0.0,-0.10114526748657227,0.0061054229736328125,-0.1310310178201476,-2.0805892944335938,0.0,-0.1283731460571289,0.09157562255859375,-0.11978393064943989,0.20513153076171875,0.0,-0.15234136581420898,-0.06715583801269531,-0.1587278205334984,0.02930450439453125,0.0,0.027515411376953125,0.0061054229736328125,0.014754263633061064,-0.20513153076171875,0.0,0.02269744873046875,0.0073261260986328125,0.01061714562698353,-0.10158920288085938,0.0,0.11463356018066406,-0.05128288269042969,0.08984558742484723,-0.2578754425048828,0.0,-0.17511606216430664,0.04603099822998047,-0.16133834569199185,0.0037851035594940186,0.0,0.0,0.0,0.0,0.0,0.0,nan,nan,nan,nan,nan,nan,nan,nan,nan,nan,0.07888962281423585,0.15808044373989105,-0.0778169110417366,-0.9843551516532898,-0.032465893775224686,-0.03806781396269798,-0.009467425756156445,nan
2.6812,1789426377.9596,ramp,0,0.029979,-0.005176805450599242,-0.016771991414668376,0.011611630983800372,-0.02070390060544014,-0.04749415069818497,0.11827411502599716,-0.9916283488273621,-0.2380514144897461,-0.0061054229736328125,-0.21889168645221407,4.1904754638671875,0.0,0.12338781356811523,-0.0061054229736328125,0.07625173481613193,-10.109893798828125,0.0,0.003930568695068359,-0.0061054229736328125,0.005112919240069447,0.380950927734375,0.0,0.4355483055114746,-0.0061054229736328125,0.406170667140658,-6.476188659667969,0.0,-0.30286121368408203,0.03052520751953125,-0.1948821288789231,7.120880126953125,0.0,-0.1350841522216797,0.0061054229736328125,-0.06344677012618681,3.135528564453125,0.0,-0.12070322036743164,0.0061054229736328125,-0.16989470145226998,-10.695968627929688,0.0,0.00220489501953125,-0.0061054229736328125,0.021475101130644183,4.1904754638671875,0.0,0.08101224899291992,-0.018314361572265625,0.05037511365805199,-6.534797668457031,0.0,0.45261335372924805,0.0061054229736328125,0.4087495722130031,-9.23077392578125,0.0,-0.43804121017456055,0.0061054229736328125,-0.24734721268263904,12.395599365234375,0.0,0.01831197738647461,0.018314361572265625,0.013116326235294283,-0.14652252197265625,0.0,-0.019078731536865234,-0.0061054229736328125,-0.0060912313683540035,2.8424911499023438,0.0,-0.060269017594980025,0.026575342163595504,-0.026810508837526288,6.827817793470719,0.0,-0.044506348234232114,0.03274967204841388,-0.016816768886207034,5.865487301415677,0.0,0.17515897750854492,-0.0061054229736328125,0.1989725084984709,1.4945068359375,0.0,0.06586408615112305,-0.0061054229736328125,0.09661854365258216,1.9633712768554688,0.0,0.04688119888305664,-0.018314361572265625,0.03561374584899893,-0.3223419189453125,0.0,-0.19701766967773438,-0.128204345703125,-0.19897609935442528,0.14652252197265625,0.0,0.022913455963134766,0.0061054229736328125,0.011248820375582917,-0.20513153076171875,0.0,0.01583099365234375,-0.0073261260986328125,0.007518673680306267,-0.11721611022949219,0.0,-0.10013771057128906,0.0073261260986328125,-0.06625366792101409,0.3203926086425781,0.0,0.11533451080322266,0.03052520751953125,0.1275672222816799,0.7912063598632812,0.0,-0.10095357894897461,-0.0061054229736328125,-0.13076504244661546,-2.0805892944335938,0.0,-0.1266474723815918,0.10378456115722656,-0.1187572296429763,0.14652252197265625,0.0,-0.15349197387695312,-0.06715583801269531,-0.1599387033313528,-0.02930450439453125,0.0,0.027515411376953125,0.0061054229736328125,0.014627800782497027,-0.20513153076171875,0.0,0.02269744873046875,0.0073261260986328125,0.010526143152428774,-0.10158920288085938,0.0,0.11387062072753906,-0.05128288269042969,0.08907549619027783,-0.27350425720214844,0.0,-0.17377376556396484,0.07058048248291016,-0.1599554703680227,0.0013431012630462646,0.0,0.0,0.0,0.0,0.0,0.0,nan,nan,nan,nan,nan,nan,nan,nan,nan,nan,0.07811363521520903,0.15723900496959686,-0.07706352323293686,-0.9845491647720337,-0.0394110344350338,-0.04206989333033562,0.016144944354891777,nan
2.7009,1789426377.9791,ramp,0,0.029929,-0.0011955049767555293,-0.013546502820121606,0.014508073542100243,-0.02065458334982395,-0.04734236001968384,0.1181391179561615,-0.99165278673172,-0.23824310302734375,-0.0061054229736328125,-0.21873109573606994,4.131866455078125,0.0,0.12319612503051758,-0.0061054229736328125,0.07560354903006818,-10.461540222167969,0.0,0.003738880157470703,-0.0061054229736328125,0.005069456339393202,0.5567779541015625,0.0,0.4355483055114746,-0.0061054229736328125,0.4061182127948355,-6.476188659667969,0.0,-0.3024778366088867,0.03052520751953125,-0.1949256338989116,7.0622711181640625,0.0,-0.1350841522216797,0.0061054229736328125,-0.0629074342715126,3.1941375732421875,0.0,-0.12070322036743164,0.0061054229736328125,-0.17015061469257386,-10.637359619140625,0.0,0.0020132064819335938,-0.018314361572265625,0.021292549804556575,4.24908447265625,0.0,0.08062887191772461,-0.0061054229736328125,0.04994689477590811,-6.358970642089844,0.0,0.45261335372924805,0.0061054229736328125,0.40867519561694543,-9.406600952148438,0.0,-0.43765783309936523,0.0061054229736328125,-0.24694473281233992,12.395599365234375,0.0,0.018503665924072266,0.0061054229736328125,0.013004829542771894,-0.14652252197265625,0.0,-0.019078731536865234,-0.0061054229736328125,-0.0060394522238910835,2.7252731323242188,0.0,-0.059643316189639604,0.0310230715657902,-0.02658260332445795,6.658328273932178,0.0,-0.04369673189059231,0.03744389049619344,-0.01667381619685717,5.7114369438883825,0.0,0.17515897750854492,-0.0061054229736328125,0.198981242821958,1.4945068359375,0.0,0.06586408615112305,-0.0061054229736328125,0.0966472880858957,1.9047622680664062,0.0,0.04630613327026367,-0.03052520751953125,0.03531100750601602,-0.3223419189453125,0.0,-0.19893503189086914,-0.11599540710449219,-0.19983486360859024,0.14652252197265625,0.0,0.022913455963134766,0.0061054229736328125,0.011153198610451684,-0.20513153076171875,0.0,0.01583099365234375,-0.0073261260986328125,0.007454760414314643,-0.11721611022949219,0.0,-0.10013771057128906,-0.0073261260986328125,-0.06569047174030365,0.33602142333984375,0.0,0.11571836471557617,0.018314361572265625,0.12818294465189337,0.8498153686523438,0.0,-0.10076189041137695,-0.0061054229736328125,-0.13050352102282414,-2.0805892944335938,0.0,-0.12492179870605469,0.11599540710449219,-0.11774772148644054,0.14652252197265625,0.0,-0.1544504165649414,-0.05494499206542969,-0.1611293090221501,-0.02930450439453125,0.0,0.02732372283935547,0.0061054229736328125,0.014503455643708382,-0.20513153076171875,0.0,0.02269744873046875,0.0073261260986328125,0.0104366645800405,-0.10158920288085938,0.0,0.11310768127441406,-0.0659332275390625,0.08831830068965953,-0.2578754425048828,0.0,-0.17252731323242188,0.07058048248291016,-0.15859575229018874,0.004273504018783569,0.0,0.0,0.0,0.0,0.0,0.0,nan,nan,nan,nan,nan,nan,nan,nan,nan,nan,0.07722117655204423,0.15632954239845276,-0.07619595527648926,-0.9847615361213684,-0.04030069336295128,-0.04316190630197525,0.018861357122659683,nan
2.7209,1789426377.9994,ramp,0,0.029957,0.006030011523644176,-0.017751755896140916,0.017921363887470735,-0.020643573254346848,-0.04718785360455513,0.11800665408372879,-0.9916761517524719,-0.2384347915649414,-0.0061054229736328125,-0.21856792694410102,4.0732574462890625,0.0,0.12319612503051758,-0.018314361572265625,0.07494495746124713,-10.75457763671875,0.0,0.0033555030822753906,-0.0061054229736328125,0.005025295698173794,0.5567779541015625,0.0,0.4355483055114746,-0.018314361572265625,0.40606491636247066,-6.476188659667969,0.0,-0.30190229415893555,0.03052520751953125,-0.1949698373356142,6.9450531005859375,0.0,-0.1350841522216797,0.0061054229736328125,-0.062359440078661885,3.25274658203125,0.0,-0.12070322036743164,0.0061054229736328125,-0.17041063628829153,-10.578750610351562,0.0,0.0020132064819335938,-0.018314361572265625,0.02110706785351211,4.0732574462890625,0.0,0.0802454948425293,-0.0061054229736328125,0.049511801394575936,-6.358970642089844,0.0,0.45261335372924805,0.0061054229736328125,0.4085996250010288,-9.5238037109375,0.0,-0.43765783309936523,0.0061054229736328125,-0.24653579164933034,12.395599365234375,0.0,0.018503665924072266,0.0061054229736328125,0.012891542915348914,-0.20513153076171875,0.0,-0.018887042999267578,-0.0061054229736328125,-0.005986841832368719,2.6666641235351562,0.0,-0.05922807970934446,0.031228426781904444,-0.026351039083739047,6.80862229439639,0.0,-0.04295465289702136,0.01819065365392634,-0.016528568587344097,5.561838391584466,0.0,0.17515897750854492,-0.0061054229736328125,0.19899011736368916,1.4945068359375,0.0,0.06586408615112305,-0.0061054229736328125,0.09667649397383377,1.9633712768554688,0.0,0.0457310676574707,-0.03052520751953125,0.03500340909128036,-0.26373291015625,0.0,-0.20066070556640625,-0.09157562255859375,-0.20070741420991156,0.14652252197265625,0.0,0.022913455963134766,0.0061054229736328125,0.011056041761805482,-0.14652252197265625,0.0,0.01583099365234375,-0.0073261260986328125,0.00738982110366805,-0.11721611022949219,0.0,-0.09975624084472656,-0.0073261260986328125,-0.06511823417480478,0.3516502380371094,0.0,0.11591005325317383,0.018314361572265625,0.12880855164679464,0.7325973510742188,0.0,-0.10076189041137695,-0.0061054229736328125,-0.13023780121150125,-2.0219802856445312,0.0,-0.12338781356811523,0.09157562255859375,-0.11672200698475733,0.20513153076171875,0.0,-0.15560102462768555,-0.04273414611816406,-0.16233902834430802,-0.02930450439453125,0.0,0.02732372283935547,0.0061054229736328125,0.014377114304865712,-0.26373291015625,0.0,0.02269744873046875,0.0073261260986328125,0.01034574954513527,-0.10158920288085938,0.0,0.11234474182128906,-0.021978378295898438,0.08754894939659155,-0.2578754425048828,0.0,-0.17108917236328125,0.082855224609375,-0.15721420570078715,0.002808302640914917,0.0,0.0,0.0,0.0,0.0,0.0,nan,nan,nan,nan,nan,nan,nan,nan,nan,nan,0.07645073453462027,0.15564186871051788,-0.07544552534818649,-0.9849281907081604,-0.014152120798826218,-0.04793551191687584,0.024019978940486908,nan
2.7407,1789426378.0190,ramp,0,0.030010,0.00648341990071667,-0.008962961235121449,0.01660821637030421,-0.02065170928835869,-0.047085296362638474,0.11786843836307526,-0.9916972517967224,-0.2384347915649414,-0.0061054229736328125,-0.2184067045510265,4.24908447265625,0.0,0.12281274795532227,-0.0061054229736328125,0.07429422206324142,-10.520149230957031,0.0,0.0031638145446777344,-0.0061054229736328125,0.00498166183797795,0.6739959716796875,0.0,0.4351649284362793,-0.018314361572265625,0.4060122556896514,-6.3003692626953125,0.0,-0.3013272285461426,0.03052520751953125,-0.19501351348079687,7.003662109375,0.0,-0.13489246368408203,0.0061054229736328125,-0.06181798276874234,3.3113555908203125,0.0,-0.12070322036743164,0.0061054229736328125,-0.17066755615272633,-10.871795654296875,0.0,0.0018215179443359375,-0.018314361572265625,0.020923798469344522,4.131866455078125,0.0,0.07986164093017578,-0.0061054229736328125,0.049081898131195754,-6.476188659667969,0.0,0.45261335372924805,0.0061054229736328125,0.40852495584771115,-9.347991943359375,0.0,-0.4374661445617676,-0.0061054229736328125,-0.24613172864113192,12.5128173828125,0.0,0.018503665924072266,0.0061054229736328125,0.012779607655204625,-0.14652252197265625,0.0,-0.018887042999267578,-0.0061054229736328125,-0.00593485901678572,2.7838821411132812,0.0,-0.05881116853452144,0.026694911961652135,-0.026122237113774788,6.72820348919543,0.0,-0.042363512939727045,0.023187752916589803,-0.016385053599511704,5.632695596581388,0.0,0.17515897750854492,-0.0061054229736328125,0.19899888604327592,1.4945068359375,0.0,0.06586408615112305,-0.0061054229736328125,0.09670535147218516,1.9633712768554688,0.0,0.04515552520751953,-0.018314361572265625,0.03469947993956459,-0.3223419189453125,0.0,-0.2018113136291504,-0.06715583801269531,-0.20156955637770063,0.08791351318359375,0.0,0.022913455963134766,0.0061054229736328125,0.01096004387242171,-0.26373291015625,0.0,0.01583099365234375,-0.0073261260986328125,0.007325656437491904,-0.11721611022949219,0.0,-0.09975624084472656,-0.0073261260986328125,-0.06455282268524483,0.3516502380371094,0.0,0.11610174179077148,0.03052520751953125,0.1294266959354484,0.9084243774414062,0.0,-0.10076189041137695,-0.0061054229736328125,-0.12997525110402156,-2.0805892944335938,0.0,-0.1222372055053711,0.07936477661132812,-0.11570852796970116,0.14652252197265625,0.0,-0.1567516326904297,-0.03052520751953125,-0.16353431723327577,-0.08791351318359375,0.0,0.02732372283935547,0.0061054229736328125,0.014252280059623954,-0.20513153076171875,0.0,0.02269744873046875,0.0073261260986328125,0.010255919012488665,-0.10158920288085938,0.0,0.11234474182128906,-0.0073261260986328125,0.08678877549883422,-0.28913307189941406,0.0,-0.16965126991271973,0.07058048248291016,-0.15584913922821286,0.0006105005741119385,0.0,0.0,0.0,0.0,0.0,0.0,nan,nan,nan,nan,nan,nan,nan,nan,nan,nan,0.07589194079759222,0.15503999590873718,-0.07490231841802597,-0.9850645661354065,-0.018329918384552002,-0.0346064530313015,0.022067148238420486,nan
2.7609,1789426378.0393,ramp,0,0.030110,0.008028507422734431,-0.006268775358640088,0.0104787680291619,-0.020684048533439636,-0.04698799178004265,0.11774034798145294,-0.9917164444923401,-0.2384347915649414,-0.0061054229736328125,-0.21824267519466523,4.3076934814453125,0.0,0.12262105941772461,-0.018314361572265625,0.07363215703331054,-10.695968627929688,0.0,0.002972126007080078,-0.0061054229736328125,0.004937268290239354,0.5567779541015625,0.0,0.43458986282348633,-0.03052520751953125,0.40595867816792275,-6.358970642089844,0.0,-0.30094385147094727,0.03052520751953125,-0.19505795004972526,6.9450531005859375,0.0,-0.13489246368408203,0.0061054229736328125,-0.061267098413600764,3.25274658203125,0.0,-0.12070322036743164,0.0061054229736328125,-0.17092894912175519,-10.871795654296875,0.0,0.0018215179443359375,-0.0061054229736328125,0.020737338272640637,4.0732574462890625,0.0,0.07947778701782227,-0.0061054229736328125,0.048644510034882786,-6.534797668457031,0.0,0.45261335372924805,0.0061054229736328125,0.40844898666672347,-9.5238037109375,0.0,-0.4372739791870117,-0.0061054229736328125,-0.2457206306918937,12.454208374023438,0.0,0.018503665924072266,0.0061054229736328125,0.012665723545649704,-0.20513153076171875,0.0,-0.018887042999267578,-0.0061054229736328125,-0.0058819711541301415,2.6080551147460938,0.0,-0.05825317340488439,0.026603452088255545,-0.025889451585959837,6.560263404369659,0.0,-0.041776751653499124,0.03285950567272067,-0.016239039943260675,5.47953861199195,0.0,0.17515897750854492,-0.0061054229736328125,0.1990078073900028,1.4945068359375,0.0,0.06586408615112305,-0.0061054229736328125,0.09673471139415697,1.9047622680664062,0.0,0.04477214813232422,-0.018314361572265625,0.03439025922782178,-0.3223419189453125,0.0,-0.20296192169189453,-0.05494499206542969,-0.20244670887604518,0.08791351318359375,0.0,0.022913455963134766,0.0061054229736328125,0.010862374611301217,-0.20513153076171875,0.0,0.01583099365234375,-0.0073261260986328125,0.007260374632072057,-0.11721611022949219,0.0,-0.09937477111816406,0.0073261260986328125,-0.06397756709609755,0.3516502380371094,0.0,0.1164851188659668,0.03052520751953125,0.13005560242835376,0.9084243774414062,0.0,-0.1005702018737793,-0.0061054229736328125,-0.12970812986657293,-2.0805892944335938,0.0,-0.1208953857421875,0.06715583801269531,-0.11467740377314779,0.20513153076171875,0.0,-0.15790176391601562,-0.04273414611816406,-0.16475041670546636,-0.02930450439453125,0.0,0.02732372283935547,0.0061054229736328125,0.014125272387126542,-0.20513153076171875,0.0,0.02269744873046875,0.0073261260986328125,0.01016452448490088,-0.10158920288085938,0.0,0.11234474182128906,-0.0073261260986328125,0.0860153665896005,-0.28913307189941406,0.0,-0.16830897331237793,0.07058048248291016,-0.15446030625894108,0.004273504018783569,0.0,0.0,0.0,0.0,0.0,0.0,nan,nan,nan,nan,nan,nan,nan,nan,nan,nan,0.07538001863207289,0.15431411564350128,-0.07440659403800964,-0.9852161407470703,-0.02602158673107624,-0.03194337338209152,0.015372991561889648,nan
2.7813,1789426378.0596,ramp,0,0.030224,0.005607757449987754,-0.0038915667693445797,0.009696412444086084,-0.02072908729314804,-0.04692484810948372,0.11764505505561829,-0.991729736328125,-0.2384347915649414,-0.0061054229736328125,-0.21807629014032973,4.366302490234375,0.0,0.12262105941772461,-0.018314361572265625,0.07296058379531012,-10.871795654296875,0.0,0.002780437469482422,-0.0061054229736328125,0.004892237187170448,0.615386962890625,0.0,0.43401432037353516,-0.03052520751953125,0.4059043311957604,-6.3003692626953125,0.0,-0.3003683090209961,0.03052520751953125,-0.19510302479183023,7.003662109375,0.0,-0.13489246368408203,0.0061054229736328125,-0.06070830256512523,3.3113555908203125,0.0,-0.12070322036743164,0.0061054229736328125,-0.1711940960705671,-10.75457763671875,0.0,0.0016298294067382812,-0.018314361572265625,0.020548200238765475,4.3076934814453125,0.0,0.07928609848022461,-0.0061054229736328125,0.048200840415095716,-6.710624694824219,0.0,0.45261335372924805,0.0061054229736328125,0.4083719264588018,-9.582412719726562,0.0,-0.43708229064941406,-0.0061054229736328125,-0.24530362878358558,12.5128173828125,0.0,0.018695354461669922,0.0061054229736328125,0.012550203896139474,-0.20513153076171875,0.0,-0.018887042999267578,-0.0061054229736328125,-0.00582832374553912,2.6666641235351562,0.0,-0.05776629312085939,0.02216774649292554,-0.02565332292244978,6.551712495885635,0.0,-0.041111349984731725,0.028209911916933415,-0.016090929320455204,5.328330610164284,0.0,0.17515897750854492,-0.0061054229736328125,0.1990168568601271,1.4945068359375,0.0,0.06586408615112305,-0.0061054229736328125,0.09676449296692499,1.9047622680664062,0.0,0.044005393981933594,-0.018314361572265625,0.03407659766097601,-0.26373291015625,0.0,-0.20372867584228516,-0.05494499206542969,-0.20333645854851307,0.08791351318359375,0.0,0.022913455963134766,-0.0061054229736328125,0.01076330267881953,-0.20513153076171875,0.0,0.01583099365234375,-0.0073261260986328125,0.007194155285835182,-0.11721611022949219,0.0,-0.09899330139160156,0.0073261260986328125,-0.06339405000756952,0.33602142333984375,0.0,0.11706018447875977,0.03052520751953125,0.1306935409249453,0.7912063598632812,0.0,-0.1005702018737793,-0.0061054229736328125,-0.12943717238315053,-1.9633712768554688,0.0,-0.11974477767944336,0.07936477661132812,-0.11363147114696417,0.14652252197265625,0.0,-0.1588606834411621,-0.018314361572265625,-0.16598398111885174,-0.08791351318359375,0.0,0.02732372283935547,0.0061054229736328125,0.013996440701394872,-0.20513153076171875,0.0,0.02269744873046875,0.0073261260986328125,0.010071817400169254,-0.10158920288085938,0.0,0.11234474182128906,-0.0073261260986328125,0.08523085041370959,-0.3047618865966797,0.0,-0.16677498817443848,0.07671833038330078,-0.15305152764649427,0.0025641024112701416,0.0,0.0,0.0,0.0,0.0,0.0,nan,nan,nan,nan,nan,nan,nan,nan,nan,nan,0.07480708162762165,0.15373064577579498,-0.0738489106297493,-0.9853492975234985,-0.023613469675183296,-0.025216039270162582,0.014632241800427437,nan
2.8011,1789426378.0793,ramp,0,0.030337,0.010918827311270373,0.0019981591028391194,0.016592557815332382,-0.020777080208063126,-0.04690316691994667,0.11752529442310333,-0.9917439818382263,-0.2384347915649414,-0.0061054229736328125,-0.21791504193692518,4.483512878417969,0.0,0.12242889404296875,-0.018314361572265625,0.07230974422011721,-10.989013671875,0.0,0.002780437469482422,-0.0061054229736328125,0.004848596341565734,0.6739959716796875,0.0,0.4334392547607422,-0.03052520751953125,0.4058516620924166,-5.831504821777344,0.0,-0.2999849319458008,0.03052520751953125,-0.19514670792919123,6.886444091796875,0.0,-0.13489246368408203,0.0061054229736328125,-0.06016675857250838,3.3113555908203125,0.0,-0.12108707427978516,0.0061054229736328125,-0.17145105706568098,-10.930404663085938,0.0,0.0016298294067382812,-0.018314361572265625,0.02036490151473256,4.0732574462890625,0.0,0.0789027214050293,-0.018314361572265625,0.04777086832786965,-6.769233703613281,0.0,0.45261335372924805,0.0061054229736328125,0.4082972453515896,-9.582412719726562,0.0,-0.43708229064941406,-0.0061054229736328125,-0.24489950108834574,12.571426391601562,0.0,0.018695354461669922,0.0061054229736328125,0.012438250716114718,-0.20513153076171875,0.0,-0.018887042999267578,-0.0061054229736328125,-0.0057763326079507005,2.7252731323242188,0.0,-0.057347572832779324,0.013283870757426406,-0.02542448432324155,6.7086164388708465,0.0,-0.040670494608151156,0.018866832111098127,-0.01594739135709728,5.3275858069176065,0.0,0.17515897750854492,-0.0061054229736328125,0.19902562694350467,1.4358978271484375,0.0,0.06586408615112305,-0.0061054229736328125,0.09679335508511575,1.9633712768554688,0.0,0.04362201690673828,-0.0061054229736328125,0.03377261985279522,-0.3223419189453125,0.0,-0.20449590682983398,-0.04273414611816406,-0.2041987387379101,0.02930450439453125,0.0,0.022913455963134766,-0.018314361572265625,0.010667289420992421,-0.14652252197265625,0.0,0.01583099365234375,-0.0073261260986328125,0.0071299803474432315,-0.11721611022949219,0.0,-0.09823036193847656,0.021978378295898438,-0.06282854800045241,0.33602142333984375,0.0,0.11744403839111328,0.03052520751953125,0.13131178417322764,0.9084243774414062,0.0,-0.1005702018737793,-0.0061054229736328125,-0.12917458024363787,-2.0219802856445312,0.0,-0.1182107925415039,0.09157562255859375,-0.1126178298825615,0.08791351318359375,0.0,-0.1598191261291504,-0.04273414611816406,-0.16717946136337616,-0.08791351318359375,0.0,0.02732372283935547,-0.0061054229736328125,0.013871586471255144,-0.26373291015625,0.0,0.02269744873046875,0.0073261260986328125,0.009981972486420524,-0.117218017578125,0.0,0.11196327209472656,-0.021978378295898438,0.08447055481859465,-0.3047618865966797,0.0,-0.1655285358428955,0.05216789245605469,-0.15168624263842018,0.005250304937362671,0.0,0.0,0.0,0.0,0.0,0.0,nan,nan,nan,nan,nan,nan,nan,nan,nan,nan,0.0744629821293337,0.1532905101776123,-0.07351493835449219,-0.9854428172111511,-0.009079364128410816,-0.010443112812936306,0.022120347246527672,nan
2.8210,1789426378.0994,ramp,0,0.030542,0.006437758651440769,-0.0012340206839464751,0.02192412829537346,-0.020869674161076546,-0.04689784720540047,0.11732679605484009,-0.9917657971382141,-0.2384347915649414,-0.0061054229736328125,-0.21775244043455677,4.4249114990234375,0.0,0.1222372055053711,-0.018314361572265625,0.0716534423792735,-11.047622680664062,0.0,0.0023965835571289062,-0.018314361572265625,0.004804589233826686,0.9084243774414062,0.0,0.4328641891479492,-0.03052520751953125,0.4057985509559742,-5.9487152099609375,0.0,-0.2994098663330078,0.03052520751953125,-0.19519075768362623,6.9450531005859375,0.0,-0.13470077514648438,0.0061054229736328125,-0.05962066959328958,3.3113555908203125,0.0,-0.12108707427978516,0.0061054229736328125,-0.17171017464326266,-10.930404663085938,0.0,0.0012464523315429688,-0.018314361572265625,0.020180064429539256,4.131866455078125,0.0,0.07851934432983398,-0.018314361572265625,0.04733728763746028,-6.476188659667969,0.0,0.45261335372924805,0.0061054229736328125,0.4082219374723397,-9.75823974609375,0.0,-0.4368906021118164,-0.0061054229736328125,-0.2444919816927355,12.630035400390625,0.0,0.018695354461669922,0.0061054229736328125,0.012325357952768574,-0.20513153076171875,0.0,-0.018887042999267578,-0.0061054229736328125,-0.00572390512718983,2.7252731323242188,0.0,-0.05699872912335251,0.017730856729292376,-0.025193725162857138,6.7065315602021744,0.0,-0.040303040664446205,0.023558735513301426,-0.01580264873053705,5.325667647033607,0.0,0.17515897750854492,-0.0061054229736328125,0.1990344706310806,1.4358978271484375,0.0,0.06586408615112305,-0.0061054229736328125,0.09682245943282483,1.9633712768554688,0.0,0.043238162994384766,-0.018314361572265625,0.03346609086671511,-0.26373291015625,0.0,-0.2052631378173828,-0.04273414611816406,-0.20506825573901843,0.08791351318359375,0.0,0.022913455963134766,-0.03052520751953125,0.010570470357955792,-0.14652252197265625,0.0,0.01583099365234375,-0.0073261260986328125,0.0070652668115612355,-0.11721611022949219,0.0,-0.09708595275878906,0.0659332275390625,-0.06225829993561742,0.3203926086425781,0.0,0.11801910400390625,0.03052520751953125,0.13193521611775344,0.8498153686523438,0.0,-0.1005702018737793,-0.0061054229736328125,-0.12890978426146027,-2.0219802856445312,0.0,-0.11725187301635742,0.06715583801269531,-0.11159568148664467,0.14652252197265625,0.0,-0.16058635711669922,-0.018314361572265625,-0.16838497484946244,-0.14652252197265625,0.0,0.02732372283935547,0.0061054229736328125,0.01374568438385743,-0.20513153076171875,0.0,0.02269744873046875,0.0073261260986328125,0.00989137353618573,-0.117218017578125,0.0,0.11081886291503906,-0.0659332275390625,0.08370387833228632,-0.28913307189941406,0.0,-0.16437816619873047,0.07671833038330078,-0.1503094992776469,0.002808302640914917,0.0,0.0,0.0,0.0,0.0,0.0,nan,nan,nan,nan,nan,nan,nan,nan,nan,nan,0.0742894836913487,0.15295541286468506,-0.07334781438112259,-0.9855073690414429,-0.01868215762078762,-0.01773083768785,0.02705046720802784,nan
2.8411,1789426378.1194,ramp,0,0.030700,0.008270085261929041,0.00039864914273376036,0.015532900581752067,-0.02093704789876938,-0.04687485471367836,0.11714351177215576,-0.9917871356010437,-0.2384347915649414,-0.0061054229736328125,-0.21758874816048662,4.4249114990234375,0.0,0.12204551696777344,-0.018314361572265625,0.07099273790090556,-11.282051086425781,0.0,0.0020132064819335938,-0.0061054229736328125,0.004760286915360185,0.7912063598632812,0.0,0.4324808120727539,-0.018314361572265625,0.4057450835366942,-5.831504821777344,0.0,-0.2990264892578125,0.018314361572265625,-0.19523510293487345,6.8278350830078125,0.0,-0.13470077514648438,0.0061054229736328125,-0.059070917312093164,3.369964599609375,0.0,-0.12127876281738281,0.0061054229736328125,-0.17197103044661066,-11.106231689453125,0.0,0.0010547637939453125,-0.018314361572265625,0.01999398741077195,4.0732574462890625,0.0,0.07775211334228516,-0.03052520751953125,0.04690079837892176,-6.417579650878906,0.0,0.45261335372924805,0.0061054229736328125,0.40814612440892856,-9.5238037109375,0.0,-0.4368906021118164,-0.0061054229736328125,-0.24408172855470475,12.571426391601562,0.0,0.018695354461669922,0.0061054229736328125,0.01221170787642224,-0.26373291015625,0.0,-0.018887042999267578,-0.0061054229736328125,-0.005671125949725198,2.6080551147460938,0.0,-0.05664966192070887,0.017733786966514533,-0.024961418012088822,6.545070347999136,0.0,-0.03993519759675088,0.023570490680606484,-0.015656935134097733,5.322232986284385,0.0,0.17515897750854492,-0.0061054229736328125,0.19904337364433317,1.4945068359375,0.0,0.06586408615112305,-0.0061054229736328125,0.09685175901980547,1.9633712768554688,0.0,0.04285478591918945,-0.018314361572265625,0.033157505607237014,-0.26373291015625,0.0,-0.20602989196777344,-0.03052520751953125,-0.2059436056784774,0.02930450439453125,0.0,0.022913455963134766,-0.03052520751953125,0.010473001808336227,-0.14652252197265625,0.0,0.01583099365234375,-0.0073261260986328125,0.007000119161033099,-0.11721611022949219,0.0,-0.09441566467285156,0.13919448852539062,-0.06168422650359296,0.2578773498535156,0.0,0.11840248107910156,0.03052520751953125,0.13256283020028645,0.9084243774414062,0.0,-0.1005702018737793,-0.0061054229736328125,-0.12864321196135264,-1.9633712768554688,0.0,-0.11629343032836914,0.06715583801269531,-0.11056667626266012,0.14652252197265625,0.0,-0.16096973419189453,-0.018314361572265625,-0.16959857522267818,-0.20513153076171875,0.0,0.02732372283935547,0.0061054229736328125,0.013618937713647573,-0.26373291015625,0.0,0.02269744873046875,0.0073261260986328125,0.009800166825446339,-0.117218017578125,0.0,0.10929298400878906,-0.08058547973632812,0.08293205878762054,-0.27350425720214844,0.0,-0.16255617141723633,0.08899307250976562,-0.14892352037675446,0.0013431012630462646,0.0,0.0,0.0,0.0,0.0,0.0,nan,nan,nan,nan,nan,nan,nan,nan,nan,nan,0.07406663255268296,0.15258102118968964,-0.0731324777007103,-0.9855813980102539,-0.016466524451971054,-0.016407251358032227,0.020718852058053017,nan
2.8611,1789426378.1397,ramp,0,0.030837,0.007946087268334333,0.005434819987146684,0.014742042646836711,-0.020995555445551872,-0.0468653105199337,0.11696081608533859,-0.9918079376220703,-0.23862648010253906,-0.0061054229736328125,-0.2174263690359725,4.4249114990234375,0.0,0.12185382843017578,-0.018314361572265625,0.07033733363476452,-11.340660095214844,0.0,0.0018215179443359375,-0.0061054229736328125,0.004716339992834992,0.7912063598632812,0.0,0.4320969581604004,-0.018314361572265625,0.4056920450363616,-5.772895812988281,0.0,-0.29883432388305664,0.018314361572265625,-0.19527909244576996,6.9450531005859375,0.0,-0.13470077514648438,0.0061054229736328125,-0.058525575177729355,3.369964599609375,0.0,-0.12127876281738281,0.0061054229736328125,-0.17222979364855573,-11.164840698242188,0.0,0.0008625984191894531,-0.018314361572265625,0.019809403113368443,4.131866455078125,0.0,0.07736873626708984,-0.0061054229736328125,0.046467810664236456,-6.358970642089844,0.0,0.45261335372924805,0.0061054229736328125,0.4080709195226053,-9.406600952148438,0.0,-0.4368906021118164,-0.0061054229736328125,-0.24367476649274433,12.571426391601562,0.0,0.018695354461669922,0.0061054229736328125,0.012098969508023956,-0.20513153076171875,0.0,-0.018887042999267578,-0.0061054229736328125,-0.005618770170089523,2.8424911499023438,0.0,-0.05623092349220656,0.013383329339539712,-0.024730974443665128,6.542581816921156,0.0,-0.03949373309283423,0.009233185069288658,-0.01551239046114957,5.319942704112385,0.0,0.17515897750854492,-0.0061054229736328125,0.19905220523706224,1.4945068359375,0.0,0.06586408615112305,-0.0061054229736328125,0.09688082356368556,1.9633712768554688,0.0,0.042279720306396484,-0.018314361572265625,0.032851395837813664,-0.26373291015625,0.0,-0.20641374588012695,-0.018314361572265625,-0.20681193350653276,-0.02930450439453125,0.0,0.022913455963134766,-0.018314361572265625,0.010376315157455575,-0.14652252197265625,0.0,0.01583099365234375,-0.0073261260986328125,0.0069354941289905166,-0.11721611022949219,0.0,-0.09098148345947266,0.13919448852539062,-0.06111475832417867,0.21099090576171875,0.0,0.11859416961669922,0.03052520751953125,0.13318540952379643,0.9670333862304688,0.0,-0.10037851333618164,-0.0061054229736328125,-0.1283787781207389,-1.9633712768554688,0.0,-0.11533451080322266,0.05494499206542969,-0.10954592578228377,0.20513153076171875,0.0,-0.1611614227294922,-0.05494499206542969,-0.17080244001857112,-0.20513153076171875,0.0,0.02732372283935547,0.0061054229736328125,0.01349320781307249,-0.26373291015625,0.0,0.02269744873046875,0.0073261260986328125,0.009709691780586723,-0.117218017578125,0.0,0.10814857482910156,-0.08058547973632812,0.08216643082712217,-0.2578754425048828,0.0,-0.16130995750427246,0.04603099822998047,-0.14754865988440513,0.00476190447807312,0.0,0.0,0.0,0.0,0.0,0.0,nan,nan,nan,nan,nan,nan,nan,nan,nan,nan,0.07374717443721326,0.15216439962387085,-0.07282235473394394,-0.9856687784194946,-0.0022397066932171583,-0.007329688873142004,0.020526105538010597,nan
2.8808,1789426378.1591,ramp,0,0.031031,0.007683592171312293,0.0025319257650615024,0.011816444716384279,-0.021090108901262283,-0.04689795896410942,0.11683191359043121,-0.9918195605278015,-0.23862648010253906,-0.0061054229736328125,-0.21726525561171048,4.542121887207031,0.0,0.12166213989257812,-0.018314361572265625,0.0696870380631513,-11.516487121582031,0.0,0.0018215179443359375,-0.0061054229736328125,0.00467273562438553,0.8498153686523438,0.0,0.4317135810852051,-0.018314361572265625,0.4056394199564328,-5.890106201171875,0.0,-0.298642635345459,0.018314361572265625,-0.1953227390706262,6.8278350830078125,0.0,-0.13470077514648438,0.0061054229736328125,-0.05798448383409355,3.4285736083984375,0.0,-0.12127876281738281,0.0061054229736328125,-0.17248653986309004,-11.106231689453125,0.0,0.0006709098815917969,-0.018314361572265625,0.01962625759938271,4.1904754638671875,0.0,0.07698535919189453,-0.0061054229736328125,0.04603819796873076,-6.417579650878906,0.0,0.45261335372924805,0.0061054229736328125,0.4079963008375186,-9.582412719726562,0.0,-0.4368906021118164,-0.0061054229736328125,-0.2432709765872168,12.688644409179688,0.0,0.018695354461669922,0.0061054229736328125,0.011987109903947881,-0.26373291015625,0.0,-0.018887042999267578,-0.0061054229736328125,-0.005566822489239195,2.7838821411132812,0.0,-0.055951550748896975,0.013384559018157384,-0.024502327118961217,6.700278201800455,0.0,-0.03919907517082123,0.009238503598194024,-0.015368972473848512,5.319901132801309,0.0,0.17515897750854492,-0.0061054229736328125,0.1990609679899748,1.4945068359375,0.0,0.06586408615112305,-0.0061054229736328125,0.09690966155750495,2.0219802856445312,0.0,0.04132080078125,-0.04273414611816406,0.0325476721091666,-0.20513153076171875,0.0,-0.2066054344177246,-0.0061054229736328125,-0.20767349295993343,-0.08791351318359375,0.0,0.02272176742553711,-0.0061054229736328125,0.010280382152209815,-0.20513153076171875,0.0,0.01583099365234375,-0.0073261260986328125,0.006871372831153844,-0.11721611022949219,0.0,-0.08831119537353516,0.10988998413085938,-0.06054972899132401,0.21099090576171875,0.0,0.11936140060424805,0.03052520751953125,0.1338031360141049,0.9670333862304688,0.0,-0.10037851333618164,-0.0061054229736328125,-0.128116405468592,-1.9633712768554688,0.0,-0.11456775665283203,0.04273414611816406,-0.10853313176887405,0.20513153076171875,0.0,-0.16231203079223633,-0.06715583801269531,-0.17199692102218084,-0.14652252197265625,0.0,0.02732372283935547,0.0061054229736328125,0.01336845794221072,-0.20513153076171875,0.0,0.02269744873046875,0.0073261260986328125,0.009619921963615382,-0.117218017578125,0.0,0.10624122619628906,-0.08058547973632812,0.08140677072428693,-0.2578754425048828,0.0,-0.16015934944152832,0.07671833038330078,-0.14618451604838018,0.00158730149269104,0.0,0.0,0.0,0.0,0.0,0.0,nan,nan,nan,nan,nan,nan,nan,nan,nan,nan,0.07363912210807148,0.15197332203388214,-0.07271800935268402,-0.9857059121131897,-0.0024030846543610096,-0.010347964242100716,0.017708290368318558,nan
2.9010,1789426378.1792,ramp,0,0.031143,0.0015473192198023299,0.0016850899525380932,0.009182898809864563,-0.021144483238458633,-0.04691949114203453,0.11674635112285614,-0.9918274283409119,-0.23862648010253906,-0.0061054229736328125,-0.217100816174139,4.4249114990234375,0.0,0.12127876281738281,-0.018314361572265625,0.0690233178390849,-11.223442077636719,0.0,0.0016298294067382812,-0.0061054229736328125,0.004628231090661344,0.9084243774414062,0.0,0.43133020401000977,-0.018314361572265625,0.4055857084883458,-5.538459777832031,0.0,-0.29825925827026367,0.018314361572265625,-0.19536728673309517,6.769233703613281,0.0,-0.13470077514648438,0.0061054229736328125,-0.057432222241803416,3.4871826171875,0.0,-0.12127876281738281,0.0061054229736328125,-0.17274858632700207,-11.164840698242188,0.0,0.0004792213439941406,-0.018314361572265625,0.01943933124329849,4.0732574462890625,0.0,0.07660198211669922,-0.0061054229736328125,0.04559971638132668,-6.652015686035156,0.0,0.45261335372924805,0.0061054229736328125,0.407920141729957,-9.641021728515625,0.0,-0.43669891357421875,-0.0061054229736328125,-0.24285885087350842,12.688644409179688,0.0,0.018695354461669922,0.0061054229736328125,0.011872941078690207,-0.20513153076171875,0.0,-0.018887042999267578,-0.0061054229736328125,-0.005513802404405809,2.6666641235351562,0.0,-0.05574213027875871,0.022368428668195616,-0.024268959616229824,6.617029920146654,0.0,-0.03897813234570084,0.008959975651426417,-0.015222593776496374,5.243958362886591,0.0,0.17515897750854492,-0.0061054229736328125,0.19906991164049376,1.4945068359375,0.0,0.06586408615112305,-0.0061054229736328125,0.09693909488068128,1.9633712768554688,0.0,0.04036235809326172,-0.04273414611816406,0.03223767833090386,-0.14652252197265625,0.0,-0.20679712295532227,-0.018314361572265625,-0.20855283838133779,-0.14652252197265625,0.0,0.02272176742553711,0.0061054229736328125,0.01018246871328062,-0.20513153076171875,0.0,0.01583099365234375,-0.0073261260986328125,0.006805927818108459,-0.11721611022949219,0.0,-0.08678531646728516,0.0659332275390625,-0.059973035235781375,0.21099090576171875,0.0,0.11974477767944336,0.03052520751953125,0.13443361480322255,0.9670333862304688,0.0,-0.10018682479858398,-0.0061054229736328125,-0.12784861641531603,-1.9633712768554688,0.0,-0.11399269104003906,0.04273414611816406,-0.10749942971267552,0.26373291015625,0.0,-0.16346216201782227,-0.05494499206542969,-0.17321606080102347,-0.14652252197265625,0.0,0.02732372283935547,0.0061054229736328125,0.013241132744477599,-0.20513153076171875,0.0,0.02269744873046875,0.0073261260986328125,0.009528298945351843,-0.117218017578125,0.0,0.10547828674316406,-0.03663063049316406,0.08063142825591164,-0.27350425720214844,0.0,-0.15862536430358887,0.07058048248291016,-0.14479221093047942,0.0050061047077178955,0.0,0.0,0.0,0.0,0.0,0.0,nan,nan,nan,nan,nan,nan,nan,nan,nan,nan,0.07352430728528131,0.151821568608284,-0.07260654866695404,-0.9857375621795654,-0.008291184902191162,-0.02017378807067871,0.014788548462092876,nan
2.9210,1789426378.1993,ramp,0,0.031338,0.008194350578132613,0.003870464858746254,0.010486975974865309,-0.021246537566184998,-0.04698474332690239,0.11667861044406891,-0.9918301701545715,-0.23862648010253906,-0.0061054229736328125,-0.21693789322395945,4.600730895996094,0.0,0.12108707427978516,-0.018314361572265625,0.06836571855149493,-11.575088500976562,0.0,0.001438140869140625,0.0061054229736328125,0.0045841369850271275,0.8498153686523438,0.0,0.43094682693481445,-0.03052520751953125,0.4055324923562035,-5.479850769042969,0.0,-0.298067569732666,0.018314361572265625,-0.19541142356973384,6.886444091796875,0.0,-0.13470077514648438,0.018314361572265625,-0.056885053696255274,3.4285736083984375,0.0,-0.12127876281738281,0.0061054229736328125,-0.17300821615555884,-11.106231689453125,0.0,0.0002875328063964844,-0.018314361572265625,0.019254128752647134,4.0146484375,0.0,0.07641029357910156,-0.0061054229736328125,0.04516527854284762,-6.476188659667969,0.0,0.45261335372924805,0.0061054229736328125,0.4078446849741433,-9.641021728515625,0.0,-0.43669891357421875,-0.0061054229736328125,-0.24245052585054658,12.630035400390625,0.0,0.018695354461669922,0.0061054229736328125,0.011759825137014577,-0.20513153076171875,0.0,-0.018887042999267578,-0.0061054229736328125,-0.00546127127946768,2.8424911499023438,0.0,-0.05560250655430003,0.01792268663678588,-0.02403774426678243,6.86219138245727,0.0,-0.03883079583161421,0.004271171166174645,-0.015077565007435562,5.467550959036673,0.0,0.17515897750854492,-0.0061054229736328125,0.19907877281120467,1.4945068359375,0.0,0.06586408615112305,-0.0061054229736328125,0.09696825676493663,1.9633712768554688,0.0,0.03921175003051758,-0.05494499206542969,0.031930543365972446,-0.08791351318359375,0.0,-0.20718050003051758,-0.03052520751953125,-0.2094240743354243,-0.08791351318359375,0.0,0.02272176742553711,0.0061054229736328125,0.010085458248101723,-0.26373291015625,0.0,0.01583099365234375,-0.0073261260986328125,0.006741086349678748,-0.11721611022949219,0.0,-0.08487796783447266,0.08058547973632812,-0.05940165984438681,0.19536209106445312,0.0,0.11974477767944336,0.018314361572265625,0.13505827921381444,1.0256423950195312,0.0,-0.10018682479858398,-0.0061054229736328125,-0.12758329695649384,-1.9633712768554688,0.0,-0.11341714859008789,0.04273414611816406,-0.10647526062593025,0.26373291015625,0.0,-0.1646127700805664,-0.05494499206542969,-0.1744239574734011,-0.14652252197265625,0.0,0.027132034301757812,0.0061054229736328125,0.013114981760545584,-0.20513153076171875,0.0,0.02269744873046875,0.0073261260986328125,0.009437520889550247,-0.117218017578125,0.0,0.10509681701660156,-0.03663063049316406,0.07986323612260876,-0.27350425720214844,0.0,-0.15718722343444824,0.082855224609375,-0.14341274587812658,0.0008547008037567139,0.0,0.0,0.0,0.0,0.0,0.0,nan,nan,nan,nan,nan,nan,nan,nan,nan,nan,0.07357177784205228,0.1518324613571167,-0.07265321910381317,-0.9857324361801147,0.0030847524758428335,-0.013708727434277534,0.016636302694678307,nan
2.9411,1789426378.2193,ramp,0,0.031526,0.006211938715610213,0.007082496947632694,-0.004657200355532816,-0.021349886432290077,-0.04707792401313782,0.11664481461048126,-0.9918276071548462,-0.23862648010253906,-0.0061054229736328125,-0.21677419130360165,4.717948913574219,0.0,0.12070322036743164,-0.018314361572265625,0.06770497513820792,-11.692306518554688,0.0,0.001438140869140625,0.0061054229736328125,0.004539832055851541,0.9670333862304688,0.0,0.4303712844848633,-0.03052520751953125,0.4054790217861205,-5.362640380859375,0.0,-0.2976841926574707,0.018314361572265625,-0.19545577143422016,6.710624694824219,0.0,-0.13450908660888672,0.018314361572265625,-0.056335269018486296,3.4871826171875,0.0,-0.12147045135498047,-0.0061054229736328125,-0.1732690873309831,-10.989013671875,0.0,-9.584426879882812e-05,-0.03052520751953125,0.019068040768472596,4.24908447265625,0.0,0.07583475112915039,-0.05494499206542969,0.044728763562258606,-6.124542236328125,0.0,0.45261335372924805,0.0061054229736328125,0.4077688674431137,-9.75823974609375,0.0,-0.43669891357421875,-0.0061054229736328125,-0.2420402485365442,12.688644409179688,0.0,0.018695354461669922,0.018314361572265625,0.011646168363337333,-0.26373291015625,0.0,-0.018887042999267578,-0.0061054229736328125,-0.00540848899175774,2.9597091674804688,0.0,-0.055248983656997014,0.008939333247686749,-0.023805423426292896,6.78463450120114,0.0,-0.03891754049727901,0.004552723926787498,-0.014931842824181307,5.539440064915729,0.0,0.17515897750854492,-0.0061054229736328125,0.19908767634910646,1.4945068359375,0.0,0.06586408615112305,-0.0061054229736328125,0.09699755807852439,2.0219802856445312,0.0,0.03806114196777344,-0.04273414611816406,0.031621939921749886,-0.08791351318359375,0.0,-0.20737218856811523,-0.03052520751953125,-0.2102994758587307,-0.14652252197265625,0.0,0.02272176742553711,0.0061054229736328125,0.009987983954718923,-0.20513153076171875,0.0,0.01583099365234375,-0.0073261260986328125,0.006675934860038597,-0.11721611022949219,0.0,-0.08373355865478516,0.05128288269042969,-0.05882755258255894,0.19536209106445312,0.0,0.11993646621704102,0.018314361572265625,0.13568593028126932,1.0256423950195312,0.0,-0.09999465942382812,-0.0061054229736328125,-0.12731670894744027,-1.9633712768554688,0.0,-0.11284208297729492,0.04273414611816406,-0.10544619476328435,0.3223419189453125,0.0,-0.1659550666809082,-0.06715583801269531,-0.17563762936335975,-0.14652252197265625,0.0,0.027132034301757812,0.0061054229736328125,0.012988227621230386,-0.26373291015625,0.0,0.02269744873046875,0.0073261260986328125,0.009346308804054036,-0.117218017578125,0.0,0.10471534729003906,-0.021978378295898438,0.07909137109507962,-0.28913307189941406,0.0,-0.15584516525268555,0.07058048248291016,-0.1420266853023279,0.0008547008037567139,0.0,0.0,0.0,0.0,0.0,0.0,nan,nan,nan,nan,nan,nan,nan,nan,nan,nan,0.07384247433489619,0.15168361365795135,-0.0729217380285263,-0.9857355356216431,0.0018899444257840514,-0.0020794642623513937,0.001275329734198749,nan
2.9611,1789426378.2394,ramp,0,0.031717,0.0038614954154186517,0.005190737112051719,-0.0014628758171893142,-0.021454833447933197,-0.04716390371322632,0.11663513630628586,-0.9918222427368164,-0.23862648010253906,-0.0061054229736328125,-0.2166116244757243,4.776557922363281,0.0,0.12031984329223633,-0.03052520751953125,0.06704881325260413,-11.692306518554688,0.0,0.001438140869140625,0.0061054229736328125,0.004495834332552608,0.9084243774414062,0.0,0.42998790740966797,-0.03052520751953125,0.40542592197553673,-5.010986328125,0.0,-0.29749250411987305,0.018314361572265625,-0.19549981179512077,6.769233703613281,0.0,-0.13431692123413086,0.018314361572265625,-0.055789296491804044,3.4871826171875,0.0,-0.12147045135498047,-0.0061054229736328125,-0.17352814965218655,-11.047622680664062,0.0,-0.0004792213439941406,-0.03052520751953125,0.018883243099470128,4.3076934814453125,0.0,0.07372570037841797,-0.09157562255859375,0.0442952753321865,-5.714286804199219,0.0,0.45261335372924805,0.0061054229736328125,0.4076935756231397,-9.641021728515625,0.0,-0.43669891357421875,-0.0061054229736328125,-0.2416328160437449,12.74725341796875,0.0,0.018887042999267578,0.018314361572265625,0.011533299674179008,-0.26373291015625,0.0,-0.018887042999267578,-0.0061054229736328125,-0.005356072691067064,2.7838821411132812,0.0,-0.05510793053897429,0.00449271184142512,-0.02357471347490296,6.784424981713436,0.0,-0.03892196685875465,-0.00014097858903458827,-0.014787131063737502,5.538836652173803,0.0,0.17515897750854492,-0.0061054229736328125,0.19909651815078122,1.4945068359375,0.0,0.06586408615112305,-0.0061054229736328125,0.09702665621978132,1.9633712768554688,0.0,0.0369110107421875,-0.05494499206542969,0.031315476302449394,-0.02930450439453125,0.0,-0.20775556564331055,-0.03052520751953125,-0.21116880743683253,-0.14652252197265625,0.0,0.02272176742553711,0.0061054229736328125,0.009891185538181137,-0.20513153076171875,0.0,0.01583099365234375,-0.0073261260986328125,0.00661123512420694,-0.11721611022949219,0.0,-0.08220767974853516,0.0659332275390625,-0.058257426122144004,0.19536209106445312,0.0,0.11993646621704102,0.018314361572265625,0.13630922928000413,1.0842514038085938,0.0,-0.09999465942382812,-0.0061054229736328125,-0.12705196943255093,-1.9633712768554688,0.0,-0.11226701736450195,0.04273414611816406,-0.10442426433875673,0.26373291015625,0.0,-0.16748905181884766,-0.06715583801269531,-0.17684288577576632,-0.14652252197265625,0.0,0.027132034301757812,0.0061054229736328125,0.012862352382236491,-0.20513153076171875,0.0,0.02269744873046875,0.0073261260986328125,0.009255729173889716,-0.117218017578125,0.0,0.10433387756347656,-0.0073261260986328125,0.07832485810121473,-0.28913307189941406,0.0,-0.15440702438354492,0.07671833038330078,-0.14065023552971084,0.004273504018783569,0.0,0.0,0.0,0.0,0.0,0.0,nan,nan,nan,nan,nan,nan,nan,nan,nan,nan,0.07403889099488803,0.15173298120498657,-0.0731147900223732,-0.9857136011123657,0.004099342040717602,0.000559850363060832,0.00466465437784791,nan
2.9813,1789426378.2596,ramp,0,0.031867,0.006343621628541624,0.0006679925168870477,0.007841793302738707,-0.02153889089822769,-0.047235157340765,0.11663785576820374,-0.9918168187141418,-0.23862648010253906,-0.0061054229736328125,-0.2164468508155249,4.717948913574219,0.0,0.11993646621704102,-0.018314361572265625,0.06638374401931733,-11.809524536132812,0.0,0.001438140869140625,0.0061054229736328125,0.0044512393435067864,0.8498153686523438,0.0,0.429412841796875,-0.018314361572265625,0.4053721013390636,-5.597068786621094,0.0,-0.2973008155822754,0.018314361572265625,-0.1955444500005704,6.769233703613281,0.0,-0.1341252326965332,0.018314361572265625,-0.05523591242960407,3.4871826171875,0.0,-0.12166213989257812,-0.0061054229736328125,-0.17379072872469353,-11.282058715820312,0.0,-0.0008630752563476562,-0.03052520751953125,0.018695936816168466,4.24908447265625,0.0,0.07276725769042969,-0.0061054229736328125,0.04385590253236651,-6.0659332275390625,0.0,0.45261335372924805,0.0061054229736328125,0.40761726172243695,-10.051284790039062,0.0,-0.43669891357421875,-0.0061054229736328125,-0.2412198526858491,12.74725341796875,0.0,0.019078731536865234,0.018314361572265625,0.01141889880115125,-0.3223419189453125,0.0,-0.018887042999267578,-0.0061054229736328125,-0.005302944843081806,2.8424911499023438,0.0,-0.05489565901801914,0.008939825093171181,-0.023340871653472952,6.784437419153331,0.0,-0.03900456002682656,0.004553600080316411,-0.014640454852153859,5.53802832197515,0.0,0.17515897750854492,-0.0061054229736328125,0.1991054799792411,1.4945068359375,0.0,0.06586408615112305,-0.0061054229736328125,0.09705614936609233,1.9633712768554688,0.0,0.03576040267944336,-0.05494499206542969,0.031004852462829507,0.02930450439453125,0.0,-0.20813941955566406,-0.03052520751953125,-0.21204994012497724,-0.14652252197265625,0.0,0.02272176742553711,0.0061054229736328125,0.00979307309050228,-0.20513153076171875,0.0,0.01583099365234375,-0.0073261260986328125,0.006545657094383061,-0.11721611022949219,0.0,-0.08068180084228516,0.0659332275390625,-0.05767956023839831,0.1797332763671875,0.0,0.12012815475463867,0.0061054229736328125,0.13694098951523256,1.1428604125976562,0.0,-0.09999465942382812,-0.0061054229736328125,-0.1267836360988856,-1.9047622680664062,0.0,-0.11188316345214844,0.03052520751953125,-0.10338846128645414,0.380950927734375,0.0,-0.1690230369567871,-0.06715583801269531,-0.17806450345228778,-0.08791351318359375,0.0,0.027132034301757812,0.0061054229736328125,0.01273476839644855,-0.26373291015625,0.0,0.02231597900390625,0.0073261260986328125,0.009163919932136286,-0.117218017578125,0.0,0.10433387756347656,-0.021978378295898438,0.07754793975176656,-0.3047618865966797,0.0,-0.15287303924560547,0.07058048248291016,-0.13925510055613666,0.0025641024112701416,0.0,0.0,0.0,0.0,0.0,0.0,nan,nan,nan,nan,nan,nan,nan,nan,nan,nan,0.07427127230485228,0.15167789161205292,-0.07334447652101517,-0.9857050180435181,0.0012081193272024393,-0.007990794256329536,0.014001654461026192,nan
3.0011,1789426378.2793,ramp,0,0.032049,0.009551977566841317,0.002798060862339085,0.007550530344308656,-0.02162875607609749,-0.047266654670238495,0.11653922498226166,-0.9918249249458313,-0.23862648010253906,-0.0061054229736328125,-0.21628556115915942,4.835166931152344,0.0,0.1195530891418457,-0.03052520751953125,0.06573273712922173,-11.75091552734375,0.0,0.001438140869140625,0.0061054229736328125,0.004407587278910306,0.9084243774414062,0.0,0.42922115325927734,-0.018314361572265625,0.40531941869578425,-5.538459777832031,0.0,-0.2969169616699219,0.018314361572265625,-0.19558814436779537,6.710624694824219,0.0,-0.13393354415893555,0.018314361572265625,-0.05469422921929997,3.4285736083984375,0.0,-0.12185382843017578,0.0061054229736328125,-0.17404775577818116,-11.457870483398438,0.0,-0.001438140869140625,-0.03052520751953125,0.018512590970526255,4.4249114990234375,0.0,0.07257509231567383,0.0061054229736328125,0.04342581990985543,-6.0659332275390625,0.0,0.45261335372924805,0.0061054229736328125,0.40754256141654255,-9.582412719726562,0.0,-0.43669891357421875,-0.0061054229736328125,-0.240815621099284,12.805862426757812,0.0,0.01927042007446289,0.018314361572265625,0.011306916840707882,-0.26373291015625,0.0,-0.018887042999267578,-0.0061054229736328125,-0.005250940339846216,2.9597091674804688,0.0,-0.05475459607529872,0.008940049039146629,-0.0231119742254697,6.784227816941594,0.0,-0.039008994533025594,0.0045541599545394955,-0.01449687998870367,5.537425336411257,0.0,0.17515897750854492,-0.0061054229736328125,0.19911425231719218,1.4945068359375,0.0,0.06586408615112305,-0.0061054229736328125,0.09708501890402627,1.9633712768554688,0.0,0.03499317169189453,-0.018314361572265625,0.030700796509404733,0.02930450439453125,0.0,-0.20871448516845703,-0.04273414611816406,-0.21291244198547649,-0.14652252197265625,0.0,0.02272176742553711,0.0061054229736328125,0.00969703515001987,-0.14652252197265625,0.0,0.01583099365234375,-0.0073261260986328125,0.006481465658187378,-0.11721611022949219,0.0,-0.07953739166259766,0.05128288269042969,-0.05711391285457563,0.1797332763671875,0.0,0.12012815475463867,0.018314361572265625,0.13755939169870088,1.1428604125976562,0.0,-0.09980297088623047,-0.0061054229736328125,-0.12652097645337002,-1.8461532592773438,0.0,-0.11111640930175781,0.04273414611816406,-0.10237455943972676,0.380950927734375,0.0,-0.17055749893188477,-0.05494499206542969,-0.17926029102548185,-0.08791351318359375,0.0,0.027132034301757812,0.0061054229736328125,0.012609882069346432,-0.20513153076171875,0.0,0.02231597900390625,0.0073261260986328125,0.00907405192146233,-0.117218017578125,0.0,0.10433387756347656,-0.021978378295898438,0.07678744870328898,-0.3047618865966797,0.0,-0.15191435813903809,0.05830574035644531,-0.13788946456675016,0.005738705396652222,0.0,0.0,0.0,0.0,0.0,0.0,nan,nan,nan,nan,nan,nan,nan,nan,nan,nan,0.07445633292578545,0.15161405503749847,-0.07352761924266815,-0.9857012033462524,0.004472100641578436,-0.005935171153396368,0.013803460635244846,nan
3.0208,1789426378.2991,ramp,0,0.032253,0.0103935916070633,-0.004127606065709665,0.010997428014130539,-0.0217300895601511,-0.04729123041033745,0.11646848171949387,-0.9918298125267029,-0.23862648010253906,-0.0061054229736328125,-0.21612491621524876,4.9523773193359375,0.0,0.11916971206665039,-0.03052520751953125,0.06508433246582604,-11.692306518554688,0.0,0.0012464523315429688,0.0061054229736328125,0.004364109701818835,0.6739959716796875,0.0,0.42883729934692383,-0.018314361572265625,0.4052669466373436,-5.0695953369140625,0.0,-0.2967252731323242,0.018314361572265625,-0.19563166407842178,6.652015686035156,0.0,-0.1337418556213379,0.018314361572265625,-0.054154711243395354,3.4871826171875,0.0,-0.12204551696777344,0.0061054229736328125,-0.17430375543446092,-11.22344970703125,0.0,-0.0018215179443359375,-0.03052520751953125,0.0183299780010826,4.600730895996094,0.0,0.07238340377807617,-0.0061054229736328125,0.04299745642810998,-6.24176025390625,0.0,0.45261335372924805,0.0061054229736328125,0.4074681597052304,-9.875457763671875,0.0,-0.43669891357421875,-0.0061054229736328125,-0.24041300532085164,12.805862426757812,0.0,0.019462108612060547,0.018314361572265625,0.011195382498334008,-0.26373291015625,0.0,-0.018887042999267578,-0.0061054229736328125,-0.005199143710765098,2.8424911499023438,0.0,-0.05447225568638312,0.013388421213694159,-0.022883991753986494,6.706483213422673,0.0,-0.03901803259177953,0.009252519230544985,-0.014353879027540522,5.6094407031456495,0.0,0.17515897750854492,-0.0061054229736328125,0.19912298959005809,1.4945068359375,0.0,0.06586408615112305,-0.0061054229736328125,0.09711377304366939,1.9633712768554688,0.0,0.03441810607910156,-0.018314361572265625,0.030397955938692958,-0.08791351318359375,0.0,-0.20948123931884766,-0.03052520751953125,-0.2137714962244463,-0.14652252197265625,0.0,0.02272176742553711,0.0061054229736328125,0.009601381095632565,-0.20513153076171875,0.0,0.01583099365234375,-0.0073261260986328125,0.006417530810165668,-0.11721611022949219,0.0,-0.07915592193603516,0.0073261260986328125,-0.05655052649555514,0.19536209106445312,0.0,0.12031984329223633,0.0061054229736328125,0.13817532198410237,1.2014617919921875,0.0,-0.09980297088623047,-0.0061054229736328125,-0.12625936671984914,-1.7875442504882812,0.0,-0.11054134368896484,0.04273414611816406,-0.10136471039566056,0.380950927734375,0.0,-0.17189931869506836,-0.04273414611816406,-0.1804512987562538,-0.14652252197265625,0.0,0.027132034301757812,0.0061054229736328125,0.012485494942083489,-0.26373291015625,0.0,0.02231597900390625,0.0073261260986328125,0.008984543134231936,-0.117218017578125,0.0,0.10395240783691406,-0.021978378295898438,0.07602999751528212,-0.3047618865966797,0.0,-0.15038037300109863,0.082855224609375,-0.13652928734360406,0.0018315017223358154,0.0,0.0,0.0,0.0,0.0,0.0,nan,nan,nan,nan,nan,nan,nan,nan,nan,nan,0.07466333198882089,0.15140026807785034,-0.0737341046333313,-0.9857186675071716,0.00020957080414518714,-0.017090903595089912,0.017301078885793686,nan
3.0401,1789426378.3183,ramp,0,0.032395,0.006900729441302329,-0.0020113932449514014,0.004098372411185216,-0.021796930581331253,-0.04728664830327034,0.1163860335946083,-0.991838276386261,-0.23862648010253906,-0.0061054229736328125,-0.21596738300511792,4.893775939941406,0.0,0.11878585815429688,-0.03052520751953125,0.06444848756712,-11.809524536132812,0.0,0.0012464523315429688,-0.0061054229736328125,0.00432147429655057,0.9084243774414062,0.0,0.42864561080932617,-0.018314361572265625,0.40521549097613757,-4.659339904785156,0.0,-0.29653358459472656,0.018314361572265625,-0.19567434080108762,6.652015686035156,0.0,-0.13335847854614258,0.03052520751953125,-0.053625643869106905,3.5457839965820312,0.0,-0.12204551696777344,0.0061054229736328125,-0.17455479631171728,-11.282058715820312,0.0,-0.00220489501953125,-0.03052520751953125,0.018150902291709656,4.483512878417969,0.0,0.07238340377807617,-0.0061054229736328125,0.04257739045691016,-6.1831512451171875,0.0,0.45261335372924805,0.0061054229736328125,0.4073951991741555,-9.875457763671875,0.0,-0.43669891357421875,-0.0061054229736328125,-0.2400181883133457,12.864471435546875,0.0,0.019845962524414062,0.018314361572265625,0.011086008604788027,-0.3223419189453125,0.0,-0.018887042999267578,-0.0061054229736328125,-0.005148350395678624,2.8424911499023438,0.0,-0.05412154648207564,0.01338967632218802,-0.022660425361468856,6.623003303710309,0.0,-0.03880102975240668,0.009257623719912891,-0.01421364803168453,5.53292712890124,0.0,0.17515897750854492,-0.0061054229736328125,0.19913155761970686,1.4945068359375,0.0,0.06586408615112305,-0.0061054229736328125,0.09714197020825023,2.0219802856445312,0.0,0.03403472900390625,-0.0061054229736328125,0.03010098146753498,-0.02930450439453125,0.0,-0.20986509323120117,-0.03052520751953125,-0.2146139103624017,-0.20513153076171875,0.0,0.02272176742553711,0.0061054229736328125,0.009507579884820485,-0.20513153076171875,0.0,0.01583099365234375,-0.0073261260986328125,0.006354834396553756,-0.11721611022949219,0.0,-0.07877445220947266,0.0073261260986328125,-0.055998053074855635,0.21099090576171875,0.0,0.12051153182983398,0.018314361572265625,0.13877932154184783,1.26007080078125,0.0,-0.09980297088623047,-0.0061054229736328125,-0.12600282443398714,-1.7289352416992188,0.0,-0.10996580123901367,0.04273414611816406,-0.10037442238667256,0.380950927734375,0.0,-0.1734333038330078,-0.06715583801269531,-0.18161923636170657,-0.08791351318359375,0.0,0.027132034301757812,0.0061054229736328125,0.012363517225389349,-0.20513153076171875,0.0,0.02231597900390625,0.0073261260986328125,0.00889676815517526,-0.117218017578125,0.0,0.10318946838378906,-0.03663063049316406,0.07528721835112448,-0.3047618865966797,0.0,-0.14884638786315918,0.08899307250976562,-0.13519545710224784,0.00158730149269104,0.0,0.0,0.0,0.0,0.0,0.0,nan,nan,nan,nan,nan,nan,nan,nan,nan,nan,0.07457792019038503,0.15105995535850525,-0.07365378737449646,-0.9857768416404724,-0.0028665713034570217,-0.015189145691692829,0.010145127773284912,nan
3.0609,1789426378.3392,ramp,0,0.032551,0.006051117075283053,0.002518727513206098,0.007039012520458743,-0.021866532042622566,-0.047261979430913925,0.11627837270498276,-0.9918505549430847,-0.23862648010253906,-0.0061054229736328125,-0.21579860654362254,4.893775939941406,0.0,0.11840248107910156,-0.03052520751953125,0.06376726198951392,-11.868133544921875,0.0,0.0012464523315429688,-0.0061054229736328125,0.0042757959736774145,0.9670333862304688,0.0,0.4284539222717285,-0.018314361572265625,0.4051603628897167,-5.3040313720703125,0.0,-0.29615020751953125,0.018314361572265625,-0.19572006339020886,6.710624694824219,0.0,-0.13316679000854492,0.03052520751953125,-0.05305881659979069,3.4871826171875,0.0,-0.12204551696777344,0.0061054229736328125,-0.17482375414555337,-11.340652465820312,0.0,-0.0025887489318847656,-0.03052520751953125,0.017959045828284288,4.366302490234375,0.0,0.07219171524047852,-0.0061054229736328125,0.04212734409427425,-6.24176025390625,0.0,0.45261335372924805,0.0061054229736328125,0.4073170314008116,-9.816848754882812,0.0,-0.43669891357421875,-0.0061054229736328125,-0.23959519294995713,12.805862426757812,0.0,0.02003765106201172,0.018314361572265625,0.010968828622755437,-0.3223419189453125,0.0,-0.018887042999267578,-0.0061054229736328125,-0.005093931927466129,2.7252731323242188,0.0,-0.053840792117755,0.01783870296297092,-0.02242090288486164,6.703892493980998,0.0,-0.03865785991652565,0.013961642159261248,-0.014063408655156264,5.606215467472075,0.0,0.17515897750854492,-0.0061054229736328125,0.19914073715540548,1.4945068359375,0.0,0.06586408615112305,-0.0061054229736328125,0.09717217982346854,2.0219802856445312,0.0,0.03365135192871094,-0.0061054229736328125,0.029782811728247056,-0.02930450439453125,0.0,-0.21044015884399414,-0.03052520751953125,-0.21551644816506405,-0.20513153076171875,0.0,0.02272176742553711,0.0061054229736328125,0.00940708401838254,-0.20513153076171875,0.0,0.01583099365234375,-0.0073261260986328125,0.0062876632976528735,-0.11721611022949219,0.0,-0.07839298248291016,0.0073261260986328125,-0.05540614925382328,0.21099090576171875,0.0,0.12070369720458984,0.018314361572265625,0.13942642895504923,1.26007080078125,0.0,-0.09961128234863281,0.0061054229736328125,-0.125727972552306,-1.8461532592773438,0.0,-0.10900735855102539,0.06715583801269531,-0.09931345685515366,0.3223419189453125,0.0,-0.17496728897094727,-0.03052520751953125,-0.1828705304611034,-0.08791351318359375,0.0,0.026940345764160156,0.0061054229736328125,0.012232833876857125,-0.26373291015625,0.0,0.02231597900390625,0.0073261260986328125,0.008802728616714023,-0.13284683227539062,0.0,0.10204505920410156,-0.0659332275390625,0.07449142653748127,-0.28913307189941406,0.0,-0.14769577980041504,0.05216789245605469,-0.1337664304977324,0.005738705396652222,0.0,0.0,0.0,0.0,0.0,0.0,nan,nan,nan,nan,nan,nan,nan,nan,nan,nan,0.07458073343690372,0.1507469266653061,-0.07366012036800385,-0.9858242869377136,-0.008555097505450249,-0.014890897087752819,0.012606077827513218,nan
3.0810,1789426378.3592,ramp,0,0.032751,0.013619331953556867,-0.004643560497473217,0.012306986505609265,-0.021960141137242317,-0.047245293855667114,0.11618464440107346,-0.9918602705001831,-0.23862648010253906,-0.0061054229736328125,-0.2156345719649051,4.9523773193359375,0.0,0.1178274154663086,-0.03052520751953125,0.063105175880799,-11.926742553710938,0.0,0.0012464523315429688,-0.0061054229736328125,0.004231401012539888,0.615386962890625,0.0,0.4280705451965332,-0.018314361572265625,0.40510678366219033,-5.0695953369140625,0.0,-0.2959585189819336,0.018314361572265625,-0.19576450137390589,6.652015686035156,0.0,-0.13259124755859375,0.03052520751953125,-0.05250791470562829,3.5457839965820312,0.0,-0.12204551696777344,0.0061054229736328125,-0.17508515543679481,-11.575088500976562,0.0,-0.0031638145446777344,-0.03052520751953125,0.017772579695072597,4.776557922363281,0.0,0.07200002670288086,-0.0061054229736328125,0.04168994207242707,-6.24176025390625,0.0,0.45261335372924805,0.0061054229736328125,0.407241059801122,-9.699630737304688,0.0,-0.43669891357421875,-0.0061054229736328125,-0.23918408191220875,12.864471435546875,0.0,0.02042102813720703,0.018314361572265625,0.010854940887365527,-0.380950927734375,0.0,-0.018887042999267578,-0.0061054229736328125,-0.005041042380970166,2.7252731323242188,0.0,-0.053490174979163446,0.013301631340976582,-0.022188109945635956,6.53851525282852,0.0,-0.03844079569114078,0.018949975115854528,-0.013917390350131797,5.455086862435491,0.0,0.17515897750854492,-0.0061054229736328125,0.19914965878616964,1.4945068359375,0.0,0.06586408615112305,-0.0061054229736328125,0.09720154068019968,2.0219802856445312,0.0,0.03345966339111328,-0.0061054229736328125,0.029473581171555026,-0.02930450439453125,0.0,-0.21082353591918945,-0.018314361572265625,-0.21639362859013367,-0.20513153076171875,0.0,0.02272176742553711,0.0061054229736328125,0.009309411647674366,-0.20513153076171875,0.0,0.01583099365234375,-0.0073261260986328125,0.006222379413795085,-0.1328449249267578,0.0,-0.07839298248291016,0.0073261260986328125,-0.054830875349725375,0.21099090576171875,0.0,0.1208953857421875,0.018314361572265625,0.14005535547103923,1.26007080078125,0.0,-0.09941959381103516,0.0061054229736328125,-0.1254608428102685,-1.7875442504882812,0.0,-0.10785675048828125,0.06715583801269531,-0.09828229982973415,0.380950927734375,0.0,-0.17650127410888672,-0.05494499206542969,-0.18408666865139114,-0.08791351318359375,0.0,0.0267486572265625,0.0061054229736328125,0.012105822160697569,-0.26373291015625,0.0,0.02231597900390625,0.0073261260986328125,0.00871133117931312,-0.117218017578125,0.0,0.10128211975097656,-0.05128288269042969,0.07371799300450421,-0.3047618865966797,0.0,-0.1462574005126953,0.07671833038330078,-0.13237755331088547,0.0018315017223358154,0.0,0.0,0.0,0.0,0.0,0.0,nan,nan,nan,nan,nan,nan,nan,nan,nan,nan,0.07455251497646687,0.15038730204105377,-0.07363638281822205,-0.985880970954895,-0.006318908650428057,-0.017352543771266937,0.018278930336236954,nan
3.1011,1789426378.3793,ramp,0,0.032939,0.00620709353093168,-0.00658013686092183,0.015278866222677533,-0.02204354852437973,-0.047202304005622864,0.11605960875749588,-0.9918751120567322,-0.23862648010253906,-0.0061054229736328125,-0.21547054130499432,4.835166931152344,0.0,0.11725187301635742,-0.03052520751953125,0.06244310558940431,-11.868133544921875,0.0,0.0010547637939453125,-0.0061054229736328125,0.004187007112003553,1.0256423950195312,0.0,0.42787885665893555,-0.018314361572265625,0.4050532057146784,-4.9523773193359375,0.0,-0.2955751419067383,0.018314361572265625,-0.1958089382959739,6.710624694824219,0.0,-0.1323995590209961,0.03052520751953125,-0.05195702597258126,3.5457839965820312,0.0,-0.1222372055053711,0.0061054229736328125,-0.17534655048312664,-11.457870483398438,0.0,-0.003738880157470703,-0.04273414611816406,0.017586118016560227,4.542121887207031,0.0,0.07161664962768555,-0.0061054229736328125,0.04125255050016908,-6.124542236328125,0.0,0.45261335372924805,0.0061054229736328125,0.4071650900164035,-9.816848754882812,0.0,-0.43669891357421875,-0.0061054229736328125,-0.23877298069595465,12.923080444335938,0.0,0.020804405212402344,0.018314361572265625,0.010741055872767904,-0.380950927734375,0.0,-0.018887042999267578,-0.0061054229736328125,-0.004988154098012104,2.7838821411132812,0.0,-0.05313932787601145,0.017753083215327682,-0.021955322567862805,6.455139847551166,0.0,-0.03822339749645061,0.023662924540074293,-0.013771375533502958,5.378695999636112,0.0,0.17515897750854492,-0.0061054229736328125,0.1991585802037949,1.4945068359375,0.0,0.06586408615112305,-0.0061054229736328125,0.09723090083549626,1.9633712768554688,0.0,0.033075809478759766,-0.0061054229736328125,0.0291643580024198,0.02930450439453125,0.0,-0.21120691299438477,-0.018314361572265625,-0.2172707880592529,-0.26373291015625,0.0,0.02272176742553711,0.0061054229736328125,0.009211741610371383,-0.20513153076171875,0.0,0.01583099365234375,-0.0073261260986328125,0.006157097089577475,-0.1328449249267578,0.0,-0.07801151275634766,0.0073261260986328125,-0.05425561518899323,0.22661972045898438,0.0,0.12108707427978516,0.018314361572265625,0.1406842669618959,1.26007080078125,0.0,-0.0992279052734375,0.0061054229736328125,-0.1251937194499941,-1.9047622680664062,0.0,-0.10689735412597656,0.04273414611816406,-0.09725116743878534,0.3223419189453125,0.0,-0.17803525924682617,-0.03052520751953125,-0.1853027777879849,-0.08791351318359375,0.0,0.0267486572265625,0.0061054229736328125,0.011978813478863847,-0.20513153076171875,0.0,0.02231597900390625,0.0073261260986328125,0.008619935925408466,-0.117218017578125,0.0,0.10013771057128906,-0.05128288269042969,0.0729445779489513,-0.27350425720214844,0.0,-0.1448194980621338,0.06444263458251953,-0.1309887093044888,0.005982905626296997,0.0,0.0,0.0,0.0,0.0,0.0,nan,nan,nan,nan,nan,nan,nan,nan,nan,nan,0.07451141937590823,0.1499725580215454,-0.07360056042671204,-0.9859468340873718,-0.01870066300034523,-0.023395540192723274,0.020675521343946457,nan
3.1211,1789426378.3994,ramp,0,0.033129,0.012234935514555012,-0.0014392604182750643,0.011519613566651632,-0.022125303745269775,-0.04715157672762871,0.11590942740440369,-0.9918932318687439,-0.23862648010253906,-0.0061054229736328125,-0.21530801905044875,4.9523773193359375,0.0,0.1164851188659668,-0.04273414611816406,0.061787123613329525,-11.868133544921875,0.0,0.0008630752563476562,-0.0061054229736328125,0.00414302145220579,0.7325973510742188,0.0,0.4276871681213379,-0.018314361572265625,0.4050001204632486,-5.0695953369140625,0.0,-0.29519128799438477,0.03052520751953125,-0.19585296658168272,6.593406677246094,0.0,-0.13201618194580078,0.03052520751953125,-0.051411203143195174,3.5457839965820312,0.0,-0.1222372055053711,0.0061054229736328125,-0.17560554177341348,-11.5164794921875,0.0,-0.004314422607421875,-0.04273414611816406,0.01740137101624535,5.0695953369140625,0.0,0.07123327255249023,-0.018314361572265625,0.04081918112592358,-6.417579650878906,0.0,0.45261335372924805,0.0061054229736328125,0.40708981884029216,-9.875457763671875,0.0,-0.43669891357421875,-0.0061054229736328125,-0.23836565991489822,12.923080444335938,0.0,0.021187782287597656,0.018314361572265625,0.010628218130473684,-0.26373291015625,0.0,-0.018887042999267578,-0.0061054229736328125,-0.00493575216906745,2.6666641235351562,0.0,-0.05279006111235329,0.013305665402979306,-0.02172467587360438,6.530431625363451,0.0,-0.03785399758551779,0.01896682408779864,-0.013626703450805197,5.303622524301891,0.0,0.17515897750854492,-0.0061054229736328125,0.1991674195811832,1.4945068359375,0.0,0.06586408615112305,-0.0061054229736328125,0.09725999099848898,1.9633712768554688,0.0,0.03269243240356445,-0.018314361572265625,0.028857978410745132,-0.02930450439453125,0.0,-0.21159076690673828,-0.018314361572265625,-0.21813988127996425,-0.26373291015625,0.0,0.022530078887939453,0.0061054229736328125,0.009114969734475332,-0.26373291015625,0.0,0.01583099365234375,-0.0073261260986328125,0.00609241509342143,-0.1328449249267578,0.0,-0.07763004302978516,0.0073261260986328125,-0.05368564504851277,0.22661972045898438,0.0,0.12147045135498047,0.018314361572265625,0.14130739506160145,1.3186798095703125,0.0,-0.09884452819824219,0.0061054229736328125,-0.12492905252262085,-1.8461532592773438,0.0,-0.1063222885131836,0.05494499206542969,-0.09622951721191227,0.380950927734375,0.0,-0.17937755584716797,-0.05494499206542969,-0.18650770373756176,-0.08791351318359375,0.0,0.0267486572265625,0.0061054229736328125,0.01185297275293061,-0.20513153076171875,0.0,0.02231597900390625,0.0073261260986328125,0.008529381130790001,-0.117218017578125,0.0,0.09975624084472656,-0.0073261260986328125,0.07217827512119743,-0.3047618865966797,0.0,-0.143477201461792,0.082855224609375,-0.12961263693329617,0.0013431012630462646,0.0,0.0,0.0,0.0,0.0,0.0,nan,nan,nan,nan,nan,nan,nan,nan,nan,nan,0.07431802695960113,0.149546280503273,-0.07341467589139938,-0.9860254526138306,-0.007601698394864798,-0.014166897162795067,0.01729992963373661,nan
3.1404,1789426378.4187,ramp,0,0.033325,0.013952290547952122,-0.008911533097758497,0.013640397973898313,-0.02221083827316761,-0.04710247740149498,0.11576344072818756,-0.9919106960296631,-0.23862648010253906,-0.0061054229736328125,-0.21515019359207366,5.0695953369140625,0.0,0.11591005325317383,-0.04273414611816406,0.06115009912490327,-11.75091552734375,0.0,0.0006709098815917969,-0.0061054229736328125,0.004100306951727554,1.1428604125976562,0.0,0.4273037910461426,-0.018314361572265625,0.40494856934390633,-4.893775939941406,0.0,-0.2949991226196289,0.03052520751953125,-0.19589572247620862,6.593406677246094,0.0,-0.1314411163330078,0.03052520751953125,-0.05088115426785625,3.5457839965820312,0.0,-0.1222372055053711,0.0061054229736328125,-0.17585704836996519,-11.633697509765625,0.0,-0.004889488220214844,-0.04273414611816406,0.017221963093991016,4.9523773193359375,0.0,0.07104158401489258,-0.0061054229736328125,0.04039833586797876,-6.534797668457031,0.0,0.45261335372924805,0.0061054229736328125,0.40701672295625213,-9.75823974609375,0.0,-0.43669891357421875,-0.0061054229736328125,-0.23797011046134398,12.923080444335938,0.0,0.021571636199951172,0.03052520751953125,0.010518641331595364,-0.4981689453125,0.0,-0.018887042999267578,-0.0061054229736328125,-0.004884864624598222,2.8424911499023438,0.0,-0.0524405450769608,0.013308013800494633,-0.021500694731170625,6.528363250919663,0.0,-0.03748418349693054,0.01897598144361979,-0.013486212304963724,5.301705508706958,0.0,0.17515897750854492,-0.0061054229736328125,0.19917600350583992,1.4945068359375,0.0,0.06586408615112305,-0.0061054229736328125,0.0972882404731309,2.0219802856445312,0.0,0.03192567825317383,-0.018314361572265625,0.02856045300643654,0.02930450439453125,0.0,-0.2119741439819336,-0.018314361572265625,-0.21898385822523217,-0.3223419189453125,0.0,0.022530078887939453,0.0061054229736328125,0.00902099450804365,-0.20513153076171875,0.0,0.01583099365234375,-0.0073261260986328125,0.0060296023683550385,-0.1328449249267578,0.0,-0.07763004302978516,-0.0073261260986328125,-0.05313214670496009,0.22661972045898438,0.0,0.12185382843017578,0.03052520751953125,0.14191251513107983,1.3186798095703125,0.0,-0.09865283966064453,0.0061054229736328125,-0.12467203431150756,-1.8461532592773438,0.0,-0.10536336898803711,0.05494499206542969,-0.09523739206692171,0.3223419189453125,0.0,-0.1805276870727539,-0.05494499206542969,-0.18767780804624054,-0.02930450439453125,0.0,0.0267486572265625,0.0061054229736328125,0.011730768748880856,-0.20513153076171875,0.0,0.02231597900390625,0.0073261260986328125,0.008441443315697053,-0.13284683227539062,0.0,0.09975624084472656,-0.0073261260986328125,0.07143411798787117,-0.3203907012939453,0.0,-0.14194321632385254,0.07058048248291016,-0.12827633223245394,0.002319902181625366,0.0,0.0,0.0,0.0,0.0,0.0,nan,nan,nan,nan,nan,nan,nan,nan,nan,nan,0.07413110781176542,0.14912372827529907,-0.07323509454727173,-0.986102819442749,-0.006157608702778816,-0.021589666604995728,0.019787680357694626,nan
3.1610,1789426378.4400,ramp,0,0.033605,0.01096440793750546,-0.004654834199322119,0.015512495150196636,-0.02233724854886532,-0.04704740643501282,0.11561654508113861,-0.9919276237487793,-0.23862648010253906,-0.0061054229736328125,-0.21498277929369558,5.128204345703125,0.0,0.11533451080322266,-0.04273414611816406,0.06047437159097083,-11.926742553710938,0.0,0.0004792213439941406,-0.0061054229736328125,0.004054997290017971,0.9670333862304688,0.0,0.42691993713378906,-0.018314361572265625,0.4048938861859155,-4.893775939941406,0.0,-0.29442405700683594,0.03052520751953125,-0.19594107604690172,6.476188659667969,0.0,-0.13086557388305664,0.03052520751953125,-0.05031890175495636,3.4871826171875,0.0,-0.1222372055053711,0.0061054229736328125,-0.17612383549564614,-11.575088500976562,0.0,-0.0054645538330078125,-0.04273414611816406,0.017031655068043126,4.9523773193359375,0.0,0.07084941864013672,-0.0061054229736328125,0.03995192174499778,-6.358970642089844,0.0,0.45261335372924805,0.0061054229736328125,0.40693918606032364,-9.875457763671875,0.0,-0.43669891357421875,-0.0061054229736328125,-0.23755052901407675,12.923080444335938,0.0,0.02214670181274414,0.03052520751953125,0.010402407087186363,-0.4395599365234375,0.0,-0.018887042999267578,0.0061054229736328125,-0.004830885357620562,2.9011001586914062,0.0,-0.051949845999732645,0.01776247979825874,-0.02126310539547957,6.444269652460409,0.0,-0.037118369416221896,0.023701060357728874,-0.013337185482222055,5.2246626660263304,0.0,0.17515897750854492,-0.0061054229736328125,0.19918510895523017,1.4945068359375,0.0,0.06586408615112305,-0.0061054229736328125,0.09731820627221943,1.9633712768554688,0.0,0.031350135803222656,-0.03052520751953125,0.028244851155348562,0.02930450439453125,0.0,-0.21254920959472656,-0.03052520751953125,-0.21987911181482428,-0.3223419189453125,0.0,0.022530078887939453,0.0061054229736328125,0.008921309724866319,-0.20513153076171875,0.0,0.01583099365234375,-0.0073261260986328125,0.005962973394775788,-0.1328449249267578,0.0,-0.07763004302978516,-0.0073261260986328125,-0.052545020028482506,0.24224853515625,0.0,0.1222372055053711,0.04273414611816406,0.14255439986190366,1.3186798095703125,0.0,-0.09846115112304688,0.0061054229736328125,-0.12439940070773454,-1.7875442504882812,0.0,-0.10440492630004883,0.05494499206542969,-0.09418498938891315,0.4395599365234375,0.0,-0.18167829513549805,-0.07936477661132812,-0.18891900318600752,-0.02930450439453125,0.0,0.026556968688964844,0.0061054229736328125,0.011601140121106732,-0.20513153076171875,0.0,0.02231597900390625,0.0073261260986328125,0.008348162752686104,-0.13284683227539062,0.0,0.09975624084472656,-0.0073261260986328125,0.07064474886047224,-0.33601951599121094,0.0,-0.14060091972351074,0.07058048248291016,-0.12685883903323142,0.00476190447807312,0.0,0.0,0.0,0.0,0.0,0.0,nan,nan,nan,nan,nan,nan,nan,nan,nan,nan,0.07402741173914515,0.14855745434761047,-0.07313914597034454,-0.9861953854560852,-0.013943418860435486,-0.02157895639538765,0.008886611089110374,nan
3.1809,1789426378.4592,ramp,0,0.033846,0.012832051601059003,-0.009160014349841296,0.009394159264821601,-0.022442787885665894,-0.04696991294622421,0.11548689752817154,-0.9919440150260925,-0.23862648010253906,-0.0061054229736328125,-0.21482052686630096,5.128204345703125,0.0,0.11456775665283203,-0.04273414611816406,0.059819478707267934,-11.809524536132812,0.0,9.584426879882812e-05,-0.0061054229736328125,0.004011084657297636,0.9084243774414062,0.0,0.42653656005859375,-0.018314361572265625,0.4048408890691365,-4.893775939941406,0.0,-0.2940406799316406,0.03052520751953125,-0.19598503123476355,6.476188659667969,0.0,-0.13048219680786133,0.03052520751953125,-0.049773985126505,3.5457839965820312,0.0,-0.1222372055053711,0.0061054229736328125,-0.17638239679631598,-11.809524536132812,0.0,-0.006040096282958984,-0.04273414611816406,0.01684721479345565,5.1868133544921875,0.0,0.07065773010253906,-0.0061054229736328125,0.03951927187113021,-6.593406677246094,0.0,0.45261335372924805,0.0061054229736328125,0.4068640398529869,-10.285720825195312,0.0,-0.43669891357421875,-0.0061054229736328125,-0.2371438844862891,12.981689453125,0.0,0.022530078887939453,0.03052520751953125,0.010289756683460695,-0.4981689453125,0.0,-0.018503665924072266,-0.0061054229736328125,-0.004778570428842325,2.8424911499023438,0.0,-0.051600393023588605,0.013313022809118127,-0.02103284163179619,6.442232330985486,0.0,-0.036748281846602386,0.018996514278349187,-0.013192753590973813,5.222769831738951,0.0,0.17515897750854492,-0.0061054229736328125,0.19919393365706511,1.4945068359375,0.0,0.06586408615112305,-0.0061054229736328125,0.0973472481383446,1.9633712768554688,0.0,0.030775070190429688,-0.0061054229736328125,0.027938980229595164,0.02930450439453125,0.0,-0.21274089813232422,-0.03052520751953125,-0.22074676212577343,-0.380950927734375,0.0,0.022530078887939453,0.0061054229736328125,0.008824698514225862,-0.20513153076171875,0.0,0.01583099365234375,-0.0073261260986328125,0.005898398786735853,-0.1328449249267578,0.0,-0.07724857330322266,-0.0073261260986328125,-0.0519759961794473,0.24224853515625,0.0,0.12262105941772461,0.03052520751953125,0.1431764934148002,1.3186798095703125,0.0,-0.09807729721069336,0.0061054229736328125,-0.12413517319293998,-1.8461532592773438,0.0,-0.10344600677490234,0.05494499206542969,-0.09316503535417553,0.380950927734375,0.0,-0.1828289031982422,-0.07936477661132812,-0.19012192866040636,0.02930450439453125,0.0,0.026556968688964844,0.0061054229736328125,0.011475508321911857,-0.26373291015625,0.0,0.02231597900390625,0.0073261260986328125,0.008257758301430194,-0.13284683227539062,0.0,0.09975624084472656,-0.0073261260986328125,0.0698797182849977,-0.33601951599121094,0.0,-0.13925862312316895,0.07058048248291016,-0.12548505128261875,0.0032967031002044678,0.0,0.0,0.0,0.0,0.0,0.0,nan,nan,nan,nan,nan,nan,nan,nan,nan,nan,0.07382679983146201,0.1481109857559204,-0.07294623553752899,-0.9862768054008484,-0.007065985351800919,-0.021994737908244133,0.015498887747526169,nan
3.2009,1789426378.4791,ramp,0,0.034050,0.010898237747092698,0.000686305975589127,0.01365999093326181,-0.022535186260938644,-0.04692723602056503,0.11538371443748474,-0.9919559955596924,-0.23862648010253906,-0.0061054229736328125,-0.2146575053757271,5.1868133544921875,0.0,0.11399269104003906,-0.04273414611816406,0.05916148168508584,-11.809524536132812,0.0,9.584426879882812e-05,-0.0061054229736328125,0.003966963882304967,0.9670333862304688,0.0,0.42615318298339844,-0.03052520751953125,0.40478764075037693,-4.717948913574219,0.0,-0.2936568260192871,0.03052520751953125,-0.19602919476660563,6.358970642089844,0.0,-0.12990713119506836,0.03052520751953125,-0.04922648563799146,3.5457839965820312,0.0,-0.1222372055053711,0.0061054229736328125,-0.17664218365631412,-11.809524536132812,0.0,-0.006806850433349609,-0.04273414611816406,0.01666190028711561,5.24542236328125,0.0,0.07027435302734375,0.0061054229736328125,0.03908457127239616,-6.534797668457031,0.0,0.45261335372924805,0.0061054229736328125,0.4067885374587996,-9.934066772460938,0.0,-0.43669891357421875,-0.0061054229736328125,-0.23673531249683943,13.040298461914062,0.0,0.022913455963134766,0.03052520751953125,0.010176572326073895,-0.4981689453125,0.0,-0.01831197738647461,0.0061054229736328125,-0.004726007531598561,2.9011001586914062,0.0,-0.05132061968447674,0.013314916984556035,-0.020801486436785636,6.440601943282557,0.0,-0.03645187849344972,0.019003851600441306,-0.013047637104423953,5.221253539862766,0.0,0.17515897750854492,-0.0061054229736328125,0.19920280018726194,1.4945068359375,0.0,0.06586408615112305,-0.0061054229736328125,0.09737642766052987,1.9633712768554688,0.0,0.03058338165283203,-0.0061054229736328125,0.027631659500776368,0.02930450439453125,0.0,-0.21312475204467773,-0.018314361572265625,-0.22161852502793208,-0.380950927734375,0.0,0.022530078887939453,0.0061054229736328125,0.008727629374382123,-0.20513153076171875,0.0,0.01583099365234375,-0.0073261260986328125,0.005833518100357636,-0.1328449249267578,0.0,-0.07724857330322266,0.0073261260986328125,-0.051404275204104385,0.24224853515625,0.0,0.12319612503051758,0.04273414611816406,0.14380153564004194,1.26007080078125,0.0,-0.0978856086730957,0.0061054229736328125,-0.1238696932614276,-1.8461532592773438,0.0,-0.10248756408691406,0.06715583801269531,-0.09214024682108708,0.3223419189453125,0.0,-0.18397903442382812,-0.05494499206542969,-0.1913305559027517,-0.08791351318359375,0.0,0.026556968688964844,0.0061054229736328125,0.011349281038307554,-0.26373291015625,0.0,0.02231597900390625,0.0073261260986328125,0.00816692534050069,-0.117218017578125,0.0,0.09937477111816406,-0.0073261260986328125,0.06911106152743111,-0.35164833068847656,0.0,-0.13801240921020508,0.05216789245605469,-0.12410475189090407,0.006471306085586548,0.0,0.0,0.0,0.0,0.0,0.0,nan,nan,nan,nan,nan,nan,nan,nan,nan,nan,0.07369578330667113,0.14778465032577515,-0.07282061129808426,-0.986335039138794,-0.009014585055410862,-0.011968186125159264,0.007086739409714937,nan
3.2212,1789426378.4996,ramp,0,0.034316,0.012433480415604223,0.00018655217496435042,0.0038197225373788626,-0.02266225777566433,-0.04690733179450035,0.11530236154794693,-0.9919633865356445,-0.23862648010253906,-0.0061054229736328125,-0.21449201390638842,5.1868133544921875,0.0,0.11303377151489258,-0.04273414611816406,0.058493515187920134,-11.516487121582031,0.0,-9.584426879882812e-05,0.0061054229736328125,0.003922174622581033,1.1428604125976562,0.0,0.42557811737060547,-0.018314361572265625,0.4047335856532218,-4.4249114990234375,0.0,-0.29308176040649414,0.03052520751953125,-0.1960740274309985,6.476188659667969,0.0,-0.12952375411987305,0.03052520751953125,-0.04867069084984848,3.6043930053710938,0.0,-0.1222372055053711,-0.0061054229736328125,-0.17690590661102773,-11.692306518554688,0.0,-0.007573604583740234,-0.04273414611816406,0.016473778035036947,5.421241760253906,0.0,0.0700826644897461,0.0061054229736328125,0.03864328441780024,-6.769233703613281,0.0,0.45261335372924805,0.0061054229736328125,0.40671189110923756,-10.051284790039062,0.0,-0.43631553649902344,0.0061054229736328125,-0.23632055013252407,13.040298461914062,0.0,0.023488998413085938,0.03052520751953125,0.010061673084604853,-0.5567779541015625,0.0,-0.018120288848876953,0.0061054229736328125,-0.00467264824094955,2.7252731323242188,0.0,-0.05097107390152679,0.01777094556231763,-0.020566625922220087,6.356820406155594,0.0,-0.03608141814677748,0.023734116624763227,-0.012900321922236276,5.144883870466872,0.0,0.17515897750854492,-0.0061054229736328125,0.1992118010564421,1.4945068359375,0.0,0.06586408615112305,-0.0061054229736328125,0.09740604928884425,1.9633712768554688,0.0,0.030008316040039062,-0.018314361572265625,0.027319682479885393,0.02930450439453125,0.0,-0.21350812911987305,-0.018314361572265625,-0.22250349622458407,-0.380950927734375,0.0,0.022530078887939453,0.0061054229736328125,0.008629089516087193,-0.26373291015625,0.0,0.01583099365234375,-0.0073261260986328125,0.005767654390716454,-0.1328449249267578,0.0,-0.07724857330322266,-0.0073261260986328125,-0.050823891943418006,0.2578773498535156,0.0,0.1239628791809082,0.04273414611816406,0.14443604803402024,1.26007080078125,0.0,-0.09750223159790039,0.0061054229736328125,-0.1236001909780707,-1.8461532592773438,0.0,-0.10114526748657227,0.07936477661132812,-0.09109993146447254,0.3223419189453125,0.0,-0.1858968734741211,-0.07936477661132812,-0.19255749535419656,0.02930450439453125,0.0,0.026556968688964844,0.0061054229736328125,0.011221141254032705,-0.26373291015625,0.0,0.02231597900390625,0.0073261260986328125,0.008074716147003036,-0.13284683227539062,0.0,0.09899330139160156,-0.03663063049316406,0.06833075866196858,-0.33601951599121094,0.0,-0.13647842407226562,0.08899307250976562,-0.12270353924306258,0.0013431012630462646,0.0,0.0,0.0,0.0,0.0,0.0,nan,nan,nan,nan,nan,nan,nan,nan,nan,nan,0.07355173453849553,0.14744308590888977,-0.07268227636814117,-0.9863963723182678,-0.011794338934123516,-0.017235849052667618,-0.002875621197745204,nan
3.2411,1789426378.5193,ramp,0,0.034512,0.004578952833606275,-0.012150820195703238,0.0017048868101725493,-0.022753695026040077,-0.04686598479747772,0.11526496708393097,-0.9919676184654236,-0.23862648010253906,-0.0061054229736328125,-0.21433032640590882,5.1868133544921875,0.0,0.11245870590209961,-0.04273414611816406,0.05784090249578294,-11.809524536132812,0.0,-9.584426879882812e-05,0.0061054229736328125,0.0038784148838945914,0.9084243774414062,0.0,0.42519426345825195,-0.018314361572265625,0.40468077306063255,-4.659339904785156,0.0,-0.29269838333129883,0.03052520751953125,-0.1961178295766589,6.358970642089844,0.0,-0.12894821166992188,0.03052520751953125,-0.048127671500068386,3.6043930053710938,0.0,-0.1222372055053711,0.0061054229736328125,-0.17716356765867658,-11.926742553710938,0.0,-0.008340835571289062,-0.04273414611816406,0.016289979940520373,5.362640380859375,0.0,0.0700826644897461,0.0061054229736328125,0.03821214093469953,-6.8278350830078125,0.0,0.45261335372924805,0.0061054229736328125,0.40663700654430446,-9.99267578125,0.0,-0.4361238479614258,0.0061054229736328125,-0.23591532145066416,12.981689453125,0.0,0.024064064025878906,0.03052520751953125,0.009949414904564677,-0.615386962890625,0.0,-0.017928600311279297,0.0061054229736328125,-0.004620515461133883,2.7252731323242188,0.0,-0.05055137671783944,0.017774593565906566,-0.020337163885818993,6.2726998033273,0.0,-0.03563640778484862,0.023748300474694478,-0.012756392910754236,5.068195184326376,0.0,0.17515897750854492,-0.0061054229736328125,0.19922059503262526,1.4945068359375,0.0,0.06586408615112305,-0.0061054229736328125,0.09743499003764194,1.9633712768554688,0.0,0.029816150665283203,-0.0061054229736328125,0.027014876528759835,0.02930450439453125,0.0,-0.21389150619506836,-0.03052520751953125,-0.2233681255698604,-0.4395599365234375,0.0,0.022530078887939453,0.0061054229736328125,0.008532814684224302,-0.20513153076171875,0.0,0.01583099365234375,-0.0073261260986328125,0.005703304617119333,-0.1328449249267578,0.0,-0.07686710357666016,0.021978378295898438,-0.050256849309041784,0.2578773498535156,0.0,0.12453842163085938,0.018314361572265625,0.14505597559533606,1.377288818359375,0.0,-0.09731054306030273,0.0061054229736328125,-0.12333688344479628,-1.8461532592773438,0.0,-0.09941959381103516,0.09157562255859375,-0.09008352868314642,0.26373291015625,0.0,-0.1872386932373047,-0.06715583801269531,-0.19375623250926996,-0.02930450439453125,0.0,0.026556968688964844,0.0061054229736328125,0.011095946876859109,-0.20513153076171875,0.0,0.02231597900390625,0.0073261260986328125,0.007984626463967066,-0.13284683227539062,0.0,0.09784889221191406,-0.05128288269042969,0.0675683917530403,-0.3203907012939453,0.0,-0.13494443893432617,0.07671833038330078,-0.12133453471627165,0.0032967031002044678,0.0,0.0,0.0,0.0,0.0,0.0,nan,nan,nan,nan,nan,nan,nan,nan,nan,nan,0.07325876086016102,0.14698652923107147,-0.07239826023578644,-0.9864854216575623,-0.019784998148679733,-0.029506999999284744,-0.004940052516758442,nan
3.2609,1789426378.5392,ramp,0,0.034605,0.009902676351107321,-0.012384840275007448,0.004081553404574335,-0.02279096283018589,-0.046791255474090576,0.11524245887994766,-0.9919729232788086,-0.23862648010253906,-0.0061054229736328125,-0.21416875517413062,5.010986328125,0.0,0.11188316345214844,-0.03052520751953125,0.05718875909428355,-11.868133544921875,0.0,-9.584426879882812e-05,0.0061054229736328125,0.0038346866126250812,0.9084243774414062,0.0,0.4250025749206543,-0.018314361572265625,0.4046279984453237,-4.600730895996094,0.0,-0.2923150062561035,0.03052520751953125,-0.1961616002244077,6.358970642089844,0.0,-0.1283731460571289,0.03052520751953125,-0.04758504263288243,3.5457839965820312,0.0,-0.12242889404296875,0.0061054229736328125,-0.17742104342350937,-11.809524536132812,0.0,-0.008915901184082031,-0.03052520751953125,0.01610631401432667,5.538459777832031,0.0,0.06989097595214844,0.0061054229736328125,0.037781307484797085,-7.1794891357421875,0.0,0.45261335372924805,0.0061054229736328125,0.4065621758285006,-10.051284790039062,0.0,-0.4359321594238281,0.0061054229736328125,-0.23551038416679398,13.040298461914062,0.0,0.024639129638671875,0.03052520751953125,0.009837237448840077,-0.615386962890625,0.0,-0.017736434936523438,-0.0061054229736328125,-0.004568420169748621,2.7838821411132812,0.0,-0.05006166446619197,0.013323486900781292,-0.020107866854461025,6.102438259525858,0.0,-0.0351168822541555,0.019036893948881584,-0.012612567397929838,4.7693383783880225,0.0,0.17515897750854492,-0.0061054229736328125,0.1992293826851026,1.4945068359375,0.0,0.06586408615112305,-0.0061054229736328125,0.09746390997528681,2.0219802856445312,0.0,0.029624462127685547,-0.0061054229736328125,0.026710289762122922,-0.02930450439453125,0.0,-0.21446657180786133,-0.04273414611816406,-0.22423213316434676,-0.380950927734375,0.0,0.022530078887939453,0.0061054229736328125,0.008436609083128438,-0.20513153076171875,0.0,0.01583099365234375,-0.0073261260986328125,0.005639001117133894,-0.1328449249267578,0.0,-0.07648563385009766,-0.0073261260986328125,-0.04969021443228774,0.2578773498535156,0.0,0.12473011016845703,0.018314361572265625,0.14567545736973395,1.377288818359375,0.0,-0.09731054306030273,0.0061054229736328125,-0.12307376525469846,-1.8461532592773438,0.0,-0.0978856086730957,0.10378456115722656,-0.08906785679215581,0.20513153076171875,0.0,-0.18838930130004883,-0.04273414611816406,-0.1949541076582395,-0.08791351318359375,0.0,0.026556968688964844,0.0061054229736328125,0.010970842526358023,-0.26373291015625,0.0,0.02231597900390625,0.0073261260986328125,0.007894601563987452,-0.13284683227539062,0.0,0.09670448303222656,-0.0659332275390625,0.06680657305847751,-0.3047618865966797,0.0,-0.13388967514038086,0.05830574035644531,-0.11996651463402994,0.0062271058559417725,0.0,0.0,0.0,0.0,0.0,0.0,nan,nan,nan,nan,nan,nan,nan,nan,nan,nan,0.0727847829209671,0.14638707041740417,-0.07193714380264282,-0.9866082668304443,-0.009800453670322895,-0.025387566536664963,0.010156549513339996,nan
3.2810,1789426378.5593,ramp,0,0.034704,0.006215486649554633,-0.015079658652247703,0.007026050416090624,-0.02282162569463253,-0.04664967209100723,0.11519089341163635,-0.9919849038124084,-0.23862648010253906,-0.0061054229736328125,-0.2140047291907119,5.362640380859375,0.0,0.11130809783935547,-0.03052520751953125,0.056526707678423806,-11.868133544921875,0.0,-9.584426879882812e-05,0.0061054229736328125,0.0037902939777528792,0.6739959716796875,0.0,0.42481088638305664,-0.0061054229736328125,0.4045744220253119,-4.600730895996094,0.0,-0.29193115234375,0.03052520751953125,-0.19620603587958507,6.417579650878906,0.0,-0.1279897689819336,0.03052520751953125,-0.04703416960559908,3.5457839965820312,0.0,-0.12262105941772461,0.0061054229736328125,-0.17768243101750356,-11.692306518554688,0.0,-0.009299278259277344,-0.03052520751953125,0.01591985765181167,5.538459777832031,0.0,0.06989097595214844,-0.0061054229736328125,0.037343928382513984,-6.8278350830078125,0.0,0.45261335372924805,0.0061054229736328125,0.4064862082096704,-9.875457763671875,0.0,-0.4355483055114746,0.0061054229736328125,-0.23509929467098026,13.040298461914062,0.0,0.025214672088623047,0.03052520751953125,0.009723355681088904,-0.615386962890625,0.0,-0.01754474639892578,-0.0061054229736328125,-0.004515533394628392,2.4908447265625,0.0,-0.04964197898209431,0.017782534552782107,-0.0198750861134247,6.104283270686352,0.0,-0.034671409274088585,0.02377905276680633,-0.012466556744163781,4.9146423781563255,0.0,0.17515897750854492,-0.0061054229736328125,0.19923830384837943,1.4945068359375,0.0,0.06586408615112305,-0.0061054229736328125,0.0974932692935293,2.0219802856445312,0.0,0.02943277359008789,-0.0061054229736328125,0.02640107540889865,0.02930450439453125,0.0,-0.2150421142578125,-0.04273414611816406,-0.2251092676257675,-0.380950927734375,0.0,0.022530078887939453,0.0061054229736328125,0.008338941830385081,-0.26373291015625,0.0,0.01583099365234375,-0.0073261260986328125,0.005573720654106565,-0.1328449249267578,0.0,-0.07648563385009766,-0.0073261260986328125,-0.049114970672145396,0.27350616455078125,0.0,0.12492179870605469,0.03052520751953125,0.14630435093040856,1.4358978271484375,0.0,-0.09711885452270508,0.0061054229736328125,-0.12280664951007511,-1.7875442504882812,0.0,-0.0961599349975586,0.10378456115722656,-0.08803675379865278,0.14652252197265625,0.0,-0.18953990936279297,-0.04273414611816406,-0.1961701821237254,-0.02930450439453125,0.0,0.026556968688964844,0.0061054229736328125,0.010843837465524737,-0.26373291015625,0.0,0.02231597900390625,0.0073261260986328125,0.007803208915749192,-0.13284683227539062,0.0,0.09517860412597656,-0.09523773193359375,0.06603318005288379,-0.3047618865966797,0.0,-0.1323556900024414,0.07671833038330078,-0.11857771022338909,0.0032967031002044678,0.0,0.0,0.0,0.0,0.0,0.0,nan,nan,nan,nan,nan,nan,nan,nan,nan,nan,0.07238966598956843,0.1457206904888153,-0.07155442982912064,-0.9867347478866577,-0.018485642969608307,-0.03229023516178131,0.012769152410328388,nan
3.3009,1789426378.5791,ramp,0,0.034815,0.007604000065124452,-0.02014367819038479,0.007013113799006373,-0.022860370576381683,-0.04652266204357147,0.1151343509554863,-0.9919965267181396,-0.23862648010253906,-0.0061054229736328125,-0.2138430581149861,5.1868133544921875,0.0,0.1107330322265625,-0.03052520751953125,0.0558741612808535,-11.809524536132812,0.0,-9.584426879882812e-05,-0.0061054229736328125,0.003746538684326173,0.8498153686523438,0.0,0.424619197845459,-0.0061054229736328125,0.4045216147976013,-4.542121887207031,0.0,-0.29135608673095703,0.03052520751953125,-0.19624983357567788,6.3003692626953125,0.0,-0.12760591506958008,0.03052520751953125,-0.04649120541752981,3.6043930053710938,0.0,-0.12262105941772461,0.0061054229736328125,-0.17794006589108657,-11.926742553710938,0.0,-0.009874820709228516,-0.03052520751953125,0.015736078228116575,5.597068786621094,0.0,0.06989097595214844,0.0061054229736328125,0.03691282869640164,-7.120880126953125,0.0,0.45261335372924805,0.0061054229736328125,0.4064113312517604,-9.816848754882812,0.0,-0.43535661697387695,0.0061054229736328125,-0.23469410715359706,13.098907470703125,0.0,0.02559804916381836,0.03052520751953125,0.00961110890460786,-0.6739959716796875,0.0,-0.017352581024169922,-0.0061054229736328125,-0.004463405910633815,2.3150177001953125,0.0,-0.04922204423749915,0.008872966091734722,-0.01964564738654011,6.17954590706802,0.0,-0.03422545263794417,0.01432538320820171,-0.012322642353469221,4.8394618785158645,0.0,0.17515897750854492,-0.0061054229736328125,0.19924709693124126,1.4945068359375,0.0,0.06586408615112305,-0.0061054229736328125,0.09752220710242952,2.0805892944335938,0.0,0.029049396514892578,-0.0061054229736328125,0.02609630042097494,-0.02930450439453125,0.0,-0.21580886840820312,-0.04273414611816406,-0.22597380913912046,-0.4395599365234375,0.0,0.022530078887939453,0.0061054229736328125,0.008242676778439678,-0.26373291015625,0.0,0.01583099365234375,-0.0073261260986328125,0.005509377417373379,-0.1328449249267578,0.0,-0.07648563385009766,-0.0073261260986328125,-0.04854798563984511,0.27350616455078125,0.0,0.12511348724365234,0.018314361572265625,0.14692421551742174,1.377288818359375,0.0,-0.09692716598510742,-0.0061054229736328125,-0.12254336872445527,-1.7875442504882812,0.0,-0.09462594985961914,0.07936477661132812,-0.08702045426690025,0.20513153076171875,0.0,-0.19049835205078125,-0.04273414611816406,-0.19736879750709332,-0.08791351318359375,0.0,0.026556968688964844,0.0061054229736328125,0.010718655806012185,-0.26373291015625,0.0,0.02231597900390625,0.0073261260986328125,0.00771312838432273,-0.13284683227539062,0.0,0.09365177154541016,-0.05128288269042969,0.06527089058772062,-0.28913307189941406,0.0,-0.13120508193969727,0.06444263458251953,-0.11720884476462926,0.006471306085586548,0.0,0.0,0.0,0.0,0.0,0.0,nan,nan,nan,nan,nan,nan,nan,nan,nan,nan,0.07200832166993569,0.1450839340686798,-0.07118487358093262,-0.9868552684783936,-0.007590067572891712,-0.0286374781280756,0.013463690876960754,nan
3.3210,1789426378.5993,ramp,0,0.034940,0.0038573113396747844,-0.014322444972337913,0.008356471549788488,-0.02290397882461548,-0.04638341814279556,0.11506921797990799,-0.9920096397399902,-0.23862648010253906,-0.0061054229736328125,-0.21367927692236788,5.3040313720703125,0.0,0.11015748977661133,-0.04273414611816406,0.055213097904160895,-11.9853515625,0.0,-9.584426879882812e-05,-0.0061054229736328125,0.0037022123005954017,1.1428604125976562,0.0,0.424619197845459,-0.018314361572265625,0.40446811833452356,-4.600730895996094,0.0,-0.2909727096557617,0.03052520751953125,-0.1962942029155107,6.24176025390625,0.0,-0.1270308494567871,0.03052520751953125,-0.04594115450785551,3.6043930053710938,0.0,-0.12281274795532227,0.0061054229736328125,-0.17820106339274883,-12.102569580078125,0.0,-0.010449886322021484,-0.04273414611816406,0.015549900131284143,5.831504821777344,0.0,0.06989097595214844,-0.0061054229736328125,0.036476102334485214,-7.003662109375,0.0,0.45261335372924805,0.0061054229736328125,0.40633547700627404,-9.934066772460938,0.0,-0.4351649284362793,0.0061054229736328125,-0.23428363116379408,13.098907470703125,0.0,0.025981426239013672,0.03052520751953125,0.009497397092911858,-0.6739959716796875,0.0,-0.017352581024169922,-0.0061054229736328125,-0.004410598063228249,2.6666641235351562,0.0,-0.049012135596251505,0.013330688560057634,-0.019413214045243432,6.337569544014129,0.0,-0.03400245460824668,0.019064470313715214,-0.012176849604598894,4.839702173426196,0.0,0.17515897750854492,-0.0061054229736328125,0.19925600478065983,1.4945068359375,0.0,0.06586408615112305,-0.0061054229736328125,0.09755152260510777,2.0219802856445312,0.0,0.028857707977294922,-0.0061054229736328125,0.0257875475362782,-0.02930450439453125,0.0,-0.21657609939575195,-0.04273414611816406,-0.226849634573505,-0.380950927734375,0.0,0.022530078887939453,0.0061054229736328125,0.008145155283365206,-0.20513153076171875,0.0,0.01583099365234375,-0.0073261260986328125,0.005444194378281374,-0.1328449249267578,0.0,-0.07648563385009766,-0.0073261260986328125,-0.0479736003679592,0.27350616455078125,0.0,0.12530517578125,0.03052520751953125,0.14755217052339348,1.4358978271484375,0.0,-0.09673547744750977,-0.0061054229736328125,-0.12227665162080077,-1.7875442504882812,0.0,-0.0934758186340332,0.06715583801269531,-0.08599089008159025,0.20513153076171875,0.0,-0.19126558303833008,-0.018314361572265625,-0.19858305711473997,-0.08791351318359375,0.0,0.026364803314208984,0.0061054229736328125,0.010591840286310482,-0.26373291015625,0.0,0.02231597900390625,0.0073261260986328125,0.007621872129593925,-0.13284683227539062,0.0,0.09288883209228516,-0.03663063049316406,0.06449865178641198,-0.3047618865966797,0.0,-0.12957525253295898,0.08899307250976562,-0.11582211299233694,0.0003663003444671631,0.0,0.0,0.0,0.0,0.0,0.0,nan,nan,nan,nan,nan,nan,nan,nan,nan,nan,0.07189820426752659,0.14461246132850647,-0.07108116149902344,-0.9869319796562195,-0.016094325110316277,-0.02708558179438114,0.014188317582011223,nan
3.3412,1789426378.6195,ramp,0,0.035059,0.004177923425629675,-0.022301288081782923,0.00917143057242041,-0.02294103056192398,-0.04621373489499092,0.1150035485625267,-0.9920242428779602,-0.23862648010253906,-0.0061054229736328125,-0.21351461482178935,5.421241760253906,0.0,0.10958242416381836,-0.03052520751953125,0.05454847895444147,-11.926742553710938,0.0,-0.0002875328063964844,-0.0061054229736328125,0.00365764750448251,0.9084243774414062,0.0,0.42442750930786133,-0.0061054229736328125,0.4044143341371864,-4.542121887207031,0.0,-0.2905893325805664,0.03052520751953125,-0.1963388108987679,6.124542236328125,0.0,-0.12645578384399414,0.03052520751953125,-0.04538814511303929,3.5457839965820312,0.0,-0.12281274795532227,0.0061054229736328125,-0.17846346468670954,-11.926742553710938,0.0,-0.011024951934814453,-0.04273414611816406,0.015362720663263075,5.714286804199219,0.0,0.06969928741455078,-0.0061054229736328125,0.036037027010990694,-7.003662109375,0.0,0.45261335372924805,0.0061054229736328125,0.4062592147737192,-10.22711181640625,0.0,-0.434781551361084,0.0061054229736328125,-0.23387094740177294,13.040298461914062,0.0,0.0267486572265625,0.03052520751953125,0.009383073674727353,-0.6739959716796875,0.0,-0.017160892486572266,-0.0061054229736328125,-0.0043575061853280885,2.6080551147460938,0.0,-0.048732053938787434,0.008875404905021617,-0.01917953054587116,6.336040690071049,0.0,-0.033704822601605545,0.014334560093042917,-0.01203027269980091,4.8382607854579875,0.0,0.17515897750854492,-0.0061054229736328125,0.19926496054153475,1.4945068359375,0.0,0.06586408615112305,-0.0061054229736328125,0.09758099578315313,1.9633712768554688,0.0,0.02847433090209961,-0.018314361572265625,0.025477134003801707,-0.02930450439453125,0.0,-0.2177262306213379,-0.06715583801269531,-0.22773017069282606,-0.3223419189453125,0.0,0.022530078887939453,0.0061054229736328125,0.008047109262489353,-0.26373291015625,0.0,0.01583099365234375,-0.0073261260986328125,0.005378660747909059,-0.1328449249267578,0.0,-0.07572269439697266,0.03663063049316406,-0.04739612572695722,0.2578773498535156,0.0,0.1256885528564453,0.03052520751953125,0.14818350302683375,1.4358978271484375,0.0,-0.09673547744750977,-0.0061054229736328125,-0.12200849996159083,-1.8461532592773438,0.0,-0.09232521057128906,0.07936477661132812,-0.08495578831731923,0.20513153076171875,0.0,-0.19184064865112305,-0.05494499206542969,-0.19980384769787352,-0.08791351318359375,0.0,0.026364803314208984,-0.0061054229736328125,0.010464342680961424,-0.26373291015625,0.0,0.02231597900390625,0.0073261260986328125,0.007530125047072682,-0.13284683227539062,0.0,0.09174442291259766,-0.0659332275390625,0.06372225944771343,-0.28913307189941406,0.0,-0.12813711166381836,0.07058048248291016,-0.1144279225916304,0.004029303789138794,0.0,0.0,0.0,0.0,0.0,0.0,nan,nan,nan,nan,nan,nan,nan,nan,nan,nan,0.0716757797728475,0.1440255343914032,-0.07086776942014694,-0.9870331287384033,-0.011155607178807259,-0.030668048188090324,0.015516631305217743,nan
3.3609,1789426378.6393,ramp,0,0.035127,-0.0022558084950339763,-0.019937306092444266,0.004140972065504825,-0.02295086532831192,-0.04602108523249626,0.11495459824800491,-0.9920387268066406,-0.23862648010253906,-0.0061054229736328125,-0.21335376860127764,5.362640380859375,0.0,0.10900735855102539,-0.03052520751953125,0.05389926188647481,-11.926742553710938,0.0,-0.0002875328063964844,0.0061054229736328125,0.003614115453103058,1.1428604125976562,0.0,0.42423582077026367,-0.0061054229736328125,0.40436179633501723,-4.542121887207031,0.0,-0.29001379013061523,0.03052520751953125,-0.19638238513647258,6.1831512451171875,0.0,-0.12588024139404297,0.03052520751953125,-0.044847951159779055,3.6043930053710938,0.0,-0.12281274795532227,0.0061054229736328125,-0.17871978509221065,-12.161178588867188,0.0,-0.011600494384765625,-0.03052520751953125,0.015179878892856892,5.9487152099609375,0.0,0.06950759887695312,0.0061054229736328125,0.035608126820504155,-7.355308532714844,0.0,0.45261335372924805,0.0061054229736328125,0.4061847198423953,-10.109893798828125,0.0,-0.43439817428588867,0.0061054229736328125,-0.23346782717462636,13.098907470703125,0.0,0.027132034301757812,0.03052520751953125,0.009271399587816344,-0.7325973510742188,0.0,-0.017160892486572266,-0.0061054229736328125,-0.004305644658783086,2.4322357177734375,0.0,-0.04859208752767576,0.004417924423384424,-0.018951262428691083,6.416829163300188,0.0,-0.03355604922134108,0.009598109719417458,-0.011887092568682547,4.911835552442716,0.0,0.17515897750854492,-0.0061054229736328125,0.19927370876157735,1.4945068359375,0.0,0.06586408615112305,-0.0061054229736328125,0.09760978594967235,2.0805892944335938,0.0,0.028090476989746094,-0.0061054229736328125,0.025173913995559936,0.02930450439453125,0.0,-0.2190685272216797,-0.07936477661132812,-0.22859030126518742,-0.26373291015625,0.0,0.022530078887939453,0.0061054229736328125,0.007951335360427593,-0.26373291015625,0.0,0.01583099365234375,-0.0073261260986328125,0.005314645794105098,-0.1328449249267578,0.0,-0.07495975494384766,0.021978378295898438,-0.04683203348520776,0.2578773498535156,0.0,0.12626409530639648,0.04273414611816406,0.14880020502873803,1.4358978271484375,0.0,-0.0965433120727539,-0.0061054229736328125,-0.12174656244982383,-1.8461532592773438,0.0,-0.09098291397094727,0.07936477661132812,-0.08394467400477844,0.20513153076171875,0.0,-0.19279956817626953,-0.03052520751953125,-0.20099634767597058,-0.14652252197265625,0.0,0.026364803314208984,0.0061054229736328125,0.01033979970554306,-0.3223419189453125,0.0,0.02231597900390625,0.0073261260986328125,0.007440504111747137,-0.13284683227539062,0.0,0.09060001373291016,-0.0659332275390625,0.06296385922765582,-0.28913307189941406,0.0,-0.1268906593322754,0.07058048248291016,-0.11306604116390993,0.004517704248428345,0.0,0.0,0.0,0.0,0.0,0.0,nan,nan,nan,nan,nan,nan,nan,nan,nan,nan,0.0715827576841344,0.14351040124893188,-0.07078130543231964,-0.9871143698692322,-0.012487025000154972,-0.023994334042072296,0.010331501252949238,nan
3.3812,1789426378.6595,ramp,0,0.035116,0.0009105386127943883,-0.016191771836924173,0.003317081570396781,-0.022922441363334656,-0.045825593173503876,0.11494346708059311,-0.9920496940612793,-0.23862648010253906,-0.0061054229736328125,-0.21318898606063053,5.479850769042969,0.0,0.10843181610107422,-0.03052520751953125,0.05323415680939744,-11.868133544921875,0.0,-0.0002875328063964844,0.0061054229736328125,0.0035695180606180638,1.0256423950195312,0.0,0.42423582077026367,-0.0061054229736328125,0.4043079727978903,-4.483512878417969,0.0,-0.2896304130554199,0.03052520751953125,-0.19642702574769055,6.1831512451171875,0.0,-0.12549686431884766,0.03052520751953125,-0.044294537273041355,3.5457839965820312,0.0,-0.12281274795532227,0.0061054229736328125,-0.17898237831637107,-12.395599365234375,0.0,-0.012175559997558594,-0.03052520751953125,0.014992562514715686,5.9487152099609375,0.0,0.06931591033935547,0.0061054229736328125,0.035168730340763586,-7.413917541503906,0.0,0.45261335372924805,0.0061054229736328125,0.4061084018287682,-10.109893798828125,0.0,-0.434206485748291,0.018314361572265625,-0.23305484156014228,13.098907470703125,0.0,0.02770709991455078,0.03052520751953125,0.009156992549173444,-0.7912063598632812,0.0,-0.017160892486572266,0.0061054229736328125,-0.004252513947481708,2.4908447265625,0.0,-0.04838194801272006,0.004418570930705658,-0.018717408004396804,6.415665701230342,0.0,-0.03333264170432877,0.0096004578344348,-0.011740408452010008,4.910737558747251,0.0,0.17515897750854492,-0.0061054229736328125,0.19928267107303343,1.5531158447265625,0.0,0.06586408615112305,-0.0061054229736328125,0.09763928068551134,2.0805892944335938,0.0,0.02770709991455078,-0.0061054229736328125,0.024863273414922275,0.02930450439453125,0.0,-0.2207942008972168,-0.09157562255859375,-0.22947148144182503,-0.20513153076171875,0.0,0.022530078887939453,0.0061054229736328125,0.007853217624995443,-0.26373291015625,0.0,0.01583099365234375,-0.0073261260986328125,0.005249064229964714,-0.1328449249267578,0.0,-0.07457828521728516,0.0073261260986328125,-0.04625413645748083,0.27350616455078125,0.0,0.12683916091918945,0.04273414611816406,0.14943199931257442,1.4945068359375,0.0,-0.0965433120727539,-0.0061054229736328125,-0.12147821465438022,-1.7289352416992188,0.0,-0.08944892883300781,0.09157562255859375,-0.08290881512805061,0.14652252197265625,0.0,-0.1937580108642578,-0.05494499206542969,-0.2022180311913641,-0.08791351318359375,0.0,0.026364803314208984,0.0061054229736328125,0.01021220884363841,-0.3223419189453125,0.0,0.02231597900390625,0.0073261260986328125,0.0073486899219506,-0.13284683227539062,0.0,0.08907413482666016,-0.08058547973632812,0.062186899006328435,-0.2578754425048828,0.0,-0.12535667419433594,0.07058048248291016,-0.11167083099977917,0.003540903329849243,0.0,0.0,0.0,0.0,0.0,0.0,nan,nan,nan,nan,nan,nan,nan,nan,nan,nan,0.07133270409681111,0.14291618764400482,-0.07054059952497482,-0.9872177839279175,-0.00921650044620037,-0.020335640758275986,-0.0026753514539450407,nan
3.4009,1789426378.6791,ramp,0,0.035123,-0.00012307064918018313,-0.023112559770632115,0.0009288818500067033,-0.022902438417077065,-0.04561832547187805,0.11493925750255585,-0.9920601844787598,-0.23862648010253906,-0.0061054229736328125,-0.21302826185260285,5.479850769042969,0.0,0.10785675048828125,-0.03052520751953125,0.052585432215465064,-11.868133544921875,0.0,-0.0002875328063964844,0.0061054229736328125,0.003526019031175374,0.9084243774414062,0.0,0.42423582077026367,-0.0061054229736328125,0.40425547484911484,-4.542121887207031,0.0,-0.2892470359802246,0.03052520751953125,-0.1964705669314574,6.124542236328125,0.0,-0.12511348724365234,0.03052520751953125,-0.04375475309258067,3.5457839965820312,0.0,-0.12281274795532227,0.0061054229736328125,-0.17923850428591173,-12.21978759765625,0.0,-0.012558937072753906,-0.03052520751953125,0.014809859441871152,6.0659332275390625,0.0,0.06931591033935547,-0.0061054229736328125,0.03474015549940531,-7.296699523925781,0.0,0.45261335372924805,0.0061054229736328125,0.406033963406771,-10.051284790039062,0.0,-0.43363094329833984,0.0061054229736328125,-0.23265202712631872,13.040298461914062,0.0,0.028282642364501953,0.03052520751953125,0.00904540317443471,-0.7912063598632812,0.0,-0.01696920394897461,-0.0061054229736328125,-0.004200691761330638,2.7838821411132812,0.0,-0.048241786406973436,0.004419002664182573,-0.018489313043663334,6.496413758456202,0.0,-0.033183600012895595,0.009602024341659443,-0.01159733693247979,4.984273941253473,0.0,0.17515897750854492,-0.0061054229736328125,0.1992914126569732,1.4358978271484375,0.0,0.06586408615112305,-0.0061054229736328125,0.09766804901278736,2.0219802856445312,0.0,0.027515411376953125,-0.0061054229736328125,0.024560283419087912,-0.02930450439453125,0.0,-0.22290325164794922,-0.15262603759765625,-0.23033095954832575,-0.08791351318359375,0.0,0.022530078887939453,0.0061054229736328125,0.0077575163737653614,-0.26373291015625,0.0,0.01583099365234375,-0.0073261260986328125,0.005185097835732136,-0.1328449249267578,0.0,-0.07457828521728516,0.0073261260986328125,-0.04569047211696149,0.27350616455078125,0.0,0.12722253799438477,0.04273414611816406,0.15004823350527005,1.4358978271484375,0.0,-0.0965433120727539,-0.0061054229736328125,-0.12121647583951989,-1.7289352416992188,0.0,-0.08810663223266602,0.07936477661132812,-0.08189846781251156,0.08791351318359375,0.0,-0.1947169303894043,-0.03052520751953125,-0.20340962657944944,-0.14652252197265625,0.0,0.026173114776611328,0.0061054229736328125,0.010087760342294392,-0.26373291015625,0.0,0.02231597900390625,0.0073261260986328125,0.00725913697002499,-0.13284683227539062,0.0,0.08754825592041016,-0.0659332275390625,0.06142907408293879,-0.27350425720214844,0.0,-0.1242063045501709,0.06444263458251953,-0.11030998264908952,0.006471306085586548,0.0,0.0,0.0,0.0,0.0,0.0,nan,nan,nan,nan,nan,nan,nan,nan,nan,nan,0.07115031125432197,0.14238154888153076,-0.0703660175204277,-0.9873074889183044,-0.010260544717311859,-0.027317848056554794,0.007329664658755064,nan
3.4210,1789426378.6993,ramp,0,0.035115,0.001269256723859448,-0.02764085116598614,0.002516806864314473,-0.022869979962706566,-0.045379068702459335,0.11491866409778595,-0.9920743107795715,-0.23862648010253906,-0.0061054229736328125,-0.2128644908276876,5.714286804199219,0.0,0.10747289657592773,-0.04273414611816406,0.051924409878259116,-12.161170959472656,0.0,-0.0002875328063964844,0.0061054229736328125,0.0034816953992715797,0.9670333862304688,0.0,0.424044132232666,-0.0061054229736328125,0.40420198170715194,-4.600730895996094,0.0,-0.2888636589050293,0.03052520751953125,-0.1965149335167965,6.124542236328125,0.0,-0.12453842163085938,0.03052520751953125,-0.043204736330626194,3.6043930053710938,0.0,-0.12281274795532227,0.0061054229736328125,-0.17949948558458367,-12.454208374023438,0.0,-0.013134479522705078,-0.03052520751953125,0.014623692903164294,6.1831512451171875,0.0,0.06931591033935547,0.0061054229736328125,0.03430345624990554,-7.413917541503906,0.0,0.45261335372924805,0.0061054229736328125,0.4059581138703934,-10.22711181640625,0.0,-0.43324756622314453,0.018314361572265625,-0.2322415766192826,13.040298461914062,0.0,0.028666019439697266,0.03052520751953125,0.008931698422083613,-0.8498153686523438,0.0,-0.016777515411376953,-0.0061054229736328125,-0.004147887192289939,2.4322357177734375,0.0,-0.04817178949368042,0.00441921842790705,-0.01825689413206484,6.414502489312888,0.0,-0.033109159260573534,0.009602806756469946,-0.011451553234571568,4.909639069735286,0.0,0.17515897750854492,-0.0061054229736328125,0.19930031995338343,1.4945068359375,0.0,0.06586408615112305,-0.0061054229736328125,0.0976973626955294,2.0219802856445312,0.0,0.02732372283935547,-0.0061054229736328125,0.024251549702084225,-0.02930450439453125,0.0,-0.22539615631103516,-0.15262603759765625,-0.23120673061057667,0.08791351318359375,0.0,0.022530078887939453,0.0061054229736328125,0.007660000932924472,-0.26373291015625,0.0,0.01583099365234375,-0.0073261260986328125,0.005119918843269483,-0.1328449249267578,0.0,-0.07419681549072266,0.0073261260986328125,-0.045116122503497356,0.2891349792480469,0.0,0.1279897689819336,0.04273414611816406,0.15067614952715647,1.4358978271484375,0.0,-0.0965433120727539,-0.0061054229736328125,-0.12094977529393441,-1.6703262329101562,0.0,-0.08676481246948242,0.09157562255859375,-0.08086896754359314,0.08791351318359375,0.0,-0.19548368453979492,-0.018314361572265625,-0.20462381080462486,-0.20513153076171875,0.0,0.025981426239013672,0.0061054229736328125,0.00996095269542911,-0.26373291015625,0.0,0.02231597900390625,0.0073261260986328125,0.0071678863805772755,-0.13284683227539062,0.0,0.08716678619384766,-0.03663063049316406,0.06065688322300021,-0.28913307189941406,0.0,-0.1228640079498291,0.08899307250976562,-0.10892333696651578,0.00158730149269104,0.0,0.0,0.0,0.0,0.0,0.0,nan,nan,nan,nan,nan,nan,nan,nan,nan,nan,0.07102757054188612,0.14184854924678802,-0.0702502653002739,-0.9873924851417542,-0.009024085476994514,-0.03181469067931175,0.009130582213401794,nan
3.4402,1789426378.7185,ramp,0,0.035120,-0.0008687131347223272,-0.027121534753420686,0.0038654222776548924,-0.022844871506094933,-0.04514298960566521,0.11489370465278625,-0.9920885562896729,-0.23862648010253906,-0.0061054229736328125,-0.2127076959087575,5.597068786621094,0.0,0.10708904266357422,-0.03052520751953125,0.05129154491434484,-11.926742553710938,0.0,-0.0002875328063964844,0.0061054229736328125,0.003439259808026794,0.9670333862304688,0.0,0.424044132232666,-0.0061054229736328125,0.40415076719676024,-4.366302490234375,0.0,-0.2884798049926758,0.03052520751953125,-0.19655741023180176,6.0659332275390625,0.0,-0.1239628791809082,0.03052520751953125,-0.04267814847025542,3.5457839965820312,0.0,-0.12281274795532227,0.0061054229736328125,-0.1797493499399464,-12.161178588867188,0.0,-0.01351785659790039,-0.03052520751953125,0.01444545644552995,6.0659332275390625,0.0,0.06912374496459961,0.0061054229736328125,0.03388535894937519,-7.413917541503906,0.0,0.45261335372924805,0.0061054229736328125,0.4058854952743178,-10.051284790039062,0.0,-0.4328641891479492,0.018314361572265625,-0.2318486099512847,13.040298461914062,0.0,0.029049396514892578,0.04273414611816406,0.0088228371174903,-0.7912063598632812,0.0,-0.016777515411376953,-0.0061054229736328125,-0.004097331923882965,2.5494537353515625,0.0,-0.04803178933253447,0.004419650284136835,-0.018034375500208154,6.572863141584349,0.0,-0.03296025281516237,0.009604371854107134,-0.011311979441791804,4.910180581510889,0.0,0.17515897750854492,-0.0061054229736328125,0.19930884782831887,1.5531158447265625,0.0,0.06586408615112305,-0.0061054229736328125,0.09772542771198428,1.9633712768554688,0.0,0.027132034301757812,-0.0061054229736328125,0.02395596702405169,-0.02930450439453125,0.0,-0.2282719612121582,-0.15262603759765625,-0.23204519671151258,0.08791351318359375,0.0,0.022530078887939453,0.0061054229736328125,0.0075666393285198285,-0.26373291015625,0.0,0.01583099365234375,-0.0073261260986328125,0.0050575162611007736,-0.1328449249267578,0.0,-0.07419681549072266,-0.0073261260986328125,-0.044566238290906945,0.2891349792480469,0.0,0.12875652313232422,0.04273414611816406,0.15127731839568828,1.4945068359375,0.0,-0.09635162353515625,-0.0061054229736328125,-0.12069443531272998,-1.7289352416992188,0.0,-0.08542251586914062,0.06715583801269531,-0.07988332059360845,0.08791351318359375,0.0,-0.1960587501525879,-0.03052520751953125,-0.20578627478292083,-0.14652252197265625,0.0,0.025981426239013672,0.0061054229736328125,0.009839546636449823,-0.26373291015625,0.0,0.02231597900390625,0.0073261260986328125,0.007080522765541083,-0.13284683227539062,0.0,0.08678531646728516,-0.03663063049316406,0.05991758514908701,-0.28913307189941406,0.0,-0.12113833427429199,0.07058048248291016,-0.10759575782059275,0.003540903329849243,0.0,0.0,0.0,0.0,0.0,0.0,nan,nan,nan,nan,nan,nan,nan,nan,nan,nan,0.07087019350228299,0.1412418633699417,-0.07010101526975632,-0.9874900579452515,-0.01121467910706997,-0.03121531940996647,0.010354182682931423,nan
3.4611,1789426378.7395,ramp,0,0.035215,0.0017791510337342806,-0.027908036963537542,0.0006464165558124587,-0.022855466231703758,-0.0448407419025898,0.1148446649312973,-0.9921076893806458,-0.23862648010253906,-0.0061054229736328125,-0.21253786774953776,5.597068786621094,0.0,0.1063222885131836,-0.03052520751953125,0.050606074411922934,-12.043952941894531,0.0,-0.0002875328063964844,0.0061054229736328125,0.0033932968495605487,1.1428604125976562,0.0,0.424044132232666,-0.0061054229736328125,0.4040952955903809,-4.542121887207031,0.0,-0.28771305084228516,0.03052520751953125,-0.19660341773235263,5.9487152099609375,0.0,-0.12338781356811523,0.03052520751953125,-0.04210778912695241,3.5457839965820312,0.0,-0.12281274795532227,0.0061054229736328125,-0.18001998373226202,-12.27838134765625,0.0,-0.01409292221069336,-0.03052520751953125,0.014252404465832966,6.24176025390625,0.0,0.06912374496459961,-0.0061054229736328125,0.0334325082102804,-7.648353576660156,0.0,0.45261335372924805,0.0061054229736328125,0.4058068404136833,-10.22711181640625,0.0,-0.43228912353515625,0.018314361572265625,-0.2314229787744827,13.040298461914062,0.0,0.029816150665283203,0.03052520751953125,0.008704926951169275,-0.8498153686523438,0.0,-0.016777515411376953,-0.0061054229736328125,-0.004042574357560024,2.5494537353515625,0.0,-0.04789178071841626,0.008879606082041852,-0.017793360485830304,6.494448752720717,0.0,-0.03281131311105426,0.014350307865411919,-0.011160803877782177,4.9824174458164965,0.0,0.17515897750854492,-0.0061054229736328125,0.19931808456451044,1.4945068359375,0.0,0.06586408615112305,-0.0061054229736328125,0.09775582557254972,1.9633712768554688,0.0,0.0267486572265625,0.0061054229736328125,0.023635814671857932,0.02930450439453125,0.0,-0.23153162002563477,-0.128204345703125,-0.2329533585031173,0.14652252197265625,0.0,0.022530078887939453,0.0061054229736328125,0.0074655172416178365,-0.26373291015625,0.0,0.01583099365234375,-0.0073261260986328125,0.004989926598549313,-0.1328449249267578,0.0,-0.07419681549072266,-0.0073261260986328125,-0.043970646136228475,0.2891349792480469,0.0,0.12952375411987305,0.05494499206542969,0.1519284581329936,1.4358978271484375,0.0,-0.09635162353515625,-0.0061054229736328125,-0.12041787074495544,-1.6703262329101562,0.0,-0.08446359634399414,0.05494499206542969,-0.07881574386153938,0.14652252197265625,0.0,-0.19682598114013672,-0.03052520751953125,-0.20704536607835522,-0.20513153076171875,0.0,0.025789737701416016,0.0061054229736328125,0.009708048960024704,-0.20513153076171875,0.0,0.02193450927734375,-0.03663063049316406,0.006985897237969037,-0.117218017578125,0.0,0.08564090728759766,-0.05128288269042969,0.05911683451338984,-0.28913307189941406,0.0,-0.12008380889892578,0.07058048248291016,-0.10615782651446981,0.004273504018783569,0.0,0.0,0.0,0.0,0.0,0.0,nan,nan,nan,nan,nan,nan,nan,nan,nan,nan,0.07079918030482518,0.14051033556461334,-0.07003825157880783,-0.9875988364219666,-0.013246293179690838,-0.036534328013658524,0.007063411176204681,nan
3.4809,1789426378.7592,ramp,0,0.035258,0.0020645758437121734,-0.031089615649314326,0.0011946531033033268,-0.02284664288163185,-0.044585227966308594,0.11481107771396637,-0.9921232461929321,-0.23862648010253906,-0.0061054229736328125,-0.21237657678147198,5.597068786621094,0.0,0.10574722290039062,-0.03052520751953125,0.049955062227464694,-12.219779968261719,0.0,-0.0002875328063964844,0.0061054229736328125,0.0033496444299603587,0.9084243774414062,0.0,0.424044132232666,-0.0061054229736328125,0.4040426125186559,-4.483512878417969,0.0,-0.28732967376708984,0.03052520751953125,-0.19664711245492528,6.00732421875,0.0,-0.12262105941772461,0.04273414611816406,-0.04156610151136873,3.5457839965820312,0.0,-0.12281274795532227,0.0061054229736328125,-0.18027701287604153,-12.336990356445312,0.0,-0.014668464660644531,-0.03052520751953125,0.014069057129116836,6.417579650878906,0.0,0.06912374496459961,-0.0061054229736328125,0.03300242209008995,-7.648353576660156,0.0,0.45261335372924805,0.0061054229736328125,0.4057321395002829,-10.22711181640625,0.0,-0.43190526962280273,0.018314361572265625,-0.23101874390047372,13.040298461914062,0.0,0.030391693115234375,0.03052520751953125,0.008592944080024168,-0.9670333862304688,0.0,-0.016585826873779297,-0.0061054229736328125,-0.003990569431393888,2.7838821411132812,0.0,-0.04775176364307628,0.008880308444682464,-0.01756446119630145,6.4121787472215805,0.0,-0.032662340143046316,0.014352933238157093,-0.011017227846698582,4.907442437258392,0.0,0.17515897750854492,-0.0061054229736328125,0.1993268569738032,1.4945068359375,0.0,0.06586408615112305,-0.0061054229736328125,0.09778469534526735,2.0805892944335938,0.0,0.0267486572265625,-0.0061054229736328125,0.023331756245675184,0.02930450439453125,0.0,-0.23325729370117188,-0.07936477661132812,-0.233815867377978,0.08791351318359375,0.0,0.022530078887939453,0.0061054229736328125,0.00736947852009963,-0.26373291015625,0.0,0.01583099365234375,-0.0073261260986328125,0.004925734640311933,-0.1328449249267578,0.0,-0.07419681549072266,-0.0073261260986328125,-0.043404994152235775,0.3047637939453125,0.0,0.13029050827026367,0.04273414611816406,0.1525468653456643,1.4358978271484375,0.0,-0.09635162353515625,-0.0061054229736328125,-0.12015520896334048,-1.6703262329101562,0.0,-0.08350515365600586,0.06715583801269531,-0.07780183376917874,0.08791351318359375,0.0,-0.197784423828125,-0.04273414611816406,-0.20824116337638196,-0.20513153076171875,0.0,0.025789737701416016,0.0061054229736328125,0.00958316161727511,-0.26373291015625,0.0,0.02155303955078125,0.0073261260986328125,0.006896028496436706,-0.13284683227539062,0.0,0.08487796783447266,-0.05128288269042969,0.05835633728016142,-0.27350425720214844,0.0,-0.11874151229858398,0.082855224609375,-0.10479217941894561,0.0032967031002044678,0.0,0.0,0.0,0.0,0.0,0.0,nan,nan,nan,nan,nan,nan,nan,nan,nan,nan,0.07065188179421089,0.13988128304481506,-0.0698990672826767,-0.9876980185508728,-0.013040086254477501,-0.03970351815223694,0.007725631818175316,nan
3.5008,1789426378.7791,ramp,0,0.035264,0.0036087921167405057,-0.0225758745543323,0.0009125673875867158,-0.022817274555563927,-0.04430434852838516,0.11479736864566803,-0.9921380877494812,-0.23862648010253906,-0.0061054229736328125,-0.2122140195835843,5.714286804199219,0.0,0.10536336898803711,-0.03052520751953125,0.04929893921099728,-11.9853515625,0.0,-0.0002875328063964844,0.0061054229736328125,0.003305649312959573,0.9084243774414062,0.0,0.424044132232666,-0.0061054229736328125,0.4039895158535517,-4.600730895996094,0.0,-0.28675413131713867,0.03052520751953125,-0.19669115020700198,6.00732421875,0.0,-0.1222372055053711,0.03052520751953125,-0.04102016132652325,3.5457839965820312,0.0,-0.12281274795532227,0.0061054229736328125,-0.18053605985114077,-12.27838134765625,0.0,-0.0152435302734375,-0.03052520751953125,0.013884270406994944,6.358970642089844,0.0,0.06893205642700195,0.0061054229736328125,0.032568959538609527,-7.882781982421875,0.0,0.45261335372924805,0.0061054229736328125,0.40565685214037905,-10.109893798828125,0.0,-0.43133020401000977,0.018314361572265625,-0.2306113355427994,12.981689453125,0.0,0.030966758728027344,0.03052520751953125,0.00848008207688124,-0.9670333862304688,0.0,-0.016585826873779297,-0.0061054229736328125,-0.003938156235693588,2.6666641235351562,0.0,-0.04747152989879281,0.008881716143976358,-0.01733376491150319,6.492090715898459,0.0,-0.03236410900135367,0.014358188809579323,-0.010872524658561818,4.980186911762354,0.0,0.17515897750854492,-0.0061054229736328125,0.19933569825171515,1.4945068359375,0.0,0.06586408615112305,-0.0061054229736328125,0.09781379176283436,2.0219802856445312,0.0,0.026364803314208984,0.0061054229736328125,0.023025310780395023,-0.02930450439453125,0.0,-0.23421621322631836,-0.05494499206542969,-0.23468514745938607,0.02930450439453125,0.0,0.022530078887939453,0.0061054229736328125,0.0072726858376206726,-0.26373291015625,0.0,0.01583099365234375,-0.0073261260986328125,0.004861038737105899,-0.1328449249267578,0.0,-0.07419681549072266,-0.0073261260986328125,-0.04283490146446693,0.3047637939453125,0.0,0.13124942779541016,0.05494499206542969,0.1531701274219653,1.3186798095703125,0.0,-0.09635162353515625,-0.0061054229736328125,-0.11989048513085593,-1.6703262329101562,0.0,-0.08235454559326172,0.07936477661132812,-0.07677996388086011,0.14652252197265625,0.0,-0.19893503189086914,-0.06715583801269531,-0.2094463483928771,-0.14652252197265625,0.0,0.025789737701416016,-0.0061054229736328125,0.009457293834767089,-0.26373291015625,0.0,0.02155303955078125,0.0073261260986328125,0.006805454231948259,-0.13284683227539062,0.0,0.08373355865478516,-0.0659332275390625,0.05758986969231408,-0.27350425720214844,0.0,-0.11739921569824219,0.06444263458251953,-0.10341581118324054,0.006959706544876099,0.0,0.0,0.0,0.0,0.0,0.0,nan,nan,nan,nan,nan,nan,nan,nan,nan,nan,0.07033956209807252,0.13905005156993866,-0.06959881633520126,-0.9878365397453308,-0.011334788054227829,-0.031232547014951706,0.007236083969473839,nan
3.5210,1789426378.7993,ramp,0,0.035234,0.006550008290644357,-0.026794885562154855,-0.004153206481911027,-0.02277267910540104,-0.04405282810330391,0.11477562040090561,-0.9921529293060303,-0.23862648010253906,-0.0061054229736328125,-0.2120493374083075,5.655677795410156,0.0,0.10478830337524414,-0.03052520751953125,0.04863423923458833,-12.102561950683594,0.0,-0.0002875328063964844,0.0061054229736328125,0.0032610790837516728,1.0842514038085938,0.0,0.424044132232666,-0.0061054229736328125,0.40393572509914083,-4.4249114990234375,0.0,-0.2861790657043457,0.03052520751953125,-0.19673576362861933,5.831504821777344,0.0,-0.12166213989257812,0.03052520751953125,-0.040467084511841014,3.5457839965820312,0.0,-0.12281274795532227,0.0061054229736328125,-0.18079849313562507,-12.5128173828125,0.0,-0.01581859588623047,-0.03052520751953125,0.013697068119081892,6.769233703613281,0.0,0.0687403678894043,-0.0061054229736328125,0.03212983068546477,-7.706962585449219,0.0,0.45261335372924805,0.0061054229736328125,0.4055805806103519,-10.22711181640625,0.0,-0.43094682693481445,0.018314361572265625,-0.23019860146864216,12.981689453125,0.0,0.03154182434082031,0.03052520751953125,0.008365744721013925,-0.9670333862304688,0.0,-0.016585826873779297,-0.0061054229736328125,-0.003885057885123473,2.6080551147460938,0.0,-0.04719143636663507,0.008883125759282719,-0.017100052922723027,6.327642180159956,0.0,-0.032065930052458794,0.014363443186363681,-0.010725929883913203,4.830319892503122,0.0,0.17515897750854492,-0.0061054229736328125,0.19934465510442723,1.4945068359375,0.0,0.06586408615112305,-0.0061054229736328125,0.09784326853408759,2.0219802856445312,0.0,0.026364803314208984,0.0061054229736328125,0.02271485940400672,-0.02930450439453125,0.0,-0.23517465591430664,-0.04273414611816406,-0.2355657909288313,0.02930450439453125,0.0,0.022530078887939453,0.0061054229736328125,0.0071746278635128275,-0.26373291015625,0.0,0.01583099365234375,-0.0073261260986328125,0.0047954971172335485,-0.1328449249267578,0.0,-0.07381534576416016,0.021978378295898438,-0.042257356420930585,0.3047637939453125,0.0,0.13220787048339844,0.05494499206542969,0.1538015368939945,1.3186798095703125,0.0,-0.0961599349975586,-0.0061054229736328125,-0.11962230078006947,-1.6703262329101562,0.0,-0.08120393753051758,0.05494499206542969,-0.07574473592267103,0.20513153076171875,0.0,-0.20027732849121094,-0.07936477661132812,-0.210667287808089,-0.14652252197265625,0.0,0.025789737701416016,0.0061054229736328125,0.009329780685610727,-0.3223419189453125,0.0,0.02155303955078125,0.0073261260986328125,0.006713695964126967,-0.13284683227539062,0.0,0.08258914947509766,-0.0659332275390625,0.05681338270012872,-0.27350425720214844,0.0,-0.11567330360412598,0.082855224609375,-0.10202145081050297,0.0003663003444671631,0.0,0.0,0.0,0.0,0.0,0.0,nan,nan,nan,nan,nan,nan,nan,nan,nan,nan,0.06999201333621949,0.13827364146709442,-0.06926309317350388,-0.987969160079956,-0.008242088370025158,-0.0356656014919281,0.002448481973260641,nan
3.5410,1789426378.8192,ramp,0,0.035186,-0.0029728401715512424,-0.03246753935851053,-0.0006536847229417457,-0.022717980667948723,-0.043789081275463104,0.11476631462574005,-0.9921668767929077,-0.23862648010253906,-0.0061054229736328125,-0.2118867890745733,5.714286804199219,0.0,0.10421323776245117,-0.03052520751953125,0.04797815199614374,-12.219779968261719,0.0,-0.0004792213439941406,0.0061054229736328125,0.0032170863657801246,0.8498153686523438,0.0,0.424044132232666,-0.0061054229736328125,0.4038826313293682,-4.483512878417969,0.0,-0.28560400009155273,0.03052520751953125,-0.1967797989793419,5.890106201171875,0.0,-0.12108707427978516,0.03052520751953125,-0.03992117409680988,3.5457839965820312,0.0,-0.12281274795532227,0.0061054229736328125,-0.18105752598503694,-12.630035400390625,0.0,-0.01639413833618164,-0.03052520751953125,0.013512291473277083,6.8278350830078125,0.0,0.0687403678894043,-0.0061054229736328125,0.03169639177045597,-7.882781982421875,0.0,0.45261335372924805,0.0061054229736328125,0.40550529735582586,-10.168502807617188,0.0,-0.4301795959472656,0.018314361572265625,-0.22979121532671876,12.981689453125,0.0,0.03230905532836914,0.04273414611816406,0.008252888872173198,-0.9670333862304688,0.0,-0.016585826873779297,-0.0061054229736328125,-0.003832647547485556,2.4322357177734375,0.0,-0.04691113460581548,0.013345259256186015,-0.016869369217664746,6.244699994087829,0.0,-0.03176743238589735,0.019119754242127304,-0.010581234586360731,4.754704309301463,0.0,0.17515897750854492,-0.0061054229736328125,0.1993534959002292,1.4358978271484375,0.0,0.06586408615112305,-0.0061054229736328125,0.09787236336504315,1.9633712768554688,0.0,0.026173114776611328,-0.0061054229736328125,0.022408430649027183,-0.02930450439453125,0.0,-0.23594188690185547,-0.04273414611816406,-0.23643502360888044,0.02930450439453125,0.0,0.022530078887939453,0.0061054229736328125,0.007077840459084961,-0.26373291015625,0.0,0.01583099365234375,-0.0073261260986328125,0.004730804741859099,-0.1328449249267578,0.0,-0.07305240631103516,0.021978378295898438,-0.04168729481999864,0.2891349792480469,0.0,0.13297510147094727,0.05494499206542969,0.15442476498416144,1.377288818359375,0.0,-0.09596824645996094,0.0061054229736328125,-0.11935759138282813,-1.611724853515625,0.0,-0.08062887191772461,0.03052520751953125,-0.07472292175634854,0.26373291015625,0.0,-0.20162010192871094,-0.09157562255859375,-0.21187240710651611,-0.14652252197265625,0.0,0.025789737701416016,0.0061054229736328125,0.009203919766602816,-0.3223419189453125,0.0,0.02155303955078125,0.0073261260986328125,0.006623126638602739,-0.13284683227539062,0.0,0.08144474029541016,-0.0659332275390625,0.056046956907332246,-0.2578754425048828,0.0,-0.11442685127258301,0.06444263458251953,-0.10064515762739157,0.004517704248428345,0.0,0.0,0.0,0.0,0.0,0.0,nan,nan,nan,nan,nan,nan,nan,nan,nan,nan,0.06962504911736138,0.13747136294841766,-0.06890830397605896,-0.9881058931350708,-0.022842854261398315,-0.04544458165764809,0.005446880590170622,nan
3.5611,1789426378.8395,ramp,0,0.035103,-0.005405717670156463,-0.03567130758571364,-0.012602651482067703,-0.02264617383480072,-0.043496984988451004,0.11483113467693329,-0.9921739101409912,-0.23862648010253906,-0.0061054229736328125,-0.2117234007562773,5.890106201171875,0.0,0.10382986068725586,-0.018314361572265625,0.04731867436212356,-12.219779968261719,0.0,-0.0004792213439941406,0.0061054229736328125,0.0031728663110953633,0.9670333862304688,0.0,0.424044132232666,-0.0061054229736328125,0.40382926319229867,-4.717948913574219,0.0,-0.2852206230163574,0.03052520751953125,-0.19682406188708668,5.9487152099609375,0.0,-0.12070322036743164,0.03052520751953125,-0.03937244263581514,3.5457839965820312,0.0,-0.12281274795532227,0.0061054229736328125,-0.18131789741227067,-12.571426391601562,0.0,-0.016777515411376953,-0.03052520751953125,0.013326559975913364,6.652015686035156,0.0,0.06759023666381836,-0.06715583801269531,0.031260713017063436,-7.413917541503906,0.0,0.45261335372924805,0.0061054229736328125,0.4054296250676498,-10.285720825195312,0.0,-0.42960453033447266,0.03052520751953125,-0.22938172397668857,12.981689453125,0.0,0.03288412094116211,0.04273414611816406,0.008139449829592114,-1.0256423950195312,0.0,-0.016585826873779297,-0.0061054229736328125,-0.0037799663742537856,2.4908447265625,0.0,-0.04649087935085776,0.017810430358257735,-0.01663749343178678,6.238773295525077,0.0,-0.031319714338231074,0.023885801051677456,-0.010435791561573395,4.605504382840581,0.0,0.17515897750854492,-0.0061054229736328125,0.19936238238171627,1.4358978271484375,0.0,0.06586408615112305,-0.0061054229736328125,0.09790160854641003,2.0805892944335938,0.0,0.026173114776611328,-0.0061054229736328125,0.02210041839320471,-0.08791351318359375,0.0,-0.23632574081420898,-0.03052520751953125,-0.23730874813461705,-0.02930450439453125,0.0,0.022530078887939453,0.0061054229736328125,0.006980552896189565,-0.26373291015625,0.0,0.01583099365234375,-0.0073261260986328125,0.004665778062248274,-0.14847373962402344,0.0,-0.07190799713134766,0.05128288269042969,-0.041114287369465645,0.27350616455078125,0.0,0.1341252326965332,0.05494499206542969,0.15505121366701133,1.26007080078125,0.0,-0.09577655792236328,0.0061054229736328125,-0.11909151407364363,-1.6703262329101562,0.0,-0.08005380630493164,0.03052520751953125,-0.07369582726444496,0.26373291015625,0.0,-0.2031540870666504,-0.10378456115722656,-0.21308375397789095,-0.02930450439453125,0.0,0.02559804916381836,0.0061054229736328125,0.009077408448870554,-0.3223419189453125,0.0,0.02155303955078125,0.0073261260986328125,0.006532089287147584,-0.13284683227539062,0.0,0.08068180084228516,-0.03663063049316406,0.055276570533587595,-0.27350425720214844,0.0,-0.11298894882202148,0.07671833038330078,-0.09926175231338456,0.003540903329849243,0.0,0.0,0.0,0.0,0.0,0.0,nan,nan,nan,nan,nan,nan,nan,nan,nan,nan,0.069068642754484,0.13647717237472534,-0.06836799532175064,-0.98828125,-0.029615674167871475,-0.05337505415081978,-0.006722909864038229,nan
3.5810,1789426378.8593,ramp,0,0.034968,-0.0037868660475043354,-0.035666255902020896,-0.00863614715673344,-0.02255583368241787,-0.04324992746114731,0.11494717001914978,-0.9921733140945435,-0.23862648010253906,-0.0061054229736328125,-0.21156064516590056,5.831504821777344,0.0,0.10344600677490234,-0.018314361572265625,0.046661750582109245,-12.278388977050781,0.0,-0.0004792213439941406,0.0061054229736328125,0.0031288175003739613,0.7325973510742188,0.0,0.424044132232666,-0.0061054229736328125,0.40377610172551426,-4.600730895996094,0.0,-0.28464508056640625,0.04273414611816406,-0.19686815338491784,5.772895812988281,0.0,-0.12012815475463867,0.04273414611816406,-0.03882583615975925,3.6043930053710938,0.0,-0.12281274795532227,0.0061054229736328125,-0.18157726054054452,-13.098907470703125,0.0,-0.017352581024169922,-0.018314361572265625,0.013141547731340172,6.652015686035156,0.0,0.06643962860107422,-0.018314361572265625,0.03082672144739364,-7.589744567871094,0.0,0.45261335372924805,0.0061054229736328125,0.4053542458234928,-10.285720825195312,0.0,-0.42883777618408203,0.03052520751953125,-0.2289738183985947,12.981689453125,0.0,0.03345966339111328,0.03052520751953125,0.008026450084325105,-1.0256423950195312,0.0,-0.016010284423828125,-0.0061054229736328125,-0.0037274892110116674,2.3150177001953125,0.0,-0.04593024507455483,0.022278777305832453,-0.016406515594336597,5.910507139522556,0.0,-0.03072210465748364,0.028664046120579118,-0.01029091177082512,4.306342831857558,0.0,0.17515897750854492,-0.0061054229736328125,0.1993712344499417,1.4945068359375,0.0,0.06586408615112305,-0.0061054229736328125,0.09793074047462055,2.0219802856445312,0.0,0.025981426239013672,-0.0061054229736328125,0.021793598927391796,-0.08791351318359375,0.0,-0.2367091178894043,-0.03052520751953125,-0.2381790891265309,-0.08791351318359375,0.0,0.022530078887939453,0.0061054229736328125,0.0068836420833451265,-0.26373291015625,0.0,0.01583099365234375,-0.0073261260986328125,0.004601003201103529,-0.14847373962402344,0.0,-0.07038211822509766,0.08058547973632812,-0.040543498913630044,0.2578773498535156,0.0,0.1350841522216797,0.05494499206542969,0.15567523640181438,1.3186798095703125,0.0,-0.09539318084716797,0.0061054229736328125,-0.11882646715967934,-1.611724853515625,0.0,-0.07947826385498047,0.04273414611816406,-0.07267271023780668,0.20513153076171875,0.0,-0.20507144927978516,-0.10378456115722656,-0.21429040985915426,-0.02930450439453125,0.0,0.02559804916381836,0.0061054229736328125,0.008951387051370477,-0.3223419189453125,0.0,0.02155303955078125,0.0073261260986328125,0.00644140448154494,-0.13284683227539062,0.0,0.07991886138916016,-0.05128288269042969,0.054509167512462,-0.27350425720214844,0.0,-0.11155080795288086,0.05830574035644531,-0.09788370429281812,0.005494505167007446,0.0,0.0,0.0,0.0,0.0,0.0,nan,nan,nan,nan,nan,nan,nan,nan,nan,nan,0.06822931284406318,0.13547320663928986,-0.06754787266254425,-0.9884757399559021,-0.03299820050597191,-0.05767258629202843,-0.0029130850452929735,nan
3.6009,1789426378.8791,ramp,0,0.034913,-0.0007473309205706528,-0.03674426606058214,0.004920317550340741,-0.022492272779345512,-0.0429440476000309,0.11492303013801575,-0.9921908378601074,-0.23862648010253906,-0.0061054229736328125,-0.2113989988576668,5.714286804199219,0.0,0.10306262969970703,-0.018314361572265625,0.04600930415256105,-12.630035400390625,0.0,-0.0004792213439941406,0.0061054229736328125,0.0030850689101183356,0.7325973510742188,0.0,0.424044132232666,-0.0061054229736328125,0.40372330258770217,-4.483512878417969,0.0,-0.2838783264160156,0.05494499206542969,-0.19691194437134363,5.772895812988281,0.0,-0.11974477767944336,0.04273414611816406,-0.03828295515206789,3.6043930053710938,0.0,-0.12281274795532227,0.0061054229736328125,-0.18183485594528848,-12.923080444335938,0.0,-0.01754474639892578,-0.018314361572265625,0.0129577964620653,6.652015686035156,0.0,0.0660562515258789,0.0061054229736328125,0.030395687804375106,-7.648353576660156,0.0,0.45261335372924805,0.0061054229736328125,0.4052793803364933,-10.344329833984375,0.0,-0.42826223373413086,0.03052520751953125,-0.22856869295464388,12.923080444335938,0.0,0.033843040466308594,0.03052520751953125,0.007914220503691399,-1.0842514038085938,0.0,-0.01581859588623047,-0.0061054229736328125,-0.003675369712781002,2.3150177001953125,0.0,-0.045369473502147324,0.02228491538429257,-0.01617711201673152,6.066818877336827,0.0,-0.03012396128264525,0.028687330696913167,-0.010147019427355162,4.304884346069704,0.0,0.17515897750854492,-0.0061054229736328125,0.19938002618573136,1.4945068359375,0.0,0.06586408615112305,-0.0061054229736328125,0.09795967385034095,2.0805892944335938,0.0,0.025789737701416016,0.0061054229736328125,0.02148887063002196,-0.02930450439453125,0.0,-0.23747634887695312,-0.03052520751953125,-0.23904349819488774,-0.02930450439453125,0.0,0.022338390350341797,0.0061054229736328125,0.00678739177889795,-0.26373291015625,0.0,0.01583099365234375,-0.0073261260986328125,0.004536669821548524,-0.14847373962402344,0.0,-0.06847476959228516,0.09523773193359375,-0.03997660074162423,0.22661972045898438,0.0,0.13604307174682617,0.05494499206542969,0.15629500602755436,1.3186798095703125,0.0,-0.09520149230957031,0.0061054229736328125,-0.11856322670783424,-1.611724853515625,0.0,-0.0789031982421875,0.04273414611816406,-0.07165656639989358,0.20513153076171875,0.0,-0.2066054344177246,-0.07936477661132812,-0.21548884161847714,-0.08791351318359375,0.0,0.02559804916381836,0.0061054229736328125,0.008826224569287992,-0.3223419189453125,0.0,0.02155303955078125,0.0073261260986328125,0.006351337750167932,-0.13284683227539062,0.0,0.07915592193603516,-0.05128288269042969,0.05374699482760807,-0.27350425720214844,0.0,-0.11059188842773438,0.06444263458251953,-0.09651504853987071,0.006471306085586548,0.0,0.0,0.0,0.0,0.0,0.0,nan,nan,nan,nan,nan,nan,nan,nan,nan,nan,0.06752067884915332,0.13432614505290985,-0.06685791909694672,-0.9886791706085205,-0.030605020001530647,-0.05838751047849655,0.010789046995341778,nan
3.6210,1789426378.8994,ramp,0,0.034852,-0.0016437469773578652,-0.029545749956476366,0.002794956355119136,-0.02242559939622879,-0.04263676702976227,0.11489521712064743,-0.9922088384628296,-0.23862648010253906,-0.018314361572265625,-0.21123473823486005,5.890106201171875,0.0,0.10267925262451172,-0.018314361572265625,0.045346305671268024,-12.395606994628906,0.0,-0.0004792213439941406,0.0061054229736328125,0.0030406127715227483,0.8498153686523438,0.0,0.424044132232666,-0.0061054229736328125,0.4036696495265501,-4.542121887207031,0.0,-0.2831110954284668,0.04273414611816406,-0.19695644359178496,5.655677795410156,0.0,-0.11916971206665039,0.03052520751953125,-0.03773129410018439,3.5457839965820312,0.0,-0.12281274795532227,-0.0061054229736328125,-0.18209661745458447,-12.571426391601562,0.0,-0.017928600311279297,-0.018314361572265625,0.012771073373475073,6.652015686035156,0.0,0.0660562515258789,0.0061054229736328125,0.029957683030702915,-7.706962585449219,0.0,0.45261335372924805,0.0061054229736328125,0.4052033040458831,-10.22711181640625,0.0,-0.4276871681213379,0.03052520751953125,-0.2281570153947582,12.923080444335938,0.0,0.03441810607910156,0.03052520751953125,0.007800175827919587,-1.1428604125976562,0.0,-0.01581859588623047,0.0061054229736328125,-0.0036224072830584363,2.5494537353515625,0.0,-0.04473735966636757,0.022290833308827883,-0.015943998282534712,5.905183133348228,0.0,-0.029603453959209644,0.028711028102179306,-0.010000799905154177,4.300947654898005,0.0,0.17515897750854492,-0.0061054229736328125,0.1993889601107442,1.4358978271484375,0.0,0.06586408615112305,-0.0061054229736328125,0.09798907516712735,2.0219802856445312,0.0,0.02559804916381836,0.0061054229736328125,0.02117921394525304,-0.08791351318359375,0.0,-0.23785972595214844,-0.018314361572265625,-0.23992188739832526,-0.08791351318359375,0.0,0.022338390350341797,0.0061054229736328125,0.006689584813019297,-0.26373291015625,0.0,0.01544952392578125,-0.021978378295898438,0.004471295974731778,-0.1328449249267578,0.0,-0.06694889068603516,0.0659332275390625,-0.039400534094515875,0.22661972045898438,0.0,0.1368098258972168,0.05494499206542969,0.15692479922130623,1.3186798095703125,0.0,-0.09520149230957031,-0.0061054229736328125,-0.11829572885378199,-1.611724853515625,0.0,-0.07832813262939453,0.04273414611816406,-0.0706239884121833,0.3223419189453125,0.0,-0.2079472541809082,-0.07936477661132812,-0.21670665568010758,-0.08791351318359375,0.0,0.02559804916381836,0.0061054229736328125,0.008699037827545815,-0.3223419189453125,0.0,0.02155303955078125,0.0073261260986328125,0.00625981436462449,-0.13284683227539062,0.0,0.07877445220947266,-0.021978378295898438,0.052972495482288495,-0.28913307189941406,0.0,-0.10886621475219727,0.08899307250976562,-0.09512425744266838,0.002075701951980591,0.0,0.0,0.0,0.0,0.0,0.0,nan,nan,nan,nan,nan,nan,nan,nan,nan,nan,0.0669089711682182,0.13309042155742645,-0.06626427173614502,-0.9888862371444702,-0.031303077936172485,-0.05125217139720917,-0.0037983725778758526,nan
3.6413,1789426378.9195,ramp,0,0.034744,-0.0022259454606425363,-0.023409111080390847,0.004671495080743276,-0.022339308634400368,-0.042373720556497574,0.11485010385513306,-0.99222731590271,-0.23881864547729492,-0.018314361572265625,-0.21106976485417708,6.0659332275390625,0.0,0.10248756408691406,-0.018314361572265625,0.04468043031430393,-12.5128173828125,0.0,-0.0004792213439941406,-0.0061054229736328125,0.0029959637293426673,0.9084243774414062,0.0,0.424044132232666,-0.0061054229736328125,0.4036157636546289,-4.659339904785156,0.0,-0.2821526527404785,0.05494499206542969,-0.19700113590275103,5.597068786621094,0.0,-0.11878585815429688,0.03052520751953125,-0.03717723928677107,3.6043930053710938,0.0,-0.12319612503051758,-0.0061054229736328125,-0.18235951479652404,-12.74725341796875,0.0,-0.01831197738647461,-0.018314361572265625,0.012583540058125734,6.769233703613281,0.0,0.06586456298828125,-0.0061054229736328125,0.02951777767156523,-7.882781982421875,0.0,0.45261335372924805,0.0061054229736328125,0.40512689764587473,-10.22711181640625,0.0,-0.42691993713378906,0.03052520751953125,-0.2277435514881616,12.923080444335938,0.0,0.034801483154296875,0.018314361572265625,0.007685636290753066,-1.1428604125976562,0.0,-0.015626907348632812,0.0061054229736328125,-0.0035692150393470774,2.373626708984375,0.0,-0.04410619718865439,0.031230551636191553,-0.015709873023802896,5.736323011718561,0.0,-0.028929323549882063,0.03828157361021424,-0.009853945908821011,4.003273932720389,0.0,0.17515897750854492,-0.0061054229736328125,0.19939793280174553,1.4945068359375,0.0,0.06586408615112305,-0.0061054229736328125,0.09801860406178207,2.0219802856445312,0.0,0.02559804916381836,-0.0061054229736328125,0.02086821360162527,-0.08791351318359375,0.0,-0.2380514144897461,-0.0061054229736328125,-0.24080408809847115,-0.14652252197265625,0.0,0.022338390350341797,-0.0061054229736328125,0.006591353444236963,-0.26373291015625,0.0,0.01544952392578125,-0.0073261260986328125,0.004405638458442571,-0.1328449249267578,0.0,-0.06504154205322266,0.08058547973632812,-0.038821967785389065,0.21099090576171875,0.0,0.13776874542236328,0.06715583801269531,0.15755732520671298,1.2014617919921875,0.0,-0.09500980377197266,-0.0061054229736328125,-0.11802707027600245,-1.611724853515625,0.0,-0.0775609016418457,0.03052520751953125,-0.0695869298734987,0.380950927734375,0.0,-0.20928955078125,-0.06715583801269531,-0.21792975406703388,-0.08791351318359375,0.0,0.02559804916381836,0.0061054229736328125,0.008571299198501742,-0.3223419189453125,0.0,0.02155303955078125,0.0073261260986328125,0.0061678938418196,-0.13284683227539062,0.0,0.07839298248291016,-0.03663063049316406,0.052194635437982896,-0.28913307189941406,0.0,-0.10733222961425781,0.05216789245605469,-0.09372743144013218,0.0062271058559417725,0.0,0.0,0.0,0.0,0.0,0.0,nan,nan,nan,nan,nan,nan,nan,nan,nan,nan,0.06607147384003899,0.13195379078388214,-0.06544609367847443,-0.989093005657196,-0.04155045002698898,-0.05385204032063484,-0.0025500203482806683,nan
3.6610,1789426378.9395,ramp,0,0.034676,-0.004394957530606223,-0.017302474378460744,0.007075860371002161,-0.02227957919239998,-0.042168185114860535,0.1147933304309845,-0.9922438263893127,-0.23920202255249023,-0.018314361572265625,-0.210908947059249,6.24176025390625,0.0,0.10191202163696289,-0.018314361572265625,0.04403132797936591,-12.630035400390625,0.0,-0.0004792213439941406,-0.0061054229736328125,0.002952439371174537,0.9084243774414062,0.0,0.424044132232666,-0.0061054229736328125,0.4035632351372145,-4.659339904785156,0.0,-0.28119373321533203,0.05494499206542969,-0.19704470243978905,5.538459777832031,0.0,-0.11840248107910156,0.03052520751953125,-0.03663714079940563,3.6043930053710938,0.0,-0.12357950210571289,-0.0061054229736328125,-0.18261578990374536,-12.74725341796875,0.0,-0.018503665924072266,-0.018314361572265625,0.012400730600471505,6.710624694824219,0.0,0.06586456298828125,-0.0061054229736328125,0.029088953278558868,-7.76556396484375,0.0,0.45261335372924805,0.0061054229736328125,0.405052415879684,-10.5201416015625,0.0,-0.42615318298339844,0.03052520751953125,-0.22734050250252555,12.864471435546875,0.0,0.03518533706665039,0.018314361572265625,0.007573981939469543,-1.1428604125976562,0.0,-0.015051841735839844,0.0061054229736328125,-0.003517362678041721,2.373626708984375,0.0,-0.043474858950991235,0.022304778280109162,-0.01548164524735586,5.652276512267782,0.0,-0.028254516561558498,0.02876350154881335,-0.009710791081242705,3.9265638817882276,0.0,0.17515897750854492,-0.0061054229736328125,0.19940667947575702,1.4358978271484375,0.0,0.06586408615112305,-0.0061054229736328125,0.09804738914035283,2.0219802856445312,0.0,0.025406360626220703,-0.0061054229736328125,0.02056504718000592,-0.14652252197265625,0.0,-0.23824310302734375,-0.018314361572265625,-0.24166406666406856,-0.20513153076171875,0.0,0.022338390350341797,0.0061054229736328125,0.006495596467839036,-0.26373291015625,0.0,0.01544952392578125,-0.0073261260986328125,0.004341634817695353,-0.1328449249267578,0.0,-0.06351566314697266,0.08058547973632812,-0.03825797523296467,0.19536209106445312,0.0,0.13891887664794922,0.07936477661132812,0.15817391822182086,1.2014617919921875,0.0,-0.09500980377197266,0.0061054229736328125,-0.11776517905519968,-1.611724853515625,0.0,-0.07717752456665039,0.04273414611816406,-0.0685759942503564,0.380950927734375,0.0,-0.2106318473815918,-0.07936477661132812,-0.2191220433003109,-0.08791351318359375,0.0,0.02559804916381836,0.0061054229736328125,0.008446778232968006,-0.26373291015625,0.0,0.02155303955078125,0.0073261260986328125,0.006078288744773495,-0.13284683227539062,0.0,0.07763004302978516,-0.03663063049316406,0.05143636924637043,-0.28913307189941406,0.0,-0.10637354850769043,0.07058048248291016,-0.09236579069120555,0.005494505167007446,0.0,0.0,0.0,0.0,0.0,0.0,nan,nan,nan,nan,nan,nan,nan,nan,nan,nan,0.0652267798682251,0.13095946609973907,-0.06461918354034424,-0.9892795085906982,-0.034045010805130005,-0.03889243304729462,8.170874025381636e-06,nan
3.6811,1789426378.9595,ramp,0,0.034565,-0.00613330368293912,-0.022413644351459844,0.01744960882720112,-0.022195812314748764,-0.04196550324559212,0.11468219757080078,-0.9922672510147095,-0.2393937110900879,-0.018314361572265625,-0.21074557229789648,6.124542236328125,0.0,0.10172033309936523,-0.018314361572265625,0.04337190506468619,-12.74725341796875,0.0,-0.0006709098815917969,-0.018314361572265625,0.002908222985594083,0.8498153686523438,0.0,0.42385244369506836,-0.0061054229736328125,0.4035098714283001,-4.483512878417969,0.0,-0.2804269790649414,0.04273414611816406,-0.19708896167487383,5.479850769042969,0.0,-0.1182107925415039,0.03052520751953125,-0.03608845486872471,3.6630020141601562,0.0,-0.12377119064331055,-0.0061054229736328125,-0.18287613972698216,-12.630035400390625,0.0,-0.018695354461669922,-0.018314361572265625,0.012215014513948904,6.769233703613281,0.0,0.06586456298828125,-0.0061054229736328125,0.028653310675071673,-7.76556396484375,0.0,0.45261335372924805,0.0061054229736328125,0.4049767498703224,-10.461532592773438,0.0,-0.4253864288330078,0.03052520751953125,-0.22693104512953333,12.923080444335938,0.0,0.03537702560424805,0.018314361572265625,0.007460552309352617,-1.2014617919921875,0.0,-0.014668464660644531,0.018314361572265625,-0.0034646858759650977,2.3150177001953125,0.0,-0.042913474322891484,0.02231101340198228,-0.015249788701084236,5.808732717669244,0.0,-0.027654127421018037,0.028786848496634206,-0.00956536012441034,3.925191446076221,0.0,0.17515897750854492,-0.0061054229736328125,0.19941556521989928,1.4945068359375,0.0,0.06586408615112305,-0.0061054229736328125,0.09807663189513696,2.0805892944335938,0.0,0.02502298355102539,0.0061054229736328125,0.020257060481119152,-0.08791351318359375,0.0,-0.23824310302734375,-0.018314361572265625,-0.24253771869359408,-0.20513153076171875,0.0,0.02214670181274414,0.0061054229736328125,0.006398316977258761,-0.26373291015625,0.0,0.01544952392578125,-0.0073261260986328125,0.0042766135335927866,-0.1328449249267578,0.0,-0.06275272369384766,0.021978378295898438,-0.03768501532701569,0.22661972045898438,0.0,0.14026117324829102,0.07936477661132812,0.15880031492586663,1.0256423950195312,0.0,-0.0948176383972168,0.0061054229736328125,-0.11749912382345058,-1.611724853515625,0.0,-0.07679414749145508,0.03052520751953125,-0.06754898498034709,0.3223419189453125,0.0,-0.21216583251953125,-0.09157562255859375,-0.22033328966167834,0.02930450439453125,0.0,0.02559804916381836,0.0061054229736328125,0.008320277412355755,-0.20513153076171875,0.0,0.02117156982421875,0.0073261260986328125,0.005987258947029902,-0.13284683227539062,0.0,0.07724857330322266,-0.03663063049316406,0.05066604679448165,-0.28913307189941406,0.0,-0.10483956336975098,0.07058048248291016,-0.09098250016354227,0.006471306085586548,0.0,0.0,0.0,0.0,0.0,0.0,nan,nan,nan,nan,nan,nan,nan,nan,nan,nan,0.06444095964730026,0.13001875579357147,-0.06384973973035812,-0.9894535541534424,-0.03630787879228592,-0.043705735355615616,-0.0017663883045315742,nan
3.7011,1789426378.9793,ramp,0,0.034466,-0.009073861088577233,-0.01950131541307927,0.023579124787667983,-0.022116145119071007,-0.04176631197333336,0.1145152896642685,-0.9922966957092285,-0.2397770881652832,-0.018314361572265625,-0.21058220301146066,6.3003692626953125,0.0,0.10152864456176758,-0.018314361572265625,0.04271250424819043,-12.864471435546875,0.0,-0.0010547637939453125,-0.0061054229736328125,0.002864008081766539,1.26007080078125,0.0,0.4236602783203125,-0.0061054229736328125,0.4034565095076782,-4.542121887207031,0.0,-0.2796597480773926,0.04273414611816406,-0.19713321942676976,5.421241760253906,0.0,-0.1178274154663086,0.03052520751953125,-0.035539787325276566,3.6630020141601562,0.0,-0.1239628791809082,0.0061054229736328125,-0.18313648082553236,-12.805862426757812,0.0,-0.019078731536865234,-0.018314361572265625,0.012029304651032054,6.8278350830078125,0.0,0.06528902053833008,-0.018314361572265625,0.028217682670577292,-7.76556396484375,0.0,0.45261335372924805,0.0061054229736328125,0.40490108639663464,-10.285720825195312,0.0,-0.42481088638305664,0.018314361572265625,-0.22652160147803022,12.864471435546875,0.0,0.03576040267944336,0.018314361572265625,0.007347126480421207,-1.1428604125976562,0.0,-0.014284610748291016,0.0061054229736328125,-0.0034120108391617714,2.139190673828125,0.0,-0.042351977996764746,0.026786776611843283,-0.015017939924649691,5.644072254743816,0.0,-0.02705317389984998,0.033595305011649805,-0.009419934041172699,3.775065806834235,0.0,0.17515897750854492,-0.0061054229736328125,0.19942445066626785,1.4945068359375,0.0,0.06586408615112305,-0.0061054229736328125,0.0981058736699555,2.0805892944335938,0.0,0.02502298355102539,-0.0061054229736328125,0.01994908410329733,-0.08791351318359375,0.0,-0.2384347915649414,-0.03052520751953125,-0.24341134144581839,-0.20513153076171875,0.0,0.02214670181274414,0.0061054229736328125,0.006301040746650245,-0.26373291015625,0.0,0.01544952392578125,-0.0073261260986328125,0.004211594428444372,-0.14847373962402344,0.0,-0.061989784240722656,0.03663063049316406,-0.037112074621754344,0.21099090576171875,0.0,0.14141178131103516,0.07936477661132812,0.15942669063848292,1.0256423950195312,0.0,-0.09443426132202148,0.0061054229736328125,-0.11723307750758435,-1.611724853515625,0.0,-0.0762181282043457,0.04273414611816406,-0.06652201012685449,0.380950927734375,0.0,-0.21350812911987305,-0.06715583801269531,-0.22154449543248647,-0.08791351318359375,0.0,0.025406360626220703,0.0061054229736328125,0.008193780830962892,-0.3223419189453125,0.0,0.02117156982421875,0.0073261260986328125,0.005896232199822121,-0.13284683227539062,0.0,0.07648563385009766,-0.05128288269042969,0.04989575015717541,-0.28913307189941406,0.0,-0.10349726676940918,0.06444263458251953,-0.08959925599187887,0.005494505167007446,0.0,0.0,0.0,0.0,0.0,0.0,nan,nan,nan,nan,nan,nan,nan,nan,nan,nan,0.06366785132930751,0.12908293306827545,-0.06309254467487335,-0.9896246194839478,-0.04429871588945389,-0.045014966279268265,0.016164390370249748,nan
3.7210,1789426378.9993,ramp,0,0.034392,-0.00400800828652179,-0.024249750362041966,0.01638099567415811,-0.022041207179427147,-0.04151247814297676,0.11431772261857986,-0.9923318028450012,-0.23996877670288086,-0.018314361572265625,-0.21042065968384696,6.3003692626953125,0.0,0.10133695602416992,-0.018314361572265625,0.042060473475137125,-12.864471435546875,0.0,-0.001438140869140625,-0.0061054229736328125,0.002820287362589455,1.0842514038085938,0.0,0.4236602783203125,-0.0061054229736328125,0.40340374400681095,-4.542121887207031,0.0,-0.2787013053894043,0.04273414611816406,-0.1971769825151075,5.362640380859375,0.0,-0.11763572692871094,0.018314361572265625,-0.0349972521728257,3.6630020141601562,0.0,-0.12415456771850586,0.0061054229736328125,-0.1833939121230053,-12.74725341796875,0.0,-0.01927042007446289,-0.018314361572265625,0.011845670444867744,6.652015686035156,0.0,0.06509733200073242,-0.018314361572265625,0.02778692362777898,-7.9413909912109375,0.0,0.45261335372924805,0.0061054229736328125,0.40482626860447185,-10.344329833984375,0.0,-0.42423582077026367,0.018314361572265625,-0.22611673412886601,12.923080444335938,0.0,0.035952091217041016,0.018314361572265625,0.007234968398307526,-1.2014617919921875,0.0,-0.013901233673095703,0.0061054229736328125,-0.0033599245448953994,2.139190673828125,0.0,-0.04193089454596514,0.01785093519351089,-0.014788682494042533,5.720165696020316,0.0,-0.026602247578575138,0.024038695803254205,-0.009276133367737888,3.7005155957410847,0.0,0.17515897750854492,-0.0061054229736328125,0.1994332368010734,1.4945068359375,0.0,0.06586408615112305,-0.0061054229736328125,0.09813478861298165,2.0219802856445312,0.0,0.024831295013427734,-0.0061054229736328125,0.019644549940327258,-0.08791351318359375,0.0,-0.23862648010253906,-0.04273414611816406,-0.24427519982184673,-0.26373291015625,0.0,0.02214670181274414,-0.0061054229736328125,0.006204851760745659,-0.20513153076171875,0.0,0.01544952392578125,-0.0073261260986328125,0.004147302033996863,-0.14847373962402344,0.0,-0.061226844787597656,0.021978378295898438,-0.036545537605694,0.22661972045898438,0.0,0.14275407791137695,0.06715583801269531,0.160046065425262,1.0842514038085938,0.0,-0.09405088424682617,0.018314361572265625,-0.11697000475932158,-1.6703262329101562,0.0,-0.07545137405395508,0.04273414611816406,-0.06550651364750885,0.3223419189453125,0.0,-0.21446657180786133,-0.06715583801269531,-0.22274216370239183,-0.08791351318359375,0.0,0.025406360626220703,0.0061054229736328125,0.008068698086612484,-0.3223419189453125,0.0,0.02117156982421875,0.0073261260986328125,0.005806222847595607,-0.14847564697265625,0.0,0.07495975494384766,-0.0659332275390625,0.04913406303253354,-0.2578754425048828,0.0,-0.10205912590026855,0.082855224609375,-0.08823147217358727,0.0008547008037567139,0.0,0.0,0.0,0.0,0.0,0.0,nan,nan,nan,nan,nan,nan,nan,nan,nan,nan,0.06307210640392451,0.12817475199699402,-0.0625104010105133,-0.9897795915603638,-0.02931179665029049,-0.04125291481614113,0.009724159725010395,nan
3.7403,1789426379.0186,ramp,0,0.034315,-0.004022125901116788,-0.026101080083324176,0.011048794773952743,-0.021968476474285126,-0.04126928374171257,0.1141621395945549,-0.9923614859580994,-0.23996877670288086,-0.0061054229736328125,-0.21026285585628765,6.476188659667969,0.0,0.10114526748657227,-0.018314361572265625,0.041423536294294044,-13.098899841308594,0.0,-0.0016298294067382812,-0.0061054229736328125,0.0027775787163599503,1.0842514038085938,0.0,0.42346858978271484,-0.0061054229736328125,0.40335219995282284,-4.483512878417969,0.0,-0.2781257629394531,0.03052520751953125,-0.19721973254971142,5.3040313720703125,0.0,-0.11744403839111328,0.018314361572265625,-0.03446727594349507,3.7216110229492188,0.0,-0.12434673309326172,0.0061054229736328125,-0.18364538424924465,-12.805862426757812,0.0,-0.01927042007446289,-0.018314361572265625,0.011666287111420244,6.8278350830078125,0.0,0.06471395492553711,-0.018314361572265625,0.027366136048907773,-7.9413909912109375,0.0,0.45261335372924805,0.0061054229736328125,0.4047531827386102,-10.402923583984375,0.0,-0.42385244369506836,0.018314361572265625,-0.2257212388874613,12.923080444335938,0.0,0.03614377975463867,0.018314361572265625,0.00712540661751039,-1.2014617919921875,0.0,-0.013709545135498047,0.0061054229736328125,-0.0033090439748339096,2.139190673828125,0.0,-0.0414393558057247,0.008912109465631578,-0.014564732049411735,5.559113503353904,0.0,-0.026075599039061113,0.01447063058872857,-0.00913566147695273,3.6974325157523733,0.0,0.17515897750854492,-0.0061054229736328125,0.19944181954925772,1.4945068359375,0.0,0.06586408615112305,-0.0061054229736328125,0.09816303421588332,2.0805892944335938,0.0,0.02444744110107422,-0.018314361572265625,0.019347065313452587,-0.08791351318359375,0.0,-0.23862648010253906,-0.06715583801269531,-0.2451190610956001,-0.20513153076171875,0.0,0.02214670181274414,0.0061054229736328125,0.006110889414116948,-0.26373291015625,0.0,0.01544952392578125,-0.0073261260986328125,0.004084497917747429,-0.1328449249267578,0.0,-0.060463905334472656,0.021978378295898438,-0.03599211512202355,0.22661972045898438,0.0,0.1439046859741211,0.07936477661132812,0.160651102559827,0.9670333862304688,0.0,-0.09366750717163086,0.0061054229736328125,-0.11671302177391665,-1.611724853515625,0.0,-0.07468461990356445,0.05494499206542969,-0.06451452447852894,0.380950927734375,0.0,-0.21580886840820312,-0.09157562255859375,-0.22391210764207206,-0.02930450439453125,0.0,0.025214672088623047,0.0061054229736328125,0.007946510831269321,-0.26373291015625,0.0,0.02117156982421875,-0.0073261260986328125,0.0057182970848464005,-0.13284683227539062,0.0,0.07419681549072266,-0.05128288269042969,0.04839000788988738,-0.27350425720214844,0.0,-0.10062122344970703,0.06444263458251953,-0.08689535062038843,0.005982905626296997,0.0,0.0,0.0,0.0,0.0,0.0,nan,nan,nan,nan,nan,nan,nan,nan,nan,nan,0.06242266393426788,0.12720856070518494,-0.06187533959746361,-0.9899441599845886,-0.0194367878139019,-0.034453023225069046,0.004843965172767639,nan
3.7613,1789426379.0398,ramp,0,0.034266,-0.004289356171377799,-0.025037068165242655,0.013990171933863895,-0.021907538175582886,-0.041008807718753815,0.1140080988407135,-0.9923912882804871,-0.24016046524047852,-0.0061054229736328125,-0.210092242200984,6.476188659667969,0.0,0.10095357894897461,-0.018314361572265625,0.04073489532592724,-13.098899841308594,0.0,-0.0018215179443359375,-0.0061054229736328125,0.0027314031681556646,1.3186798095703125,0.0,0.42346858978271484,-0.0061054229736328125,0.4032964717769218,-4.366302490234375,0.0,-0.2773590087890625,0.03052520751953125,-0.19726595284601817,5.3040313720703125,0.0,-0.11725187301635742,0.018314361572265625,-0.03389427855104493,3.6630020141601562,0.0,-0.12434673309326172,0.0061054229736328125,-0.1839172697879433,-13.333328247070312,0.0,-0.019462108612060547,-0.018314361572265625,0.01147234221988378,6.769233703613281,0.0,0.06413888931274414,-0.0061054229736328125,0.026911190766223794,-7.8241729736328125,0.0,0.45261335372924805,0.0061054229736328125,0.40467416408032697,-10.461532592773438,0.0,-0.423276424407959,0.018314361572265625,-0.2252936390640926,12.805862426757812,0.0,0.03633546829223633,0.018314361572265625,0.0070069510883100615,-1.2014617919921875,0.0,-0.01351785659790039,-0.0061054229736328125,-0.003254033141596288,2.0219802856445312,0.0,-0.04115835312702168,0.013385467203714745,-0.01432260228262281,5.557910355966104,0.0,-0.025774392506856914,0.01927008713412307,-0.008983786689598407,3.6962562392533247,0.0,0.17535066604614258,0.018314361572265625,0.19945109900757585,1.4358978271484375,0.0,0.06586408615112305,-0.0061054229736328125,0.09819357267386523,2.0219802856445312,0.0,0.024064064025878906,-0.018314361572265625,0.01902543217962603,-0.08791351318359375,0.0,-0.23920202255249023,-0.04273414611816406,-0.24603142335392453,-0.26373291015625,0.0,0.021955013275146484,0.0061054229736328125,0.006009299613240878,-0.20513153076171875,0.0,0.01544952392578125,-0.0073261260986328125,0.00401659563674982,-0.14847373962402344,0.0,-0.059319496154785156,0.05128288269042969,-0.03539376821037627,0.21099090576171875,0.0,0.14505529403686523,0.07936477661132812,0.16130525397503126,0.9670333862304688,0.0,-0.0934758186340332,0.0061054229736328125,-0.11643517802849612,-1.6703262329101562,0.0,-0.07391738891601562,0.05494499206542969,-0.06344200994729762,0.380950927734375,0.0,-0.21734285354614258,-0.09157562255859375,-0.2251770225375879,0.14652252197265625,0.0,0.025214672088623047,0.0061054229736328125,0.007814404946462562,-0.3223419189453125,0.0,0.02117156982421875,0.0073261260986328125,0.005623233891449748,-0.13284683227539062,0.0,0.07343387603759766,-0.05128288269042969,0.047585553589901415,-0.27350425720214844,0.0,-0.09908699989318848,0.07671833038330078,-0.08545076853611958,0.004029303789138794,0.0,0.0,0.0,0.0,0.0,0.0,nan,nan,nan,nan,nan,nan,nan,nan,nan,nan,0.062031341287303254,0.12641502916812897,-0.06149423494935036,-0.990069568157196,-0.024653682485222816,-0.03772386163473129,0.019754407927393913,nan
3.7810,1789426379.0595,ramp,0,0.034213,0.0004721132476340043,-0.022089275491877395,0.014756210455776473,-0.021852698177099228,-0.040804263204336166,0.11388497799634933,-0.9924150109291077,-0.24035215377807617,-0.0061054229736328125,-0.20993176435616107,6.417579650878906,0.0,0.10076189041137695,-0.018314361572265625,0.040087165117793505,-13.333335876464844,0.0,-0.00220489501953125,-0.018314361572265625,0.0026879708154160585,1.377288818359375,0.0,0.42346858978271484,-0.0061054229736328125,0.4032440542986807,-4.542121887207031,0.0,-0.27678394317626953,0.03052520751953125,-0.1973094272884664,5.24542236328125,0.0,-0.11706018447875977,0.018314361572265625,-0.03335532176903407,3.7216110229492188,0.0,-0.12434673309326172,0.0061054229736328125,-0.18417300315940896,-12.923080444335938,0.0,-0.019462108612060547,-0.018314361572265625,0.011289919200150699,6.886444091796875,0.0,0.06394672393798828,-0.0061054229736328125,0.02648327285808478,-7.9413909912109375,0.0,0.45261335372924805,0.0061054229736328125,0.404599839759923,-10.578750610351562,0.0,-0.42289304733276367,0.018314361572265625,-0.22489144207711204,12.864471435546875,0.0,0.036527156829833984,0.018314361572265625,0.006895532761332671,-1.2014617919921875,0.0,-0.013134479522705078,-0.0061054229736328125,-0.0032022903901490134,2.0219802856445312,0.0,-0.04080726833923138,0.0044421217642443235,-0.01409485695313782,5.715321134813923,0.0,-0.025397929907849785,0.009684977295809085,-0.008840934474667616,3.6957670600359576,0.0,0.17554235458374023,0.0061054229736328125,0.19945982719213629,1.4945068359375,0.0,0.06586408615112305,-0.0061054229736328125,0.0982222969041294,2.0805892944335938,0.0,0.023488998413085938,-0.018314361572265625,0.0187229066165445,-0.08791351318359375,0.0,-0.2397770881652832,-0.04273414611816406,-0.24688958402490432,-0.3223419189453125,0.0,0.021955013275146484,0.0061054229736328125,0.005913745055948448,-0.26373291015625,0.0,0.01544952392578125,-0.0073261260986328125,0.00395272729225146,-0.14847373962402344,0.0,-0.058175086975097656,0.03663063049316406,-0.034830967872579596,0.19536209106445312,0.0,0.14620542526245117,0.06715583801269531,0.16192054358425403,0.9670333862304688,0.0,-0.09309196472167969,0.0061054229736328125,-0.11617384041525955,-1.5531158447265625,0.0,-0.073150634765625,0.05494499206542969,-0.06243321132442674,0.380950927734375,0.0,-0.2190685272216797,-0.07936477661132812,-0.2263667914101646,-0.02930450439453125,0.0,0.025214672088623047,0.0061054229736328125,0.007690147203760281,-0.3223419189453125,0.0,0.02117156982421875,0.0073261260986328125,0.005533818209152043,-0.13284683227539062,0.0,0.07305240631103516,-0.021978378295898438,0.04682889028478357,-0.28913307189941406,0.0,-0.09793639183044434,0.05830574035644531,-0.08409200613729101,0.005494505167007446,0.0,0.0,0.0,0.0,0.0,0.0,nan,nan,nan,nan,nan,nan,nan,nan,nan,nan,0.0615376750762822,0.12567758560180664,-0.06101122871041298,-0.9901933073997498,-0.010172481648623943,-0.02601817436516285,0.021029241383075714,nan
3.8008,1789426379.0790,ramp,0,0.034173,0.003609751270851855,-0.016476476241021255,0.009688847402114576,-0.0217997208237648,-0.040574390441179276,0.1137310266494751,-0.9924432635307312,-0.24035215377807617,-0.0061054229736328125,-0.20977019782531992,6.593406677246094,0.0,0.1005702018737793,-0.018314361572265625,0.03943504069049561,-13.216117858886719,0.0,-0.0023965835571289062,-0.0061054229736328125,0.002644243816426584,1.26007080078125,0.0,0.4232769012451172,-0.018314361572265625,0.4031912812188565,-4.542121887207031,0.0,-0.276400089263916,0.04273414611816406,-0.19735319666270223,5.1868133544921875,0.0,-0.11686849594116211,0.018314361572265625,-0.03281270868970926,3.7216110229492188,0.0,-0.12434673309326172,0.0061054229736328125,-0.1844304714329491,-13.216110229492188,0.0,-0.019654273986816406,-0.018314361572265625,0.011106258617742245,6.593406677246094,0.0,0.06375503540039062,-0.0061054229736328125,0.026052451943340507,-8.117218017578125,0.0,0.45261335372924805,0.0061054229736328125,0.404525011221329,-10.5201416015625,0.0,-0.42250967025756836,0.018314361572265625,-0.22448651657494753,12.923080444335938,0.0,0.036719322204589844,0.018314361572265625,0.006783358569426495,-1.2014617919921875,0.0,-0.013134479522705078,-0.0061054229736328125,-0.0031501966144833814,1.9047622680664062,0.0,-0.040666818927549,0.008916150966566568,-0.013865566593208357,5.714716199481053,0.0,-0.025247286245814866,0.014485200790979863,-0.008697113146466193,3.695172957620802,0.0,0.1757345199584961,0.0061054229736328125,0.19946861458893564,1.4945068359375,0.0,0.06586408615112305,-0.0061054229736328125,0.09825121600034473,2.0805892944335938,0.0,0.023105621337890625,-0.018314361572265625,0.018418328711901237,-0.08791351318359375,0.0,-0.24035215377807617,-0.03052520751953125,-0.2477535664809715,-0.3223419189453125,0.0,0.021955013275146484,0.0061054229736328125,0.0058175422539677125,-0.20513153076171875,0.0,0.01544952392578125,-0.0073261260986328125,0.0038884256631851505,-0.14847373962402344,0.0,-0.057412147521972656,0.05128288269042969,-0.03426434948214482,0.19536209106445312,0.0,0.14716434478759766,0.05494499206542969,0.1625400073347449,0.9084243774414062,0.0,-0.09309196472167969,-0.0061054229736328125,-0.11591072988062145,-1.611724853515625,0.0,-0.07200002670288086,0.07936477661132812,-0.06141756898454877,0.3223419189453125,0.0,-0.22041082382202148,-0.07936477661132812,-0.2275646317067928,-0.02930450439453125,0.0,0.025214672088623047,-0.0061054229736328125,0.007565046493187392,-0.3223419189453125,0.0,0.02079010009765625,0.0073261260986328125,0.005443795928459211,-0.13284683227539062,0.0,0.07267093658447266,-0.021978378295898438,0.04606709375543993,-0.3047618865966797,0.0,-0.09669017791748047,0.07671833038330078,-0.08272402585778078,0.005494505167007446,0.0,0.0,0.0,0.0,0.0,0.0,nan,nan,nan,nan,nan,nan,nan,nan,nan,nan,0.06133518506185316,0.12507079541683197,-0.06081542372703552,-0.9902821779251099,-0.01160640362650156,-0.024992501363158226,0.015756625682115555,nan
3.8209,1789426379.0993,ramp,0,0.034203,-0.00194886097419958,-0.02527888111162725,0.004397856319034935,-0.021788261830806732,-0.04036679118871689,0.1136581152677536,-0.9924603700637817,-0.24054431915283203,-0.0061054229736328125,-0.2096065954719078,6.652015686035156,0.0,0.10018634796142578,-0.018314361572265625,0.038774699155227986,-13.333335876464844,0.0,-0.0025882720947265625,-0.0061054229736328125,0.0025999658344393133,1.26007080078125,0.0,0.42308521270751953,-0.0061054229736328125,0.4031378431706971,-4.483512878417969,0.0,-0.27582502365112305,0.03052520751953125,-0.1973975175538861,5.1868133544921875,0.0,-0.11667680740356445,0.018314361572265625,-0.03226325840252661,3.7216110229492188,0.0,-0.12434673309326172,0.0061054229736328125,-0.18469118394104622,-12.805862426757812,0.0,-0.019845962524414062,-0.018314361572265625,0.010920283816187475,6.652015686035156,0.0,0.06356334686279297,-0.0061054229736328125,0.02561620246032938,-8.117218017578125,0.0,0.45261335372924805,0.0061054229736328125,0.40444923980411396,-10.5201416015625,0.0,-0.42212629318237305,0.018314361572265625,-0.22407648880022324,12.864471435546875,0.0,0.0369110107421875,0.018314361572265625,0.006669770924185761,-1.2014617919921875,0.0,-0.013134479522705078,-0.0061054229736328125,-0.0030974464300692396,2.0219802856445312,0.0,-0.0404559534725882,0.008917257299092578,-0.01363338705513268,5.713808234067043,0.0,-0.025021070477681227,0.014489179296952731,-0.008551479594503917,3.694280768863196,0.0,0.1757345199584961,-0.0061054229736328125,0.1994775127115187,1.4945068359375,0.0,0.06586408615112305,-0.0061054229736328125,0.09828049949225826,2.0805892944335938,0.0,0.02272176742553711,-0.018314361572265625,0.018109912966774038,-0.02930450439453125,0.0,-0.24054431915283203,-0.018314361572265625,-0.24862843556668826,-0.380950927734375,0.0,0.021763324737548828,0.0061054229736328125,0.00572012724649708,-0.20513153076171875,0.0,0.01544952392578125,-0.0073261260986328125,0.003823313800049161,-0.14847373962402344,0.0,-0.056267738342285156,0.05128288269042969,-0.03369059140440967,0.1797332763671875,0.0,0.14773941040039062,0.04273414611816406,0.16316727665164008,1.0842514038085938,0.0,-0.09290027618408203,-0.0061054229736328125,-0.1156443040159933,-1.611724853515625,0.0,-0.07084941864013672,0.07936477661132812,-0.06038912902137061,0.380950927734375,0.0,-0.22175264358520508,-0.07936477661132812,-0.22877756541602123,-0.02930450439453125,0.0,0.024831295013427734,-0.0061054229736328125,0.007438369448401526,-0.3223419189453125,0.0,0.02079010009765625,0.0073261260986328125,0.005352639320068826,-0.13284683227539062,0.0,0.07228946685791016,-0.03663063049316406,0.045295698192429484,-0.3047618865966797,0.0,-0.09486842155456543,0.08899307250976562,-0.08133880831313117,0.002808302640914917,0.0,0.0,0.0,0.0,0.0,0.0,nan,nan,nan,nan,nan,nan,nan,nan,nan,nan,0.06112720099524275,0.12445034831762314,-0.06061422452330589,-0.9903726577758789,-0.017074136063456535,-0.033856865018606186,0.010465390980243683,nan
3.8412,1789426379.1196,ramp,0,0.034145,-0.002522716273131737,-0.019164710576644668,0.00493450668537517,-0.02173187956213951,-0.0401412732899189,0.11360539495944977,-0.992476761341095,-0.24054431915283203,-0.0061054229736328125,-0.2094409640825416,6.652015686035156,0.0,0.09999465942382812,-0.018314361572265625,0.03810616790453725,-13.626373291015625,0.0,-0.002780437469482422,0.0061054229736328125,0.002555138706210865,1.4945068359375,0.0,0.4228935241699219,-0.0061054229736328125,0.40308374237094047,-4.366302490234375,0.0,-0.2752499580383301,0.03052520751953125,-0.19744238812348133,5.1868133544921875,0.0,-0.1164851188659668,0.018314361572265625,-0.031706993699998506,3.7216110229492188,0.0,-0.12434673309326172,0.0061054229736328125,-0.18495512986872173,-13.450546264648438,0.0,-0.02003765106201172,-0.018314361572265625,0.010732002510166063,6.769233703613281,0.0,0.06337165832519531,-0.0061054229736328125,0.02517454250572359,-8.117218017578125,0.0,0.45261335372924805,0.0061054229736328125,0.40437252865145734,-10.344329833984375,0.0,-0.4215507507324219,0.018314361572265625,-0.22366137576187217,12.864471435546875,0.0,0.037102699279785156,0.018314361572265625,0.006554774537497731,-1.2014617919921875,0.0,-0.012942790985107422,-0.0061054229736328125,-0.0030440420251104314,2.0805892944335938,0.0,-0.0403154818688928,0.004443712572058115,-0.013398327970273478,5.63518932595623,0.0,-0.02487034300268038,0.009690519274269957,-0.008404039860008925,3.766386771615256,0.0,0.17592620849609375,-0.0061054229736328125,0.19948652119077004,1.4358978271484375,0.0,0.06586408615112305,-0.0061054229736328125,0.09831014616512065,2.0805892944335938,0.0,0.022338390350341797,-0.018314361572265625,0.017797672174985832,-0.08791351318359375,0.0,-0.241119384765625,-0.03052520751953125,-0.24951415499039203,-0.380950927734375,0.0,0.021763324737548828,0.0061054229736328125,0.005621504074544106,-0.26373291015625,0.0,0.01544952392578125,-0.0073261260986328125,0.0037573944038393416,-0.14847373962402344,0.0,-0.055123329162597656,0.03663063049316406,-0.03310971744023183,0.19536209106445312,0.0,0.1483149528503418,0.03052520751953125,0.1638023255143076,1.0256423950195312,0.0,-0.09270858764648438,-0.0061054229736328125,-0.11537457387335726,-1.611724853515625,0.0,-0.06969928741455078,0.06715583801269531,-0.05934793409704229,0.380950927734375,0.0,-0.22290325164794922,-0.06715583801269531,-0.23000554222245795,-0.02930450439453125,0.0,0.024639129638671875,0.0061054229736328125,0.0073101213242695515,-0.3223419189453125,0.0,0.02079010009765625,0.0073261260986328125,0.0052603521653750785,-0.13284683227539062,0.0,0.07152652740478516,-0.0659332275390625,0.044514735595085585,-0.28913307189941406,0.0,-0.09371805191040039,0.05216789245605469,-0.07993641096547979,0.0062271058559417725,0.0,0.0,0.0,0.0,0.0,0.0,nan,nan,nan,nan,nan,nan,nan,nan,nan,nan,0.06088426471687609,0.12386657297611237,-0.060378070920705795,-0.9904602766036987,-0.012724187225103378,-0.023317057639360428,0.011018342338502407,nan
3.8609,1789426379.1393,ramp,0,0.034177,-0.0008906598317474931,-0.023929376244094636,0.005457121360532846,-0.021723128855228424,-0.0399310328066349,0.11358051747083664,-0.9924882650375366,-0.24054431915283203,-0.0061054229736328125,-0.20928039159983303,6.710624694824219,0.0,0.09999465942382812,-0.018314361572265625,0.0374580557133489,-13.567764282226562,0.0,-0.002780437469482422,0.0061054229736328125,0.00251168074030306,1.377288818359375,0.0,0.4228935241699219,-0.0061054229736328125,0.4030312939807731,-4.542121887207031,0.0,-0.27486610412597656,0.03052520751953125,-0.19748588820391916,5.1868133544921875,0.0,-0.11629343032836914,0.018314361572265625,-0.03116771908140181,3.7802200317382812,0.0,-0.12434673309326172,0.0061054229736328125,-0.18521101405269108,-13.216110229492188,0.0,-0.02003765106201172,-0.018314361572265625,0.010549471910916947,6.652015686035156,0.0,0.06317996978759766,0.0061054229736328125,0.02474637224345993,-8.175827026367188,0.0,0.45261335372924805,0.0061054229736328125,0.4042981605001024,-10.695968627929688,0.0,-0.42116737365722656,0.0061054229736328125,-0.22325894158905135,12.923080444335938,0.0,0.03729438781738281,0.018314361572265625,0.006443290504285947,-1.26007080078125,0.0,-0.012942790985107422,-0.0061054229736328125,-0.0029922687596404905,2.139190673828125,0.0,-0.04017500137936605,0.004444167844817944,-0.013170448333548313,5.634577670141077,0.0,-0.024719582011516885,0.009692102847821222,-0.008261103401476812,3.7657871496696975,0.0,0.17592620849609375,-0.0061054229736328125,0.19949525452256395,1.4358978271484375,0.0,0.06586408615112305,-0.0061054229736328125,0.09833888733479738,2.0805892944335938,0.0,0.021955013275146484,-0.0061054229736328125,0.01749496820484958,-0.02930450439453125,0.0,-0.24169445037841797,-0.03052520751953125,-0.25037282174064734,-0.380950927734375,0.0,0.021763324737548828,0.0061054229736328125,0.0055258931662876196,-0.26373291015625,0.0,0.01544952392578125,-0.0073261260986328125,0.003693488394546258,-0.14847373962402344,0.0,-0.054360389709472656,0.03663063049316406,-0.03254658520469521,0.1797332763671875,0.0,0.14889001846313477,0.03052520751953125,0.16441797797553492,1.0256423950195312,0.0,-0.09270858764648438,-0.0061054229736328125,-0.11511308214265242,-1.611724853515625,0.0,-0.0687403678894043,0.06715583801269531,-0.058338540559846545,0.380950927734375,0.0,-0.2238621711730957,-0.05494499206542969,-0.23119601273213994,-0.08791351318359375,0.0,0.02444744110107422,-0.0061054229736328125,0.00718579030360135,-0.3223419189453125,0.0,0.02079010009765625,0.0073261260986328125,0.005170883752364761,-0.14847564697265625,0.0,0.07076358795166016,-0.05128288269042969,0.043757626066282355,-0.28913307189941406,0.0,-0.09247159957885742,0.07671833038330078,-0.07857684726974536,0.002319902181625366,0.0,0.0,0.0,0.0,0.0,0.0,nan,nan,nan,nan,nan,nan,nan,nan,nan,nan,0.060755412354861794,0.12331155687570572,-0.06025464087724686,-0.9905370473861694,-0.011181569658219814,-0.02808898501098156,0.011722413823008537,nan
3.8810,1789426379.1593,ramp,0,0.034169,0.0014492285470114467,-0.016727813109194786,0.005449232786100788,-0.021695587784051895,-0.03973609209060669,0.1135464683175087,-0.9925006031990051,-0.24054431915283203,-0.0061054229736328125,-0.20911683070752518,6.769233703613281,0.0,0.09980297088623047,-0.018314361572265625,0.03679788152585287,-13.802200317382812,0.0,-0.002972126007080078,0.0061054229736328125,0.00246741397951152,1.4358978271484375,0.0,0.4228935241699219,-0.0061054229736328125,0.4029778694752091,-4.366302490234375,0.0,-0.27448272705078125,0.03052520751953125,-0.19753019786303297,5.128204345703125,0.0,-0.11610174179077148,0.018314361572265625,-0.030618408039255644,3.7216110229492188,0.0,-0.12434673309326172,0.0061054229736328125,-0.18547166048943736,-13.216110229492188,0.0,-0.020229339599609375,-0.018314361572265625,0.010363544240228482,6.652015686035156,0.0,0.06298828125,0.0061054229736328125,0.02431023331744839,-8.293045043945312,0.0,0.45261335372924805,0.0061054229736328125,0.4042224082853412,-10.578750610351562,0.0,-0.42078399658203125,0.0061054229736328125,-0.22284901772606172,12.923080444335938,0.0,0.03748607635498047,0.018314361572265625,0.0063297316451177196,-1.3186798095703125,0.0,-0.012942790985107422,-0.0061054229736328125,-0.002939531943499192,2.0219802856445312,0.0,-0.040104757800013845,0.004444395633403249,-0.012938327635824537,5.871199746409361,0.0,-0.024644188946000817,0.009692894752694196,-0.008115506756855798,3.6937563707220185,0.0,0.17592620849609375,-0.0061054229736328125,0.1995041503901306,1.4945068359375,0.0,0.06586408615112305,-0.0061054229736328125,0.09836816340551012,2.0219802856445312,0.0,0.021763324737548828,-0.0061054229736328125,0.017186630620317948,-0.08791351318359375,0.0,-0.2424616813659668,-0.04273414611816406,-0.25124746911171475,-0.3223419189453125,0.0,0.021763324737548828,0.0061054229736328125,0.00542850284632118,-0.20513153076171875,0.0,0.01544952392578125,-0.0073261260986328125,0.0036283930324549837,-0.14847373962402344,0.0,-0.053215980529785156,0.021978378295898438,-0.031972972532224794,0.1797332763671875,0.0,0.14927339553833008,0.03052520751953125,0.16504508832602138,1.0842514038085938,0.0,-0.09270858764648438,-0.0061054229736328125,-0.11484672379728869,-1.5531158447265625,0.0,-0.0673980712890625,0.07936477661132812,-0.057310361230184334,0.3223419189453125,0.0,-0.22482061386108398,-0.04273414611816406,-0.23240863905232423,-0.08791351318359375,0.0,0.02444744110107422,0.0061054229736328125,0.007059145362083302,-0.3223419189453125,0.0,0.02079010009765625,0.0073261260986328125,0.005079750245436977,-0.13284683227539062,0.0,0.06923770904541016,-0.0659332275390625,0.04298642599503124,-0.27350425720214844,0.0,-0.09093761444091797,0.06444263458251953,-0.07719198077535823,0.00476190447807312,0.0,0.0,0.0,0.0,0.0,0.0,nan,nan,nan,nan,nan,nan,nan,nan,nan,nan,0.060663800124079056,0.12285119295120239,-0.060167357325553894,-0.9905995726585388,-0.008743486367166042,-0.020921440795063972,0.01162996981292963,nan
3.9009,1789426379.1791,ramp,0,0.034199,0.0003870841576406311,-0.020985153871065764,0.0009315460513940833,-0.021688899025321007,-0.03955521807074547,0.11351384222507477,-0.9925117492675781,-0.24054431915283203,-0.0061054229736328125,-0.20895465100204774,6.8278350830078125,0.0,0.09941959381103516,-0.018314361572265625,0.03614328216667105,-13.74359130859375,0.0,-0.002972126007080078,0.0061054229736328125,0.0024235210285358027,1.26007080078125,0.0,0.4227018356323242,-0.0061054229736328125,0.4029248961118617,-4.366302490234375,0.0,-0.27409934997558594,0.03052520751953125,-0.1975741333500769,5.0695953369140625,0.0,-0.11571836471557617,0.018314361572265625,-0.030073735643710724,3.7802200317382812,0.0,-0.12453842163085938,0.0061054229736328125,-0.18573010590232797,-13.391937255859375,0.0,-0.020612716674804688,-0.018314361572265625,0.010179186632203144,6.652015686035156,0.0,0.06298828125,0.0061054229736328125,0.023877777358265465,-8.117218017578125,0.0,0.45261335372924805,0.0061054229736328125,0.4041472957587102,-10.578750610351562,0.0,-0.4202089309692383,0.0061054229736328125,-0.22244255545730182,12.864471435546875,0.0,0.037677764892578125,0.018314361572265625,0.006217131731566285,-1.3186798095703125,0.0,-0.012942790985107422,-0.0061054229736328125,-0.002887240462394303,2.0805892944335938,0.0,-0.03996408915810932,0.00891984322377361,-0.012708167076898206,5.870590416874751,0.0,-0.02449319013726715,0.014498462072984284,-0.007971139600318778,3.693155009284268,0.0,0.17592620849609375,-0.0061054229736328125,0.19951297113671357,1.4945068359375,0.0,0.06586408615112305,-0.0061054229736328125,0.09839719225500303,1.9633712768554688,0.0,0.021571636199951172,-0.0061054229736328125,0.016880896786628345,-0.08791351318359375,0.0,-0.24303674697875977,-0.04273414611816406,-0.2521147305397667,-0.3223419189453125,0.0,0.021763324737548828,0.0061054229736328125,0.005331934937051131,-0.26373291015625,0.0,0.01544952392578125,-0.0073261260986328125,0.0035638473669052937,-0.14847373962402344,0.0,-0.053215980529785156,-0.0073261260986328125,-0.03140420372100863,0.19536209106445312,0.0,0.1496567726135254,0.03052520751953125,0.1656669030551336,1.0842514038085938,0.0,-0.09270858764648438,-0.0061054229736328125,-0.11458261470988382,-1.5531158447265625,0.0,-0.0660562515258789,0.07936477661132812,-0.05629086434122891,0.3223419189453125,0.0,-0.22539615631103516,-0.04273414611816406,-0.233611025372714,-0.14652252197265625,0.0,0.024255752563476562,-0.0061054229736328125,0.006933569871354452,-0.26373291015625,0.0,0.02079010009765625,0.0073261260986328125,0.004989386313667411,-0.14847564697265625,0.0,0.06885623931884766,-0.021978378295898438,0.04222173830804864,-0.28913307189941406,0.0,-0.08988308906555176,0.07671833038330078,-0.07581880875962616,0.005494505167007446,0.0,0.0,0.0,0.0,0.0,0.0,nan,nan,nan,nan,nan,nan,nan,nan,nan,nan,0.06053377923220709,0.12235411256551743,-0.06004227325320244,-0.9906686544418335,-0.014543332159519196,-0.029690148308873177,0.006985679268836975,nan
3.9208,1789426379.1992,ramp,0,0.034264,-0.0009020171474919477,-0.019670274258893384,0.008122416620524701,-0.02169647626578808,-0.03934945911169052,0.1134645864367485,-0.9925253987312317,-0.24054431915283203,-0.0061054229736328125,-0.20879215194258616,6.886444091796875,0.0,0.0992279052734375,-0.03052520751953125,0.035487393811971926,-13.860809326171875,0.0,-0.0031638145446777344,-0.0061054229736328125,0.0023795416463464657,1.3186798095703125,0.0,0.4227018356323242,-0.0061054229736328125,0.4028718184367289,-4.366302490234375,0.0,-0.27352428436279297,0.03052520751953125,-0.19761815535209376,5.128204345703125,0.0,-0.11552619934082031,0.03052520751953125,-0.02952799071384935,3.7802200317382812,0.0,-0.12453842163085938,0.0061054229736328125,-0.18598906022952472,-13.27471923828125,0.0,-0.020804405212402344,-0.03052520751953125,0.009994465998875393,6.710624694824219,0.0,0.06298828125,0.0061054229736328125,0.023444469834251327,-8.351654052734375,0.0,0.45261335372924805,0.0061054229736328125,0.40407203532525854,-10.578750610351562,0.0,-0.4200167655944824,0.0061054229736328125,-0.22203529280883633,12.923080444335938,0.0,0.03806114196777344,0.018314361572265625,0.006104310093410662,-1.3186798095703125,0.0,-0.012942790985107422,-0.0061054229736328125,-0.0028348460122232344,1.9633712768554688,0.0,-0.03975333175298295,0.008920953519277427,-0.0124775533004052,5.950527881504355,0.0,-0.024266910238548975,0.014502440690945195,-0.007826488165138626,3.7658822163020584,0.0,0.17592620849609375,-0.0061054229736328125,0.19952180925255095,1.4945068359375,0.0,0.06586408615112305,-0.0061054229736328125,0.09842627826626418,2.0805892944335938,0.0,0.021187782287597656,-0.0061054229736328125,0.016574560921275273,-0.08791351318359375,0.0,-0.24399566650390625,-0.04273414611816406,-0.2529836997239864,-0.380950927734375,0.0,0.021763324737548828,0.0061054229736328125,0.005235176872382338,-0.26373291015625,0.0,0.01544952392578125,-0.0073261260986328125,0.0034991746021270633,-0.14847373962402344,0.0,-0.053215980529785156,-0.0073261260986328125,-0.030834314926343434,0.21099090576171875,0.0,0.1500406265258789,0.03052520751953125,0.1662899422223501,1.0842514038085938,0.0,-0.09251689910888672,-0.0061054229736328125,-0.11431798555562436,-1.4945068359375,0.0,-0.0643305778503418,0.10378456115722656,-0.05526935992369691,0.20513153076171875,0.0,-0.22597122192382812,-0.04273414611816406,-0.23481577935594253,-0.14652252197265625,0.0,0.024064064025878906,-0.0061054229736328125,0.006807747105338264,-0.3223419189453125,0.0,0.02040863037109375,0.0073261260986328125,0.004898844442977889,-0.13284683227539062,0.0,0.06885623931884766,-0.0073261260986328125,0.04145554484659982,-0.3047618865966797,0.0,-0.08815741539001465,0.07671833038330078,-0.07444293278070206,0.00158730149269104,0.0,0.0,0.0,0.0,0.0,0.0,nan,nan,nan,nan,nan,nan,nan,nan,nan,nan,0.06036156410765796,0.12174168974161148,-0.0598762072622776,-0.9907541871070862,-0.016100065782666206,-0.028182337060570717,0.014083728194236755,nan
3.9403,1789426379.2185,ramp,0,0.034320,0.0017693665174714915,-0.016725167633158816,0.0145025121127301,-0.021700436249375343,-0.03916286304593086,0.11339545249938965,-0.9925405979156494,-0.2407360076904297,-0.0061054229736328125,-0.20863378577892394,6.886444091796875,0.0,0.09865283966064453,-0.03052520751953125,0.03484818689675297,-13.919410705566406,0.0,-0.0031638145446777344,-0.0061054229736328125,0.0023366808072706182,1.4358978271484375,0.0,0.4227018356323242,-0.018314361572265625,0.4028200907047978,-4.366302490234375,0.0,-0.27314043045043945,0.03052520751953125,-0.19766105772703205,4.9523773193359375,0.0,-0.115142822265625,0.03052520751953125,-0.028996125906959918,3.7802200317382812,0.0,-0.12453842163085938,0.0061054229736328125,-0.1862414284801334,-13.27471923828125,0.0,-0.021379947662353516,-0.03052520751953125,0.00981444343045994,6.886444091796875,0.0,0.06279659271240234,-0.0061054229736328125,0.02302218277307412,-8.293045043945312,0.0,0.45261335372924805,0.0061054229736328125,0.40399868901691194,-10.461532592773438,0.0,-0.4196333885192871,0.0061054229736328125,-0.22163838821471687,12.864471435546875,0.0,0.03844499588012695,0.018314361572265625,0.005994357887705643,-1.3186798095703125,0.0,-0.012942790985107422,-0.0061054229736328125,-0.0027837841285527952,2.0219802856445312,0.0,-0.03961281563226807,0.00892169452519144,-0.012252804805294762,5.79101985371526,0.0,-0.02411601509804122,0.01450509366583914,-0.007685515700844891,3.764328442388438,0.0,0.17592620849609375,-0.0061054229736328125,0.1995304225854761,1.4945068359375,0.0,0.06586408615112305,-0.0061054229736328125,0.098454624522759,2.0805892944335938,0.0,0.020804405212402344,-0.0061054229736328125,0.016276016203854438,-0.08791351318359375,0.0,-0.24495410919189453,-0.04273414611816406,-0.2538305681089575,-0.3223419189453125,0.0,0.021571636199951172,0.0061054229736328125,0.005140879689643259,-0.26373291015625,0.0,0.01544952392578125,-0.0073261260986328125,0.0034361466825483765,-0.14847373962402344,0.0,-0.053215980529785156,-0.0073261260986328125,-0.030278920314065406,0.21099090576171875,0.0,0.15061569213867188,0.03052520751953125,0.1668971354150387,1.0842514038085938,0.0,-0.09251689910888672,-0.0061054229736328125,-0.11406008680782789,-1.5531158447265625,0.0,-0.06260490417480469,0.09157562255859375,-0.05427383578771389,0.20513153076171875,0.0,-0.22673797607421875,-0.04273414611816406,-0.2359898924068909,-0.14652252197265625,0.0,0.023680686950683594,0.0061054229736328125,0.0066851244340355885,-0.3223419189453125,0.0,0.02040863037109375,0.0073261260986328125,0.004810605355567727,-0.14847564697265625,0.0,0.06885623931884766,-0.0073261260986328125,0.040708838253252395,-0.3203907012939453,0.0,-0.08691096305847168,0.06444263458251953,-0.07310204994003112,0.0062271058559417725,0.0,0.0,0.0,0.0,0.0,0.0,nan,nan,nan,nan,nan,nan,nan,nan,nan,nan,0.0602571245634857,0.12123413383960724,-0.05977647379040718,-0.990822434425354,-0.013642104342579842,-0.02511783130466938,0.020490966737270355,nan
3.9607,1789426379.2390,ramp,0,0.034485,0.0022662715452112206,-0.015126849658704446,0.012090059551254702,-0.021754911169409752,-0.03895694017410278,0.11326532810926437,-0.9925623536109924,-0.2407360076904297,-0.0061054229736328125,-0.20846706908462556,6.9450531005859375,0.0,0.09826898574829102,-0.03052520751953125,0.034175275073838114,-13.978019714355469,0.0,-0.0031638145446777344,-0.0061054229736328125,0.00229155994786266,1.4945068359375,0.0,0.42251014709472656,-0.018314361572265625,0.40276563540783483,-4.366302490234375,0.0,-0.2725653648376465,0.03052520751953125,-0.1977062223124577,4.9523773193359375,0.0,-0.11475944519042969,0.03052520751953125,-0.02843621626232532,3.8388290405273438,0.0,-0.12453842163085938,0.0061054229736328125,-0.18650710392187161,-13.450546264648438,0.0,-0.021763324737548828,-0.03052520751953125,0.00962492840520906,6.886444091796875,0.0,0.06260490417480469,-0.0061054229736328125,0.022577628827607544,-8.586074829101562,0.0,0.45261335372924805,0.0061054229736328125,0.4039214752119944,-10.5201416015625,0.0,-0.4192500114440918,0.0061054229736328125,-0.22122055513501576,12.864471435546875,0.0,0.038828372955322266,0.03052520751953125,0.005878607983546472,-1.4358978271484375,0.0,-0.012942790985107422,-0.0061054229736328125,-0.002730029789536654,2.0805892944335938,0.0,-0.03926041095936704,0.008923020213602901,-0.012016205488326596,5.6282984800039895,0.0,-0.02389209247165695,0.014510725913793472,-0.007537109862813239,3.6158324920259863,0.0,0.17592620849609375,-0.0061054229736328125,0.19953949009307342,1.4945068359375,0.0,0.06586408615112305,-0.0061054229736328125,0.09848446545638564,2.0219802856445312,0.0,0.020612716674804688,0.0061054229736328125,0.015961729444374625,-0.08791351318359375,0.0,-0.24610471725463867,-0.018314361572265625,-0.2547220912372777,-0.380950927734375,0.0,0.021571636199951172,0.0061054229736328125,0.005041610286228009,-0.26373291015625,0.0,0.01544952392578125,-0.0073261260986328125,0.003369795347404111,-0.14847373962402344,0.0,-0.053215980529785156,-0.0073261260986328125,-0.02969424015481357,0.22661972045898438,0.0,0.1509990692138672,0.03052520751953125,0.16753634545552085,1.0256423950195312,0.0,-0.09251689910888672,-0.0061054229736328125,-0.11378858924987714,-1.4945068359375,0.0,-0.06087923049926758,0.07936477661132812,-0.05322581840062007,0.20513153076171875,0.0,-0.22750520706176758,-0.04273414611816406,-0.2372259155702998,-0.20513153076171875,0.0,0.023680686950683594,0.0061054229736328125,0.006556035960002563,-0.3223419189453125,0.0,0.02040863037109375,0.0073261260986328125,0.004717713486365756,-0.13284683227539062,0.0,0.06847476959228516,-0.0073261260986328125,0.039922758373719426,-0.3203907012939453,0.0,-0.08547282218933105,0.082855224609375,-0.0716904633392791,0.004273504018783569,0.0,0.0,0.0,0.0,0.0,0.0,nan,nan,nan,nan,nan,nan,nan,nan,nan,nan,0.06018507640688709,0.12048710882663727,-0.059710558503866196,-0.9909175038337708,-0.013030010275542736,-0.02359005995094776,0.018063219264149666,nan
3.9810,1789426379.2593,ramp,0,0.034705,0.01186494961833195,-0.014786993893204809,0.014444076532748878,-0.021841473877429962,-0.038791168481111526,0.11313842236995697,-0.9925814270973206,-0.2407360076904297,-0.0061054229736328125,-0.20830193902512212,6.886444091796875,0.0,0.09750223159790039,-0.04273414611816406,0.0335087673205136,-14.036628723144531,0.0,-0.003547191619873047,-0.0061054229736328125,0.002246868501512676,1.5531158447265625,0.0,0.42212677001953125,-0.018314361572265625,0.40271169835932497,-4.24908447265625,0.0,-0.2719902992248535,0.03052520751953125,-0.19775095706868703,5.010986328125,0.0,-0.11418437957763672,0.03052520751953125,-0.027881635250962475,3.7802200317382812,0.0,-0.12453842163085938,0.0061054229736328125,-0.18677025094315505,-13.626373291015625,0.0,-0.022338390350341797,-0.03052520751953125,0.009437216985376886,7.003662109375,0.0,0.06222105026245117,-0.0061054229736328125,0.022137305680748565,-8.586074829101562,0.0,0.45261335372924805,0.0061054229736328125,0.4038449962471603,-10.578750610351562,0.0,-0.4188666343688965,0.0061054229736328125,-0.2208066985527225,12.864471435546875,0.0,0.039403438568115234,0.03052520751953125,0.005763959665681473,-1.377288818359375,0.0,-0.012942790985107422,-0.0061054229736328125,-0.0026767870279904267,2.0805892944335938,0.0,-0.038837868351438654,0.017934707872886084,-0.01178185787572636,5.468084091893168,0.0,-0.02359270214475849,0.014349029754315162,-0.007390116396034405,3.6133481180002485,0.0,0.17592620849609375,-0.0061054229736328125,0.19954847130563524,1.4945068359375,0.0,0.06586408615112305,-0.0061054229736328125,0.09851402239527615,2.0219802856445312,0.0,0.02042102813720703,-0.0061054229736328125,0.015650433736932375,-0.14652252197265625,0.0,-0.24706315994262695,-0.018314361572265625,-0.25560512978268407,-0.380950927734375,0.0,0.021571636199951172,0.0061054229736328125,0.004943285624970668,-0.26373291015625,0.0,0.01544952392578125,-0.0073261260986328125,0.003304075474738592,-0.14847373962402344,0.0,-0.052834510803222656,0.0073261260986328125,-0.029115124368634736,0.22661972045898438,0.0,0.1513824462890625,0.03052520751953125,0.168169472164662,1.1428604125976562,0.0,-0.09251689910888672,-0.0061054229736328125,-0.11351967552118233,-1.4945068359375,0.0,-0.059345245361328125,0.07936477661132812,-0.05218777494480563,0.20513153076171875,0.0,-0.2282719612121582,-0.04273414611816406,-0.23845017556046044,-0.20513153076171875,0.0,0.023488998413085938,0.0061054229736328125,0.006428176014794364,-0.3223419189453125,0.0,0.02040863037109375,0.0073261260986328125,0.004625705664634028,-0.14847564697265625,0.0,0.06847476959228516,-0.021978378295898438,0.039144159578751565,-0.3203907012939453,0.0,-0.08413028717041016,0.05830574035644531,-0.07029231074060009,0.005982905626296997,0.0,0.0,0.0,0.0,0.0,0.0,nan,nan,nan,nan,nan,nan,nan,nan,nan,nan,0.06009203919024134,0.11975733190774918,-0.05962366983294487,-0.9910112023353577,-0.0034752103965729475,-0.032334573566913605,0.0207867082208395,nan
4.0010,1789426379.2792,ramp,0,0.034875,0.007275490822284771,-0.012145597903253163,0.01153236969215419,-0.021902378648519516,-0.038624778389930725,0.11300335079431534,-0.9926019310951233,-0.2407360076904297,-0.0061054229736328125,-0.20813913520331834,7.003662109375,0.0,0.09692716598510742,-0.04273414611816406,0.03285164886594881,-13.802200317382812,0.0,-0.003738880157470703,-0.0061054229736328125,0.0022028066372488586,1.5531158447265625,0.0,0.4219346046447754,-0.0061054229736328125,0.4026585211385293,-4.131866455078125,0.0,-0.2716069221496582,0.03052520751953125,-0.19779506163271063,4.893775939941406,0.0,-0.1138005256652832,0.03052520751953125,-0.027334866792081105,3.8388290405273438,0.0,-0.12453842163085938,0.0061054229736328125,-0.18702969093179223,-13.450546264648438,0.0,-0.022913455963134766,-0.04273414611816406,0.009252149913780164,7.1794891357421875,0.0,0.062029361724853516,-0.0061054229736328125,0.02170318550085593,-8.644683837890625,0.0,0.45261335372924805,0.0061054229736328125,0.40376959466491635,-10.75457763671875,0.0,-0.41867494583129883,0.0061054229736328125,-0.2203986720947983,12.864471435546875,0.0,0.03978681564331055,0.03052520751953125,0.005650926433767638,-1.4358978271484375,0.0,-0.012942790985107422,-0.0061054229736328125,-0.002624294313525358,1.9633712768554688,0.0,-0.038273455719477496,0.022415275722360774,-0.01155081158968588,5.544669370072377,0.0,-0.02329571572023892,0.019174598297384632,-0.007245193671221334,3.538788851699429,0.0,0.17592620849609375,-0.0061054229736328125,0.1995573259971063,1.4945068359375,0.0,0.06586408615112305,-0.0061054229736328125,0.09854316295652023,2.0805892944335938,0.0,0.020229339599609375,0.0061054229736328125,0.015343523347418113,-0.08791351318359375,0.0,-0.24763870239257812,-0.03052520751953125,-0.25647572869377594,-0.380950927734375,0.0,0.021571636199951172,0.0061054229736328125,0.004846346093316679,-0.3223419189453125,0.0,0.01544952392578125,-0.0073261260986328125,0.0032392814180381988,-0.14847373962402344,0.0,-0.052834510803222656,0.0073261260986328125,-0.02854416676382107,0.22661972045898438,0.0,0.15176630020141602,0.03052520751953125,0.16879367982403176,1.1428604125976562,0.0,-0.09232521057128906,-0.0061054229736328125,-0.11325455006250648,-1.4358978271484375,0.0,-0.05838632583618164,0.06715583801269531,-0.051164354724930465,0.26373291015625,0.0,-0.22884750366210938,-0.04273414611816406,-0.23965718902535585,-0.26373291015625,0.0,0.023488998413085938,0.0061054229736328125,0.006302117271776199,-0.3223419189453125,0.0,0.02040863037109375,0.0073261260986328125,0.004534993985253478,-0.14847564697265625,0.0,0.06809329986572266,-0.03663063049316406,0.03837652914336161,-0.3203907012939453,0.0,-0.08278822898864746,0.082855224609375,-0.06891385434559645,0.0030525028705596924,0.0,0.0,0.0,0.0,0.0,0.0,nan,nan,nan,nan,nan,nan,nan,nan,nan,nan,0.0599479047015983,0.11888033896684647,-0.05948714539408684,-0.9911249876022339,-0.012785123661160469,-0.03412633389234543,0.017453618347644806,nan
4.0212,1789426379.2995,ramp,0,0.035049,0.004832831668234339,-0.007097448100439966,0.011831014080082154,-0.021968575194478035,-0.03848323971033096,0.11287079751491547,-0.9926210641860962,-0.2407360076904297,-0.0061054229736328125,-0.20797455183729066,7.1794891357421875,0.0,0.0961599349975586,-0.04273414611816406,0.032187347709299645,-13.919410705566406,0.0,-0.003930568695068359,-0.0061054229736328125,0.002158263150163325,1.4945068359375,0.0,0.42174291610717773,-0.0061054229736328125,0.4026047626585527,-4.131866455078125,0.0,-0.27103137969970703,0.03052520751953125,-0.19783964828629017,4.835166931152344,0.0,-0.11322546005249023,0.03052520751953125,-0.02678212182329959,3.7802200317382812,0.0,-0.12453842163085938,0.0061054229736328125,-0.18729196675639503,-13.5091552734375,0.0,-0.023488998413085938,-0.04273414611816406,0.009065059947176197,7.296699523925781,0.0,0.0616459846496582,-0.0061054229736328125,0.02126432012487373,-8.703292846679688,0.0,0.45261335372924805,0.0061054229736328125,0.4036933688977813,-10.637359619140625,0.0,-0.4182910919189453,0.0061054229736328125,-0.2199861856609452,12.923080444335938,0.0,0.040554046630859375,0.03052520751953125,0.005536657680274958,-1.4945068359375,0.0,-0.012942790985107422,-0.0061054229736328125,-0.002571227821947528,2.139190673828125,0.0,-0.03792196812171838,0.017884664006137255,-0.011317239828019503,5.4624780067784,0.0,-0.02291769649200251,0.024166995258527054,-0.0070986868533876556,3.463852075848239,0.0,0.17592620849609375,-0.0061054229736328125,0.19956627747570976,1.5531158447265625,0.0,0.06586408615112305,-0.0061054229736328125,0.09857262204172072,2.0219802856445312,0.0,0.02003765106201172,-0.0061054229736328125,0.015033258241750063,-0.14652252197265625,0.0,-0.24783039093017578,-0.018314361572265625,-0.257355843777439,-0.4981689453125,0.0,0.021571636199951172,0.0061054229736328125,0.004748346953959951,-0.3223419189453125,0.0,0.01544952392578125,-0.0073261260986328125,0.003173779123115482,-0.14847373962402344,0.0,-0.052453041076660156,0.0073261260986328125,-0.027966968247114435,0.22661972045898438,0.0,0.15234136581420898,0.03052520751953125,0.16942471045059246,1.0842514038085938,0.0,-0.0921335220336914,-0.0061054229736328125,-0.11298652662223929,-1.4945068359375,0.0,-0.0572357177734375,0.06715583801269531,-0.05012974790316424,0.20513153076171875,0.0,-0.2296142578125,-0.05494499206542969,-0.24087739587733378,-0.20513153076171875,0.0,0.023488998413085938,0.0061054229736328125,0.006174680630465968,-0.3223419189453125,0.0,0.02040863037109375,0.0073261260986328125,0.0044432907723616745,-0.13284683227539062,0.0,0.06733036041259766,-0.03663063049316406,0.037600508043107495,-0.3203907012939453,0.0,-0.08125424385070801,0.09512996673583984,-0.06752033058860833,0.002319902181625366,0.0,0.0,0.0,0.0,0.0,0.0,nan,nan,nan,nan,nan,nan,nan,nan,nan,nan,0.05973227761482199,0.11826571077108383,-0.05927781015634537,-0.9912110567092896,-0.020092999562621117,-0.024451127275824547,0.017354339361190796,nan
4.0404,1789426379.3186,ramp,0,0.035165,0.005395484265608374,-0.008686256197118963,0.013413401981969187,-0.022011416032910347,-0.03838888928294182,0.11275943368673325,-0.9926364421844482,-0.2407360076904297,-0.0061054229736328125,-0.2078181576139982,7.0622711181640625,0.0,0.09558486938476562,-0.04273414611816406,0.03155610005691552,-13.802200317382812,0.0,-0.004122257232666016,-0.0061054229736328125,0.0021159360047559965,1.4358978271484375,0.0,0.42174291610717773,-0.0061054229736328125,0.4025536790288747,-4.366302490234375,0.0,-0.2708396911621094,0.03052520751953125,-0.19788201645036457,4.776557922363281,0.0,-0.11265039443969727,0.03052520751953125,-0.026256879679103312,3.8388290405273438,0.0,-0.12453842163085938,0.0061054229736328125,-0.18754119257348192,-13.74359130859375,0.0,-0.024255752563476562,-0.04273414611816406,0.008887278979882545,7.23809814453125,0.0,0.06145429611206055,-0.0061054229736328125,0.020847291288586825,-8.586074829101562,0.0,0.45261335372924805,0.0061054229736328125,0.4036209358814098,-10.695968627929688,0.0,-0.41809940338134766,-0.0061054229736328125,-0.219594223234862,12.981689453125,0.0,0.041129112243652344,0.03052520751953125,0.005428074575065629,-1.4945068359375,0.0,-0.012942790985107422,-0.0061054229736328125,-0.0025208017495352243,2.25640869140625,0.0,-0.03749907851609427,0.013408629865263116,-0.011095289851357045,5.383069674286884,0.0,-0.02261746490817508,0.01935924196161926,-0.006959469746974245,3.5349321029615375,0.0,0.17592620849609375,-0.0061054229736328125,0.1995747835573224,1.4358978271484375,0.0,0.06586408615112305,-0.0061054229736328125,0.09860061533691232,2.0805892944335938,0.0,0.019845962524414062,-0.0061054229736328125,0.01473843093698126,-0.08791351318359375,0.0,-0.24783039093017578,-0.03052520751953125,-0.2581921671449799,-0.4395599365234375,0.0,0.021571636199951172,0.0061054229736328125,0.004655223938840363,-0.3223419189453125,0.0,0.01544952392578125,-0.0073261260986328125,0.0031115360132219143,-0.14847373962402344,0.0,-0.051690101623535156,0.021978378295898438,-0.02741848928545113,0.22661972045898438,0.0,0.15253305435180664,0.03052520751953125,0.1700243430082237,1.2014617919921875,0.0,-0.0921335220336914,0.0061054229736328125,-0.11273183917248983,-1.4945068359375,0.0,-0.05608558654785156,0.07936477661132812,-0.04914661981307504,0.20513153076171875,0.0,-0.23057317733764648,-0.05494499206542969,-0.24203688913280152,-0.26373291015625,0.0,0.02329730987548828,0.0061054229736328125,0.0060535848294883295,-0.3223419189453125,0.0,0.02040863037109375,0.0073261260986328125,0.00435615041851068,-0.14847564697265625,0.0,0.06656742095947266,-0.03663063049316406,0.03686309927476078,-0.3203907012939453,0.0,-0.08000779151916504,0.05216789245605469,-0.06619614412387688,0.009401708841323853,0.0,0.0,0.0,0.0,0.0,0.0,nan,nan,nan,nan,nan,nan,nan,nan,nan,nan,0.05953563677843681,0.11766866594552994,-0.0590871162712574,-0.9912934899330139,-0.014744844287633896,-0.021600287407636642,0.01917876861989498,nan
4.0609,1789426379.3391,ramp,0,0.035357,0.0066577133910893475,-0.0030722845312048074,0.010487660490489242,-0.022090183570981026,-0.038275346159935,0.11262968182563782,-0.9926537275314331,-0.2407360076904297,-0.0061054229736328125,-0.20765108454483713,7.0622711181640625,0.0,0.0948176383972168,-0.04273414611816406,0.03088174981261455,-13.860809326171875,0.0,-0.004313945770263672,-0.0061054229736328125,0.0020707186946587776,1.611724853515625,0.0,0.4215512275695801,-0.0061054229736328125,0.4024991073278583,-4.3076934814453125,0.0,-0.27045631408691406,0.03052520751953125,-0.1979272775799486,4.835166931152344,0.0,-0.1120748519897461,0.04273414611816406,-0.025695773167390877,3.7802200317382812,0.0,-0.12453842163085938,0.0061054229736328125,-0.1878074359250475,-13.391937255859375,0.0,-0.024831295013427734,-0.04273414611816406,0.008697358845884831,7.706962585449219,0.0,0.06126260757446289,-0.0061054229736328125,0.02040178706125468,-8.76190185546875,0.0,0.45261335372924805,0.0061054229736328125,0.4035435570236808,-10.5201416015625,0.0,-0.41790771484375,-0.0061054229736328125,-0.21917549699201944,12.981689453125,0.0,0.04170417785644531,0.03052520751953125,0.005312077243038626,-1.611724853515625,0.0,-0.012942790985107422,-0.0061054229736328125,-0.0024669325048387192,2.0805892944335938,0.0,-0.03707697949407645,0.013411742720366744,-0.010858184777905075,5.378791368705908,0.0,-0.02216312318789984,0.019370427833748524,-0.006810746675504303,3.3872142910794016,0.0,0.17592620849609375,-0.0061054229736328125,0.19958387044769238,1.4358978271484375,0.0,0.06586408615112305,-0.0061054229736328125,0.09863052005874368,2.0805892944335938,0.0,0.019845962524414062,0.0061054229736328125,0.014423472355754802,0.26373291015625,0.0,-0.24802207946777344,-0.03052520751953125,-0.2590855959998608,-0.4395599365234375,0.0,0.021571636199951172,0.0061054229736328125,0.004555742336399926,-0.3223419189453125,0.0,0.01544952392578125,-0.0073261260986328125,0.0030450428449633853,-0.14847373962402344,0.0,-0.051308631896972656,0.021978378295898438,-0.02683255930948265,0.22661972045898438,0.0,0.1527247428894043,0.018314361572265625,0.17066491942890774,1.2014617919921875,0.0,-0.09194183349609375,0.0061054229736328125,-0.11245976125931224,-1.4945068359375,0.0,-0.05493497848510742,0.07936477661132812,-0.048096362176112996,0.20513153076171875,0.0,-0.23153162002563477,-0.05494499206542969,-0.24327555442864357,-0.26373291015625,0.0,0.02329730987548828,0.0061054229736328125,0.005924220414959941,-0.3223419189453125,0.0,0.02002716064453125,0.0073261260986328125,0.004263059982948739,-0.14847564697265625,0.0,0.06580448150634766,-0.05128288269042969,0.036075339064950626,-0.3203907012939453,0.0,-0.07856965065002441,0.07671833038330078,-0.06478154010496436,0.0032967031002044678,0.0,0.0,0.0,0.0,0.0,0.0,nan,nan,nan,nan,nan,nan,nan,nan,nan,nan,0.059261528899975005,0.11704294383525848,-0.05881977453827858,-0.9913834929466248,-0.013304396532475948,-0.016080008819699287,0.016180099919438362,nan
4.0809,1789426379.3592,ramp,0,0.035564,0.007244405698639202,-0.006008415991976614,0.014190248152539902,-0.02217797562479973,-0.03817630931735039,0.11250489950180054,-0.9926698207855225,-0.2407360076904297,-0.0061054229736328125,-0.20748827733379283,7.003662109375,0.0,0.09405088424682617,-0.04273414611816406,0.030224617678195932,-13.74359130859375,0.0,-0.004313945770263672,-0.0061054229736328125,0.0020266559131176284,1.5531158447265625,0.0,0.4213595390319824,-0.0061054229736328125,0.40244592900002235,-4.366302490234375,0.0,-0.27007293701171875,0.018314361572265625,-0.19797138306213846,4.776557922363281,0.0,-0.11149978637695312,0.04273414611816406,-0.025148993325915484,3.8388290405273438,0.0,-0.12453842163085938,0.0061054229736328125,-0.1880668813146913,-13.802200317382812,0.0,-0.02559804916381836,-0.04273414611816406,0.008512287921572558,7.589744567871094,0.0,0.06087923049926758,-0.0061054229736328125,0.019967657843873353,-8.703292846679688,0.0,0.45261335372924805,0.0061054229736328125,0.4034681538717311,-10.637359619140625,0.0,-0.41790771484375,-0.0061054229736328125,-0.21876746203982414,12.923080444335938,0.0,0.042279720306396484,0.03052520751953125,0.005199041658005532,-1.611724853515625,0.0,-0.012942790985107422,-0.0061054229736328125,-0.002414438697583369,2.25640869140625,0.0,-0.03665414595886318,0.017894817038498635,-0.01062713368195643,5.377520600282725,0.0,-0.0218626227192225,0.024206080428980255,-0.006665820933698362,3.3857386345620606,0.0,0.17592620849609375,-0.0061054229736328125,0.19959272532349986,1.4358978271484375,0.0,0.06586408615112305,-0.0061054229736328125,0.09865966122663426,2.0805892944335938,0.0,0.019462108612060547,-0.0061054229736328125,0.014116555576997872,-0.08791351318359375,0.0,-0.24802207946777344,-0.06715583801269531,-0.25995621303503025,-0.4981689453125,0.0,0.021571636199951172,0.0061054229736328125,0.004458800786664397,-0.3223419189453125,0.0,0.01544952392578125,-0.0073261260986328125,0.002980247439384082,-0.14847373962402344,0.0,-0.050927162170410156,0.0073261260986328125,-0.026261589818506723,0.22661972045898438,0.0,0.15291643142700195,0.018314361572265625,0.17128914008299634,1.26007080078125,0.0,-0.09194183349609375,-0.0061054229736328125,-0.11219463028126997,-1.4945068359375,0.0,-0.05320930480957031,0.09157562255859375,-0.04707292065073513,0.14652252197265625,0.0,-0.23249053955078125,-0.05494499206542969,-0.24448259302107522,-0.26373291015625,0.0,0.02329730987548828,0.0061054229736328125,0.0057981590476581845,-0.26373291015625,0.0,0.02002716064453125,0.0073261260986328125,0.004172346415137715,-0.14847564697265625,0.0,0.06466007232666016,-0.08058547973632812,0.035307692649074844,-0.3047618865966797,0.0,-0.07732343673706055,0.06444263458251953,-0.06340305501333553,0.008180707693099976,0.0,0.0,0.0,0.0,0.0,0.0,nan,nan,nan,nan,nan,nan,nan,nan,nan,nan,0.059156646045656465,0.1164446696639061,-0.058719951659440994,-0.991459846496582,-0.017778854817152023,-0.023363441228866577,0.019792435690760612,nan
4.1008,1789426379.3791,ramp,0,0.035729,0.011695924193490583,-0.005697046687465116,0.0019419699148418373,-0.022248011082410812,-0.0381002314388752,0.11240085959434509,-0.992682933807373,-0.2407360076904297,-0.0061054229736328125,-0.2073259039367597,7.120880126953125,0.0,0.09328365325927734,-0.04273414611816406,0.029569236529653754,-13.802200317382812,0.0,-0.004313945770263672,0.0061054229736328125,0.0019827105407003286,1.5531158447265625,0.0,0.42116785049438477,-0.0061054229736328125,0.40239289237047826,-4.1904754638671875,0.0,-0.2698812484741211,0.018314361572265625,-0.19801537102142489,4.717948913574219,0.0,-0.11111640930175781,0.03052520751953125,-0.024603670427008863,3.7802200317382812,0.0,-0.12453842163085938,0.0061054229736328125,-0.18832563538946978,-13.919418334960938,0.0,-0.026173114776611328,-0.04273414611816406,0.008327710134876964,7.589744567871094,0.0,0.06049537658691406,-0.04273414611816406,0.01953468540164936,-8.293045043945312,0.0,0.45261335372924805,0.0061054229736328125,0.4033929516380552,-10.75457763671875,0.0,-0.41771602630615234,-0.0061054229736328125,-0.21836051433234108,12.981689453125,0.0,0.04285478591918945,0.05494499206542969,0.005086307266145867,-1.611724853515625,0.0,-0.012942790985107422,-0.0061054229736328125,-0.002362084764655099,2.1977996826171875,0.0,-0.03623172565732375,0.013417277259694207,-0.010396698241801422,5.2927662309644745,0.0,-0.02140753631527576,0.019391280371743907,-0.006521281359169508,3.164783248900254,0.0,0.17592620849609375,0.0061054229736328125,0.1996015566047186,1.4358978271484375,0.0,0.06586408615112305,-0.0061054229736328125,0.0986887247453418,2.0805892944335938,0.0,0.019462108612060547,0.0061054229736328125,0.013810456604762185,-0.08791351318359375,0.0,-0.2482137680053711,-0.05494499206542969,-0.26082451023518854,-0.4981689453125,0.0,0.021571636199951172,0.0061054229736328125,0.004362117546141789,-0.3223419189453125,0.0,0.01544952392578125,-0.0073261260986328125,0.002915624686813337,-0.14847373962402344,0.0,-0.050927162170410156,-0.0073261260986328125,-0.02569214172553009,0.24224853515625,0.0,0.1531081199645996,0.018314361572265625,0.1719116974467178,1.26007080078125,0.0,-0.0917501449584961,0.0061054229736328125,-0.11193020576783907,-1.4945068359375,0.0,-0.05167531967163086,0.07936477661132812,-0.0460522061745494,0.14652252197265625,0.0,-0.23344945907592773,-0.06715583801269531,-0.2456864153539192,-0.26373291015625,0.0,0.02329730987548828,0.0061054229736328125,0.005672433581862607,-0.3223419189453125,0.0,0.02002716064453125,0.0073261260986328125,0.0040818745615386716,-0.14847564697265625,0.0,0.06275272369384766,-0.09523773193359375,0.034542091694015675,-0.27350425720214844,0.0,-0.07588529586791992,0.08899307250976562,-0.06202824301544219,0.0030525028705596924,0.0,0.0,0.0,0.0,0.0,0.0,nan,nan,nan,nan,nan,nan,nan,nan,nan,nan,0.05885498624532601,0.11589180678129196,-0.05842467024922371,-0.9915420413017273,-0.008011233061552048,-0.018969353288412094,0.007888789288699627,nan
4.1209,1789426379.3993,ramp,0,0.035811,0.004054119724454616,-0.0017269455342132966,-0.02592928746766265,-0.022288741543889046,-0.03803950548171997,0.11255578696727753,-0.9926667809486389,-0.24092769622802734,-0.0061054229736328125,-0.2071621222227187,7.120880126953125,0.0,0.09251689910888672,-0.03052520751953125,0.028908171048363667,-13.684982299804688,0.0,-0.004506111145019531,0.018314361572265625,0.00193838401584966,1.5531158447265625,0.0,0.42116785049438477,-0.0061054229736328125,0.4023393957370862,-4.0146484375,0.0,-0.26968908309936523,0.0061054229736328125,-0.19805974050251435,4.776557922363281,0.0,-0.11054134368896484,0.03052520751953125,-0.02405361776616244,3.7802200317382812,0.0,-0.12453842163085938,-0.0061054229736328125,-0.18858663372205797,-13.74359130859375,0.0,-0.026940345764160156,-0.05494499206542969,0.008141531445317771,7.882781982421875,0.0,0.05800294876098633,-0.11599540710449219,0.019097957649347023,-7.76556396484375,0.0,0.45261335372924805,0.0061054229736328125,0.4033170971510752,-10.5201416015625,0.0,-0.41771602630615234,0.0061054229736328125,-0.21795003703572433,12.981689453125,0.0,0.04362201690673828,0.04273414611816406,0.004972595092430729,-1.6703262329101562,0.0,-0.012751102447509766,0.018314361572265625,-0.0023092767491275845,2.25640869140625,0.0,-0.03580939849580107,0.017902814701063908,-0.010164264160517257,5.210593268486652,0.0,-0.020952335804188097,0.02423490321707013,-0.006375488146145419,3.0898524811976267,0.0,0.17592620849609375,0.0061054229736328125,0.19961046448249667,1.4945068359375,0.0,0.06586408615112305,-0.0061054229736328125,0.09871804034135048,2.0219802856445312,0.0,0.01927042007446289,-0.0061054229736328125,0.013501702737102895,-0.14652252197265625,0.0,-0.24936437606811523,-0.07936477661132812,-0.26170033845789875,-0.4395599365234375,0.0,0.021571636199951172,0.0061054229736328125,0.004264595740592556,-0.3223419189453125,0.0,0.01544952392578125,-0.0073261260986328125,0.0028504414402010484,-0.14847373962402344,0.0,-0.050545692443847656,-0.0073261260986328125,-0.02511775462499985,0.24224853515625,0.0,0.1531081199645996,0.018314361572265625,0.1725396544518814,1.3186798095703125,0.0,-0.09136629104614258,0.0061054229736328125,-0.11166348781504944,-1.4358978271484375,0.0,-0.05052471160888672,0.06715583801269531,-0.04502263871146261,0.14652252197265625,0.0,-0.2349834442138672,-0.07936477661132812,-0.24690067882734903,-0.20513153076171875,0.0,0.02329730987548828,0.0061054229736328125,0.005545617658424086,-0.3223419189453125,0.0,0.02002716064453125,0.0073261260986328125,0.003990618016281468,-0.14847564697265625,0.0,0.061608314514160156,-0.05128288269042969,0.033769850434165395,-0.28913307189941406,0.0,-0.07425546646118164,0.07671833038330078,-0.060641506828274835,0.002319902181625366,0.0,0.0,0.0,0.0,0.0,0.0,nan,nan,nan,nan,nan,nan,nan,nan,nan,nan,0.058448368894620566,0.11538441479206085,-0.05802493542432785,-0.9916247129440308,-0.019496683031320572,-0.019925642758607864,-0.04490768909454346,nan
4.1404,1789426379.4186,ramp,0,0.035868,0.009383919618489707,-0.013439644521679476,0.0022190675350382163,-0.02231914922595024,-0.03801950812339783,0.11266245692968369,-0.9926548004150391,-0.24092769622802734,-0.0061054229736328125,-0.20700358790082907,7.23809814453125,0.0,0.09194183349609375,-0.04273414611816406,0.02826828540292,-13.919410705566406,0.0,-0.004506111145019531,0.0061054229736328125,0.0018954776657722186,1.4945068359375,0.0,0.42116785049438477,-0.0061054229736328125,0.4022876130790048,-4.3076934814453125,0.0,-0.2694973945617676,0.018314361572265625,-0.19810268843255835,4.717948913574219,0.0,-0.11015748977661133,0.04273414611816406,-0.023521188208311623,3.8388290405273438,0.0,-0.12453842163085938,0.0061054229736328125,-0.18883926994529865,-14.329666137695312,0.0,-0.02770709991455078,-0.05494499206542969,0.007961317723215764,7.9413909912109375,0.0,0.055893898010253906,-0.10378456115722656,0.018675222190342608,-7.296699523925781,0.0,0.45261335372924805,0.0061054229736328125,0.4032436729612865,-10.637359619140625,0.0,-0.41733264923095703,-0.0061054229736328125,-0.21755271099568818,13.040298461914062,0.0,0.04419708251953125,0.03052520751953125,0.004862526135978012,-1.6703262329101562,0.0,-0.01236724853515625,-0.0061054229736328125,-0.002258160646325668,2.0805892944335938,0.0,-0.035457542600493795,0.022439192965588398,-0.009939277020309344,5.211661563780133,0.0,-0.020572928002916768,0.019265978285919583,-0.006234365992807198,3.234384514132266,0.0,0.1761178970336914,0.0061054229736328125,0.19961908696133257,1.4945068359375,0.0,0.06586408615112305,-0.0061054229736328125,0.09874641669680165,2.0805892944335938,0.0,0.019078731536865234,-0.0061054229736328125,0.013202841015409552,-0.20513153076171875,0.0,-0.2508983612060547,-0.09157562255859375,-0.2625481060746453,-0.380950927734375,0.0,0.021571636199951172,0.0061054229736328125,0.004170198430106882,-0.3223419189453125,0.0,0.01544952392578125,-0.0073261260986328125,0.0027873465955735232,-0.16410255432128906,0.0,-0.050545692443847656,-0.0073261260986328125,-0.024561770277064996,0.2578773498535156,0.0,0.15330028533935547,0.018314361572265625,0.17314749238160637,1.377288818359375,0.0,-0.09136629104614258,0.0061054229736328125,-0.11140531522216325,-1.4358978271484375,0.0,-0.04956626892089844,0.06715583801269531,-0.04402605749630158,0.14652252197265625,0.0,-0.23651742935180664,-0.09157562255859375,-0.24807603858886312,-0.08791351318359375,0.0,0.023105621337890625,0.0061054229736328125,0.005422864782470512,-0.3223419189453125,0.0,0.02002716064453125,0.0073261260986328125,0.003902285233802933,-0.14847564697265625,0.0,0.060845375061035156,-0.0659332275390625,0.033022350964017316,-0.28913307189941406,0.0,-0.0731048583984375,0.07058048248291016,-0.059299200195573366,0.0079365074634552,0.0,0.0,0.0,0.0,0.0,0.0,nan,nan,nan,nan,nan,nan,nan,nan,nan,nan,0.05807256912466605,0.11503349989652634,-0.057654641568660736,-0.9916870594024658,-0.010406646877527237,-0.03570437431335449,0.008248605765402317,nan
4.1608,1789426379.4396,ramp,0,0.036056,0.013289985271390031,-0.0035613035852557298,0.005930457672699699,-0.02240327186882496,-0.03793476149439812,0.11264113336801529,-0.9926585555076599,-0.24092769622802734,-0.0061054229736328125,-0.20683699296645042,7.355308532714844,0.0,0.09098291397094727,-0.04273414611816406,0.027595865034624554,-13.626373291015625,0.0,-0.004506111145019531,0.0061054229736328125,0.0018503897599460417,1.4945068359375,0.0,0.42116785049438477,-0.0061054229736328125,0.40223319755293946,-4.24908447265625,0.0,-0.2694973945617676,0.018314361572265625,-0.1981478200324674,4.776557922363281,0.0,-0.1093907356262207,0.03052520751953125,-0.022961687488252183,3.7802200317382812,0.0,-0.12453842163085938,0.0061054229736328125,-0.1891047513535563,-13.97802734375,0.0,-0.028666019439697266,-0.04273414611816406,0.007771941108424376,8.293045043945312,0.0,0.053592681884765625,-0.10378456115722656,0.018230992920535802,-7.0622711181640625,0.0,0.4528055191040039,0.0061054229736328125,0.4031665155487221,-10.637359619140625,0.0,-0.4171409606933594,-0.0061054229736328125,-0.21713518307632182,13.040298461914062,0.0,0.04477214813232422,0.03052520751953125,0.004746860768638016,-1.7289352416992188,0.0,-0.012175559997558594,-0.0061054229736328125,-0.002204445566269353,2.0805892944335938,0.0,-0.03482235382017734,0.017910395847485657,-0.009702850501356181,5.129496548269164,0.0,-0.02019761332705807,0.02426442202835432,-0.006086068541539106,3.159073009301979,0.0,0.17630958557128906,-0.0061054229736328125,0.19962814784656374,1.377288818359375,0.0,0.06586408615112305,-0.0061054229736328125,0.09877623583639202,2.0805892944335938,0.0,0.018887042999267578,-0.018314361572265625,0.012888783792214442,-0.08791351318359375,0.0,-0.2530074119567871,-0.128204345703125,-0.2634389780877007,-0.26373291015625,0.0,0.021571636199951172,0.0061054229736328125,0.004071001527137029,-0.3223419189453125,0.0,0.01544952392578125,-0.0073261260986328125,0.0027210437194829557,-0.16410255432128906,0.0,-0.050545692443847656,-0.0073261260986328125,-0.023977517133293276,0.2578773498535156,0.0,0.15330028533935547,0.03052520751953125,0.17378623558123885,1.377288818359375,0.0,-0.09098291397094727,0.0061054229736328125,-0.11113401594981913,-1.4358978271484375,0.0,-0.04879903793334961,0.05494499206542969,-0.042978805518535654,0.20513153076171875,0.0,-0.23881816864013672,-0.10378456115722656,-0.24931115903474996,-0.08791351318359375,0.0,0.023105621337890625,0.0061054229736328125,0.005293870586951722,-0.3223419189453125,0.0,0.02002716064453125,0.0073261260986328125,0.0038094612072761378,-0.14847564697265625,0.0,0.059319496154785156,-0.08058547973632812,0.03223684519029563,-0.27350425720214844,0.0,-0.07147502899169922,0.07671833038330078,-0.05788864453339606,0.004029303789138794,0.0,0.0,0.0,0.0,0.0,0.0,nan,nan,nan,nan,nan,nan,nan,nan,nan,nan,0.05784853346437349,0.11426784843206406,-0.05743757635354996,-0.9917881488800049,-0.011435844004154205,-0.021213538944721222,0.011720879003405571,nan
4.1811,1789426379.4594,ramp,0,0.036177,0.0034611617062619694,-0.010282244425768167,-0.005451813763704102,-0.022459160536527634,-0.03788239508867264,0.11265985667705536,-0.9926571846008301,-0.24092769622802734,-0.0061054229736328125,-0.20667192546930085,7.120880126953125,0.0,0.0904078483581543,-0.04273414611816406,0.026929609799188407,-13.74359130859375,0.0,-0.004506111145019531,0.0061054229736328125,0.001805715245716658,1.4945068359375,0.0,0.42116785049438477,-0.0061054229736328125,0.4021792809394051,-4.24908447265625,0.0,-0.2694973945617676,0.018314361572265625,-0.19819253784016738,4.717948913574219,0.0,-0.10881567001342773,0.03052520751953125,-0.022407316589412744,3.7802200317382812,0.0,-0.12453842163085938,0.0061054229736328125,-0.18936779867707956,-13.97802734375,0.0,-0.02943277359008789,-0.04273414611816406,0.007584300806281566,8.23443603515625,0.0,0.05110025405883789,-0.05494499206542969,0.017790836597649524,-6.710624694824219,0.0,0.4528055191040039,0.0061054229736328125,0.4030900655592549,-10.75457763671875,0.0,-0.4171409606933594,-0.0061054229736328125,-0.21672148329068955,13.157516479492188,0.0,0.04553937911987305,0.03052520751953125,0.004632255887253672,-1.7875442504882812,0.0,-0.012175559997558594,-0.0061054229736328125,-0.0021512229766560854,2.3150177001953125,0.0,-0.0343992049358244,0.022446667536359002,-0.00946859167536643,5.047799528057201,0.0,-0.019895909751516727,0.01929435140042988,-0.0059391307657550895,3.0844385095535305,0.0,0.17650127410888672,-0.0061054229736328125,0.1996371256564392,1.4358978271484375,0.0,0.06586408615112305,-0.0061054229736328125,0.09880578157712953,2.0219802856445312,0.0,0.018503665924072266,-0.0061054229736328125,0.012577606024487537,-0.14652252197265625,0.0,-0.25549983978271484,-0.16483497619628906,-0.2643216820788162,-0.08791351318359375,0.0,0.021571636199951172,0.0061054229736328125,0.003972714117863196,-0.3223419189453125,0.0,0.01544952392578125,-0.0073261260986328125,0.0026553487459178397,-0.16410255432128906,0.0,-0.050164222717285156,0.0073261260986328125,-0.023398620755057897,0.2578773498535156,0.0,0.15387535095214844,0.018314361572265625,0.17441912241947244,1.3186798095703125,0.0,-0.09059953689575195,0.0061054229736328125,-0.11086520410370046,-1.4358978271484375,0.0,-0.048032283782958984,0.04273414611816406,-0.04194115534327975,0.20513153076171875,0.0,-0.2407360076904297,-0.10378456115722656,-0.2505349551930257,-0.08791351318359375,0.0,0.023105621337890625,0.0061054229736328125,0.005166059083675684,-0.3223419189453125,0.0,0.02002716064453125,0.0073261260986328125,0.0037174882442849756,-0.14847564697265625,0.0,0.057412147521972656,-0.09523773193359375,0.03145854138082886,-0.2578754425048828,0.0,-0.07032465934753418,0.05830574035644531,-0.05649102164879776,0.006959706544876099,0.0,0.0,0.0,0.0,0.0,0.0,nan,nan,nan,nan,nan,nan,nan,nan,nan,nan,0.05765848568195037,0.11376039683818817,-0.057252444326877594,-0.9918572306632996,-0.016042012721300125,-0.03264244273304939,0.00031781120924279094,nan
4.2007,1789426379.4789,ramp,0,0.036327,0.012273150835900347,-0.0038511839885730006,0.013915674163558133,-0.022523652762174606,-0.037811655551195145,0.1125955581665039,-0.992665708065033,-0.241119384765625,-0.0061054229736328125,-0.2065117226658379,7.23809814453125,0.0,0.08983230590820312,-0.04273414611816406,0.02628298972932673,-13.919410705566406,0.0,-0.004506111145019531,0.0061054229736328125,0.0017623573312484436,1.4945068359375,0.0,0.4209761619567871,-0.0061054229736328125,0.4021269532989514,-4.4249114990234375,0.0,-0.2693057060241699,0.018314361572265625,-0.19823593777220713,4.717948913574219,0.0,-0.10824012756347656,0.04273414611816406,-0.02186928351999577,3.7802200317382812,0.0,-0.12453842163085938,0.0061054229736328125,-0.18962309374969868,-13.919418334960938,0.0,-0.03020000457763672,-0.04273414611816406,0.007402190439522462,8.410263061523438,0.0,0.05052518844604492,0.0061054229736328125,0.01736365209369817,-6.9450531005859375,0.0,0.4528055191040039,0.0061054229736328125,0.4030158686225541,-10.871795654296875,0.0,-0.4171409606933594,-0.0061054229736328125,-0.21631997562506922,13.098907470703125,0.0,0.046114444732666016,0.03052520751953125,0.004521028519023353,-1.7875442504882812,0.0,-0.011983871459960938,-0.0061054229736328125,-0.002099568906588745,2.139190673828125,0.0,-0.033834264986865425,0.022497361344595894,-0.009241236676305074,4.96824801069961,0.0,-0.019595968395229042,0.0094809426961419,-0.005796523383794956,3.1551811739523528,0.0,0.17650127410888672,-0.0061054229736328125,0.19964583888185214,1.4358978271484375,0.0,0.06586408615112305,-0.0061054229736328125,0.09883445657722512,2.139190673828125,0.0,0.01831197738647461,-0.0061054229736328125,0.012275598956917926,-0.14652252197265625,0.0,-0.25895118713378906,-0.1770458221435547,-0.2651783719568756,0.08791351318359375,0.0,0.021379947662353516,0.0061054229736328125,0.003877323330562944,-0.3223419189453125,0.0,0.01544952392578125,-0.0073261260986328125,0.0025915898647310706,-0.16410255432128906,0.0,-0.049401283264160156,0.03663063049316406,-0.02283678499508493,0.24224853515625,0.0,0.1540670394897461,0.03052520751953125,0.17503335749003854,1.4358978271484375,0.0,-0.09059953689575195,-0.0061054229736328125,-0.1106043143943639,-1.377288818359375,0.0,-0.047457218170166016,0.05494499206542969,-0.040934085690195944,0.26373291015625,0.0,-0.24265336990356445,-0.10378456115722656,-0.25172268493272926,-0.02930450439453125,0.0,0.022913455963134766,0.0061054229736328125,0.0050420143050656134,-0.3223419189453125,0.0,0.02002716064453125,0.0073261260986328125,0.0036282258106234986,-0.14847564697265625,0.0,0.055886268615722656,-0.0659332275390625,0.030703174913319517,-0.2578754425048828,0.0,-0.06907796859741211,0.082855224609375,-0.05513458801914287,0.004029303789138794,0.0,0.0,0.0,0.0,0.0,0.0,nan,nan,nan,nan,nan,nan,nan,nan,nan,nan,0.05747329932441604,0.11308540403842926,-0.057073190808296204,-0.9919447302818298,0.002004771027714014,-0.02610103040933609,0.020180337131023407,nan
4.2211,1789426379.4995,ramp,0,0.036527,0.008467082720743296,-0.0019840686660111055,0.0011711725529266945,-0.022615477442741394,-0.037762075662612915,0.11252493411302567,-0.9926735162734985,-0.241119384765625,-0.0061054229736328125,-0.206346036568018,7.531135559082031,0.0,0.0890655517578125,-0.04273414611816406,0.02561423766112587,-13.978019714355469,0.0,-0.004506111145019531,0.0061054229736328125,0.0017175153965097074,1.5531158447265625,0.0,0.4209761619567871,-0.0061054229736328125,0.40207283462956805,-4.3076934814453125,0.0,-0.26911401748657227,0.0061054229736328125,-0.19828082316266146,4.776557922363281,0.0,-0.1076650619506836,0.03052520751953125,-0.02131283508187348,3.8388290405273438,0.0,-0.12453842163085938,0.0061054229736328125,-0.18988712685936082,-14.27105712890625,0.0,-0.030966758728027344,-0.04273414611816406,0.007213846943724351,8.586074829101562,0.0,0.05033302307128906,-0.0061054229736328125,0.016921846257727233,-7.120880126953125,0.0,0.4528055191040039,0.0061054229736328125,0.4029391321320159,-10.75457763671875,0.0,-0.4169492721557617,-0.0061054229736328125,-0.21590472547386447,13.157516479492188,0.0,0.046689510345458984,0.03052520751953125,0.004405994148747039,-1.9047622680664062,0.0,-0.011983871459960938,-0.0061054229736328125,-0.002046146862024129,2.139190673828125,0.0,-0.03333947754631055,0.017967209944427017,-0.009006099950854208,5.045430268038571,0.0,-0.019372071791275255,0.0144725738994468,-0.005649034949594407,3.0813055791257655,0.0,0.17650127410888672,-0.0061054229736328125,0.19965485033662625,1.4358978271484375,0.0,0.06586408615112305,-0.0061054229736328125,0.09886411304245621,2.0805892944335938,0.0,0.018120288848876953,-0.0061054229736328125,0.011963255031231147,-0.14652252197265625,0.0,-0.2624025344848633,-0.14041519165039062,-0.2660643839358752,0.08791351318359375,0.0,0.021379947662353516,0.0061054229736328125,0.0037786675831346307,-0.3223419189453125,0.0,0.01544952392578125,-0.0073261260986328125,0.002525648695183169,-0.16410255432128906,0.0,-0.049019813537597656,0.0073261260986328125,-0.022255719166813476,0.2578773498535156,0.0,0.1544504165649414,0.03052520751953125,0.1756686161109014,1.4358978271484375,0.0,-0.0904078483581543,-0.0061054229736328125,-0.11033449515920088,-1.4358978271484375,0.0,-0.04649829864501953,0.05494499206542969,-0.039892546856633,0.20513153076171875,0.0,-0.24457073211669922,-0.09157562255859375,-0.2529510673429139,-0.02930450439453125,0.0,0.022913455963134766,0.0061054229736328125,0.004913723820264008,-0.3223419189453125,0.0,0.01964569091796875,0.0073261260986328125,0.003535908173256437,-0.14847564697265625,0.0,0.054741859436035156,-0.0659332275390625,0.029921954362116223,-0.2578754425048828,0.0,-0.067352294921875,0.082855224609375,-0.05373172745621145,0.004029303789138794,0.0,0.0,0.0,0.0,0.0,0.0,nan,nan,nan,nan,nan,nan,nan,nan,nan,nan,0.05743872751715951,0.11251485347747803,-0.05704261735081673,-0.9920113682746887,-0.00628084409981966,-0.019854377955198288,0.007113954052329063,nan
4.2410,1789426379.5193,ramp,0,0.036684,0.011696520283843949,-0.001439600205380942,0.007544305725409246,-0.022688673809170723,-0.03772909566760063,0.11247216910123825,-0.9926790595054626,-0.241119384765625,-0.0061054229736328125,-0.20618344247145845,7.355308532714844,0.0,0.08810663223266602,-0.04273414611816406,0.02495796571204766,-13.74359130859375,0.0,-0.004506111145019531,0.0061054229736328125,0.0016735102931077848,1.377288818359375,0.0,0.4209761619567871,-0.0061054229736328125,0.4020197259121127,-4.24908447265625,0.0,-0.2689223289489746,0.0061054229736328125,-0.198324870910817,4.717948913574219,0.0,-0.10728120803833008,0.03052520751953125,-0.020766770974691737,3.7216110229492188,0.0,-0.12453842163085938,0.0061054229736328125,-0.19014623263523572,-13.97802734375,0.0,-0.03173398971557617,-0.04273414611816406,0.007029018277076389,8.76190185546875,0.0,0.05033302307128906,-0.0061054229736328125,0.01648828531507951,-7.1794891357421875,0.0,0.4528055191040039,0.0061054229736328125,0.40286382768272055,-10.75457763671875,0.0,-0.4169492721557617,-0.0061054229736328125,-0.2154972246390344,13.157516479492188,0.0,0.0470733642578125,0.03052520751953125,0.004293106527187494,-1.8461532592773438,0.0,-0.011983871459960938,-0.0061054229736328125,-0.0019937217691126654,1.9047622680664062,0.0,-0.03291613621196249,0.008949966117360349,-0.008775351300570914,5.044264647788469,0.0,-0.019069750983452108,0.01461727650297036,-0.005504298915446971,3.0799453347406316,0.0,0.17650127410888672,-0.0061054229736328125,0.19966369362140973,1.4358978271484375,0.0,0.06586408615112305,-0.0061054229736328125,0.09889321606458568,2.0805892944335938,0.0,0.017928600311279297,-0.0061054229736328125,0.011656740006246379,-0.14652252197265625,0.0,-0.2654705047607422,-0.05494499206542969,-0.2669338613341717,0.02930450439453125,0.0,0.021379947662353516,0.0061054229736328125,0.003681852929795718,-0.26373291015625,0.0,0.01544952392578125,-0.0073261260986328125,0.0024609381067282853,-0.16410255432128906,0.0,-0.048638343811035156,0.0073261260986328125,-0.021685497074359447,0.2578773498535156,0.0,0.15464210510253906,0.03052520751953125,0.1762920196607461,1.4358978271484375,0.0,-0.0904078483581543,-0.0061054229736328125,-0.11006971123735729,-1.377288818359375,0.0,-0.045731544494628906,0.04273414611816406,-0.038870445015240715,0.26373291015625,0.0,-0.24610471725463867,-0.06715583801269531,-0.25415652592297333,-0.08791351318359375,0.0,0.02272176742553711,0.0061054229736328125,0.00478782746717243,-0.3223419189453125,0.0,0.01964569091796875,0.0073261260986328125,0.0034453133494195994,-0.14847564697265625,0.0,0.053597450256347656,-0.0659332275390625,0.0291553127946704,-0.2578754425048828,0.0,-0.06620168685913086,0.07058048248291016,-0.05235504680025953,0.009645909070968628,0.0,0.0,0.0,0.0,0.0,0.0,nan,nan,nan,nan,nan,nan,nan,nan,nan,nan,0.05728487741363323,0.11204610019922256,-0.05689302831888199,-0.9920729994773865,-0.0032908665016293526,-0.010206742212176323,0.013575584627687931,nan
4.2608,1789426379.5391,ramp,0,0.036749,0.004966957199228055,0.00173003677764266,-0.0009465125485865433,-0.02271878719329834,-0.03771800920367241,0.11244440823793411,-0.9926819205284119,-0.241119384765625,-0.0061054229736328125,-0.2060221985371828,7.355308532714844,0.0,0.08753156661987305,-0.04273414611816406,0.02430714336816636,-13.802200317382812,0.0,-0.004506111145019531,0.0061054229736328125,0.0016298706029168437,1.611724853515625,0.0,0.4209761619567871,-0.0061054229736328125,0.4019670582032105,-4.24908447265625,0.0,-0.2689223289489746,0.0061054229736328125,-0.1983685528916445,4.659339904785156,0.0,-0.1067056655883789,0.03052520751953125,-0.02022524131972988,3.7802200317382812,0.0,-0.12453842163085938,0.0061054229736328125,-0.19040318682717547,-14.329666137695312,0.0,-0.03230905532836914,-0.04273414611816406,0.006845724405971218,8.879119873046875,0.0,0.050141334533691406,-0.0061054229736328125,0.01605832461158501,-7.120880126953125,0.0,0.4528055191040039,0.0061054229736328125,0.40278914855272896,-10.75457763671875,0.0,-0.4169492721557617,-0.0061054229736328125,-0.2150931076432826,13.157516479492188,0.0,0.04764842987060547,0.03052520751953125,0.004181156311180604,-1.9047622680664062,0.0,-0.011983871459960938,-0.0061054229736328125,-0.0019417320080162821,2.0219802856445312,0.0,-0.032704639754499006,0.0044637211211970415,-0.00854651875998198,5.121766117025448,0.0,-0.018841104078536258,0.00976945235671656,-0.005360764752330253,3.006785858061356,0.0,0.17650127410888672,-0.018314361572265625,0.19967246347259487,1.377288818359375,0.0,0.06586408615112305,-0.0061054229736328125,0.09892207741863705,2.139190673828125,0.0,0.017736434936523438,0.0061054229736328125,0.011352770246033988,-0.14652252197265625,0.0,-0.2671961784362793,-0.05494499206542969,-0.26779611869425846,-0.02930450439453125,0.0,0.021379947662353516,0.0061054229736328125,0.0035858422139688597,-0.3223419189453125,0.0,0.01544952392578125,-0.0073261260986328125,0.0023967648674007476,-0.16410255432128906,0.0,-0.048638343811035156,0.0073261260986328125,-0.021120010039198046,0.2578773498535156,0.0,0.15521764755249023,0.03052520751953125,0.1769102465407213,1.4358978271484375,0.0,-0.09021615982055664,-0.0061054229736328125,-0.10980712605010622,-1.377288818359375,0.0,-0.045156002044677734,0.04273414611816406,-0.03785683058751047,0.26373291015625,0.0,-0.24744653701782227,-0.06715583801269531,-0.25535197451654507,-0.02930450439453125,0.0,0.02272176742553711,0.0061054229736328125,0.00466297654261249,-0.3223419189453125,0.0,0.01964569091796875,0.0073261260986328125,0.0033554708143610466,-0.14847564697265625,0.0,0.052453041076660156,-0.05128288269042969,0.028395037328771338,-0.2578754425048828,0.0,-0.06495547294616699,0.07671833038330078,-0.05098979793880637,0.0050061047077178955,0.0,0.0,0.0,0.0,0.0,0.0,nan,nan,nan,nan,nan,nan,nan,nan,nan,nan,0.0571163244799863,0.11182231456041336,-0.056727249175310135,-0.9921077489852905,-0.004800551105290651,-0.002694489434361458,0.004969972185790539,nan
4.2810,1789426379.5593,ramp,0,0.036848,0.008265487668008102,0.0007235626629717648,-0.029681523318394572,-0.022776296362280846,-0.037739623337984085,0.11257284879684448,-0.9926652312278748,-0.241119384765625,0.0061054229736328125,-0.2058580759442544,7.413917541503906,0.0,0.08676481246948242,-0.03052520751953125,0.023644702011266096,-13.919410705566406,0.0,-0.004506111145019531,0.03052520751953125,0.0015854518212683965,1.26007080078125,0.0,0.4209761619567871,-0.0061054229736328125,0.4019134502272734,-4.24908447265625,0.0,-0.26873064041137695,0.0061054229736328125,-0.19841301471893658,4.717948913574219,0.0,-0.1063222885131836,0.03052520751953125,-0.019674043834260496,3.7802200317382812,0.0,-0.12453842163085938,-0.0061054229736328125,-0.1906647283756027,-14.5054931640625,0.0,-0.033075809478759766,-0.04273414611816406,0.006659158222698695,8.937728881835938,0.0,0.04899120330810547,-0.09157562255859375,0.015620687897795974,-6.652015686035156,0.0,0.4528055191040039,0.0061054229736328125,0.40271313618980237,-10.695968627929688,0.0,-0.4169492721557617,-0.0061054229736328125,-0.21468177602025348,13.216110229492188,0.0,0.048415184020996094,0.03052520751953125,0.004067207468314191,-1.9047622680664062,0.0,-0.011983871459960938,-0.0061054229736328125,-0.0018888140831641357,2.1977996826171875,0.0,-0.032492581631271625,0.004464063463195303,-0.008313600913636011,5.123505911154986,0.0,-0.018767015793294404,0.009771343821083075,-0.005214668099886612,3.151700643339896,0.0,0.17650127410888672,-0.0061054229736328125,0.19968138989033926,1.4358978271484375,0.0,0.06586408615112305,-0.0061054229736328125,0.09895145402919676,2.0805892944335938,0.0,0.01754474639892578,0.0061054229736328125,0.011043373768938745,-0.14652252197265625,0.0,-0.2675800323486328,-0.03052520751953125,-0.26867376977828034,-0.02930450439453125,0.0,0.021379947662353516,0.0061054229736328125,0.003488117436282202,-0.3223419189453125,0.0,0.01544952392578125,-0.0073261260986328125,0.0023314459548949215,-0.16410255432128906,0.0,-0.048256874084472656,-0.0073261260986328125,-0.02054442746677465,0.27350616455078125,0.0,0.1554093360900879,0.03052520751953125,0.1775395105128225,1.4358978271484375,0.0,-0.09021615982055664,-0.0061054229736328125,-0.10953985297723176,-1.4358978271484375,0.0,-0.04458045959472656,0.03052520751953125,-0.036825120285625436,0.3223419189453125,0.0,-0.24898052215576172,-0.07936477661132812,-0.2565687652365862,-0.02930450439453125,0.0,0.022530078887939453,0.0061054229736328125,0.00453589667718792,-0.26373291015625,0.0,0.01964569091796875,0.0073261260986328125,0.00326402433685289,-0.14847564697265625,0.0,0.052071571350097656,-0.03663063049316406,0.027621188803158933,-0.27350425720214844,0.0,-0.06351733207702637,0.05830574035644531,-0.04960017553756238,0.009645909070968628,0.0,0.0,0.0,0.0,0.0,0.0,nan,nan,nan,nan,nan,nan,nan,nan,nan,nan,0.057138676969555574,0.11167183518409729,-0.05675039067864418,-0.9921233654022217,-0.0005919925752095878,-0.004290842916816473,-0.02361770160496235,nan
4.3011,1789426379.5793,ramp,0,0.036879,0.0038164063296581984,0.004657083842235125,-0.014743577085355411,-0.022812047973275185,-0.037823233753442764,0.11284189671278,-0.9926307201385498,-0.241119384765625,-0.0061054229736328125,-0.20569447267020718,7.531135559082031,0.0,0.0863809585571289,-0.03052520751953125,0.02298435676007646,-13.860809326171875,0.0,-0.003930568695068359,0.03052520751953125,0.0015411735901168387,1.26007080078125,0.0,0.4209761619567871,-0.0061054229736328125,0.40186001187840353,-4.3076934814453125,0.0,-0.26873064041137695,0.0061054229736328125,-0.19845733585952618,4.659339904785156,0.0,-0.10574722290039062,0.03052520751953125,-0.019124590455171158,3.7802200317382812,0.0,-0.12492179870605469,-0.0061054229736328125,-0.19092544235080025,-14.212448120117188,0.0,-0.03365135192871094,-0.04273414611816406,0.006473182374612968,8.703292846679688,0.0,0.04803180694580078,0.0061054229736328125,0.015184435959889964,-7.23809814453125,0.0,0.4528055191040039,0.0061054229736328125,0.4026373643462009,-10.75457763671875,0.0,-0.41675710678100586,0.0061054229736328125,-0.21427174593819104,13.216110229492188,0.0,0.04879951477050781,0.018314361572265625,0.003953619183884783,-1.9047622680664062,0.0,-0.011983871459960938,-0.0061054229736328125,-0.001836063601910312,2.0219802856445312,0.0,-0.03228122740807025,0.004464773819413489,-0.00808142006902272,5.122724388452935,0.0,-0.018538431410947513,0.009773735766231827,-0.0050690337284046,3.1509139546640843,0.0,0.17650127410888672,-0.0061054229736328125,0.1996902880629945,1.4358978271484375,0.0,0.06586408615112305,-0.0061054229736328125,0.09898073768589649,2.0805892944335938,0.0,0.01754474639892578,0.0061054229736328125,0.010734956288271988,-0.20513153076171875,0.0,-0.26777172088623047,-0.018314361572265625,-0.2695486437871242,-0.08791351318359375,0.0,0.021379947662353516,0.0061054229736328125,0.0033907018806307405,-0.3223419189453125,0.0,0.01544952392578125,-0.0073261260986328125,0.002266333725356711,-0.16410255432128906,0.0,-0.048256874084472656,-0.0073261260986328125,-0.019970666160346238,0.27350616455078125,0.0,0.15560102462768555,0.0061054229736328125,0.17816678335953326,1.4945068359375,0.0,-0.09002447128295898,0.0061054229736328125,-0.10927342561335254,-1.377288818359375,0.0,-0.044005393981933594,0.04273414611816406,-0.03579667453513498,0.3223419189453125,0.0,-0.25013113021850586,-0.06715583801269531,-0.2577817057713236,-0.02930450439453125,0.0,0.022530078887939453,0.0061054229736328125,0.0044092189195557565,-0.3223419189453125,0.0,0.01964569091796875,0.0073261260986328125,0.0031728672154993955,-0.14847564697265625,0.0,0.051308631896972656,-0.05128288269042969,0.02684978889929516,-0.2578754425048828,0.0,-0.061983346939086914,0.09512996673583984,-0.04821495019791566,0.0030525028705596924,0.0,0.0,0.0,0.0,0.0,0.0,nan,nan,nan,nan,nan,nan,nan,nan,nan,nan,0.05693907743356369,0.11164799332618713,-0.05655251443386078,-0.9921373724937439,-0.005476249847561121,-1.617340421944391e-05,-0.008906502276659012,nan
4.3210,1789426379.5994,ramp,0,0.036942,0.007877405280088762,-0.0006537600144588921,-0.002014159395474261,-0.02285066805779934,-0.037860602140426636,0.11291774362325668,-0.9926196932792664,-0.241119384765625,-0.0061054229736328125,-0.2055322743076405,7.531135559082031,0.0,0.0859975814819336,-0.03052520751953125,0.0223296820960431,-14.095237731933594,0.0,-0.003738880157470703,0.0061054229736328125,0.0014972755897133907,1.26007080078125,0.0,0.4209761619567871,-0.0061054229736328125,0.40180703242102134,-4.1904754638671875,0.0,-0.26873064041137695,0.0061054229736328125,-0.19850127640089116,4.776557922363281,0.0,-0.10536336898803711,0.03052520751953125,-0.018579855400729147,3.7802200317382812,0.0,-0.12492179870605469,0.0061054229736328125,-0.191183917495149,-14.036636352539062,0.0,-0.03403472900390625,-0.03052520751953125,0.006288803558161273,8.879119873046875,0.0,0.04803180694580078,0.0061054229736328125,0.014751930251144432,-7.23809814453125,0.0,0.4528055191040039,0.0061054229736328125,0.4025622431786546,-10.930404663085938,0.0,-0.41675710678100586,-0.0061054229736328125,-0.2138652369101724,13.333328247070312,0.0,0.049182891845703125,0.03052520751953125,0.0038410063168838,-1.9047622680664062,0.0,-0.011983871459960938,-0.0061054229736328125,-0.001783766105214106,2.0219802856445312,0.0,-0.032140313023960206,0.008953638656621693,-0.007851233032516666,5.1222035067319585,0.0,-0.018385999785445067,0.014630922702081653,-0.004924649963926955,3.1503893517889017,0.0,0.17650127410888672,-0.0061054229736328125,0.19969910982431266,1.4358978271484375,0.0,0.06586408615112305,-0.0061054229736328125,0.09900976987485677,2.0219802856445312,0.0,0.017352581024169922,-0.0061054229736328125,0.010429187283083004,-0.20513153076171875,0.0,-0.26796388626098633,-0.018314361572265625,-0.270416004984588,-0.08791351318359375,0.0,0.021379947662353516,0.0061054229736328125,0.00329412286222658,-0.26373291015625,0.0,0.01544952392578125,-0.0073261260986328125,0.002201780634499169,-0.16410255432128906,0.0,-0.048256874084472656,-0.0073261260986328125,-0.01940183191819085,0.2891349792480469,0.0,0.15560102462768555,0.03052520751953125,0.17878866962196613,1.4945068359375,0.0,-0.08964061737060547,0.0061054229736328125,-0.10900928614294265,-1.377288818359375,0.0,-0.04342985153198242,0.04273414611816406,-0.03477706036366042,0.3223419189453125,0.0,-0.25147342681884766,-0.05494499206542969,-0.2589842304137604,-0.08791351318359375,0.0,0.022530078887939453,0.0061054229736328125,0.004283628982672089,-0.3223419189453125,0.0,0.01964569091796875,0.0073261260986328125,0.0030824928882988364,-0.16410446166992188,0.0,0.050164222717285156,-0.05128288269042969,0.0260850132429433,-0.2578754425048828,0.0,-0.06064105033874512,0.07058048248291016,-0.04684162021301768,0.004273504018783569,0.0,0.0,0.0,0.0,0.0,0.0,nan,nan,nan,nan,nan,nan,nan,nan,nan,nan,0.05684748026513024,0.11159471422433853,-0.05646197870373726,-0.9921485185623169,-0.006800795439630747,-0.0095635075122118,0.003887634491547942,nan
4.3410,1789426379.6194,ramp,0,0.037009,0.00821936296628469,0.0006637495993271038,0.007563462280055052,-0.022885123267769814,-0.03785693645477295,0.11294790357351303,-0.9926156401634216,-0.24131107330322266,-0.0061054229736328125,-0.20536880216279133,7.706962585449219,0.0,0.08561420440673828,-0.03052520751953125,0.0216698661163105,-14.036628723144531,0.0,-0.003547191619873047,0.0061054229736328125,0.0014530328478818124,1.377288818359375,0.0,0.4209761619567871,-0.0061054229736328125,0.4017536369033715,-4.24908447265625,0.0,-0.26873064041137695,0.0061054229736328125,-0.19854556201776855,4.659339904785156,0.0,-0.1049799919128418,0.03052520751953125,-0.018030842412465668,3.7802200317382812,0.0,-0.12511348724365234,0.0061054229736328125,-0.19144442250622468,-14.388275146484375,0.0,-0.03460979461669922,-0.03052520751953125,0.0061029767710522285,8.937728881835938,0.0,0.04803180694580078,0.0061054229736328125,0.01431602797229691,-7.120880126953125,0.0,0.4528055191040039,0.0061054229736328125,0.40248653206672935,-10.871795654296875,0.0,-0.41675710678100586,-0.0061054229736328125,-0.2134555354701628,13.216110229492188,0.0,0.04956626892089844,0.018314361572265625,0.0037275090742793972,-1.9633712768554688,0.0,-0.011983871459960938,-0.0061054229736328125,-0.00173105790384951,2.139190673828125,0.0,-0.031999214072310336,0.004465722877953308,-0.0076192382825163085,5.121682084314782,0.0,-0.018233344887538454,0.009776927978826773,-0.004779132319438663,3.1498639815921377,0.0,0.17650127410888672,-0.0061054229736328125,0.19970800086501866,1.4358978271484375,0.0,0.06586408615112305,-0.0061054229736328125,0.09903903006049551,2.139190673828125,0.0,0.01696920394897461,-0.0061054229736328125,0.010121017001240004,-0.14652252197265625,0.0,-0.26796388626098633,-0.04273414611816406,-0.27129017777563624,-0.14652252197265625,0.0,0.021379947662353516,0.0061054229736328125,0.003196785385841963,-0.3223419189453125,0.0,0.01544952392578125,-0.0073261260986328125,0.002136720592880136,-0.16410255432128906,0.0,-0.047875404357910156,0.0073261260986328125,-0.01882853048556648,0.27350616455078125,0.0,0.15617609024047852,0.04273414611816406,0.17941543970498935,1.4358978271484375,0.0,-0.08944892883300781,0.0061054229736328125,-0.1087430723225073,-1.4358978271484375,0.0,-0.04285478591918945,0.04273414611816406,-0.03374943891981843,0.380950927734375,0.0,-0.25243186950683594,-0.05494499206542969,-0.2601961987679559,-0.02930450439453125,0.0,0.02214670181274414,0.0061054229736328125,0.004157052758171624,-0.3223419189453125,0.0,0.01964569091796875,0.0073261260986328125,0.00299140883003219,-0.14847564697265625,0.0,0.050164222717285156,-0.0073261260986328125,0.02531423162163753,-0.28913307189941406,0.0,-0.05929875373840332,0.06444263458251953,-0.04545750514142015,0.007203906774520874,0.0,0.0,0.0,0.0,0.0,0.0,nan,nan,nan,nan,nan,nan,nan,nan,nan,nan,0.056759032569121196,0.1114574670791626,-0.05637509748339653,-0.9921689033508301,-0.0018421047134324908,-0.0036423704586923122,0.013601829297840595,nan
4.3608,1789426379.6392,ramp,0,0.037093,0.0012697525555604475,0.003805383859607443,0.00413903139089016,-0.022926045581698418,-0.037856996059417725,0.11290909349918365,-0.9926191568374634,-0.24131107330322266,-0.0061054229736328125,-0.20520738616778317,7.648353576660156,0.0,0.08503913879394531,-0.03052520751953125,0.02101834929068194,-14.095237731933594,0.0,-0.003547191619873047,0.0061054229736328125,0.0014093465905000264,1.3186798095703125,0.0,0.4209761619567871,-0.0061054229736328125,0.40170091299362903,-4.366302490234375,0.0,-0.26873064041137695,0.0061054229736328125,-0.19858929061091454,4.717948913574219,0.0,-0.10459661483764648,0.018314361572265625,-0.017488734900175298,3.8388290405273438,0.0,-0.12511348724365234,0.0061054229736328125,-0.19170165088972815,-14.798538208007812,0.0,-0.03499317169189453,-0.03052520751953125,0.005919487310092062,8.644683837890625,0.0,0.04803180694580078,0.0061054229736328125,0.013885608464854721,-7.23809814453125,0.0,0.4528055191040039,0.0061054229736328125,0.4024117732478746,-10.75457763671875,0.0,-0.41675710678100586,-0.0061054229736328125,-0.21305098724785593,13.333328247070312,0.0,0.04994964599609375,0.018314361572265625,0.003615439398050606,-1.9633712768554688,0.0,-0.011983871459960938,-0.0061054229736328125,-0.001679012665339874,2.25640869140625,0.0,-0.031787811324829114,0.008955562759516157,-0.007390161558512173,5.279555921099079,0.0,-0.018004583719364618,0.014637595562739001,-0.004635444993393029,3.1497855770183194,0.0,0.17650127410888672,-0.0061054229736328125,0.19971678007436677,1.4945068359375,0.0,0.06586408615112305,-0.0061054229736328125,0.09906792221201992,2.0805892944335938,0.0,0.016777515411376953,0.0061054229736328125,0.009816722879929426,-0.20513153076171875,0.0,-0.268155574798584,-0.03052520751953125,-0.2721533552362752,-0.14652252197265625,0.0,0.021379947662353516,0.0061054229736328125,0.0031006722185699296,-0.3223419189453125,0.0,0.01544952392578125,-0.0073261260986328125,0.002072478875351451,-0.16410255432128906,0.0,-0.047493934631347656,0.021978378295898438,-0.018262440028552825,0.27350616455078125,0.0,0.15694332122802734,0.05494499206542969,0.18003432628463195,1.5531158447265625,0.0,-0.08925724029541016,0.0061054229736328125,-0.10848020693495061,-1.377288818359375,0.0,-0.042279720306396484,0.04273414611816406,-0.03273474288091513,0.380950927734375,0.0,-0.2533907890319824,-0.05494499206542969,-0.2613929230049284,-0.14652252197265625,0.0,0.021955013275146484,0.0061054229736328125,0.004032068607257288,-0.26373291015625,0.0,0.01964569091796875,0.0073261260986328125,0.002901470425492031,-0.14847564697265625,0.0,0.050164222717285156,-0.0073261260986328125,0.024553144878376957,-0.28913307189941406,0.0,-0.05776476860046387,0.07671833038330078,-0.04409079944551184,0.005494505167007446,0.0,0.0,0.0,0.0,0.0,0.0,nan,nan,nan,nan,nan,nan,nan,nan,nan,nan,0.056610763422699134,0.11125752329826355,-0.056229256093502045,-0.9921995997428894,-0.01355030294507742,-0.004914249759167433,0.009748353622853756,nan
4.3806,1789426379.6589,ramp,0,0.037106,0.0037253038539855213,-0.0073488218991676745,-0.0006610743447809026,-0.022931234911084175,-0.03784753382205963,0.11289903521537781,-0.992620587348938,-0.24131107330322266,-0.0061054229736328125,-0.20504620298718707,7.706962585449219,0.0,0.0846552848815918,-0.03052520751953125,0.020367772164410367,-14.036628723144531,0.0,-0.003547191619873047,0.0061054229736328125,0.0013657233429229853,1.2014617919921875,0.0,0.4209761619567871,-0.0061054229736328125,0.4016482651289282,-4.483512878417969,0.0,-0.26873064041137695,0.0061054229736328125,-0.19863295613319384,4.717948913574219,0.0,-0.10421323776245117,0.018314361572265625,-0.016947409283395037,3.8388290405273438,0.0,-0.12511348724365234,0.0061054229736328125,-0.19195850826616462,-14.329666137695312,0.0,-0.03537702560424805,-0.03052520751953125,0.005736262500667659,8.937728881835938,0.0,0.04803180694580078,0.0061054229736328125,0.013455809762460795,-7.531135559082031,0.0,0.4528055191040039,0.0061054229736328125,0.4023371222555736,-10.989013671875,0.0,-0.41675710678100586,-0.0061054229736328125,-0.21264702251578202,13.27471923828125,0.0,0.050141334533691406,0.018314361572265625,0.0035035313627780383,-1.9633712768554688,0.0,-0.011983871459960938,-0.0061054229736328125,-0.0016270424930069473,2.139190673828125,0.0,-0.031575702376960314,0.004466779482042966,-0.0071614152377175635,5.200837821676726,0.0,-0.017930299276721757,0.009781213049520216,-0.0044919649112474475,3.2215224120138104,0.0,0.17650127410888672,-0.0061054229736328125,0.19972554662123704,1.4945068359375,0.0,0.06586408615112305,-0.0061054229736328125,0.09909677269165632,2.0805892944335938,0.0,0.016585826873779297,0.0061054229736328125,0.00951286764980152,-0.20513153076171875,0.0,-0.26834726333618164,-0.018314361572265625,-0.2730152877140176,-0.20513153076171875,0.0,0.021187782287597656,0.0061054229736328125,0.00300469767777373,-0.3223419189453125,0.0,0.01544952392578125,-0.0073261260986328125,0.002008329815292656,-0.16410255432128906,0.0,-0.047112464904785156,0.0073261260986328125,-0.017697166058262968,0.27350616455078125,0.0,0.15771007537841797,0.04273414611816406,0.18065232022835473,1.4945068359375,0.0,-0.08887386322021484,0.018314361572265625,-0.10821772068485586,-1.4358978271484375,0.0,-0.041512489318847656,0.04273414611816406,-0.03172151036402352,0.4395599365234375,0.0,-0.2543497085571289,-0.05494499206542969,-0.2625879211759702,-0.08791351318359375,0.0,0.021955013275146484,0.0061054229736328125,0.003907264724175841,-0.3223419189453125,0.0,0.01964569091796875,0.0073261260986328125,0.0028116617414097184,-0.14847564697265625,0.0,0.050164222717285156,-0.0073261260986328125,0.02379315586996393,-0.3047618865966797,0.0,-0.056710243225097656,0.05216789245605469,-0.042726064984133665,0.007448107004165649,0.0,0.0,0.0,0.0,0.0,0.0,nan,nan,nan,nan,nan,nan,nan,nan,nan,nan,0.05654543126520071,0.11102999001741409,-0.056165874004364014,-0.9922286868095398,-0.0061774710193276405,-0.011753088794648647,0.005385290365666151,nan
4.4008,1789426379.6790,ramp,0,0.037083,0.0002482378875329906,-0.00658472145112651,-0.0011792426592377452,-0.022916056215763092,-0.037821877747774124,0.11289205402135849,-0.9926226139068604,-0.24131107330322266,-0.0061054229736328125,-0.20488176207496928,7.589744567871094,0.0,0.08446359634399414,-0.018314361572265625,0.019704045988288985,-14.153846740722656,0.0,-0.003547191619873047,0.0061054229736328125,0.0013212184100947451,1.1428604125976562,0.0,0.4209761619567871,-0.0061054229736328125,0.4015945531791719,-4.366302490234375,0.0,-0.26873064041137695,0.0061054229736328125,-0.19867750419515365,4.776557922363281,0.0,-0.10402154922485352,0.018314361572265625,-0.016395142738579362,3.8388290405273438,0.0,-0.12530517578125,0.0061054229736328125,-0.1922205570800351,-14.798538208007812,0.0,-0.03576040267944336,-0.018314361572265625,0.0055493344682808225,8.996337890625,0.0,0.04803180694580078,0.0061054229736328125,0.01301732424287803,-7.355308532714844,0.0,0.4528055191040039,0.0061054229736328125,0.4022609624650387,-10.989013671875,0.0,-0.4165654182434082,-0.0061054229736328125,-0.21223489310624696,13.333328247070312,0.0,0.05052518844604492,0.018314361572265625,0.0033893615136866753,-2.0219802856445312,0.0,-0.011983871459960938,-0.0061054229736328125,-0.0015740219327044572,2.1977996826171875,0.0,-0.03150522608306884,0.004467017285393815,-0.0069280456422125035,5.359218385418649,0.0,-0.01785401164430377,0.009782011011360761,-0.004345584901212609,3.2219576645510846,0.0,0.17650127410888672,-0.0061054229736328125,0.19973449035196011,1.4358978271484375,0.0,0.06586408615112305,-0.0061054229736328125,0.09912620627878234,2.139190673828125,0.0,0.016585826873779297,0.0061054229736328125,0.009202871091602375,-0.20513153076171875,0.0,-0.2685389518737793,-0.03052520751953125,-0.27389464102114264,-0.20513153076171875,0.0,0.021187782287597656,-0.0061054229736328125,0.0029067833607845464,-0.3223419189453125,0.0,0.01544952392578125,-0.0073261260986328125,0.00194288421535493,-0.1797313690185547,0.0,-0.046730995178222656,0.021978378295898438,-0.017120467131094073,0.27350616455078125,0.0,0.15809345245361328,0.03052520751953125,0.18128280467142757,1.5531158447265625,0.0,-0.08849048614501953,0.018314361572265625,-0.10794992923012353,-1.4358978271484375,0.0,-0.041129112243652344,0.03052520751953125,-0.030687799037877727,0.4395599365234375,0.0,-0.2553081512451172,-0.05494499206542969,-0.2638070718877131,-0.14652252197265625,0.0,0.021955013275146484,0.0061054229736328125,0.003779938384626409,-0.3223419189453125,0.0,0.01964569091796875,0.0073261260986328125,0.002720037901496902,-0.16410446166992188,0.0,0.049782752990722656,-0.021978378295898438,0.023017806448536998,-0.3047618865966797,0.0,-0.0551762580871582,0.08899307250976562,-0.04133374738043498,0.0025641024112701416,0.0,0.0,0.0,0.0,0.0,0.0,nan,nan,nan,nan,nan,nan,nan,nan,nan,nan,0.05644283959178373,0.11090710014104843,-0.056064851582050323,-0.9922481179237366,-0.009627602063119411,-0.01095715630799532,0.004744138568639755,nan
4.4210,1789426379.6993,ramp,0,0.037009,0.000526811982182838,-0.006325751921656922,0.0017355597160126721,-0.02287210151553154,-0.03775468468666077,0.11289937794208527,-0.9926254153251648,-0.24131107330322266,-0.0061054229736328125,-0.20471701510500318,7.882781982421875,0.0,0.08408021926879883,-0.018314361572265625,0.019039084483707006,-14.212455749511719,0.0,-0.0033555030822753906,0.0061054229736328125,0.0012766306445982486,1.26007080078125,0.0,0.4209761619567871,-0.0061054229736328125,0.4015407412606295,-4.542121887207031,0.0,-0.26873064041137695,0.018314361572265625,-0.19872213517005377,4.717948913574219,0.0,-0.1036376953125,0.018314361572265625,-0.015841848314187452,3.9560470581054688,0.0,-0.12530517578125,0.0061054229736328125,-0.1924830936196719,-14.5054931640625,0.0,-0.035952091217041016,-0.018314361572265625,0.005362058525073532,8.937728881835938,0.0,0.04803180694580078,0.0061054229736328125,0.012578022613186326,-7.589744567871094,0.0,0.4528055191040039,0.0061054229736328125,0.40218466092575234,-10.989013671875,0.0,-0.4165654182434082,-0.0061054229736328125,-0.2118219966406467,13.333328247070312,0.0,0.05071687698364258,0.018314361572265625,0.0032749791714482904,-1.9633712768554688,0.0,-0.011983871459960938,-0.0061054229736328125,-0.001520902690431156,2.0805892944335938,0.0,-0.03136426645833703,0.004467493174140905,-0.00669424169875864,5.27835593276205,0.0,-0.01770141122947662,0.009783607139850131,-0.004198932448416035,3.1483828405704557,0.0,0.17650127410888672,-0.0061054229736328125,0.1997434507287724,1.4358978271484375,0.0,0.06586408615112305,-0.0061054229736328125,0.09915569464775846,2.0805892944335938,0.0,0.01639413833618164,0.0061054229736328125,0.008892297567201191,-0.26373291015625,0.0,-0.2685389518737793,-0.018314361572265625,-0.27477563098236735,-0.26373291015625,0.0,0.021187782287597656,-0.0061054229736328125,0.0028086868054765673,-0.3223419189453125,0.0,0.01544952392578125,-0.0073261260986328125,0.0018773168079382577,-0.16410255432128906,0.0,-0.045968055725097656,0.0073261260986328125,-0.016542694850750994,0.27350616455078125,0.0,0.15828561782836914,0.03052520751953125,0.1819144625733823,1.5531158447265625,0.0,-0.08810710906982422,0.018314361572265625,-0.10768163936141052,-1.4358978271484375,0.0,-0.04036235809326172,0.05494499206542969,-0.029652163766184545,0.380950927734375,0.0,-0.25626707077026367,-0.06715583801269531,-0.2650284916851514,-0.08791351318359375,0.0,0.021763324737548828,0.0061054229736328125,0.0036523750650441136,-0.3223419189453125,0.0,0.01964569091796875,0.0073261260986328125,0.002628243531113561,-0.14847564697265625,0.0,0.049019813537597656,-0.0659332275390625,0.022241013945246406,-0.28913307189941406,0.0,-0.05345034599304199,0.06444263458251953,-0.03993883839248188,0.005494505167007446,0.0,0.0,0.0,0.0,0.0,0.0,nan,nan,nan,nan,nan,nan,nan,nan,nan,nan,0.0562118034012964,0.11062797158956528,-0.05583735182881355,-0.9922921061515808,-0.009438464418053627,-0.01064919214695692,0.0076614860445261,nan
4.4405,1789426379.7187,ramp,0,0.037008,0.002394496769989056,-0.0060495118965479,0.0019889458398316385,-0.02286471240222454,-0.03769809380173683,0.11288317292928696,-0.9926295280456543,-0.24131107330322266,-0.0061054229736328125,-0.2045584743794109,7.9413909912109375,0.0,0.08388853073120117,-0.018314361572265625,0.01839917299125855,-14.388275146484375,0.0,-0.0033555030822753906,0.0061054229736328125,0.0012337225613976409,1.1428604125976562,0.0,0.4209761619567871,-0.0061054229736328125,0.40148895651088273,-4.3076934814453125,0.0,-0.26873064041137695,0.018314361572265625,-0.19876508483490046,4.659339904785156,0.0,-0.10344600677490234,0.018314361572265625,-0.015309397249823041,3.9560470581054688,0.0,-0.12530517578125,0.0061054229736328125,-0.19273574004768856,-14.622711181640625,0.0,-0.03614377975463867,-0.018314361572265625,0.005181837523569383,8.879119873046875,0.0,0.04803180694580078,0.0061054229736328125,0.012155270078559863,-7.531135559082031,0.0,0.4528055191040039,0.0061054229736328125,0.4021112337701284,-11.106231689453125,0.0,-0.41637372970581055,0.0061054229736328125,-0.21142465455135528,13.333328247070312,0.0,0.050908565521240234,0.018314361572265625,0.0031649057689623404,-2.0219802856445312,0.0,-0.011983871459960938,-0.0061054229736328125,-0.0014697845228881976,2.1977996826171875,0.0,-0.03129360779182035,0.004467731852007589,-0.0064692454706086365,5.278093063877521,0.0,-0.017624908593559103,0.009784407291986215,-0.004057804594707757,3.148116643117439,0.0,0.17650127410888672,-0.0061054229736328125,0.19975207355589747,1.4358978271484375,0.0,0.06586408615112305,-0.0061054229736328125,0.09918407214942036,2.139190673828125,0.0,0.016010284423828125,0.0061054229736328125,0.00859342377353779,-0.26373291015625,0.0,-0.2689223289489746,-0.03052520751953125,-0.2756234328431289,-0.26373291015625,0.0,0.02099609375,0.0061054229736328125,0.0027142856819850005,-0.26373291015625,0.0,0.01544952392578125,-0.0073261260986328125,0.0018142194147104274,-0.16410255432128906,0.0,-0.045968055725097656,0.0073261260986328125,-0.015986688044850084,0.2891349792480469,0.0,0.1584773063659668,0.03052520751953125,0.18252232505560345,1.5531158447265625,0.0,-0.08753156661987305,0.0061054229736328125,-0.10742345634011687,-1.4945068359375,0.0,-0.03959512710571289,0.05494499206542969,-0.02865554229595665,0.380950927734375,0.0,-0.2574172019958496,-0.06715583801269531,-0.26620389892316326,-0.14652252197265625,0.0,0.021763324737548828,-0.0061054229736328125,0.0035296172307136865,-0.26373291015625,0.0,0.01964569091796875,0.0073261260986328125,0.0025399071805945984,-0.16410446166992188,0.0,0.047493934631347656,-0.0659332275390625,0.021493484281230834,-0.2578754425048828,0.0,-0.05258750915527344,0.06444263458251953,-0.03859647753977061,0.009890109300613403,0.0,0.0,0.0,0.0,0.0,0.0,nan,nan,nan,nan,nan,nan,nan,nan,nan,nan,0.05613138515648475,0.1104448214173317,-0.05575869604945183,-0.9923169612884521,-0.007576917763799429,-0.010391198098659515,0.00796843133866787,nan
4.4607,1789426379.7390,ramp,0,0.036958,4.175156819976746e-05,-0.010323704434394735,0.0014649977636086457,-0.022829800844192505,-0.03761739283800125,0.11286639422178268,-0.9926353693008423,-0.24131107330322266,-0.0061054229736328125,-0.20439363198942875,8.058609008789062,0.0,0.08388853073120117,-0.018314361572265625,0.017733826346740682,-14.5054931640625,0.0,-0.0033555030822753906,0.0061054229736328125,0.0011891089710541023,1.1428604125976562,0.0,0.4209761619567871,-0.0061054229736328125,0.4014351134249438,-4.4249114990234375,0.0,-0.2685389518737793,0.018314361572265625,-0.1988097416596741,4.600730895996094,0.0,-0.10325431823730469,0.018314361572265625,-0.014755782362099543,3.8974380493164062,0.0,-0.12530517578125,0.0061054229736328125,-0.19299842864621197,-14.798538208007812,0.0,-0.03614377975463867,-0.018314361572265625,0.004994453111760131,9.054946899414062,0.0,0.047840118408203125,0.0061054229736328125,0.011715714009174538,-7.8241729736328125,0.0,0.4528055191040039,0.0061054229736328125,0.4020348880376523,-10.871795654296875,0.0,-0.4161820411682129,0.0061054229736328125,-0.21101151893970338,13.333328247070312,0.0,0.050908565521240234,0.018314361572265625,0.00305045717746343,-2.0219802856445312,0.0,-0.011983871459960938,-0.0061054229736328125,-0.0014166345144105033,2.3150177001953125,0.0,-0.03108214403024349,0.004468446671847332,-0.006235306109938631,5.355625384533355,0.0,-0.017395919457902174,0.009786802197370015,-0.003911067202082518,3.0750031213621,0.0,0.17650127410888672,-0.0061054229736328125,0.19976103912248228,1.4358978271484375,0.0,0.06586408615112305,-0.0061054229736328125,0.09921357759780403,2.139190673828125,0.0,0.01581859588623047,0.0061054229736328125,0.008282670367645044,-0.20513153076171875,0.0,-0.2694973945617676,-0.04273414611816406,-0.27650493306609786,-0.26373291015625,0.0,0.02099609375,-0.0061054229736328125,0.002616132310003031,-0.3223419189453125,0.0,0.01544952392578125,-0.0073261260986328125,0.0017486140312200805,-0.16410255432128906,0.0,-0.045205116271972656,0.021978378295898438,-0.015408581123813558,0.27350616455078125,0.0,0.1588606834411621,0.018314361572265625,0.18315434880833628,1.5531158447265625,0.0,-0.08733987808227539,0.0061054229736328125,-0.10715501108023892,-1.4358978271484375,0.0,-0.03863668441772461,0.05494499206542969,-0.02761930719329672,0.4395599365234375,0.0,-0.2583761215209961,-0.05494499206542969,-0.2674260261563543,-0.14652252197265625,0.0,0.021571636199951172,-0.0061054229736328125,0.003401980027563114,-0.3223419189453125,0.0,0.01964569091796875,0.0073261260986328125,0.0024480596437081127,-0.16410446166992188,0.0,0.046349525451660156,-0.0659332275390625,0.020716241866459872,-0.2578754425048828,0.0,-0.051053524017333984,0.082855224609375,-0.03720076063263048,0.004029303789138794,0.0,0.0,0.0,0.0,0.0,0.0,nan,nan,nan,nan,nan,nan,nan,nan,nan,nan,0.05584515991565669,0.1100708618760109,-0.05547698214650154,-0.9923743009567261,-0.009967681020498276,-0.014646708965301514,0.007446137722581625,nan
4.4809,1789426379.7592,ramp,0,0.036966,0.0016926008990499574,-0.017521739921147535,-0.0004036332071019516,-0.022821174934506416,-0.03750983625650406,0.11285249888896942,-0.9926412105560303,-0.24131107330322266,-0.0061054229736328125,-0.20422881488835393,8.117218017578125,0.0,0.08369684219360352,-0.0061054229736328125,0.017068581774812526,-14.622711181640625,0.0,-0.0033555030822753906,0.0061054229736328125,0.0011445022249995372,1.2014617919921875,0.0,0.4209761619567871,-0.0061054229736328125,0.40138127859921513,-4.366302490234375,0.0,-0.268155574798584,0.018314361572265625,-0.19885439163352608,4.659339904785156,0.0,-0.10325431823730469,0.018314361572265625,-0.014202252405901224,3.8974380493164062,0.0,-0.12530517578125,0.0061054229736328125,-0.1932610769449822,-14.798538208007812,0.0,-0.03633546829223633,-0.018314361572265625,0.004807097447089445,9.23077392578125,0.0,0.047840118408203125,0.0061054229736328125,0.011276225373249191,-7.76556396484375,0.0,0.4528055191040039,0.0061054229736328125,0.401958554017577,-10.871795654296875,0.0,-0.41599035263061523,0.0061054229736328125,-0.21059844670827912,13.391937255859375,0.0,0.05110025405883789,0.0061054229736328125,0.002936026143825853,-2.0219802856445312,0.0,-0.011983871459960938,-0.0061054229736328125,-0.0013634926598162817,2.25640869140625,0.0,-0.03101165145286234,0.004468685132669831,-0.006001402638525112,5.3573436404020605,0.0,-0.017319572919220427,0.009787600634001659,-0.0037643523208290524,3.220060341518941,0.0,0.17650127410888672,-0.0061054229736328125,0.19977000331363576,1.4358978271484375,0.0,0.06586408615112305,-0.0061054229736328125,0.09924307851967876,2.0805892944335938,0.0,0.015435218811035156,0.0061054229736328125,0.007971964635254767,-0.26373291015625,0.0,-0.27007293701171875,-0.04273414611816406,-0.2773862980557845,-0.26373291015625,0.0,0.020804405212402344,-0.0061054229736328125,0.0025179939959896393,-0.3223419189453125,0.0,0.01544952392578125,-0.0073261260986328125,0.0016830187124252526,-0.16410255432128906,0.0,-0.044823646545410156,0.03663063049316406,-0.014830562891689863,0.27350616455078125,0.0,0.15905237197875977,0.03052520751953125,0.18378627560063243,1.611724853515625,0.0,-0.08714818954467773,-0.0061054229736328125,-0.10688660700325876,-1.377288818359375,0.0,-0.037677764892578125,0.05494499206542969,-0.0265832310622065,0.380950927734375,0.0,-0.2593345642089844,-0.05494499206542969,-0.26864796589977186,-0.20513153076171875,0.0,0.021187782287597656,-0.0061054229736328125,0.0032743624055736943,-0.3223419189453125,0.0,0.01964569091796875,0.0073261260986328125,0.0023562261973953534,-0.16410446166992188,0.0,0.044823646545410156,-0.08058547973632812,0.01993911869050489,-0.2578754425048828,0.0,-0.04971122741699219,0.05830574035644531,-0.03580525784611512,0.011843711137771606,0.0,0.0,0.0,0.0,0.0,0.0,nan,nan,nan,nan,nan,nan,nan,nan,nan,nan,0.055772209346438915,0.10978681594133377,-0.05540633946657181,-0.9924097061157227,-0.008350999094545841,-0.021896284073591232,0.005754353478550911,nan
4.5009,1789426379.7792,ramp,0,0.036956,0.0027911387240994803,-0.017511711455167705,0.005445831013927132,-0.022802313789725304,-0.03739086538553238,0.11284447461366653,-0.9926469922065735,-0.24131107330322266,-0.0061054229736328125,-0.2040660362088094,8.058609008789062,0.0,0.08369684219360352,-0.0061054229736328125,0.016411564800927782,-15.091575622558594,0.0,-0.0033555030822753906,0.0061054229736328125,0.001100447165335284,1.1428604125976562,0.0,0.4209761619567871,-0.0061054229736328125,0.40132810959072956,-4.131866455078125,0.0,-0.268155574798584,0.018314361572265625,-0.19889848938635588,4.542121887207031,0.0,-0.10306262969970703,0.018314361572265625,-0.013655568386034845,3.9560470581054688,0.0,-0.12530517578125,0.0061054229736328125,-0.19352047686756083,-14.73992919921875,0.0,-0.036527156829833984,-0.0061054229736328125,0.0046220589559292456,8.879119873046875,0.0,0.047840118408203125,0.0061054229736328125,0.010842172235776035,-7.882781982421875,0.0,0.4528055191040039,0.0061054229736328125,0.40188316407981484,-11.106231689453125,0.0,-0.4156069755554199,0.0061054229736328125,-0.21019048326304637,13.391937255859375,0.0,0.05110025405883789,0.0061054229736328125,0.0028230103679569092,-2.0805892944335938,0.0,-0.011983871459960938,-0.0061054229736328125,-0.0013110080519510574,2.3150177001953125,0.0,-0.03087065932892238,0.004469162333895653,-0.005770392033622586,5.354849445592433,0.0,-0.01716685457721544,0.009789197710372894,-0.0036194519768463565,3.074213349724585,0.0,0.17650127410888672,-0.0061054229736328125,0.19977885663765152,1.4358978271484375,0.0,0.06586408615112305,-0.0061054229736328125,0.09927221458066271,2.0805892944335938,0.0,0.0152435302734375,0.0061054229736328125,0.007665101642788668,-0.20513153076171875,0.0,-0.2708396911621094,-0.04273414611816406,-0.2782567625177996,-0.26373291015625,0.0,0.020612716674804688,0.0061054229736328125,0.0024210694349844396,-0.380950927734375,0.0,0.01544952392578125,-0.0073261260986328125,0.0016182346620561244,-0.1797313690185547,0.0,-0.043679237365722656,0.03663063049316406,-0.014259693461490091,0.27350616455078125,0.0,0.15962743759155273,0.03052520751953125,0.18441038686183026,1.611724853515625,0.0,-0.08695650100708008,-0.0061054229736328125,-0.10662152248866483,-1.377288818359375,0.0,-0.036527156829833984,0.07936477661132812,-0.02555996889203937,0.380950927734375,0.0,-0.2604851722717285,-0.05494499206542969,-0.26985479296213,-0.14652252197265625,0.0,0.021187782287597656,-0.0061054229736328125,0.0031483231301673094,-0.26373291015625,0.0,0.01964569091796875,0.0073261260986328125,0.0022655285268785743,-0.16410446166992188,0.0,0.043679237365722656,-0.05128288269042969,0.01917160680247586,-0.2578754425048828,0.0,-0.04836893081665039,0.09512996673583984,-0.03442701433007022,0.0018315017223358154,0.0,0.0,0.0,0.0,0.0,0.0,nan,nan,nan,nan,nan,nan,nan,nan,nan,nan,0.05560268070208012,0.10940946638584137,-0.055240411311388016,-0.9924606084823608,-0.007433811668306589,-0.021797291934490204,0.011632319539785385,nan
4.5201,1789426379.7984,ramp,0,0.036933,-0.003611395460735788,-0.018089107666037503,0.00415052043428033,-0.0227781031280756,-0.03728385642170906,0.11281697452068329,-0.9926546812057495,-0.24131107330322266,-0.0061054229736328125,-0.20390982433616653,8.175827026367188,0.0,0.08350515365600586,-0.0061054229736328125,0.015781053163065516,-15.032966613769531,0.0,-0.0033555030822753906,0.0061054229736328125,0.0010581693720222896,1.0256423950195312,0.0,0.4209761619567871,-0.0061054229736328125,0.40127708552292574,-4.483512878417969,0.0,-0.26777172088623047,0.018314361572265625,-0.1989408081505095,4.542121887207031,0.0,-0.10287094116210938,0.018314361572265625,-0.01313093865733693,3.9560470581054688,0.0,-0.12530517578125,0.0061054229736328125,-0.19376941209533632,-14.857147216796875,0.0,-0.036527156829833984,-0.0061054229736328125,0.004444485275542952,8.937728881835938,0.0,0.047840118408203125,0.0061054229736328125,0.010425629641740304,-7.9413909912109375,0.0,0.4528055191040039,0.0061054229736328125,0.4018108155180178,-10.989013671875,0.0,-0.41541528701782227,0.0061054229736328125,-0.2097989778525838,13.333328247070312,0.0,0.05110025405883789,0.0061054229736328125,0.0027145538671665614,-2.0805892944335938,0.0,-0.011983871459960938,-0.0061054229736328125,-0.0012606407747222856,2.25640869140625,0.0,-0.030729657907166787,0.004469639909722959,-0.005548700843516139,5.434609325092825,0.0,-0.01701410254600876,0.0097907950551713,-0.0034803971931150575,3.1466712766232994,0.0,0.17650127410888672,-0.0061054229736328125,0.19978735280144572,1.4358978271484375,0.0,0.06586408615112305,-0.0061054229736328125,0.0993001752365697,2.139190673828125,0.0,0.015051841735839844,0.0061054229736328125,0.007370618097203655,-0.26373291015625,0.0,-0.2716069221496582,-0.03052520751953125,-0.2790921107591105,-0.3223419189453125,0.0,0.020612716674804688,0.0061054229736328125,0.0023280549983145118,-0.380950927734375,0.0,0.01544952392578125,-0.0073261260986328125,0.0015560641256328813,-0.16410255432128906,0.0,-0.043297767639160156,0.021978378295898438,-0.013711854008709229,0.27350616455078125,0.0,0.16001129150390625,0.04273414611816406,0.18500932026712638,1.611724853515625,0.0,-0.08695650100708008,-0.0061054229736328125,-0.1063671319963153,-1.4945068359375,0.0,-0.03499317169189453,0.09157562255859375,-0.02457798709777943,0.26373291015625,0.0,-0.26125240325927734,-0.05494499206542969,-0.2710129342856407,-0.20513153076171875,0.0,0.020804405212402344,-0.018314361572265625,0.0030273685230107006,-0.3223419189453125,0.0,0.01964569091796875,0.0073261260986328125,0.002178489775886034,-0.16410446166992188,0.0,0.043297767639160156,-0.03663063049316406,0.018435057829108186,-0.27350425720214844,0.0,-0.04673910140991211,0.07058048248291016,-0.0331043718242969,0.0050061047077178955,0.0,0.0,0.0,0.0,0.0,0.0,nan,nan,nan,nan,nan,nan,nan,nan,nan,nan,0.055421635930462336,0.10905396193265915,-0.05506289377808571,-0.9925096035003662,-0.013801309280097485,-0.022321728989481926,0.01014921348541975,nan
4.5402,1789426379.8184,ramp,0,0.036920,-0.0025607425204426507,-0.01621404980362107,0.006278175485050226,-0.02275633066892624,-0.03715735301375389,0.11279812455177307,-0.9926621317863464,-0.24131107330322266,-0.0061054229736328125,-0.2037462625069331,8.23443603515625,0.0,0.08350515365600586,-0.0061054229736328125,0.015120875193894708,-14.974357604980469,0.0,-0.0033555030822753906,0.0061054229736328125,0.001013902357657532,1.1428604125976562,0.0,0.4209761619567871,-0.0061054229736328125,0.4012236607113303,-4.24908447265625,0.0,-0.2675800323486328,0.018314361572265625,-0.19898511806344227,4.542121887207031,0.0,-0.10267925262451172,0.018314361572265625,-0.012581624468573164,4.0146484375,0.0,-0.12530517578125,0.0061054229736328125,-0.1940300600251432,-15.208786010742188,0.0,-0.036719322204589844,-0.0061054229736328125,0.004258556539805296,8.937728881835938,0.0,0.047840118408203125,0.0061054229736328125,0.009989488217394826,-7.9413909912109375,0.0,0.4528055191040039,0.0061054229736328125,0.40173506286932525,-10.989013671875,0.0,-0.4152235984802246,0.0061054229736328125,-0.20938905164142796,13.333328247070312,0.0,0.05129194259643555,0.018314361572265625,0.0026009943574992946,-2.0805892944335938,0.0,-0.011983871459960938,-0.0061054229736328125,-0.0012079036564887641,2.1977996826171875,0.0,-0.0305884717881948,0.0044701184531142765,-0.0053165788161357265,5.434080553517806,0.0,-0.016861126769393022,0.00979239465485584,-0.003334799714473008,3.146133059019828,0.0,0.17650127410888672,-0.0061054229736328125,0.1997962487199706,1.4358978271484375,0.0,0.06586408615112305,-0.0061054229736328125,0.09932945147498452,2.1977996826171875,0.0,0.014860153198242188,-0.0061054229736328125,0.007062278746422309,-0.20513153076171875,0.0,-0.2719902992248535,-0.03052520751953125,-0.27996676314041913,-0.3223419189453125,0.0,0.02042102813720703,0.0061054229736328125,0.002230664120467252,-0.3223419189453125,0.0,0.01544952392578125,-0.0073261260986328125,0.0014909683906559443,-0.1797313690185547,0.0,-0.042916297912597656,-0.0073261260986328125,-0.013138238050414221,0.2891349792480469,0.0,0.16058635711669922,0.04273414611816406,0.18563643420988812,1.611724853515625,0.0,-0.08695650100708008,-0.0061054229736328125,-0.10610077212517148,-1.4358978271484375,0.0,-0.03326749801635742,0.09157562255859375,-0.02354980187839915,0.26373291015625,0.0,-0.26201915740966797,-0.04273414611816406,-0.27222556755211047,-0.20513153076171875,0.0,0.02042102813720703,-0.018314361572265625,0.0029007228560326294,-0.3223419189453125,0.0,0.01964569091796875,0.0073261260986328125,0.002087355746918322,-0.16410446166992188,0.0,0.042534828186035156,-0.03663063049316406,0.01766385334019289,-0.27350425720214844,0.0,-0.04558873176574707,0.06444263458251953,-0.03171949739698116,0.006715506315231323,0.0,0.0,0.0,0.0,0.0,0.0,nan,nan,nan,nan,nan,nan,nan,nan,nan,nan,0.055248360923742225,0.10866047441959381,-0.05489329621195793,-0.9925621747970581,-0.012793375179171562,-0.020424166694283485,0.01227521151304245,nan
4.5608,1789426379.8391,ramp,0,0.036955,-0.004168364913955487,-0.015967220543651958,0.0014970218856053608,-0.02275715209543705,-0.037017688155174255,0.11276394128799438,-0.9926711320877075,-0.24131107330322266,-0.0061054229736328125,-0.20357827736677164,8.175827026367188,0.0,0.0833134651184082,-0.0061054229736328125,0.01444284359445377,-15.032966613769531,0.0,-0.0033555030822753906,0.0061054229736328125,0.000968438201090917,1.0842514038085938,0.0,0.4209761619567871,-0.0061054229736328125,0.4011687910971542,-4.4249114990234375,0.0,-0.2671966552734375,0.018314361572265625,-0.19903062627871126,4.542121887207031,0.0,-0.10267925262451172,0.018314361572265625,-0.012017454812213835,4.0146484375,0.0,-0.12530517578125,0.0061054229736328125,-0.19429775682962738,-14.915756225585938,0.0,-0.036719322204589844,-0.018314361572265625,0.004067599610066222,8.996337890625,0.0,0.047840118408203125,0.0061054229736328125,0.009541551931512949,-8.058609008789062,0.0,0.4528055191040039,0.0061054229736328125,0.4016572615915585,-11.340652465820312,0.0,-0.41503143310546875,0.0061054229736328125,-0.20896803952411677,13.391937255859375,0.0,0.0514836311340332,0.0061054229736328125,0.0024843637827648268,-2.0805892944335938,0.0,-0.011983871459960938,-0.0061054229736328125,-0.0011537403334219674,2.25640869140625,0.0,-0.030376938218727036,0.00447083607507715,-0.0050781793589592126,5.4314025303551166,0.0,-0.0166318849406662,0.009794791574392793,-0.0031852647467396408,3.0000669587874826,0.0,0.17650127410888672,-0.0061054229736328125,0.19980538521671476,1.5531158447265625,0.0,0.06586408615112305,-0.0061054229736328125,0.09935951945011391,2.0805892944335938,0.0,0.014860153198242188,-0.0061054229736328125,0.006745600770264694,-0.20513153076171875,0.0,-0.27237367630004883,-0.018314361572265625,-0.28086506932564126,-0.380950927734375,0.0,0.02042102813720703,0.0061054229736328125,0.0021306394365768247,-0.3223419189453125,0.0,0.01544952392578125,-0.0073261260986328125,0.001424112228584022,-0.1797313690185547,0.0,-0.042916297912597656,-0.0073261260986328125,-0.012549109415667276,0.3047637939453125,0.0,0.1611614227294922,0.05494499206542969,0.18628050761054474,1.5531158447265625,0.0,-0.08695650100708008,-0.0061054229736328125,-0.10582720890753582,-1.3186798095703125,0.0,-0.031350135803222656,0.10378456115722656,-0.022493810764830847,0.20513153076171875,0.0,-0.26297807693481445,-0.05494499206542969,-0.27347099486352544,-0.20513153076171875,0.0,0.02003765106201172,-0.0061054229736328125,0.002770652226363997,-0.26373291015625,0.0,0.01964569091796875,0.0073261260986328125,0.001993757120017631,-0.16410446166992188,0.0,0.042534828186035156,-0.021978378295898438,0.016871792657265166,-0.28913307189941406,0.0,-0.04405474662780762,0.07671833038330078,-0.030297170892876323,0.0050061047077178955,0.0,0.0,0.0,0.0,0.0,0.0,nan,nan,nan,nan,nan,nan,nan,nan,nan,nan,0.05504635746565529,0.10817598551511765,-0.054695699363946915,-0.9926259517669678,-0.014253832399845123,-0.020241592079401016,0.007442884612828493,nan
4.5810,1789426379.8592,ramp,0,0.036942,-0.0033745595567126058,-0.013018574826500031,0.0060145464639703005,-0.022734260186553,-0.036889974027872086,0.1127164363861084,-0.9926818013191223,-0.24131107330322266,-0.0061054229736328125,-0.20341368133999793,8.117218017578125,0.0,0.08312129974365234,-0.018314361572265625,0.013778491335749486,-15.150184631347656,0.0,-0.0033555030822753906,0.0061054229736328125,0.0009238912874514635,1.0256423950195312,0.0,0.4209761619567871,-0.0061054229736328125,0.40111502848175085,-4.483512878417969,0.0,-0.2668132781982422,0.018314361572265625,-0.19907521636216532,4.483512878417969,0.0,-0.10248756408691406,0.018314361572265625,-0.011464667322952591,4.0146484375,0.0,-0.12530517578125,0.0061054229736328125,-0.1945600528300699,-14.798538208007812,0.0,-0.036719322204589844,-0.018314361572265625,0.003880495251372628,8.703292846679688,0.0,0.047840118408203125,-0.0061054229736328125,0.009102652795356748,-8.23443603515625,0.0,0.4528055191040039,0.0061054229736328125,0.4015810299606773,-10.989013671875,0.0,-0.4148397445678711,0.0061054229736328125,-0.20855552135931715,13.450546264648438,0.0,0.05167531967163086,0.018314361572265625,0.002370086239029828,-2.0219802856445312,0.0,-0.011983871459960938,-0.0061054229736328125,-0.001100669759649261,2.25640869140625,0.0,-0.030235904187508055,0.004471314953693523,-0.0048445896295429385,5.51113092157893,0.0,-0.016479014929754357,0.009796389853537318,-0.0030387466587171244,3.0724915880711703,0.0,0.17650127410888672,-0.0061054229736328125,0.19981433738392,1.4945068359375,0.0,0.06586408615112305,-0.0061054229736328125,0.09938898080148509,2.0805892944335938,0.0,0.014668464660644531,0.0061054229736328125,0.006435311797131755,-0.26373291015625,0.0,-0.2729487419128418,-0.03052520751953125,-0.2817452521130695,-0.380950927734375,0.0,0.02042102813720703,0.0061054229736328125,0.0020326327585347107,-0.3223419189453125,0.0,0.01544952392578125,-0.0073261260986328125,0.0013586048948293656,-0.1797313690185547,0.0,-0.042916297912597656,-0.0073261260986328125,-0.011971866497366389,0.3047637939453125,0.0,0.16212034225463867,0.06715583801269531,0.18691158677979053,1.5531158447265625,0.0,-0.08695650100708008,-0.0061054229736328125,-0.10555916484928764,-1.26007080078125,0.0,-0.029624462127685547,0.09157562255859375,-0.021459124354862334,0.20513153076171875,0.0,-0.2637448310852051,-0.05494499206542969,-0.27469129558118044,-0.20513153076171875,0.0,0.019654273986816406,-0.0061054229736328125,0.0026432057818580254,-0.26373291015625,0.0,0.01964569091796875,0.0073261260986328125,0.0019020468527611116,-0.16410446166992188,0.0,0.042153358459472656,-0.021978378295898438,0.016095711860783454,-0.28913307189941406,0.0,-0.04290413856506348,0.05216789245605469,-0.0289035399376286,0.009157508611679077,0.0,0.0,0.0,0.0,0.0,0.0,nan,nan,nan,nan,nan,nan,nan,nan,nan,nan,0.05487346175115921,0.10777889937162399,-0.054526444524526596,-0.9926784634590149,-0.013560641556978226,-0.017227744683623314,0.011932654306292534,nan
4.6010,1789426379.8792,ramp,0,0.036997,0.001945071171132721,-0.008745754440792966,0.010507362681069325,-0.022745737805962563,-0.03676600009202957,0.11265113204717636,-0.9926936030387878,-0.24131107330322266,-0.0061054229736328125,-0.2032509824378424,8.23443603515625,0.0,0.08292961120605469,-0.018314361572265625,0.013121796364100113,-15.208793640136719,0.0,-0.0033555030822753906,-0.0061054229736328125,0.0008798578190523604,1.0842514038085938,0.0,0.42078447341918945,-0.018314361572265625,0.401061885531252,-4.542121887207031,0.0,-0.2664299011230469,0.03052520751953125,-0.1991192925028062,4.542121887207031,0.0,-0.1022958755493164,0.018314361572265625,-0.010918251231440326,4.0146484375,0.0,-0.12530517578125,0.0061054229736328125,-0.19481932562145066,-15.032974243164062,0.0,-0.0369110107421875,-0.018314361572265625,0.003695547447074643,8.820510864257812,0.0,0.04745674133300781,-0.0061054229736328125,0.00866881238614799,-8.293045043945312,0.0,0.4528055191040039,0.0061054229736328125,0.401505676971319,-11.106231689453125,0.0,-0.4144563674926758,0.0061054229736328125,-0.20814775785586148,13.450546264648438,0.0,0.05167531967163086,0.018314361572265625,0.002257125851885846,-2.139190673828125,0.0,-0.011983871459960938,-0.0061054229736328125,-0.001048210874347877,2.25640869140625,0.0,-0.030024160168223957,0.00896468382235052,-0.004613692242310776,5.351746802615203,0.0,-0.016249456536915008,0.014669957165019861,-0.0028939173299996693,3.0710503842631374,0.0,0.17650127410888672,-0.0061054229736328125,0.1998231863689457,1.4358978271484375,0.0,0.06586408615112305,-0.0061054229736328125,0.09941810258296466,2.139190673828125,0.0,0.014668464660644531,0.0061054229736328125,0.006128599197385258,-0.26373291015625,0.0,-0.27352428436279297,-0.03052520751953125,-0.2826152899628147,-0.380950927734375,0.0,0.02042102813720703,0.0061054229736328125,0.0019357556999937489,-0.3223419189453125,0.0,0.01544952392578125,-0.0073261260986328125,0.0012938525949474614,-0.16410255432128906,0.0,-0.042916297912597656,-0.0073261260986328125,-0.011401276848724683,0.3203926086425781,0.0,0.16307878494262695,0.06715583801269531,0.1875353921657535,1.4945068359375,0.0,-0.08676481246948242,-0.0061054229736328125,-0.10529421025189473,-1.26007080078125,0.0,-0.02770709991455078,0.11599540710449219,-0.020436363682707064,0.14652252197265625,0.0,-0.26470422744750977,-0.05494499206542969,-0.2758975311808713,-0.20513153076171875,0.0,0.01927042007446289,-0.0061054229736328125,0.0025172282779583727,-0.26373291015625,0.0,0.01926422119140625,0.0073261260986328125,0.0018113936329264457,-0.16410446166992188,0.0,0.042153358459472656,-0.021978378295898438,0.015328576128247267,-0.3047618865966797,0.0,-0.04117846488952637,0.08899307250976562,-0.027525971894989548,0.0030525028705596924,0.0,0.0,0.0,0.0,0.0,0.0,nan,nan,nan,nan,nan,nan,nan,nan,nan,nan,0.05469183310325311,0.10732612013816833,-0.05434882268309593,-0.9927372932434082,-0.013248041272163391,-0.01738104037940502,0.016366710886359215,nan
4.6208,1789426379.8992,ramp,0,0.037033,-0.0036148289619771187,-0.014637461559186061,0.006811519786568481,-0.022748496383428574,-0.036649636924266815,0.11259099096059799,-0.9927046895027161,-0.24131107330322266,-0.0061054229736328125,-0.20308933885077457,8.23443603515625,0.0,0.08273792266845703,-0.018314361572265625,0.012469360917883645,-15.208793640136719,0.0,-0.0033555030822753906,-0.0061054229736328125,0.0008361099652637574,1.2014617919921875,0.0,0.4205927848815918,-0.0061054229736328125,0.4010090872822645,-4.542121887207031,0.0,-0.266237735748291,0.018314361572265625,-0.19916308275205125,4.4249114990234375,0.0,-0.10210418701171875,0.018314361572265625,-0.010375379362648237,4.0732574462890625,0.0,-0.12530517578125,0.0061054229736328125,-0.1950769166898144,-15.150177001953125,0.0,-0.03729438781738281,-0.018314361572265625,0.0035117992710823063,8.879119873046875,0.0,0.04745674133300781,0.0061054229736328125,0.008237785999181867,-8.23443603515625,0.0,0.4528055191040039,0.0061054229736328125,0.4014308127446107,-11.106231689453125,0.0,-0.4142646789550781,0.0061054229736328125,-0.2077426392318225,13.391937255859375,0.0,0.051867008209228516,0.018314361572265625,0.0021448981605332487,-2.139190673828125,0.0,-0.011792182922363281,-0.0061054229736328125,-0.0009960922535007222,2.139190673828125,0.0,-0.029812570634219757,0.008965850114727877,-0.004384292526502588,5.429362785024525,0.0,-0.016020012376791418,0.01467396628721467,-0.0027500274088241255,2.9979767550696064,0.0,0.17650127410888672,-0.0061054229736328125,0.1998319779567346,1.4358978271484375,0.0,0.06586408615112305,-0.0061054229736328125,0.09944703547161843,2.139190673828125,0.0,0.014476776123046875,0.0061054229736328125,0.005823876029834246,-0.26373291015625,0.0,-0.27409934997558594,-0.04273414611816406,-0.28347968447964494,-0.380950927734375,0.0,0.02042102813720703,0.0061054229736328125,0.0018395070158313573,-0.26373291015625,0.0,0.01544952392578125,-0.0073261260986328125,0.001229520298385353,-0.1797313690185547,0.0,-0.042534828186035156,0.0073261260986328125,-0.010834388219924863,0.3047637939453125,0.0,0.16403770446777344,0.06715583801269531,0.18815515135824545,1.4945068359375,0.0,-0.08676481246948242,-0.0061054229736328125,-0.10503097423145895,-1.377288818359375,0.0,-0.026173114776611328,0.06715583801269531,-0.019420236950634936,0.14652252197265625,0.0,-0.26566267013549805,-0.05494499206542969,-0.27709594276570476,-0.20513153076171875,0.0,0.01927042007446289,-0.0061054229736328125,0.002392067902870422,-0.26373291015625,0.0,0.01926422119140625,0.0073261260986328125,0.0017213284177394945,-0.16410446166992188,0.0,0.041771888732910156,-0.021978378295898438,0.014566416273865016,-0.3047618865966797,0.0,-0.03983616828918457,0.06444263458251953,-0.026157339182094903,0.005738705396652222,0.0,0.0,0.0,0.0,0.0,0.0,nan,nan,nan,nan,nan,nan,nan,nan,nan,nan,0.05447039591162718,0.10689738392829895,-0.054131507873535156,-0.9927954077720642,-0.018766405060887337,-0.023272644728422165,0.012602264992892742,nan
4.6411,1789426379.9193,ramp,0,0.037073,-0.000425043890942874,-0.015666594389365948,0.003601059846977894,-0.022752700373530388,-0.03652612492442131,0.11253674328327179,-0.9927152395248413,-0.24131107330322266,-0.0061054229736328125,-0.20292435516388396,8.351654052734375,0.0,0.08254623413085938,-0.018314361572265625,0.011803443962392171,-15.326004028320312,0.0,-0.0033555030822753906,0.0061054229736328125,0.0007914581337712559,0.9670333862304688,0.0,0.42040109634399414,-0.0061054229736328125,0.4009551980439882,-4.3076934814453125,0.0,-0.26566267013549805,0.03052520751953125,-0.19920777785503285,4.483512878417969,0.0,-0.10172033309936523,0.018314361572265625,-0.009821289936354172,4.0146484375,0.0,-0.12530517578125,0.0061054229736328125,-0.19533983045546177,-15.091567993164062,0.0,-0.03748607635498047,-0.018314361572265625,0.003324254240162372,8.937728881835938,0.0,0.047265052795410156,0.0061054229736328125,0.007797853158301634,-8.410263061523438,0.0,0.4528055191040039,0.0061054229736328125,0.40135440157134605,-11.047622680664062,0.0,-0.41407299041748047,0.0061054229736328125,-0.20732914949533232,13.5091552734375,0.0,0.05205869674682617,0.018314361572265625,0.002030351467859284,-2.139190673828125,0.0,-0.011600494384765625,0.0061054229736328125,-0.0009428966867665432,2.3150177001953125,0.0,-0.029530418473998496,0.008967407231588244,-0.00415015264151094,5.428343861091587,0.0,-0.015713968883924737,0.01467931305941908,-0.002603164238236464,2.9969313011569954,0.0,0.17650127410888672,-0.0061054229736328125,0.19984095120827738,1.4358978271484375,0.0,0.06586408615112305,-0.0061054229736328125,0.09947656621100061,2.139190673828125,0.0,0.014476776123046875,0.0061054229736328125,0.005512856257410719,-0.26373291015625,0.0,-0.27486658096313477,-0.04273414611816406,-0.28436194029258277,-0.380950927734375,0.0,0.020229339599609375,0.0061054229736328125,0.0017412695103445459,-0.380950927734375,0.0,0.01544952392578125,-0.0073261260986328125,0.0011638586803435276,-0.1797313690185547,0.0,-0.042534828186035156,-0.0073261260986328125,-0.010255785766636537,0.3203926086425781,0.0,0.16538000106811523,0.06715583801269531,0.1887877168587796,1.4945068359375,0.0,-0.08676481246948242,-0.0061054229736328125,-0.10476229887005606,-1.3186798095703125,0.0,-0.02483081817626953,0.07936477661132812,-0.01838311362488836,0.14652252197265625,0.0,-0.26662158966064453,-0.06715583801269531,-0.27831911756196387,-0.20513153076171875,0.0,0.018887042999267578,-0.018314361572265625,0.00226432129374599,-0.26373291015625,0.0,0.01926422119140625,0.0073261260986328125,0.0016294021524809385,-0.16410446166992188,0.0,0.041390419006347656,-0.03663063049316406,0.013788507635131028,-0.3047618865966797,0.0,-0.03868579864501953,0.07058048248291016,-0.024760425917124233,0.009157508611679077,0.0,0.0,0.0,0.0,0.0,0.0,nan,nan,nan,nan,nan,nan,nan,nan,nan,nan,0.05417492624004666,0.10638585686683655,-0.053841132670640945,-0.9928661584854126,-0.015495410189032555,-0.02439737319946289,-0.0027062837034463882,nan
4.6610,1789426379.9394,ramp,0,0.037137,0.004053178255397381,-0.01216581712159175,0.0035788703055515698,-0.022764122113585472,-0.03635698929429054,0.11248678714036942,-0.9927268624305725,-0.24131107330322266,-0.0061054229736328125,-0.20276184005443587,8.293045043945312,0.0,0.08216285705566406,-0.018314361572265625,0.011147490825784152,-15.326004028320312,0.0,-0.0033555030822753906,0.0061054229736328125,0.000747474407750671,1.1428604125976562,0.0,0.42040109634399414,-0.0061054229736328125,0.4009021151263884,-4.3076934814453125,0.0,-0.26527929306030273,0.03052520751953125,-0.19925180420509053,4.366302490234375,0.0,-0.10152864456176758,0.018314361572265625,-0.00927549110341909,4.131866455078125,0.0,-0.12530517578125,0.0061054229736328125,-0.19559881035950483,-15.326004028320312,0.0,-0.03748607635498047,-0.03052520751953125,0.003139515362029461,8.879119873046875,0.0,0.047265052795410156,0.0061054229736328125,0.007364502836624837,-8.4688720703125,0.0,0.4528055191040039,0.0061054229736328125,0.40127913370444246,-11.106231689453125,0.0,-0.41368961334228516,0.0061054229736328125,-0.20692184662164925,13.450546264648438,0.0,0.05244255065917969,0.018314361572265625,0.0019175186863420938,-2.139190673828125,0.0,-0.011600494384765625,-0.0061054229736328125,-0.0008904970616103211,2.3150177001953125,0.0,-0.02917750008708238,0.008969357900562283,-0.003919516087359889,5.2667592006629,0.0,-0.015331034367462346,0.014686001884212553,-0.002458498515874618,2.8498913832581865,0.0,0.17650127410888672,-0.0061054229736328125,0.19984979019705298,1.4358978271484375,0.0,0.06586408615112305,-0.0061054229736328125,0.09950565509507894,2.139190673828125,0.0,0.014476776123046875,-0.0061054229736328125,0.005206490135350118,-0.3223419189453125,0.0,-0.27582502365112305,-0.05494499206542969,-0.28523099530464513,-0.380950927734375,0.0,0.020229339599609375,0.0061054229736328125,0.0016445018889088333,-0.380950927734375,0.0,0.01544952392578125,-0.0073261260986328125,0.0010991795278544533,-0.1797313690185547,0.0,-0.042534828186035156,-0.0073261260986328125,-0.009685840684214872,0.3203926086425781,0.0,0.16672182083129883,0.06715583801269531,0.18941081756339995,1.377288818359375,0.0,-0.08676481246948242,-0.0061054229736328125,-0.10449764357844923,-1.26007080078125,0.0,-0.02387237548828125,0.06715583801269531,-0.017361508313651446,0.20513153076171875,0.0,-0.26777172088623047,-0.06715583801269531,-0.2795239905384055,-0.20513153076171875,0.0,0.018503665924072266,-0.0061054229736328125,0.0021384861002504817,-0.26373291015625,0.0,0.01926422119140625,0.0073261260986328125,0.0015388513389962347,-0.16410446166992188,0.0,0.040627479553222656,-0.05128288269042969,0.01302223849696885,-0.3047618865966797,0.0,-0.03715157508850098,0.07671833038330078,-0.02338441404331546,0.006715506315231323,0.0,0.0,0.0,0.0,0.0,0.0,nan,nan,nan,nan,nan,nan,nan,nan,nan,nan,0.053844765492312825,0.1057058721780777,-0.05351722985506058,-0.992956280708313,-0.010981932282447815,-0.020952897146344185,0.009558582678437233,nan
4.6809,1789426379.9593,ramp,0,0.037162,0.003515444679492676,-0.010569674408793375,0.004904352107665177,-0.02275785803794861,-0.03620774298906326,0.11243399232625961,-0.9927384853363037,-0.24131107330322266,-0.0061054229736328125,-0.20259991256185825,8.117218017578125,0.0,0.0819711685180664,-0.018314361572265625,0.010493909463287748,-15.5018310546875,0.0,-0.0033555030822753906,0.0061054229736328125,0.0007036497166624403,0.9670333862304688,0.0,0.4202089309692383,-0.0061054229736328125,0.40084922414428314,-4.4249114990234375,0.0,-0.2648959159851074,0.03052520751953125,-0.19929567136609722,4.24908447265625,0.0,-0.10114526748657227,0.03052520751953125,-0.008731665752231194,4.0732574462890625,0.0,-0.12530517578125,0.0061054229736328125,-0.19585685385239657,-15.208786010742188,0.0,-0.03806114196777344,-0.03052520751953125,0.0029554444567502663,8.879119873046875,0.0,0.0470733642578125,-0.0061054229736328125,0.006932719409009295,-8.4688720703125,0.0,0.4528055191040039,0.0061054229736328125,0.4012041379886548,-11.164840698242188,0.0,-0.41330575942993164,0.0061054229736328125,-0.20651601646050838,13.450546264648438,0.0,0.052634239196777344,0.018314361572265625,0.0018050938819427933,-2.1977996826171875,0.0,-0.011600494384765625,-0.0061054229736328125,-0.0008382869013220414,2.3150177001953125,0.0,-0.028824522974247233,0.00897131222554739,-0.003689713461393336,5.345669251824494,0.0,-0.014947888879062456,0.014692692947780877,-0.0023143558711474187,2.9214755162233996,0.0,0.17650127410888672,-0.0061054229736328125,0.19985859722609917,1.4358978271484375,0.0,0.06586408615112305,-0.0061054229736328125,0.09953463880051212,2.1977996826171875,0.0,0.01409292221069336,-0.0061054229736328125,0.004901231761993542,-0.20513153076171875,0.0,-0.2765922546386719,-0.04273414611816406,-0.2860969080157349,-0.380950927734375,0.0,0.020229339599609375,0.0061054229736328125,0.0015480841567053767,-0.3223419189453125,0.0,0.01544952392578125,-0.0073261260986328125,0.001034734240150641,-0.1797313690185547,0.0,-0.042153358459472656,0.021978378295898438,-0.00911795639076743,0.3203926086425781,0.0,0.16748905181884766,0.05494499206542969,0.1900316652806685,1.4358978271484375,0.0,-0.08676481246948242,-0.0061054229736328125,-0.10423394521887627,-1.26007080078125,0.0,-0.022913455963134766,0.05494499206542969,-0.01634359688981937,0.26373291015625,0.0,-0.26873064041137695,-0.05494499206542969,-0.28072450697415274,-0.26373291015625,0.0,0.018120288848876953,-0.0061054229736328125,0.0020131058975730765,-0.26373291015625,0.0,0.01926422119140625,0.0073261260986328125,0.0014486279362108975,-0.16410446166992188,0.0,0.039483070373535156,-0.05128288269042969,0.01225874000994468,-0.28913307189941406,0.0,-0.036096811294555664,0.05830574035644531,-0.0220133775086848,0.011355310678482056,0.0,0.0,0.0,0.0,0.0,0.0,nan,nan,nan,nan,nan,nan,nan,nan,nan,nan,0.05347536524444618,0.10506157577037811,-0.053154077380895615,-0.9930441379547119,-0.011543543078005314,-0.019333891570568085,0.010842978954315186,nan
4.7008,1789426379.9790,ramp,0,0.037255,0.004906976777755126,-0.019615548379086856,0.0014421670089335334,-0.02278779447078705,-0.03607045114040375,0.11239897459745407,-0.9927467107772827,-0.24131107330322266,-0.0061054229736328125,-0.20243780362296818,8.351654052734375,0.0,0.0815877914428711,-0.018314361572265625,0.009839595736408812,-15.619049072265625,0.0,-0.0033555030822753906,0.0061054229736328125,0.0006597759182332262,0.9670333862304688,0.0,0.4202089309692383,-0.0061054229736328125,0.40079627389569067,-4.483512878417969,0.0,-0.2645120620727539,0.03052520751953125,-0.19933958768203414,4.366302490234375,0.0,-0.10095357894897461,0.018314361572265625,-0.00818723102271585,4.0732574462890625,0.0,-0.12530517578125,0.0061054229736328125,-0.1961151864934712,-15.384613037109375,0.0,-0.038252830505371094,-0.03052520751953125,0.0027711672925680147,8.996337890625,0.0,0.0470733642578125,-0.0061054229736328125,0.006500452150578649,-8.4688720703125,0.0,0.4528055191040039,0.0061054229736328125,0.40112905823713074,-11.282058715820312,0.0,-0.41292238235473633,0.018314361572265625,-0.2061097315502384,13.450546264648438,0.0,0.053017616271972656,0.018314361572265625,0.0016925431009976795,-2.1977996826171875,0.0,-0.011408805847167969,-0.0061054229736328125,-0.0007860182374349819,2.1977996826171875,0.0,-0.02854223946920302,0.013467960741251324,-0.003459653332278855,5.343020137894366,0.0,-0.014641372991908808,0.01957973123081515,-0.0021700517087499495,2.775393671802171,0.0,0.17650127410888672,-0.0061054229736328125,0.199867414123778,1.4945068359375,0.0,0.06586408615112305,-0.0061054229736328125,0.09956365498336088,2.0805892944335938,0.0,0.013901233673095703,0.0061054229736328125,0.004595631334268614,-0.380950927734375,0.0,-0.27716732025146484,-0.03052520751953125,-0.28696379101708136,-0.4395599365234375,0.0,0.020229339599609375,0.0061054229736328125,0.0014515583845286862,-0.3223419189453125,0.0,0.01544952392578125,-0.0073261260986328125,0.0009702167388923356,-0.1797313690185547,0.0,-0.041390419006347656,0.03663063049316406,-0.008549435759973509,0.3047637939453125,0.0,0.16825580596923828,0.05494499206542969,0.1906532086829446,1.4358978271484375,0.0,-0.08676481246948242,-0.0061054229736328125,-0.1039699513746133,-1.26007080078125,0.0,-0.021955013275146484,0.05494499206542969,-0.015324544855018003,0.20513153076171875,0.0,-0.26968908309936523,-0.06715583801269531,-0.28192636863717946,-0.26373291015625,0.0,0.017928600311279297,-0.0061054229736328125,0.001887585201301477,-0.26373291015625,0.0,0.01926422119140625,0.0073261260986328125,0.00135830343444927,-0.16410446166992188,0.0,0.038720130920410156,-0.0659332275390625,0.011494385991949005,-0.28913307189941406,0.0,-0.03446698188781738,0.08899307250976562,-0.0206408046720989,0.00158730149269104,0.0,0.0,0.0,0.0,0.0,0.0,nan,nan,nan,nan,nan,nan,nan,nan,nan,nan,0.053232587109456234,0.104528047144413,-0.05291597545146942,-0.9931131601333618,-0.015092339366674423,-0.03289024904370308,0.007415182888507843,nan
4.7211,1789426379.9994,ramp,0,0.037237,0.0006455248259699187,-0.018861842581675406,0.0006630498693551449,-0.02275661565363407,-0.03587741032242775,0.11238545179367065,-0.9927560091018677,-0.24131107330322266,-0.0061054229736328125,-0.2022718675934628,8.351654052734375,0.0,0.08120393753051758,-0.018314361572265625,0.00916983487909545,-15.794868469238281,0.0,-0.003547191619873047,0.0061054229736328125,0.0006148663410037987,1.0256423950195312,0.0,0.4202089309692383,-0.0061054229736328125,0.40074207359018676,-4.483512878417969,0.0,-0.26393699645996094,0.03052520751953125,-0.19938454078053058,4.24908447265625,0.0,-0.1005702018737793,0.03052520751953125,-0.00762994320158042,4.0732574462890625,0.0,-0.12530517578125,0.0061054229736328125,-0.19637961788784755,-15.560440063476562,0.0,-0.03863668441772461,-0.018314361572265625,0.0025825396871917696,8.937728881835938,0.0,0.0470733642578125,0.0061054229736328125,0.006057979865951531,-8.937728881835938,0.0,0.4528055191040039,0.0061054229736328125,0.40105220599227953,-11.106231689453125,0.0,-0.412539005279541,0.018314361572265625,-0.20569385500869947,13.5091552734375,0.0,0.05320930480957031,0.018314361572265625,0.0015773352053958874,-2.25640869140625,0.0,-0.011408805847167969,-0.0061054229736328125,-0.0007325156075839988,2.139190673828125,0.0,-0.02825991828112444,0.013470128218985496,-0.0032241619112990116,5.263595092282239,0.0,-0.014334722174753919,0.019587233712191166,-0.0020223407934032225,2.8466285965956772,0.0,0.17650127410888672,-0.0061054229736328125,0.19987643917201656,1.4945068359375,0.0,0.06586408615112305,-0.0061054229736328125,0.09959335618433288,2.139190673828125,0.0,0.013901233673095703,0.0061054229736328125,0.004282816248690791,-0.3223419189453125,0.0,-0.27793407440185547,-0.03052520751953125,-0.28785113951417257,-0.4395599365234375,0.0,0.020229339599609375,0.0061054229736328125,0.0013527538183547958,-0.3223419189453125,0.0,0.01544952392578125,-0.0073261260986328125,0.0009041760993957509,-0.1797313690185547,0.0,-0.040627479553222656,0.0073261260986328125,-0.007967493414216605,0.3203926086425781,0.0,0.16940641403198242,0.06715583801269531,0.19128942556922574,1.377288818359375,0.0,-0.08676481246948242,-0.0061054229736328125,-0.10369972512656805,-1.26007080078125,0.0,-0.02099609375,0.05494499206542969,-0.014281434896541198,0.20513153076171875,0.0,-0.2712230682373047,-0.09157562255859375,-0.28315660401928044,-0.20513153076171875,0.0,0.017736434936523438,-0.0061054229736328125,0.0017591011947891216,-0.26373291015625,0.0,0.01926422119140625,0.0073261260986328125,0.0012658465391540512,-0.16410446166992188,0.0,0.037575721740722656,-0.03663063049316406,0.010711986996858967,-0.28913307189941406,0.0,-0.03293299674987793,0.07058048248291016,-0.019235827943058184,0.005494505167007446,0.0,0.0,0.0,0.0,0.0,0.0,nan,nan,nan,nan,nan,nan,nan,nan,nan,nan,0.05289696302440771,0.10386261343955994,-0.05258634686470032,-0.9932004809379578,-0.01932801492512226,-0.03210211172699928,0.0065031819976866245,nan
4.7401,1789426380.0184,ramp,0,0.037216,-0.0024812549641335417,-0.026344992349661804,0.003600513690894967,-0.02272455208003521,-0.035689085721969604,0.11235940456390381,-0.9927664399147034,-0.24131107330322266,-0.0061054229736328125,-0.2021172663328293,8.410263061523438,0.0,0.08082056045532227,-0.018314361572265625,0.008545824089080485,-15.619049072265625,0.0,-0.003547191619873047,0.0061054229736328125,0.0005730244500360478,1.0256423950195312,0.0,0.4202089309692383,-0.0061054229736328125,0.4006915756026032,-4.542121887207031,0.0,-0.2635531425476074,0.03052520751953125,-0.19942642321991189,4.24908447265625,0.0,-0.10018634796142578,0.03052520751953125,-0.007110722632424744,4.131866455078125,0.0,-0.12530517578125,0.0061054229736328125,-0.1966259864856952,-15.619049072265625,0.0,-0.03902006149291992,-0.018314361572265625,0.0024067968682972484,9.054946899414062,0.0,0.04688119888305664,0.0061054229736328125,0.0056457320063237615,-8.76190185546875,0.0,0.4528055191040039,0.0061054229736328125,0.40098060337546426,-11.22344970703125,0.0,-0.41196393966674805,0.018314361572265625,-0.20530638618844707,13.450546264648438,0.0,0.05378437042236328,0.018314361572265625,0.001469996938064448,-2.25640869140625,0.0,-0.011408805847167969,-0.0061054229736328125,-0.0006826676387804567,2.3150177001953125,0.0,-0.02790678815830313,0.008976408912031676,-0.0030047564533018972,5.182333048115893,0.0,-0.013951027969074185,0.014710094707601323,-0.0018847197246697014,2.772612920357853,0.0,0.17650127410888672,-0.0061054229736328125,0.19988484773668522,1.377288818359375,0.0,0.06586408615112305,-0.0061054229736328125,0.09962102855377718,2.1977996826171875,0.0,0.013709545135498047,-0.0061054229736328125,0.003991368955901796,-0.3223419189453125,0.0,-0.27850961685180664,-0.04273414611816406,-0.2886778749536092,-0.4395599365234375,0.0,0.020229339599609375,-0.0061054229736328125,0.0012606984007799697,-0.3223419189453125,0.0,0.01544952392578125,-0.0073261260986328125,0.0008426465681080241,-0.1797313690185547,0.0,-0.040627479553222656,-0.0073261260986328125,-0.007425302423277543,0.3203926086425781,0.0,0.17055702209472656,0.07936477661132812,0.19188218371191815,1.3186798095703125,0.0,-0.08676481246948242,0.0061054229736328125,-0.10344795751028495,-1.2014617919921875,0.0,-0.02003765106201172,0.06715583801269531,-0.01330957775954365,0.14652252197265625,0.0,-0.2729487419128418,-0.10378456115722656,-0.2843028044045472,-0.08791351318359375,0.0,0.017160892486572266,-0.03052520751953125,0.0016393936819767525,-0.26373291015625,0.0,0.01926422119140625,0.0073261260986328125,0.0011797051953512337,-0.16410446166992188,0.0,0.037575721740722656,-0.0073261260986328125,0.009983032162156494,-0.3203907012939453,0.0,-0.03178262710571289,0.06444263458251953,-0.01792682245390768,0.0062271058559417725,0.0,0.0,0.0,0.0,0.0,0.0,nan,nan,nan,nan,nan,nan,nan,nan,nan,nan,0.05248122454883139,0.10313647240400314,-0.052177395671606064,-0.9932977557182312,-0.017696605995297432,-0.035068996250629425,0.009591876529157162,nan
4.7609,1789426380.0393,ramp,0,0.037197,-0.005727921150907271,-0.020244252052832708,0.0014849371419733133,-0.022685954347252846,-0.03543975204229355,0.1123306080698967,-0.992779552936554,-0.24131107330322266,-0.0061054229736328125,-0.20194824750840326,8.586074829101562,0.0,0.08062887191772461,-0.018314361572265625,0.00786362027181972,-15.619049072265625,0.0,-0.003547191619873047,0.0061054229736328125,0.0005272805331096692,1.0842514038085938,0.0,0.4200167655944824,-0.0061054229736328125,0.40063636835227245,-4.366302490234375,0.0,-0.26297807693481445,0.03052520751953125,-0.19947221146665264,4.131866455078125,0.0,-0.09980297088623047,0.03052520751953125,-0.006543081399378414,4.0732574462890625,0.0,-0.12530517578125,0.0061054229736328125,-0.19689533054287223,-15.384613037109375,0.0,-0.03921175003051758,-0.018314361572265625,0.0022146648990677828,9.113555908203125,0.0,0.04688119888305664,0.0061054229736328125,0.005195039377292619,-8.820510864257812,0.0,0.4528055191040039,0.0061054229736328125,0.40090232335322934,-11.282058715820312,0.0,-0.41158008575439453,0.018314361572265625,-0.20488278340388727,13.450546264648438,0.0,0.05397653579711914,0.03052520751953125,0.0013526486856249216,-2.25640869140625,0.0,-0.011024951934814453,-0.0061054229736328125,-0.0006281710256695576,2.0219802856445312,0.0,-0.027553598930209033,0.00897837627158291,-0.002764890022514877,5.101116270826445,0.0,-0.013567122616706506,0.014716793646935768,-0.0017342646044573363,2.698641206544493,0.0,0.17650127410888672,-0.0061054229736328125,0.19989404045419337,1.377288818359375,0.0,0.06586408615112305,-0.0061054229736328125,0.09965128154999076,2.1977996826171875,0.0,0.01351785659790039,-0.0061054229736328125,0.003672742324996584,-0.3223419189453125,0.0,-0.27927637100219727,-0.04273414611816406,-0.2895817088001922,-0.4395599365234375,0.0,0.020229339599609375,0.0061054229736328125,0.0011600582223183537,-0.3223419189453125,0.0,0.01544952392578125,-0.0073261260986328125,0.0007753790115362119,-0.1797313690185547,0.0,-0.040627479553222656,-0.0073261260986328125,-0.006832548628596918,0.33602142333984375,0.0,0.17189884185791016,0.09157562255859375,0.1925302203711039,1.2014617919921875,0.0,-0.08638143539428711,0.0061054229736328125,-0.10317271094141256,-1.26007080078125,0.0,-0.019078731536865234,0.05494499206542969,-0.012247088681949422,0.20513153076171875,0.0,-0.27544164657592773,-0.11599540710449219,-0.28555589536176607,-0.02930450439453125,0.0,0.016202449798583984,-0.05494499206542969,0.0015085226722087455,-0.20513153076171875,0.0,0.01926422119140625,0.0073261260986328125,0.0010855306161506966,-0.16410446166992188,0.0,0.037575721740722656,-0.0073261260986328125,0.009186097591789864,-0.3203907012939453,0.0,-0.03015279769897461,0.07058048248291016,-0.016495743767764526,0.0062271058559417725,0.0,0.0,0.0,0.0,0.0,0.0,nan,nan,nan,nan,nan,nan,nan,nan,nan,nan,0.05202500254551554,0.10230781137943268,-0.05172867327928543,-0.9934068918228149,-0.02080611139535904,-0.02897299826145172,0.007300949189811945,nan
4.7811,1789426380.0595,ramp,0,0.037181,-0.0004005319508110678,-0.016999182982490053,0.006788184877813962,-0.022650210186839104,-0.03521038219332695,0.1122763454914093,-0.9927946329116821,-0.24131107330322266,-0.0061054229736328125,-0.20178307428503,8.351654052734375,0.0,0.0802454948425293,-0.018314361572265625,0.007196938297920323,-15.794868469238281,0.0,-0.003547191619873047,-0.0061054229736328125,0.00048257740472082444,0.9670333862304688,0.0,0.4200167655944824,-0.0061054229736328125,0.40058241720498644,-4.483512878417969,0.0,-0.2624025344848633,0.03052520751953125,-0.19951695791624172,4.24908447265625,0.0,-0.0992279052734375,0.03052520751953125,-0.005988355424326649,4.0732574462890625,0.0,-0.12530517578125,0.0061054229736328125,-0.19715854634898988,-15.560440063476562,0.0,-0.03959512710571289,-0.018314361572265625,0.00202690441275242,9.172164916992188,0.0,0.046689510345458984,-0.0061054229736328125,0.004754601132970192,-8.996337890625,0.0,0.4528055191040039,0.0061054229736328125,0.4008258243973161,-11.282058715820312,0.0,-0.4111967086791992,0.018314361572265625,-0.2044688186423098,13.391937255859375,0.0,0.05435991287231445,0.018314361572265625,0.0012379703994726118,-2.25640869140625,0.0,-0.010833263397216797,-0.0061054229736328125,-0.0005749143468290779,2.139190673828125,0.0,-0.02727114553737692,0.008979951957522199,-0.002530481153049159,5.2587088294483815,0.0,-0.013259999025126375,0.014722151670751471,-0.0015872327145901627,2.698202997552219,0.0,0.17650127410888672,-0.0061054229736328125,0.19990302401438284,1.4945068359375,0.0,0.06586408615112305,-0.0061054229736328125,0.09968084621486326,2.1977996826171875,0.0,0.013326168060302734,-0.0061054229736328125,0.003361365246982368,-0.3223419189453125,0.0,-0.28023529052734375,-0.04273414611816406,-0.29046497816584377,-0.380950927734375,0.0,0.02003765106201172,-0.0061054229736328125,0.0010617078596660567,-0.3223419189453125,0.0,0.01544952392578125,-0.0073261260986328125,0.0007096419601448047,-0.1797313690185547,0.0,-0.040246009826660156,-0.0073261260986328125,-0.00625328146550659,0.33602142333984375,0.0,0.1730494499206543,0.07936477661132812,0.19316351257524292,1.2014617919921875,0.0,-0.0859975814819336,0.0061054229736328125,-0.10290372692050559,-1.26007080078125,0.0,-0.017736434936523438,0.07936477661132812,-0.011208773888664834,0.20513153076171875,0.0,-0.2773590087890625,-0.10378456115722656,-0.2867804753651272,-0.08791351318359375,0.0,0.014668464660644531,-0.09157562255859375,0.001380629305284075,-0.14652252197265625,0.0,0.01926422119140625,0.0073261260986328125,0.0009934987442027266,-0.16410446166992188,0.0,0.037575721740722656,-0.0073261260986328125,0.008407295276414359,-0.3203907012939453,0.0,-0.029098033905029297,0.06444263458251953,-0.015097225701544755,0.011843711137771606,0.0,0.0,0.0,0.0,0.0,0.0,nan,nan,nan,nan,nan,nan,nan,nan,nan,nan,0.051670837245481674,0.10157737135887146,-0.051380705088377,-0.9934998750686646,-0.015587832778692245,-0.025720277801156044,0.012703443877398968,nan
4.8007,1789426380.0789,ramp,0,0.037209,0.004371509229445915,-0.01590324434024661,0.008356266611220227,-0.022638030350208282,-0.0349959060549736,0.11221197247505188,-0.9928097724914551,-0.24131107330322266,-0.0061054229736328125,-0.20162358226781557,8.703292846679688,0.0,0.07986211776733398,-0.03052520751953125,0.006553187145728817,-15.853477478027344,0.0,-0.003738880157470703,-0.0061054229736328125,0.00043941186022805205,1.0842514038085938,0.0,0.4200167655944824,-0.0061054229736328125,0.4005303217313017,-4.4249114990234375,0.0,-0.26201915740966797,0.03052520751953125,-0.19956016529188286,4.131866455078125,0.0,-0.09903621673583984,0.03052520751953125,-0.005452709494826808,4.131866455078125,0.0,-0.12530517578125,0.0061054229736328125,-0.1974127087309007,-15.619049072265625,0.0,-0.04017066955566406,-0.03052520751953125,0.0018456020315067076,9.347991943359375,0.0,0.04649782180786133,-0.0061054229736328125,0.004329311957093129,-8.879119873046875,0.0,0.4528055191040039,0.0061054229736328125,0.4007519566568663,-11.22344970703125,0.0,-0.41062164306640625,0.018314361572265625,-0.20406909238201587,13.391937255859375,0.0,0.05455160140991211,0.018314361572265625,0.0011272365237535767,-2.3150177001953125,0.0,-0.010833263397216797,-0.0061054229736328125,-0.0005234894550400802,2.0219802856445312,0.0,-0.02698865422168171,0.008981529927392784,-0.0023041348804480706,5.256315278371638,0.0,-0.01295274039395874,0.014727511048155693,-0.0014452580516826413,2.552343594755749,0.0,0.17650127410888672,-0.0061054229736328125,0.19991169858104155,1.4945068359375,0.0,0.06586408615112305,-0.0061054229736328125,0.09970939398999583,2.1977996826171875,0.0,0.012942790985107422,-0.0061054229736328125,0.003060698121448351,-0.3223419189453125,0.0,-0.2810020446777344,-0.05494499206542969,-0.29131786709054036,-0.4395599365234375,0.0,0.019845962524414062,-0.0061054229736328125,0.0009667403012880303,-0.380950927734375,0.0,0.01544952392578125,-0.0073261260986328125,0.0006461659637452432,-0.1797313690185547,0.0,-0.040246009826660156,0.0073261260986328125,-0.005693938452997937,0.33602142333984375,0.0,0.1743922233581543,0.06715583801269531,0.1937750224135904,1.1428604125976562,0.0,-0.08580589294433594,0.0061054229736328125,-0.10264399472410743,-1.2014617919921875,0.0,-0.0165863037109375,0.07936477661132812,-0.01020617239247483,0.20513153076171875,0.0,-0.2790846824645996,-0.07936477661132812,-0.28796293539701245,-0.08791351318359375,0.0,0.012175559997558594,-0.14041519165039062,0.0012571348873476574,0.02930450439453125,0.0,0.01926422119140625,0.0073261260986328125,0.0009046323492433406,-0.16410446166992188,0.0,0.037194252014160156,-0.021978378295898438,0.007655280211540189,-0.33601951599121094,0.0,-0.027468204498291016,0.08899307250976562,-0.01374681028349496,0.003540903329849243,0.0,0.0,0.0,0.0,0.0,0.0,nan,nan,nan,nan,nan,nan,nan,nan,nan,nan,0.051381155878603396,0.10087070614099503,-0.0510965995490551,-0.993586540222168,-0.010851036757230759,-0.024659104645252228,0.014384394511580467,nan
4.8211,1789426380.0994,ramp,0,0.037271,0.0023043269208465568,-0.01938513292992996,0.011562121154660118,-0.022640299052000046,-0.034773629158735275,0.11210145056247711,-0.9928299784660339,-0.24131107330322266,-0.0061054229736328125,-0.2014574895594897,8.644683837890625,0.0,0.07928657531738281,-0.03052520751953125,0.005882793892055048,-16.087913513183594,0.0,-0.003930568695068359,-0.0061054229736328125,0.0003944598788287224,1.1428604125976562,0.0,0.4200167655944824,-0.018314361572265625,0.40047607024920906,-4.3076934814453125,0.0,-0.261444091796875,0.04273414611816406,-0.1996051608356425,4.131866455078125,0.0,-0.09846067428588867,0.03052520751953125,-0.0048948954757418615,4.131866455078125,0.0,-0.12530517578125,0.0061054229736328125,-0.19767738980462088,-14.915756225585938,0.0,-0.04036235809326172,-0.03052520751953125,0.0016567963216476318,9.347991943359375,0.0,0.04630613327026367,-0.0061054229736328125,0.003886421884744733,-8.996337890625,0.0,0.4528055191040039,0.0061054229736328125,0.4006750318471893,-11.282058715820312,0.0,-0.41023826599121094,0.018314361572265625,-0.20365282316478023,13.450546264648438,0.0,0.05512666702270508,0.018314361572265625,0.0010119198474533115,-2.3150177001953125,0.0,-0.01064157485961914,0.0061054229736328125,-0.00046993630735423035,2.0805892944335938,0.0,-0.02663531099350764,0.013482656573484606,-0.0020684211055998153,5.09668923194961,0.0,-0.0125682858946285,0.019630420990140972,-0.001297407665890251,2.550665890396579,0.0,0.17650127410888672,-0.0061054229736328125,0.1999207321508406,1.4358978271484375,0.0,0.06586408615112305,-0.0061054229736328125,0.09973912323520358,2.139190673828125,0.0,0.012558937072753906,-0.018314361572265625,0.0027475876720560568,-0.3223419189453125,0.0,-0.28196096420288086,-0.05494499206542969,-0.292206053432892,-0.380950927734375,0.0,0.019654273986816406,-0.0061054229736328125,0.0008678424426391356,-0.26373291015625,0.0,0.01544952392578125,-0.0073261260986328125,0.0005800629678723482,-0.1797313690185547,0.0,-0.039483070373535156,0.03663063049316406,-0.00511144663018903,0.3203926086425781,0.0,0.17554283142089844,0.07936477661132812,0.19441184002360584,1.0842514038085938,0.0,-0.08542251586914062,0.0061054229736328125,-0.1023735133251469,-1.26007080078125,0.0,-0.015819072723388672,0.03052520751953125,-0.009162077516868214,0.26373291015625,0.0,-0.2804269790649414,-0.06715583801269531,-0.28919433238234776,-0.02930450439453125,0.0,0.009299278259277344,-0.09157562255859375,0.001128529564671179,-0.02930450439453125,0.0,0.01926422119140625,0.0073261260986328125,0.0008120881550212875,-0.1797332763671875,0.0,0.036812782287597656,-0.03663063049316406,0.006872142465787915,-0.33601951599121094,0.0,-0.02603006362915039,0.04603099822998047,-0.012340506958311457,0.008424907922744751,0.0,0.0,0.0,0.0,0.0,0.0,nan,nan,nan,nan,nan,nan,nan,nan,nan,nan,0.051027569631634004,0.10008988529443741,-0.05074929818511009,-0.9936833381652832,-0.01798153482377529,-0.03253144025802612,0.005233798176050186,nan
4.8409,1789426380.1192,ramp,0,0.037336,-0.003781141811606616,-0.018903841464303798,0.0187749923212198,-0.022645089775323868,-0.03456759825348854,0.11195829510688782,-0.9928532838821411,-0.24131107330322266,-0.0061054229736328125,-0.20129601177611095,8.586074829101562,0.0,0.0789031982421875,-0.03052520751953125,0.0052310276725355265,-16.087913513183594,0.0,-0.004122257232666016,-0.0061054229736328125,0.000350756898800212,0.9670333862304688,0.0,0.4196333885192871,-0.018314361572265625,0.40042332615730025,-4.131866455078125,0.0,-0.26067686080932617,0.04273414611816406,-0.19964890616764094,4.0732574462890625,0.0,-0.09807729721069336,0.03052520751953125,-0.004352580450312168,4.131866455078125,0.0,-0.12530517578125,0.0061054229736328125,-0.19793471665248458,-16.029296875,0.0,-0.04093742370605469,-0.03052520751953125,0.00147323662282281,9.347991943359375,0.0,0.046114444732666016,-0.0061054229736328125,0.0034558376171743566,-9.113555908203125,0.0,0.4528055191040039,0.0061054229736328125,0.4006002444114332,-11.22344970703125,0.0,-0.4098544120788574,0.0061054229736328125,-0.20324812008560508,13.450546264648438,0.0,0.055318355560302734,0.018314361572265625,0.0008998072721135321,-2.3150177001953125,0.0,-0.010258197784423828,-0.0061054229736328125,-0.0004178711464664954,2.0219802856445312,0.0,-0.0263527342073105,0.008985089659043632,-0.0018392566933990273,5.095798542294258,0.0,-0.012260723181055056,0.014739577871266316,-0.0011536653378248463,2.549733489329395,0.0,0.17650127410888672,-0.0061054229736328125,0.1999295147207791,1.4358978271484375,0.0,0.06586408615112305,-0.0061054229736328125,0.09976802644634426,2.139190673828125,0.0,0.012175559997558594,-0.03052520751953125,0.00244317707010841,-0.26373291015625,0.0,-0.28291940689086914,-0.05494499206542969,-0.2930695613089202,-0.380950927734375,0.0,0.019078731536865234,-0.0061054229736328125,0.0007716924842424283,-0.3223419189453125,0.0,0.01544952392578125,-0.0073261260986328125,0.0005157966592797547,-0.1797313690185547,0.0,-0.038720130920410156,0.0073261260986328125,-0.004545139479613283,0.33602142333984375,0.0,0.17669296264648438,0.07936477661132812,0.1950309635066193,1.0256423950195312,0.0,-0.08503913879394531,0.0061054229736328125,-0.10211054731544322,-1.26007080078125,0.0,-0.015244007110595703,0.04273414611816406,-0.008146993062833747,0.26373291015625,0.0,-0.28157711029052734,-0.06715583801269531,-0.29039151471295976,-0.08791351318359375,0.0,0.008149147033691406,-0.03052520751953125,0.0010034975711187416,-0.02930450439453125,0.0,0.01926422119140625,0.0073261260986328125,0.0007221153229916566,-0.1797332763671875,0.0,0.035668373107910156,-0.05128288269042969,0.006110764386407085,-0.3203907012939453,0.0,-0.024783849716186523,0.07058048248291016,-0.010973278101622195,0.004517704248428345,0.0,0.0,0.0,0.0,0.0,0.0,nan,nan,nan,nan,nan,nan,nan,nan,nan,nan,0.0507375197549429,0.09941937029361725,-0.05046448856592178,-0.993765115737915,-0.019297782331705093,-0.02746080979704857,0.02461615949869156,nan
4.8608,1789426380.1391,ramp,0,0.037486,0.013509997747538806,-0.020116287162454404,0.012304745705223314,-0.022690540179610252,-0.034357719123363495,0.11179286986589432,-0.9928781390190125,-0.24131107330322266,-0.0061054229736328125,-0.20113435254641607,8.76190185546875,0.0,0.07832813262939453,-0.03052520751953125,0.004578529088618523,-15.970695495605469,0.0,-0.004313945770263672,-0.0061054229736328125,0.0003070048114297158,1.1428604125976562,0.0,0.41944169998168945,-0.018314361572265625,0.400370522798903,-4.1904754638671875,0.0,-0.2601017951965332,0.04273414611816406,-0.19969270065457062,4.0732574462890625,0.0,-0.09769392013549805,0.04273414611816406,-0.003809656046542588,4.131866455078125,0.0,-0.12530517578125,0.0061054229736328125,-0.1981923326485371,-15.853485107421875,0.0,-0.04132080078125,-0.04273414611816406,0.0012894706650907208,9.465194702148438,0.0,0.0457310676574707,-0.0061054229736328125,0.003024769518779,-9.289382934570312,0.0,0.4528055191040039,0.0061054229736328125,0.400525372939939,-11.399261474609375,0.0,-0.40966272354125977,0.0061054229736328125,-0.2028429622572916,13.5091552734375,0.0,0.05570220947265625,0.03052520751953125,0.0007875687202253679,-2.3150177001953125,0.0,-0.010066509246826172,0.0061054229736328125,-0.0003657474819787864,1.9047622680664062,0.0,-0.026069943591382917,0.013487038435474049,-0.0016098347780450545,5.093564913211669,0.0,-0.011952833924149765,0.019645455660142308,-0.0010097614920858747,2.404017098642657,0.0,0.17650127410888672,-0.0061054229736328125,0.1999383071593505,1.4358978271484375,0.0,0.06586408615112305,-0.0061054229736328125,0.0997969621349012,2.1977996826171875,0.0,0.011600494384765625,-0.03052520751953125,0.0021384244137854272,-0.26373291015625,0.0,-0.28368663787841797,-0.05494499206542969,-0.2939340394752249,-0.380950927734375,0.0,0.018695354461669922,-0.0061054229736328125,0.0006754344858702817,-0.3223419189453125,0.0,0.01544952392578125,-0.0073261260986328125,0.000451458137131194,-0.1797313690185547,0.0,-0.038720130920410156,0.0073261260986328125,-0.0039781959916780655,0.33602142333984375,0.0,0.17803525924682617,0.06715583801269531,0.19565078267465452,1.0256423950195312,0.0,-0.08446359634399414,0.0061054229736328125,-0.10184728582104353,-1.3186798095703125,0.0,-0.014285087585449219,0.05494499206542969,-0.007130767997806705,0.26373291015625,0.0,-0.2827277183532715,-0.06715583801269531,-0.2915900422708787,-0.08791351318359375,0.0,0.007381916046142578,-0.03052520751953125,0.0008783250839692417,-0.02930450439453125,0.0,0.01926422119140625,0.0073261260986328125,0.0006320413919836716,-0.1797332763671875,0.0,0.034905433654785156,-0.0659332275390625,0.005348530776037286,-0.3203907012939453,0.0,-0.023441553115844727,0.07671833038330078,-0.009604512942946326,0.007692307233810425,0.0,0.0,0.0,0.0,0.0,0.0,nan,nan,nan,nan,nan,nan,nan,nan,nan,nan,0.05055026293328283,0.09873839467763901,-0.050281822681427,-0.9938423037528992,-0.006796805653721094,-0.03338808938860893,0.0062746889889240265,nan
4.8810,1789426380.1593,ramp,0,0.037622,0.008664825552573582,-0.014282941762934175,0.014986416805175904,-0.02273380570113659,-0.03417686000466347,0.11164846271276474,-0.9928996562957764,-0.24131107330322266,-0.0061054229736328125,-0.2009699100780845,8.703292846679688,0.0,0.07775259017944336,-0.03052520751953125,0.003914796631618446,-16.02930450439453,0.0,-0.004313945770263672,-0.0061054229736328125,0.0002624994574487555,1.26007080078125,0.0,0.4188666343688965,-0.018314361572265625,0.4003168103408675,-4.1904754638671875,0.0,-0.2593345642089844,0.04273414611816406,-0.1997372491380913,3.8974380493164062,0.0,-0.09731054306030273,0.03052520751953125,-0.0032573842755970715,4.0732574462890625,0.0,-0.12530517578125,0.0061054229736328125,-0.1984543839421905,-15.73626708984375,0.0,-0.04189634323120117,-0.03052520751953125,0.001102540863793242,9.5238037109375,0.0,0.04553937911987305,-0.0061054229736328125,0.00258627984978273,-9.113555908203125,0.0,0.4528055191040039,0.0061054229736328125,0.4004492124286997,-11.340652465820312,0.0,-0.40927934646606445,0.0061054229736328125,-0.2024308289477524,13.450546264648438,0.0,0.05627727508544922,0.03052520751953125,0.0006733977907382049,-2.4322357177734375,0.0,-0.010066509246826172,0.0061054229736328125,-0.00031272641993970724,1.9047622680664062,0.0,-0.025716621394835947,0.013489782531958573,-0.001376462974150189,5.092496829279188,0.0,-0.011568021410485121,0.01965485276629692,-0.000863380096848645,2.4028896509973383,0.0,0.17650127410888672,-0.0061054229736328125,0.19994725097470864,1.4358978271484375,0.0,0.06586408615112305,-0.0061054229736328125,0.09982639600055895,2.139190673828125,0.0,0.010833263397216797,-0.03052520751953125,0.0018284249220711553,-0.26373291015625,0.0,-0.2848367691040039,-0.06715583801269531,-0.29481340110372045,-0.3223419189453125,0.0,0.01831197738647461,-0.0061054229736328125,0.0005775192423123263,-0.3223419189453125,0.0,0.01544952392578125,-0.0073261260986328125,0.00038601191787801943,-0.1797313690185547,0.0,-0.038338661193847656,-0.0073261260986328125,-0.0034014916071742982,0.3516502380371094,0.0,0.1791858673095703,0.06715583801269531,0.19628127308403767,1.0256423950195312,0.0,-0.08427190780639648,0.0061054229736328125,-0.10157949183218538,-1.26007080078125,0.0,-0.013709545135498047,0.04273414611816406,-0.006097046889591615,0.26373291015625,0.0,-0.2840700149536133,-0.06715583801269531,-0.29280920451951437,-0.08791351318359375,0.0,0.007190227508544922,-0.0061054229736328125,0.0007509975395233892,-0.02930450439453125,0.0,0.01926422119140625,0.0073261260986328125,0.0005404166850292272,-0.1797332763671875,0.0,0.033379554748535156,-0.08058547973632812,0.004573174017434515,-0.3047618865966797,0.0,-0.022290945053100586,0.06444263458251953,-0.008212182163666669,0.010134309530258179,0.0,0.0,0.0,0.0,0.0,0.0,nan,nan,nan,nan,nan,nan,nan,nan,nan,nan,0.05029222420391296,0.0980362817645073,-0.05002886429429054,-0.9939245581626892,-0.011653211899101734,-0.027482496574521065,0.008757608011364937,nan
4.9009,1789426380.1791,ramp,0,0.037712,0.007574809322863662,-0.01771816053510849,0.007016112455975964,-0.022755829617381096,-0.034011706709861755,0.11151809245347977,-0.9929195046424866,-0.24131107330322266,-0.0061054229736328125,-0.20080739783645044,8.703292846679688,0.0,0.07717752456665039,-0.03052520751953125,0.003258855070251765,-16.087913513183594,0.0,-0.004506111145019531,-0.0061054229736328125,0.00021851650758459892,1.26007080078125,0.0,0.4186744689941406,-0.018314361572265625,0.4002637283599924,-4.131866455078125,0.0,-0.2587594985961914,0.04273414611816406,-0.19978127471124033,3.9560470581054688,0.0,-0.09692716598510742,0.03052520751953125,-0.002711595074071401,4.0732574462890625,0.0,-0.12530517578125,0.0061054229736328125,-0.19871335927615874,-15.677658081054688,0.0,-0.04247140884399414,-0.03052520751953125,0.000917805245644893,9.582412719726562,0.0,0.04534769058227539,-0.0061054229736328125,0.002152937175198808,-9.406600952148438,0.0,0.4528055191040039,0.0061054229736328125,0.4003739458900063,-11.457870483398438,0.0,-0.40889596939086914,0.018314361572265625,-0.20202353326151729,13.450546264648438,0.0,0.056468963623046875,0.03052520751953125,0.0005605670003185553,-2.4322357177734375,0.0,-0.00968313217163086,0.0061054229736328125,-0.00026032771945061966,1.9047622680664062,0.0,-0.025363063713569396,0.01799511874189865,-0.0011458304899145434,4.93171149494791,0.0,-0.01118280604731752,0.024570917456324982,-0.0007187169273225982,2.2566134013525367,0.0,0.17650127410888672,-0.0061054229736328125,0.19995608980750745,1.4358978271484375,0.0,0.06586408615112305,-0.0061054229736328125,0.09985548437132187,2.139190673828125,0.0,0.01064157485961914,-0.0061054229736328125,0.0015220642062836593,-0.26373291015625,0.0,-0.2861790657043457,-0.07936477661132812,-0.29568244078005085,-0.3223419189453125,0.0,0.018120288848876953,-0.0061054229736328125,0.0004807533284811807,-0.26373291015625,0.0,0.01544952392578125,-0.0073261260986328125,0.00032133390674609074,-0.1797313690185547,0.0,-0.038338661193847656,-0.0073261260986328125,-0.0028315565822575224,0.3516502380371094,0.0,0.1801443099975586,0.05494499206542969,0.19690436279314533,1.0256423950195312,0.0,-0.08369684219360352,0.018314361572265625,-0.10131484121080375,-1.3186798095703125,0.0,-0.012942790985107422,0.04273414611816406,-0.005075459606057246,0.26373291015625,0.0,-0.28502845764160156,-0.06715583801269531,-0.29401405623423066,-0.14652252197265625,0.0,0.006998538970947266,-0.0061054229736328125,0.0006251645665717767,-0.02930450439453125,0.0,0.01926422119140625,0.0073261260986328125,0.000449867469444527,-0.1797332763671875,0.0,0.031853675842285156,-0.09523773193359375,0.003806918401198995,-0.27350425720214844,0.0,-0.020565032958984375,0.082855224609375,-0.006836194571576564,0.002319902181625366,0.0,0.0,0.0,0.0,0.0,0.0,nan,nan,nan,nan,nan,nan,nan,nan,nan,nan,0.04994966657264399,0.09738034754991531,-0.04969159886240959,-0.9940059185028076,-0.017517821863293648,-0.035465750843286514,0.0006750380853191018,nan
4.9208,1789426380.1993,ramp,0,0.037793,0.005723681419257811,-0.015890006557093776,0.010487788447057243,-0.022771239280700684,-0.03381986916065216,0.11141059547662735,-0.9929377436637878,-0.24131107330322266,-0.0061054229736328125,-0.20064518748120114,8.644683837890625,0.0,0.07660245895385742,-0.03052520751953125,0.0026041320006405274,-16.146522521972656,0.0,-0.0046977996826171875,-0.0061054229736328125,0.00017461526143453213,1.3186798095703125,0.0,0.41848278045654297,-0.018314361572265625,0.4002107449853955,-4.131866455078125,0.0,-0.2579927444458008,0.04273414611816406,-0.19982521850149734,3.7802200317382812,0.0,-0.0965433120727539,0.03052520751953125,-0.002166819742807104,4.1904754638671875,0.0,-0.12530517578125,0.0061054229736328125,-0.19897185353173846,-16.087905883789062,0.0,-0.04285478591918945,-0.03052520751953125,0.0007334127965239516,9.75823974609375,0.0,0.04515552520751953,-0.0061054229736328125,0.0017203994876859314,-9.23077392578125,0.0,0.4528055191040039,0.0061054229736328125,0.4002988191681233,-11.399261474609375,0.0,-0.40851259231567383,0.018314361572265625,-0.20161699417688353,13.450546264648438,0.0,0.057044029235839844,0.03052520751953125,0.00044794580690568766,-2.4322357177734375,0.0,-0.009491443634033203,-0.0061054229736328125,-0.000208026355962726,1.9047622680664062,0.0,-0.024868052787150735,0.01800004411352512,-0.0009156264337540954,4.770653412220573,0.0,-0.010643225920816781,0.024587856325407147,-0.0005743224873446783,2.1100367581930737,0.0,0.17650127410888672,-0.0061054229736328125,0.19996491222109228,1.4358978271484375,0.0,0.06586408615112305,-0.0061054229736328125,0.09988451870687488,2.139190673828125,0.0,0.010449886322021484,-0.0061054229736328125,0.0012162725930326772,-0.3223419189453125,0.0,-0.28809642791748047,-0.128204345703125,-0.29654986610878825,-0.14652252197265625,0.0,0.017928600311279297,-0.0061054229736328125,0.00038416716918177334,-0.3223419189453125,0.0,0.01544952392578125,-0.0073261260986328125,0.00025677604293819874,-0.1797313690185547,0.0,-0.037957191467285156,0.03663063049316406,-0.002262680281425179,0.3516502380371094,0.0,0.18071985244750977,0.04273414611816406,0.19752629503683508,1.0256423950195312,0.0,-0.08350515365600586,0.0061054229736328125,-0.10105068221035184,-1.26007080078125,0.0,-0.012558937072753906,0.03052520751953125,-0.004055770045972292,0.380950927734375,0.0,-0.28598737716674805,-0.04273414611816406,-0.29521666978938,-0.20513153076171875,0.0,0.006806850433349609,0.0061054229736328125,0.0004995653437728226,-0.02930450439453125,0.0,0.01926422119140625,0.0073261260986328125,0.0003594864601134782,-0.1797332763671875,0.0,0.03108978271484375,-0.03663063049316406,0.003042086198581296,-0.3047618865966797,0.0,-0.019318819046020508,0.07058048248291016,-0.005462763044897317,0.005982905626296997,0.0,0.0,0.0,0.0,0.0,0.0,nan,nan,nan,nan,nan,nan,nan,nan,nan,nan,0.04945991550208554,0.09652236104011536,-0.04920890927314758,-0.9941136240959167,-0.019443048164248466,-0.03359450399875641,0.016289373859763145,nan
4.9414,1789426380.2197,ramp,0,0.037906,0.0038017428190546,-0.012177162603954406,0.005442273197158354,-0.022808102890849113,-0.033665455877780914,0.11133261024951935,-0.9929508566856384,-0.24131107330322266,-0.0061054229736328125,-0.20047720286246248,8.820510864257812,0.0,0.07602643966674805,-0.03052520751953125,0.0019261025057970738,-16.26373291015625,0.0,-0.004889488220214844,0.0061054229736328125,0.00012915124598781422,1.3186798095703125,0.0,0.41809940338134766,-0.018314361572265625,0.40015587554153376,-4.0146484375,0.0,-0.25760889053344727,0.03052520751953125,-0.19987072657550972,3.8388290405273438,0.0,-0.09596824645996094,0.03052520751953125,-0.0016026518376199023,4.131866455078125,0.0,-0.12530517578125,0.0061054229736328125,-0.1992395495052968,-15.970703125,0.0,-0.04342985153198242,-0.03052520751953125,0.0005424564595116393,9.699630737304688,0.0,0.04515552520751953,0.0061054229736328125,0.0012724645921899605,-9.406600952148438,0.0,0.4528055191040039,0.0061054229736328125,0.40022101813185035,-11.457870483398438,0.0,-0.40793704986572266,0.018314361572265625,-0.2011959833663862,13.450546264648438,0.0,0.05742788314819336,0.03052520751953125,0.00033131559419035615,-2.4322357177734375,0.0,-0.009299278259277344,-0.0061054229736328125,-0.00015386320101787735,1.9047622680664062,0.0,-0.0243729243436748,0.018004981333534398,-0.000677227716565066,4.847964936431811,0.0,-0.01010323129741808,0.024604801025309115,-0.0004247879837650721,2.036509114450457,0.0,0.17650127410888672,-0.0061054229736328125,0.19997404868947696,1.4358978271484375,0.0,0.06586408615112305,-0.0061054229736328125,0.09991458658867386,2.139190673828125,0.0,0.010066509246826172,-0.0061054229736328125,0.0008995955998376152,-0.20513153076171875,0.0,-0.29039764404296875,-0.128204345703125,-0.29744816950568465,-0.02930450439453125,0.0,0.017736434936523438,-0.0061054229736328125,0.0002841427957661058,-0.3223419189453125,0.0,0.01506805419921875,-0.0073261260986328125,0.00018992008838656128,-0.1797313690185547,0.0,-0.037575721740722656,-0.0073261260986328125,-0.0016735534753225677,0.3516502380371094,0.0,0.18110322952270508,0.03052520751953125,0.19817036643829988,1.0842514038085938,0.0,-0.08312177658081055,0.0061054229736328125,-0.10077711984185134,-1.3186798095703125,0.0,-0.011792182922363281,0.04273414611816406,-0.002999782210180783,0.380950927734375,0.0,-0.28675413131713867,-0.04273414611816406,-0.2964620932350117,-0.20513153076171875,0.0,0.006615161895751953,0.0061054229736328125,0.00036949511784100747,-0.02930450439453125,0.0,0.01926422119140625,0.0073261260986328125,0.0002658881237411858,-0.1797332763671875,0.0,0.02994537353515625,-0.0659332275390625,0.002250027974195212,-0.28913307189941406,0.0,-0.017880678176879883,0.07671833038330078,-0.004040440955667517,0.005982905626296997,0.0,0.0,0.0,0.0,0.0,0.0,nan,nan,nan,nan,nan,nan,nan,nan,nan,nan,0.049003326398979835,0.0957435891032219,-0.04875868558883667,-0.9942111372947693,-0.021211747080087662,-0.029930582270026207,0.011161810718476772,nan
4.9611,1789426380.2395,ramp,0,0.038016,0.008356413813288293,-0.008331278670054718,-0.028612719790945512,-0.022851228713989258,-0.03353508561849594,0.11138778179883957,-0.9929481148719788,-0.24131107330322266,-0.0061054229736328125,-0.200316811426854,8.76190185546875,0.0,0.07545137405395508,-0.03052520751953125,0.0012787210676667704,-15.970695495605469,0.0,-0.004889488220214844,0.0061054229736328125,8.574227937660492e-05,1.2014617919921875,0.0,0.41771602630615234,-0.018314361572265625,0.40010348628745734,-3.8388290405273438,0.0,-0.2570338249206543,0.03052520751953125,-0.19991417760916635,3.7802200317382812,0.0,-0.09558486938476562,0.03052520751953125,-0.0010639852566161107,4.131866455078125,0.0,-0.12530517578125,-0.018314361572265625,-0.19949514517725772,-15.970703125,0.0,-0.04381370544433594,-0.03052520751953125,0.00036013166536139686,9.875457763671875,0.0,0.04419708251953125,-0.07936477661132812,0.0008447770962324553,-8.703292846679688,0.0,0.4528055191040039,0.0061054229736328125,0.4001467338313391,-11.457870483398438,0.0,-0.407745361328125,0.03052520751953125,-0.2007940029421701,13.391937255859375,0.0,0.05800294876098633,0.03052520751953125,0.0002199572603548535,-2.4908447265625,0.0,-0.009107589721679688,0.018314361572265625,-0.00010214831042898587,1.7289352416992188,0.0,-0.023948409721526523,0.01800922286089363,-0.00044960501643771133,4.767098483738499,0.0,-0.00964002127554457,0.02461933046994889,-0.0002820126875372621,1.9628408852556356,0.0,0.17688465118408203,0.0061054229736328125,0.1999827721743508,1.4358978271484375,0.0,0.06586408615112305,-0.0061054229736328125,0.09994329535239074,2.139190673828125,0.0,0.00968313217163086,-0.0061054229736328125,0.0005972329314927325,-0.26373291015625,0.0,-0.2932734489440918,-0.15262603759765625,-0.2983058681004846,0.08791351318359375,0.0,0.01754474639892578,0.0061054229736328125,0.000188639689776789,-0.26373291015625,0.0,0.01506805419921875,-0.0073261260986328125,0.00012608613376603812,-0.1953601837158203,0.0,-0.037575721740722656,-0.0073261260986328125,-0.0011110561770835319,0.367279052734375,0.0,0.1814866065979004,0.018314361572265625,0.19878532474514332,1.2014617919921875,0.0,-0.08273792266845703,0.0061054229736328125,-0.1005159229457206,-1.3186798095703125,0.0,-0.011024951934814453,0.05494499206542969,-0.0019915267744188728,0.3223419189453125,0.0,-0.28771305084228516,-0.05494499206542969,-0.2976512214771399,-0.20513153076171875,0.0,0.006615161895751953,0.0061054229736328125,0.00024530428165752614,-0.02930450439453125,0.0,0.01926422119140625,0.0073261260986328125,0.00017652058727245335,-0.1797332763671875,0.0,0.02880096435546875,-0.0659332275390625,0.0014937720940518455,-0.28913307189941406,0.0,-0.01634669303894043,0.06444263458251953,-0.0026824101817663304,0.005982905626296997,0.0,0.0,0.0,0.0,0.0,0.0,nan,nan,nan,nan,nan,nan,nan,nan,nan,nan,0.04862313682194111,0.09508801996707916,-0.04838375002145767,-0.9942923784255981,-0.01581680215895176,-0.02647298388183117,-0.047226693481206894,nan
4.9810,1789426380.2594,ramp,0,0.037999,0.007284239722584602,-0.0011608344684627106,-0.01690822978948004,-0.022850727662444115,-0.03352278098464012,0.11165560781955719,-0.9929184317588806,-0.2415027618408203,-0.0061054229736328125,-0.20015460237515792,9.172164916992188,0.0,0.07506799697875977,-0.03052520751953125,0.0006240032595343012,-16.26373291015625,0.0,-0.004889488220214844,0.018314361572265625,4.184138602527893e-05,1.26007080078125,0.0,0.4175243377685547,-0.018314361572265625,0.4000505033386449,-4.1904754638671875,0.0,-0.256650447845459,0.03052520751953125,-0.19995812104628277,3.8388290405273438,0.0,-0.09520149230957031,0.03052520751953125,-0.000519214303269703,4.131866455078125,0.0,-0.1256885528564453,-0.0061054229736328125,-0.19975363735552862,-16.029296875,0.0,-0.044388771057128906,-0.03052520751953125,0.00017574069805315027,9.875457763671875,0.0,0.04208803176879883,-0.11599540710449219,0.0004122428846744751,-8.175827026367188,0.0,0.4528055191040039,0.0061054229736328125,0.40007160771318867,-11.340652465820312,0.0,-0.40717029571533203,0.018314361572265625,-0.20038746712456154,13.5091552734375,0.0,0.05838632583618164,0.018314361572265625,0.000107336971987257,-2.4908447265625,0.0,-0.008724212646484375,-0.0061054229736328125,-4.9847367244769174e-05,1.8461532592773438,0.0,-0.02352380836612291,0.013506909226365427,-0.00021940281024072127,4.845710521024243,0.0,-0.009176506550194821,0.01971319376074855,-0.00013761940794044915,2.0340838144829503,0.0,0.1770763397216797,-0.0061054229736328125,0.19999159451703705,1.377288818359375,0.0,0.06586408615112305,-0.0061054229736328125,0.09997232945461834,2.139190673828125,0.0,0.009491443634033203,-0.0061054229736328125,0.00029144377564115396,-0.3223419189453125,0.0,-0.29519081115722656,-0.10378456115722656,-0.29917328645842745,-0.02930450439453125,0.0,0.017352581024169922,0.0061054229736328125,9.205430666207727e-05,-0.3223419189453125,0.0,0.01506805419921875,-0.0073261260986328125,6.152878875738436e-05,-0.1797313690185547,0.0,-0.037575721740722656,-0.0073261260986328125,-0.0005421844478490406,0.367279052734375,0.0,0.1814866065979004,0.0061054229736328125,0.19940725199086765,1.26007080078125,0.0,-0.08254623413085938,0.0061054229736328125,-0.10025176606810052,-1.3186798095703125,0.0,-0.009874820709228516,0.06715583801269531,-0.0009718454087526283,0.26373291015625,0.0,-0.28867197036743164,-0.06715583801269531,-0.2988538253678586,-0.14652252197265625,0.0,0.006615161895751953,0.0061054229736328125,0.00011970606819774882,-0.02930450439453125,0.0,0.01926422119140625,0.0073261260986328125,8.614030426033809e-05,-0.1797332763671875,0.0,0.02765655517578125,-0.08058547973632812,0.000728946037770793,-0.27350425720214844,0.0,-0.015292167663574219,0.07671833038330078,-0.0013089896922433295,0.009157508611679077,0.0,0.0,0.0,0.0,0.0,0.0,nan,nan,nan,nan,nan,nan,nan,nan,nan,nan,0.04809866189559111,0.09467484802007675,-0.0478641539812088,-0.9943569302558899,-0.012156931683421135,-0.014717352576553822,-0.011079116724431515,nan
