t_s,phase,frame,adapt_on,drift,drift_frac,err_masked_deg,err_leg_deg,err_all_deg,act_dev_max,dev_clamped,loop_ms
0.0000,ramp,0,0,0.000000,0.000000,nan,nan,nan,0.0000,0,0.00
0.0203,ramp,0,0,0.000000,0.000000,nan,nan,nan,0.0000,0,11.64
0.0402,ramp,0,0,0.000000,0.000000,nan,nan,nan,0.0000,0,2.32
0.0602,ramp,0,0,0.000000,0.000000,nan,nan,nan,0.0000,0,10.42
0.0802,ramp,0,0,0.000000,0.000000,nan,nan,nan,0.0000,0,9.25
0.1005,ramp,0,0,0.000000,0.000000,nan,nan,nan,0.0000,0,9.71
0.1201,ramp,0,0,0.000000,0.000000,nan,nan,nan,0.0000,0,11.06
0.1404,ramp,0,0,0.000000,0.000000,nan,nan,nan,0.0000,0,11.50
0.1602,ramp,0,0,0.000000,0.000000,nan,nan,nan,0.0000,0,10.10
0.1803,ramp,0,0,0.000000,0.000000,nan,nan,nan,0.0000,0,9.12
0.2011,ramp,0,0,0.000000,0.000000,nan,nan,nan,0.0000,0,9.41
0.2202,ramp,0,0,0.000000,0.000000,nan,nan,nan,0.0000,0,8.53
0.2401,ramp,0,0,0.000000,0.000000,nan,nan,nan,0.0000,0,13.27
0.2602,ramp,0,0,0.000000,0.000000,nan,nan,nan,0.0000,0,10.67
0.2802,ramp,0,0,0.000000,0.000000,nan,nan,nan,0.0000,0,9.30
0.3004,ramp,0,0,0.000000,0.000000,nan,nan,nan,0.0000,0,9.31
0.3203,ramp,0,0,0.000000,0.000000,nan,nan,nan,0.0000,0,9.26
0.3402,ramp,0,0,0.000000,0.000000,nan,nan,nan,0.0000,0,9.12
0.3601,ramp,0,0,0.000000,0.000000,nan,nan,nan,0.0000,0,9.23
0.3803,ramp,0,0,0.000000,0.000000,nan,nan,nan,0.0000,0,9.42
0.4005,ramp,0,0,0.000000,0.000000,nan,nan,nan,0.0000,0,10.52
0.4202,ramp,0,0,0.000000,0.000000,nan,nan,nan,0.0000,0,8.98
0.4403,ramp,0,0,0.000000,0.000000,nan,nan,nan,0.0000,0,10.14
0.4602,ramp,0,0,0.000000,0.000000,nan,nan,nan,0.0000,0,9.57
0.4803,ramp,0,0,0.000000,0.000000,nan,nan,nan,0.0000,0,9.21
0.5003,ramp,0,0,0.000000,0.000000,nan,nan,nan,0.0000,0,12.22
0.5201,ramp,0,0,0.000000,0.000000,nan,nan,nan,0.0000,0,9.02
0.5402,ramp,0,0,0.000000,0.000000,nan,nan,nan,0.0000,0,11.41
0.5603,ramp,0,0,0.000000,0.000000,nan,nan,nan,0.0000,0,11.43
0.5803,ramp,0,0,0.000000,0.000000,nan,nan,nan,0.0000,0,9.96
0.6012,ramp,0,0,0.000000,0.000000,nan,nan,nan,0.0000,0,11.04
0.6206,ramp,0,0,0.000000,0.000000,nan,nan,nan,0.0000,0,8.98
0.6402,ramp,0,0,0.000000,0.000000,nan,nan,nan,0.0000,0,9.28
0.6601,ramp,0,0,0.000000,0.000000,nan,nan,nan,0.0000,0,10.33
0.6803,ramp,0,0,0.000000,0.000000,nan,nan,nan,0.0000,0,9.17
0.7003,ramp,0,0,0.000000,0.000000,nan,nan,nan,0.0000,0,9.29
0.7202,ramp,0,0,0.000000,0.000000,nan,nan,nan,0.0000,0,9.10
0.7402,ramp,0,0,0.000000,0.000000,nan,nan,nan,0.0000,0,9.16
0.7601,ramp,0,0,0.000000,0.000000,nan,nan,nan,0.0000,0,11.00
0.7802,ramp,0,0,0.000000,0.000000,nan,nan,nan,0.0000,0,9.07
0.8007,ramp,0,0,0.000000,0.000000,nan,nan,nan,0.0000,0,10.04
0.8201,ramp,0,0,0.000000,0.000000,nan,nan,nan,0.0000,0,8.84
0.8402,ramp,0,0,0.000000,0.000000,nan,nan,nan,0.0000,0,14.03
0.8603,ramp,0,0,0.000000,0.000000,nan,nan,nan,0.0000,0,9.38
0.8802,ramp,0,0,0.000000,0.000000,nan,nan,nan,0.0000,0,10.10
0.9003,ramp,0,0,0.000000,0.000000,nan,nan,nan,0.0000,0,10.20
0.9202,ramp,0,0,0.000000,0.000000,nan,nan,nan,0.0000,0,9.98
0.9402,ramp,0,0,0.000000,0.000000,nan,nan,nan,0.0000,0,7.75
0.9603,ramp,0,0,0.000000,0.000000,nan,nan,nan,0.0000,0,9.68
0.9802,ramp,0,0,0.000000,0.000000,nan,nan,nan,0.0000,0,9.06
1.0004,ramp,0,0,0.000000,0.000000,nan,nan,nan,0.0000,0,9.30
1.0201,ramp,0,0,0.000000,0.000000,nan,nan,nan,0.0000,0,10.03
1.0403,ramp,0,0,0.000000,0.000000,nan,nan,nan,0.0000,0,14.12
1.0614,ramp,0,0,0.000000,0.000000,nan,nan,nan,0.0000,0,9.86
1.0802,ramp,0,0,0.000000,0.000000,nan,nan,nan,0.0000,0,6.62
1.1005,ramp,0,0,0.000000,0.000000,nan,nan,nan,0.0000,0,10.01
1.1205,ramp,0,0,0.000000,0.000000,nan,nan,nan,0.0000,0,9.04
1.1402,ramp,0,0,0.000000,0.000000,nan,nan,nan,0.0000,0,10.14
1.1602,ramp,0,0,0.000000,0.000000,nan,nan,nan,0.0000,0,9.77
1.1802,ramp,0,0,0.000000,0.000000,nan,nan,nan,0.0000,0,9.26
1.2005,ramp,0,0,0.000000,0.000000,nan,nan,nan,0.0000,0,10.15
1.2206,ramp,0,0,0.000000,0.000000,nan,nan,nan,0.0000,0,6.80
1.2402,ramp,0,0,0.000000,0.000000,nan,nan,nan,0.0000,0,10.75
1.2603,ramp,0,0,0.000000,0.000000,nan,nan,nan,0.0000,0,8.21
1.2802,ramp,0,0,0.000000,0.000000,nan,nan,nan,0.0000,0,7.94
1.3003,ramp,0,0,0.000000,0.000000,nan,nan,nan,0.0000,0,8.43
1.3203,ramp,0,0,0.000000,0.000000,nan,nan,nan,0.0000,0,9.02
1.3403,ramp,0,0,0.000000,0.000000,nan,nan,nan,0.0000,0,9.12
1.3601,ramp,0,0,0.000000,0.000000,nan,nan,nan,0.0000,0,15.17
1.3812,ramp,0,0,0.000000,0.000000,nan,nan,nan,0.0000,0,9.51
1.4007,ramp,0,0,0.000000,0.000000,nan,nan,nan,0.0000,0,10.32
1.4201,ramp,0,0,0.000000,0.000000,nan,nan,nan,0.0000,0,9.00
1.4402,ramp,0,0,0.000000,0.000000,nan,nan,nan,0.0000,0,9.22
1.4603,ramp,0,0,0.000000,0.000000,nan,nan,nan,0.0000,0,10.20
1.4812,ramp,0,0,0.000000,0.000000,nan,nan,nan,0.0000,0,9.08
1.5003,ramp,0,0,0.000000,0.000000,nan,nan,nan,0.0000,0,9.20
1.5202,ramp,0,0,0.000000,0.000000,nan,nan,nan,0.0000,0,9.03
1.5401,ramp,0,0,0.000000,0.000000,nan,nan,nan,0.0000,0,9.38
1.5601,ramp,0,0,0.000000,0.000000,nan,nan,nan,0.0000,0,10.32
1.5803,ramp,0,0,0.000000,0.000000,nan,nan,nan,0.0000,0,9.08
1.6004,ramp,0,0,0.000000,0.000000,nan,nan,nan,0.0000,0,7.83
1.6212,ramp,0,0,0.000000,0.000000,nan,nan,nan,0.0000,0,9.92
1.6403,ramp,0,0,0.000000,0.000000,nan,nan,nan,0.0000,0,10.50
1.6602,ramp,0,0,0.000000,0.000000,nan,nan,nan,0.0000,0,10.85
1.6802,ramp,0,0,0.000000,0.000000,nan,nan,nan,0.0000,0,8.09
1.7005,ramp,0,0,0.000000,0.000000,nan,nan,nan,0.0000,0,9.11
1.7214,ramp,0,0,0.000000,0.000000,nan,nan,nan,0.0000,0,9.11
1.7402,ramp,0,0,0.000000,0.000000,nan,nan,nan,0.0000,0,9.31
1.7603,ramp,0,0,0.000000,0.000000,nan,nan,nan,0.0000,0,11.17
1.7813,ramp,0,0,0.000000,0.000000,nan,nan,nan,0.0000,0,9.81
1.8006,ramp,0,0,0.000000,0.000000,nan,nan,nan,0.0000,0,8.94
1.8202,ramp,0,0,0.000000,0.000000,nan,nan,nan,0.0000,0,8.83
1.8401,ramp,0,0,0.000000,0.000000,nan,nan,nan,0.0000,0,7.28
1.8601,ramp,0,0,0.000000,0.000000,nan,nan,nan,0.0000,0,9.94
1.8802,ramp,0,0,0.000000,0.000000,nan,nan,nan,0.0000,0,8.46
1.9001,ramp,0,0,0.000000,0.000000,nan,nan,nan,0.0000,0,9.55
1.9201,ramp,0,0,0.000000,0.000000,nan,nan,nan,0.0000,0,11.76
1.9402,ramp,0,0,0.000000,0.000000,nan,nan,nan,0.0000,0,10.32
1.9601,ramp,0,0,0.000000,0.000000,nan,nan,nan,0.0000,0,9.84
1.9812,ramp,0,0,0.000000,0.000000,nan,nan,nan,0.0000,0,9.35
2.0007,ramp,0,0,0.000000,0.000000,nan,nan,nan,0.0000,0,9.16
2.0205,ramp,0,0,0.000000,0.000000,nan,nan,nan,0.0000,0,11.03
2.0401,ramp,0,0,0.000000,0.000000,nan,nan,nan,0.0000,0,9.84
2.0604,ramp,0,0,0.000000,0.000000,nan,nan,nan,0.0000,0,10.20
2.0801,ramp,0,0,0.000000,0.000000,nan,nan,nan,0.0000,0,7.66
2.1014,ramp,0,0,0.000000,0.000000,nan,nan,nan,0.0000,0,10.36
2.1203,ramp,0,0,0.000000,0.000000,nan,nan,nan,0.0000,0,8.84
2.1414,ramp,0,0,0.000000,0.000000,nan,nan,nan,0.0000,0,9.83
2.1602,ramp,0,0,0.000000,0.000000,nan,nan,nan,0.0000,0,8.85
2.1802,ramp,0,0,0.000000,0.000000,nan,nan,nan,0.0000,0,8.14
2.2008,ramp,0,0,0.000000,0.000000,nan,nan,nan,0.0000,0,10.13
2.2212,ramp,0,0,0.000000,0.000000,nan,nan,nan,0.0000,0,9.63
2.2402,ramp,0,0,0.000000,0.000000,nan,nan,nan,0.0000,0,10.08
2.2601,ramp,0,0,0.000000,0.000000,nan,nan,nan,0.0000,0,10.37
2.2811,ramp,0,0,0.000000,0.000000,nan,nan,nan,0.0000,0,7.98
2.3004,ramp,0,0,0.000000,0.000000,nan,nan,nan,0.0000,0,10.86
2.3214,ramp,0,0,0.000000,0.000000,nan,nan,nan,0.0000,0,7.81
2.3411,ramp,0,0,0.000000,0.000000,nan,nan,nan,0.0000,0,9.86
2.3603,ramp,0,0,0.000000,0.000000,nan,nan,nan,0.0000,0,11.08
2.3813,ramp,0,0,0.000000,0.000000,nan,nan,nan,0.0000,0,9.12
2.4003,ramp,0,0,0.000000,0.000000,nan,nan,nan,0.0000,0,9.16
2.4211,ramp,0,0,0.000000,0.000000,nan,nan,nan,0.0000,0,9.78
2.4401,ramp,0,0,0.000000,0.000000,nan,nan,nan,0.0000,0,9.89
2.4612,ramp,0,0,0.000000,0.000000,nan,nan,nan,0.0000,0,10.13
2.4802,ramp,0,0,0.000000,0.000000,nan,nan,nan,0.0000,0,8.08
2.5005,ramp,0,0,0.000000,0.000000,nan,nan,nan,0.0000,0,10.38
2.5201,ramp,0,0,0.000000,0.000000,nan,nan,nan,0.0000,0,8.78
2.5403,ramp,0,0,0.000000,0.000000,nan,nan,nan,0.0000,0,9.33
2.5601,ramp,0,0,0.000000,0.000000,nan,nan,nan,0.0000,0,9.89
2.5812,ramp,0,0,0.000000,0.000000,nan,nan,nan,0.0000,0,9.24
2.6006,ramp,0,0,0.000000,0.000000,nan,nan,nan,0.0000,0,8.98
2.6202,ramp,0,0,0.000000,0.000000,nan,nan,nan,0.0000,0,9.04
2.6412,ramp,0,0,0.000000,0.000000,nan,nan,nan,0.0000,0,9.07
2.6602,ramp,0,0,0.000000,0.000000,nan,nan,nan,0.0000,0,9.32
2.6801,ramp,0,0,0.000000,0.000000,nan,nan,nan,0.0000,0,7.85
2.7009,ramp,0,0,0.000000,0.000000,nan,nan,nan,0.0000,0,10.21
2.7201,ramp,0,0,0.000000,0.000000,nan,nan,nan,0.0000,0,9.34
2.7412,ramp,0,0,0.000000,0.000000,nan,nan,nan,0.0000,0,10.25
2.7611,ramp,0,0,0.000000,0.000000,nan,nan,nan,0.0000,0,10.59
2.7812,ramp,0,0,0.000000,0.000000,nan,nan,nan,0.0000,0,8.09
2.8001,ramp,0,0,0.000000,0.000000,nan,nan,nan,0.0000,0,9.92
2.8211,ramp,0,0,0.000000,0.000000,nan,nan,nan,0.0000,0,11.18
2.8401,ramp,0,0,0.000000,0.000000,nan,nan,nan,0.0000,0,10.17
2.8614,ramp,0,0,0.000000,0.000000,nan,nan,nan,0.0000,0,9.49
2.8811,ramp,0,0,0.000000,0.000000,nan,nan,nan,0.0000,0,8.96
2.9009,ramp,0,0,0.000000,0.000000,nan,nan,nan,0.0000,0,10.23
2.9212,ramp,0,0,0.000000,0.000000,nan,nan,nan,0.0000,0,10.33
2.9412,ramp,0,0,0.000000,0.000000,nan,nan,nan,0.0000,0,10.04
2.9611,ramp,0,0,0.000000,0.000000,nan,nan,nan,0.0000,0,6.54
2.9801,ramp,0,0,0.000000,0.000000,nan,nan,nan,0.0000,0,8.36
3.0011,ramp,0,0,0.000000,0.000000,nan,nan,nan,0.0000,0,9.23
3.0202,ramp,0,0,0.000000,0.000000,nan,nan,nan,0.0000,0,11.10
3.0412,ramp,0,0,0.000000,0.000000,nan,nan,nan,0.0000,0,10.07
3.0611,ramp,0,0,0.000000,0.000000,nan,nan,nan,0.0000,0,8.90
3.0811,ramp,0,0,0.000000,0.000000,nan,nan,nan,0.0000,0,8.83
3.1005,ramp,0,0,0.000000,0.000000,nan,nan,nan,0.0000,0,8.47
3.1201,ramp,0,0,0.000000,0.000000,nan,nan,nan,0.0000,0,9.82
3.1401,ramp,0,0,0.000000,0.000000,nan,nan,nan,0.0000,0,10.08
3.1613,ramp,0,0,0.000000,0.000000,nan,nan,nan,0.0000,0,11.13
3.1801,ramp,0,0,0.000000,0.000000,nan,nan,nan,0.0000,0,8.96
3.2004,ramp,0,0,0.000000,0.000000,nan,nan,nan,0.0000,0,9.21
3.2213,ramp,0,0,0.000000,0.000000,nan,nan,nan,0.0000,0,9.09
3.2401,ramp,0,0,0.000000,0.000000,nan,nan,nan,0.0000,0,8.91
3.2611,ramp,0,0,0.000000,0.000000,nan,nan,nan,0.0000,0,9.74
3.2812,ramp,0,0,0.000000,0.000000,nan,nan,nan,0.0000,0,8.32
3.3002,ramp,0,0,0.000000,0.000000,nan,nan,nan,0.0000,0,9.66
3.3212,ramp,0,0,0.000000,0.000000,nan,nan,nan,0.0000,0,9.18
3.3414,ramp,0,0,0.000000,0.000000,nan,nan,nan,0.0000,0,8.18
3.3612,ramp,0,0,0.000000,0.000000,nan,nan,nan,0.0000,0,9.12
3.3802,ramp,0,0,0.000000,0.000000,nan,nan,nan,0.0000,0,8.74
3.4008,ramp,0,0,0.000000,0.000000,nan,nan,nan,0.0000,0,8.83
3.4213,ramp,0,0,0.000000,0.000000,nan,nan,nan,0.0000,0,10.77
3.4402,ramp,0,0,0.000000,0.000000,nan,nan,nan,0.0000,0,8.80
3.4613,ramp,0,0,0.000000,0.000000,nan,nan,nan,0.0000,0,9.69
3.4812,ramp,0,0,0.000000,0.000000,nan,nan,nan,0.0000,0,7.81
3.5007,ramp,0,0,0.000000,0.000000,nan,nan,nan,0.0000,0,9.17
3.5201,ramp,0,0,0.000000,0.000000,nan,nan,nan,0.0000,0,10.54
3.5401,ramp,0,0,0.000000,0.000000,nan,nan,nan,0.0000,0,9.02
3.5601,ramp,0,0,0.000000,0.000000,nan,nan,nan,0.0000,0,8.27
3.5813,ramp,0,0,0.000000,0.000000,nan,nan,nan,0.0000,0,9.19
3.6005,ramp,0,0,0.000000,0.000000,nan,nan,nan,0.0000,0,10.10
3.6212,ramp,0,0,0.000000,0.000000,nan,nan,nan,0.0000,0,9.71
3.6412,ramp,0,0,0.000000,0.000000,nan,nan,nan,0.0000,0,10.58
3.6611,ramp,0,0,0.000000,0.000000,nan,nan,nan,0.0000,0,9.40
3.6801,ramp,0,0,0.000000,0.000000,nan,nan,nan,0.0000,0,7.07
3.7001,ramp,0,0,0.000000,0.000000,nan,nan,nan,0.0000,0,9.20
3.7211,ramp,0,0,0.000000,0.000000,nan,nan,nan,0.0000,0,10.00
3.7404,ramp,0,0,0.000000,0.000000,nan,nan,nan,0.0000,0,5.06
3.7613,ramp,0,0,0.000000,0.000000,nan,nan,nan,0.0000,0,9.75
3.7810,ramp,0,0,0.000000,0.000000,nan,nan,nan,0.0000,0,8.98
3.8015,ramp,0,0,0.000000,0.000000,nan,nan,nan,0.0000,0,10.25
3.8213,ramp,0,0,0.000000,0.000000,nan,nan,nan,0.0000,0,9.36
3.8411,ramp,0,0,0.000000,0.000000,nan,nan,nan,0.0000,0,9.98
3.8612,ramp,0,0,0.000000,0.000000,nan,nan,nan,0.0000,0,10.19
3.8813,ramp,0,0,0.000000,0.000000,nan,nan,nan,0.0000,0,8.98
3.9026,ramp,0,0,0.000000,0.000000,nan,nan,nan,0.0000,0,9.36
3.9211,ramp,0,0,0.000000,0.000000,nan,nan,nan,0.0000,0,10.49
3.9413,ramp,0,0,0.000000,0.000000,nan,nan,nan,0.0000,0,10.17
3.9611,ramp,0,0,0.000000,0.000000,nan,nan,nan,0.0000,0,10.64
3.9810,ramp,0,0,0.000000,0.000000,nan,nan,nan,0.0000,0,9.16
4.0004,ramp,0,0,0.000000,0.000000,nan,nan,nan,0.0000,0,7.15
4.0211,ramp,0,0,0.000000,0.000000,nan,nan,nan,0.0000,0,8.73
4.0401,ramp,0,0,0.000000,0.000000,nan,nan,nan,0.0000,0,10.20
4.0611,ramp,0,0,0.000000,0.000000,nan,nan,nan,0.0000,0,9.23
4.0810,ramp,0,0,0.000000,0.000000,nan,nan,nan,0.0000,0,8.99
4.1007,ramp,0,0,0.000000,0.000000,nan,nan,nan,0.0000,0,8.27
4.1214,ramp,0,0,0.000000,0.000000,nan,nan,nan,0.0000,0,10.39
4.1401,ramp,0,0,0.000000,0.000000,nan,nan,nan,0.0000,0,10.52
4.1612,ramp,0,0,0.000000,0.000000,nan,nan,nan,0.0000,0,9.66
4.1812,ramp,0,0,0.000000,0.000000,nan,nan,nan,0.0000,0,8.94
4.2003,ramp,0,0,0.000000,0.000000,nan,nan,nan,0.0000,0,8.30
4.2201,ramp,0,0,0.000000,0.000000,nan,nan,nan,0.0000,0,8.07
4.2401,ramp,0,0,0.000000,0.000000,nan,nan,nan,0.0000,0,11.08
4.2612,ramp,0,0,0.000000,0.000000,nan,nan,nan,0.0000,0,10.28
4.2801,ramp,0,0,0.000000,0.000000,nan,nan,nan,0.0000,0,8.91
4.3014,ramp,0,0,0.000000,0.000000,nan,nan,nan,0.0000,0,9.94
4.3213,ramp,0,0,0.000000,0.000000,nan,nan,nan,0.0000,0,10.81
4.3413,ramp,0,0,0.000000,0.000000,nan,nan,nan,0.0000,0,10.86
4.3613,ramp,0,0,0.000000,0.000000,nan,nan,nan,0.0000,0,8.28
4.3812,ramp,0,0,0.000000,0.000000,nan,nan,nan,0.0000,0,8.99
4.4004,ramp,0,0,0.000000,0.000000,nan,nan,nan,0.0000,0,13.20
4.4214,ramp,0,0,0.000000,0.000000,nan,nan,nan,0.0000,0,11.18
4.4410,ramp,0,0,0.000000,0.000000,nan,nan,nan,0.0000,0,9.82
4.4601,ramp,0,0,0.000000,0.000000,nan,nan,nan,0.0000,0,9.68
4.4812,ramp,0,0,0.000000,0.000000,nan,nan,nan,0.0000,0,9.04
4.5003,ramp,0,0,0.000000,0.000000,nan,nan,nan,0.0000,0,9.49
4.5202,ramp,0,0,0.000000,0.000000,nan,nan,nan,0.0000,0,11.08
4.5413,ramp,0,0,0.000000,0.000000,nan,nan,nan,0.0000,0,6.99
4.5610,ramp,0,0,0.000000,0.000000,nan,nan,nan,0.0000,0,9.38
4.5801,ramp,0,0,0.000000,0.000000,nan,nan,nan,0.0000,0,7.94
4.6002,ramp,0,0,0.000000,0.000000,nan,nan,nan,0.0000,0,9.89
4.6207,ramp,0,0,0.000000,0.000000,nan,nan,nan,0.0000,0,10.09
4.6401,ramp,0,0,0.000000,0.000000,nan,nan,nan,0.0000,0,2.49
4.6612,ramp,0,0,0.000000,0.000000,nan,nan,nan,0.0000,0,9.52
4.6811,ramp,0,0,0.000000,0.000000,nan,nan,nan,0.0000,0,8.82
4.7007,ramp,0,0,0.000000,0.000000,nan,nan,nan,0.0000,0,8.98
4.7213,ramp,0,0,0.000000,0.000000,nan,nan,nan,0.0000,0,9.61
4.7410,ramp,0,0,0.000000,0.000000,nan,nan,nan,0.0000,0,10.49
4.7612,ramp,0,0,0.000000,0.000000,nan,nan,nan,0.0000,0,8.53
4.7813,ramp,0,0,0.000000,0.000000,nan,nan,nan,0.0000,0,9.02
4.8003,ramp,0,0,0.000000,0.000000,nan,nan,nan,0.0000,0,8.87
4.8201,ramp,0,0,0.000000,0.000000,nan,nan,nan,0.0000,0,10.04
4.8412,ramp,0,0,0.000000,0.000000,nan,nan,nan,0.0000,0,11.08
4.8612,ramp,0,0,0.000000,0.000000,nan,nan,nan,0.0000,0,8.34
4.8810,ramp,0,0,0.000000,0.000000,nan,nan,nan,0.0000,0,10.20
4.9005,ramp,0,0,0.000000,0.000000,nan,nan,nan,0.0000,0,9.25
4.9204,ramp,0,0,0.000000,0.000000,nan,nan,nan,0.0000,0,9.50
4.9411,ramp,0,0,0.000000,0.000000,nan,nan,nan,0.0000,0,9.80
4.9613,ramp,0,0,0.000000,0.000000,nan,nan,nan,0.0000,0,9.09
4.9812,ramp,0,0,0.000000,0.000000,nan,nan,nan,0.0000,0,7.94
5.0006,settle,0,0,0.000000,0.000000,nan,nan,nan,0.0000,0,9.03
5.0213,settle,0,0,0.000000,0.000000,nan,nan,nan,0.0000,0,11.23
5.0412,settle,0,0,0.000000,0.000000,nan,nan,nan,0.0000,0,10.96
5.0601,settle,0,0,0.000000,0.000000,nan,nan,nan,0.0000,0,8.95
5.0812,settle,0,0,0.000000,0.000000,nan,nan,nan,0.0000,0,7.87
5.1012,settle,0,0,0.000000,0.000000,nan,nan,nan,0.0000,0,9.25
5.1201,settle,0,0,0.000000,0.000000,nan,nan,nan,0.0000,0,7.96
5.1410,settle,0,0,0.000000,0.000000,nan,nan,nan,0.0000,0,10.24
5.1610,settle,0,0,0.000000,0.000000,nan,nan,nan,0.0000,0,8.21
5.1811,settle,0,0,0.000000,0.000000,nan,nan,nan,0.0000,0,8.84
5.2013,settle,0,0,0.000000,0.000000,nan,nan,nan,0.0000,0,8.35
5.2211,settle,0,0,0.000000,0.000000,nan,nan,nan,0.0000,0,9.88
5.2410,settle,0,0,0.000000,0.000000,nan,nan,nan,0.0000,0,10.55
5.2612,settle,0,0,0.000000,0.000000,nan,nan,nan,0.0000,0,8.36
5.2810,settle,0,0,0.000000,0.000000,nan,nan,nan,0.0000,0,8.90
5.3003,settle,0,0,0.000000,0.000000,nan,nan,nan,0.0000,0,10.14
5.3201,settle,0,0,0.000000,0.000000,nan,nan,nan,0.0000,0,9.34
5.3410,settle,0,0,0.000000,0.000000,nan,nan,nan,0.0000,0,9.01
5.3611,settle,0,0,0.000000,0.000000,nan,nan,nan,0.0000,0,8.92
5.3812,settle,0,0,0.000000,0.000000,nan,nan,nan,0.0000,0,8.88
5.4001,settle,0,0,0.000000,0.000000,nan,nan,nan,0.0000,0,9.16
5.4202,settle,0,0,0.000000,0.000000,nan,nan,nan,0.0000,0,9.82
5.4412,settle,0,0,0.000000,0.000000,nan,nan,nan,0.0000,0,9.68
5.4609,settle,0,0,0.000000,0.000000,nan,nan,nan,0.0000,0,6.51
5.4811,settle,0,0,0.000000,0.000000,nan,nan,nan,0.0000,0,8.99
5.5001,settle,0,0,0.000000,0.000000,nan,nan,nan,0.0000,0,9.03
5.5201,settle,0,0,0.000000,0.000000,nan,nan,nan,0.0000,0,10.02
5.5401,settle,0,0,0.000000,0.000000,nan,nan,nan,0.0000,0,10.06
5.5612,settle,0,0,0.000000,0.000000,nan,nan,nan,0.0000,0,9.32
5.5809,settle,0,0,0.000000,0.000000,nan,nan,nan,0.0000,0,8.71
5.6006,settle,0,0,0.000000,0.000000,nan,nan,nan,0.0000,0,10.35
5.6206,settle,0,0,0.000000,0.000000,nan,nan,nan,0.0000,0,9.56
5.6409,settle,0,0,0.000000,0.000000,nan,nan,nan,0.0000,0,10.55
5.6610,settle,0,0,0.000000,0.000000,nan,nan,nan,0.0000,0,9.07
5.6811,settle,0,0,0.000000,0.000000,nan,nan,nan,0.0000,0,6.93
5.7001,settle,0,0,0.000000,0.000000,nan,nan,nan,0.0000,0,9.97
5.7210,settle,0,0,0.000000,0.000000,nan,nan,nan,0.0000,0,9.88
5.7412,settle,0,0,0.000000,0.000000,nan,nan,nan,0.0000,0,9.30
5.7610,settle,0,0,0.000000,0.000000,nan,nan,nan,0.0000,0,8.94
5.7810,settle,0,0,0.000000,0.000000,nan,nan,nan,0.0000,0,8.09
5.8016,settle,0,0,0.000000,0.000000,nan,nan,nan,0.0000,0,9.81
5.8210,settle,0,0,0.000000,0.000000,nan,nan,nan,0.0000,0,9.38
5.8408,settle,0,0,0.000000,0.000000,nan,nan,nan,0.0000,0,8.09
5.8611,settle,0,0,0.000000,0.000000,nan,nan,nan,0.0000,0,8.55
5.8811,settle,0,0,0.000000,0.000000,nan,nan,nan,0.0000,0,9.05
5.9013,settle,0,0,0.000000,0.000000,nan,nan,nan,0.0000,0,8.90
5.9210,settle,0,0,0.000000,0.000000,nan,nan,nan,0.0000,0,8.73
5.9411,settle,0,0,0.000000,0.000000,nan,nan,nan,0.0000,0,9.14
5.9611,settle,0,0,0.000000,0.000000,nan,nan,nan,0.0000,0,8.85
5.9811,settle,0,0,0.000000,0.000000,nan,nan,nan,0.0000,0,2.02
6.0003,settle,0,0,0.000000,0.000000,nan,nan,nan,0.0000,0,8.86
6.0203,settle,0,0,0.000000,0.000000,nan,nan,nan,0.0000,0,9.75
6.0410,settle,0,0,0.000000,0.000000,nan,nan,nan,0.0000,0,8.79
6.0601,settle,0,0,0.000000,0.000000,nan,nan,nan,0.0000,0,9.00
6.0810,settle,0,0,0.000000,0.000000,nan,nan,nan,0.0000,0,7.94
6.1004,settle,0,0,0.000000,0.000000,nan,nan,nan,0.0000,0,8.07
6.1209,settle,0,0,0.000000,0.000000,nan,nan,nan,0.0000,0,9.72
6.1409,settle,0,0,0.000000,0.000000,nan,nan,nan,0.0000,0,10.40
6.1602,settle,0,0,0.000000,0.000000,nan,nan,nan,0.0000,0,9.13
6.1807,settle,0,0,0.000000,0.000000,nan,nan,nan,0.0000,0,7.74
6.2004,settle,0,0,0.000000,0.000000,nan,nan,nan,0.0000,0,9.50
6.2212,settle,0,0,0.000000,0.000000,nan,nan,nan,0.0000,0,9.86
6.2412,settle,0,0,0.000000,0.000000,nan,nan,nan,0.0000,0,9.93
6.2612,settle,0,0,0.000000,0.000000,nan,nan,nan,0.0000,0,8.73
6.2812,settle,0,0,0.000000,0.000000,nan,nan,nan,0.0000,0,8.71
6.3012,settle,0,0,0.000000,0.000000,nan,nan,nan,0.0000,0,9.78
6.3209,settle,0,0,0.000000,0.000000,nan,nan,nan,0.0000,0,9.86
6.3411,settle,0,0,0.000000,0.000000,nan,nan,nan,0.0000,0,10.46
6.3610,settle,0,0,0.000000,0.000000,nan,nan,nan,0.0000,0,9.23
6.3809,settle,0,0,0.000000,0.000000,nan,nan,nan,0.0000,0,9.10
6.4002,settle,0,0,0.000000,0.000000,nan,nan,nan,0.0000,0,10.10
6.4213,settle,0,0,0.000000,0.000000,nan,nan,nan,0.0000,0,11.28
6.4412,settle,0,0,0.000000,0.000000,nan,nan,nan,0.0000,0,9.93
6.4603,settle,0,0,0.000000,0.000000,nan,nan,nan,0.0000,0,7.00
6.4812,settle,0,0,0.000000,0.000000,nan,nan,nan,0.0000,0,8.66
6.5013,settle,0,0,0.000000,0.000000,nan,nan,nan,0.0000,0,11.33
6.5212,settle,0,0,0.000000,0.000000,nan,nan,nan,0.0000,0,10.11
6.5401,settle,0,0,0.000000,0.000000,nan,nan,nan,0.0000,0,10.26
6.5610,settle,0,0,0.000000,0.000000,nan,nan,nan,0.0000,0,9.05
6.5810,settle,0,0,0.000000,0.000000,nan,nan,nan,0.0000,0,8.80
6.6001,settle,0,0,0.000000,0.000000,nan,nan,nan,0.0000,0,7.94
6.6201,settle,0,0,0.000000,0.000000,nan,nan,nan,0.0000,0,10.57
6.6404,settle,0,0,0.000000,0.000000,nan,nan,nan,0.0000,0,11.09
6.6611,settle,0,0,0.000000,0.000000,nan,nan,nan,0.0000,0,9.37
6.6811,settle,0,0,0.000000,0.000000,nan,nan,nan,0.0000,0,9.16
6.7006,settle,0,0,0.000000,0.000000,nan,nan,nan,0.0000,0,9.86
6.7211,settle,0,0,0.000000,0.000000,nan,nan,nan,0.0000,0,11.39
6.7401,settle,0,0,0.000000,0.000000,nan,nan,nan,0.0000,0,9.04
6.7612,settle,0,0,0.000000,0.000000,nan,nan,nan,0.0000,0,7.54
6.7810,settle,0,0,0.000000,0.000000,nan,nan,nan,0.0000,0,9.06
6.8003,settle,0,0,0.000000,0.000000,nan,nan,nan,0.0000,0,10.24
6.8213,settle,0,0,0.000000,0.000000,nan,nan,nan,0.0000,0,9.15
6.8411,settle,0,0,0.000000,0.000000,nan,nan,nan,0.0000,0,8.63
6.8601,settle,0,0,0.000000,0.000000,nan,nan,nan,0.0000,0,8.16
6.8810,settle,0,0,0.000000,0.000000,nan,nan,nan,0.0000,0,9.13
6.9005,settle,0,0,0.000000,0.000000,nan,nan,nan,0.0000,0,8.97
6.9223,settle,0,0,0.000000,0.000000,nan,nan,nan,0.0000,0,10.05
6.9401,settle,0,0,0.000000,0.000000,nan,nan,nan,0.0000,0,8.96
6.9601,settle,0,0,0.000000,0.000000,nan,nan,nan,0.0000,0,10.25
6.9811,settle,0,0,0.000000,0.000000,nan,nan,nan,0.0000,0,9.04
7.0012,wait_init,0,0,0.000000,0.000000,nan,nan,nan,0.0000,0,9.77
7.0212,wait_init,0,0,0.000000,0.000000,nan,nan,nan,0.0000,0,14.86
7.0412,wait_init,0,0,0.000000,0.000000,nan,nan,nan,0.0000,0,10.38
7.0611,wait_init,0,0,0.000000,0.000000,nan,nan,nan,0.0000,0,9.67
7.0809,wait_init,0,0,0.000000,0.000000,nan,nan,nan,0.0000,0,8.90
7.1012,wait_init,0,0,0.000000,0.000000,nan,nan,nan,0.0000,0,10.24
7.1211,wait_init,0,0,0.000000,0.000000,nan,nan,nan,0.0000,0,9.91
7.1402,wait_init,0,0,0.000000,0.000000,nan,nan,nan,0.0000,0,8.76
7.1610,wait_init,0,0,0.000000,0.000000,nan,nan,nan,0.0000,0,9.21
7.1808,wait_init,0,0,0.000000,0.000000,nan,nan,nan,0.0000,0,8.01
7.2002,wait_init,0,0,0.000000,0.000000,nan,nan,nan,0.0000,0,9.24
7.2213,wait_init,0,0,0.000000,0.000000,nan,nan,nan,0.0000,0,10.61
7.2410,wait_init,0,0,0.000000,0.000000,nan,nan,nan,0.0000,0,8.08
7.2610,wait_init,0,0,0.000000,0.000000,nan,nan,nan,0.0000,0,9.02
7.2811,wait_init,0,0,0.000000,0.000000,nan,nan,nan,0.0000,0,8.78
7.3015,wait_init,0,0,0.000000,0.000000,nan,nan,nan,0.0000,0,9.77
7.3210,wait_init,0,0,0.000000,0.000000,nan,nan,nan,0.0000,0,10.36
7.3411,wait_init,0,0,0.000000,0.000000,nan,nan,nan,0.0000,0,8.05
7.3612,wait_init,0,0,0.000000,0.000000,nan,nan,nan,0.0000,0,9.91
7.3809,wait_init,0,0,0.000000,0.000000,nan,nan,nan,0.0000,0,8.89
7.4007,wait_init,0,0,0.000000,0.000000,nan,nan,nan,0.0000,0,10.91
7.4211,wait_init,0,0,0.000000,0.000000,nan,nan,nan,0.0000,0,7.05
7.4409,wait_init,0,0,0.000000,0.000000,nan,nan,nan,0.0000,0,9.96
7.4609,wait_init,0,0,0.000000,0.000000,nan,nan,nan,0.0000,0,11.05
7.4810,wait_init,0,0,0.000000,0.000000,nan,nan,nan,0.0000,0,6.98
7.5011,wait_init,0,0,0.000000,0.000000,nan,nan,nan,0.0000,0,12.78
7.5214,wait_init,0,0,0.000000,0.000000,nan,nan,nan,0.0000,0,11.00
7.5413,wait_init,0,0,0.000000,0.000000,nan,nan,nan,0.0000,0,8.55
7.5608,wait_init,0,0,0.000000,0.000000,nan,nan,nan,0.0000,0,9.92
7.5811,wait_init,0,0,0.000000,0.000000,nan,nan,nan,0.0000,0,8.41
7.6013,wait_init,0,0,0.000000,0.000000,nan,nan,nan,0.0000,0,8.76
7.6202,wait_init,0,0,0.000000,0.000000,nan,nan,nan,0.0000,0,9.94
7.6410,wait_init,0,0,0.000000,0.000000,nan,nan,nan,0.0000,0,8.01
7.6611,wait_init,0,0,0.000000,0.000000,nan,nan,nan,0.0000,0,8.18
7.6809,wait_init,0,0,0.000000,0.000000,nan,nan,nan,0.0000,0,8.86
7.7003,wait_init,0,0,0.000000,0.000000,nan,nan,nan,0.0000,0,9.13
7.7211,wait_init,0,0,0.000000,0.000000,nan,nan,nan,0.0000,0,10.66
7.7409,wait_init,0,0,0.000000,0.000000,nan,nan,nan,0.0000,0,9.22
7.7610,wait_init,0,0,0.000000,0.000000,nan,nan,nan,0.0000,0,9.08
7.7810,wait_init,0,0,0.000000,0.000000,nan,nan,nan,0.0000,0,9.29
7.8004,wait_init,0,0,0.000000,0.000000,nan,nan,nan,0.0000,0,9.05
7.8212,wait_init,0,0,0.000000,0.000000,nan,nan,nan,0.0000,0,8.61
7.8411,wait_init,0,0,0.000000,0.000000,nan,nan,nan,0.0000,0,6.90
7.8601,wait_init,0,0,0.000000,0.000000,nan,nan,nan,0.0000,0,10.04
7.8809,wait_init,0,0,0.000000,0.000000,nan,nan,nan,0.0000,0,7.87
7.9010,wait_init,0,0,0.000000,0.000000,nan,nan,nan,0.0000,0,9.17
7.9210,wait_init,0,0,0.000000,0.000000,nan,nan,nan,0.0000,0,9.81
7.9409,wait_init,0,0,0.000000,0.000000,nan,nan,nan,0.0000,0,10.35
7.9611,wait_init,0,0,0.000000,0.000000,nan,nan,nan,0.0000,0,10.17
7.9809,wait_init,0,0,0.000000,0.000000,nan,nan,nan,0.0000,0,9.23
8.0001,wait_init,0,0,0.000000,0.000000,nan,nan,nan,0.0000,0,9.19
8.0212,wait_init,0,0,0.000000,0.000000,nan,nan,nan,0.0000,0,9.89
8.0410,wait_init,0,0,0.000000,0.000000,nan,nan,nan,0.0000,0,9.00
8.0611,wait_init,0,0,0.000000,0.000000,nan,nan,nan,0.0000,0,10.32
8.0810,wait_init,0,0,0.000000,0.000000,nan,nan,nan,0.0000,0,9.20
8.1003,wait_init,0,0,0.000000,0.000000,nan,nan,nan,0.0000,0,9.27
8.1203,wait_init,0,0,0.000000,0.000000,nan,nan,nan,0.0000,0,10.87
8.1410,wait_init,0,0,0.000000,0.000000,nan,nan,nan,0.0000,0,9.49
8.1601,wait_init,0,0,0.000000,0.000000,nan,nan,nan,0.0000,0,10.16
8.1809,wait_init,0,0,0.000000,0.000000,nan,nan,nan,0.0000,0,8.02
8.2013,wait_init,0,0,0.000000,0.000000,nan,nan,nan,0.0000,0,9.87
8.2208,wait_init,0,0,0.000000,0.000000,nan,nan,nan,0.0000,0,8.70
8.2409,wait_init,0,0,0.000000,0.000000,nan,nan,nan,0.0000,0,10.23
8.2609,wait_init,0,0,0.000000,0.000000,nan,nan,nan,0.0000,0,9.75
8.2809,wait_init,0,0,0.000000,0.000000,nan,nan,nan,0.0000,0,9.24
8.3005,wait_init,0,0,0.000000,0.000000,nan,nan,nan,0.0000,0,8.94
8.3214,wait_init,0,0,0.000000,0.000000,nan,nan,nan,0.0000,0,10.27
8.3410,wait_init,0,0,0.000000,0.000000,nan,nan,nan,0.0000,0,9.51
8.3609,wait_init,0,0,0.000000,0.000000,nan,nan,nan,0.0000,0,9.14
8.3811,wait_init,0,0,0.000000,0.000000,nan,nan,nan,0.0000,0,9.47
8.4003,wait_init,0,0,0.000000,0.000000,nan,nan,nan,0.0000,0,9.80
8.4209,wait_init,0,0,0.000000,0.000000,nan,nan,nan,0.0000,0,11.04
8.4402,wait_init,0,0,0.000000,0.000000,nan,nan,nan,0.0000,0,9.05
8.4607,wait_init,0,0,0.000000,0.000000,nan,nan,nan,0.0000,0,10.03
8.4807,wait_init,0,0,0.000000,0.000000,nan,nan,nan,0.0000,0,9.16
8.5004,wait_init,0,0,0.000000,0.000000,nan,nan,nan,0.0000,0,4.99
8.5208,wait_init,0,0,0.000000,0.000000,nan,nan,nan,0.0000,0,9.59
8.5411,wait_init,0,0,0.000000,0.000000,nan,nan,nan,0.0000,0,10.26
8.5610,wait_init,0,0,0.000000,0.000000,nan,nan,nan,0.0000,0,9.20
8.5809,wait_init,0,0,0.000000,0.000000,nan,nan,nan,0.0000,0,8.93
8.6006,wait_init,0,0,0.000000,0.000000,nan,nan,nan,0.0000,0,10.22
8.6211,wait_init,0,0,0.000000,0.000000,nan,nan,nan,0.0000,0,11.37
8.6401,wait_init,0,0,0.000000,0.000000,nan,nan,nan,0.0000,0,10.24
8.6609,wait_init,0,0,0.000000,0.000000,nan,nan,nan,0.0000,0,9.27
8.6809,wait_init,0,0,0.000000,0.000000,nan,nan,nan,0.0000,0,9.30
8.7009,wait_init,0,0,0.000000,0.000000,nan,nan,nan,0.0000,0,10.21
8.7209,wait_init,0,0,0.000000,0.000000,nan,nan,nan,0.0000,0,9.58
8.7410,wait_init,0,0,0.000000,0.000000,nan,nan,nan,0.0000,0,9.30
8.7606,wait_init,0,0,0.000000,0.000000,nan,nan,nan,0.0000,0,8.86
8.7808,wait_init,0,0,0.000000,0.000000,nan,nan,nan,0.0000,0,9.23
8.8012,wait_init,0,0,0.000000,0.000000,nan,nan,nan,0.0000,0,10.11
8.8207,wait_init,0,0,0.000000,0.000000,nan,nan,nan,0.0000,0,10.85
8.8409,wait_init,0,0,0.000000,0.000000,nan,nan,nan,0.0000,0,10.33
8.8610,wait_init,0,0,0.000000,0.000000,nan,nan,nan,0.0000,0,8.37
8.8809,wait_init,0,0,0.000000,0.000000,nan,nan,nan,0.0000,0,8.02
8.9004,wait_init,0,0,0.000000,0.000000,nan,nan,nan,0.0000,0,10.19
8.9210,wait_init,0,0,0.000000,0.000000,nan,nan,nan,0.0000,0,10.42
8.9409,wait_init,0,0,0.000000,0.000000,nan,nan,nan,0.0000,0,8.28
8.9611,wait_init,0,0,0.000000,0.000000,nan,nan,nan,0.0000,0,10.91
8.9811,wait_init,0,0,0.000000,0.000000,nan,nan,nan,0.0000,0,8.99
9.0012,wait_init,0,0,0.000000,0.000000,nan,nan,nan,0.0000,0,9.70
9.0209,wait_init,0,0,0.000000,0.000000,nan,nan,nan,0.0000,0,9.78
9.0410,wait_init,0,0,0.000000,0.000000,nan,nan,nan,0.0000,0,11.92
9.0609,wait_init,0,0,0.000000,0.000000,nan,nan,nan,0.0000,0,7.41
9.0809,wait_init,0,0,0.000000,0.000000,nan,nan,nan,0.0000,0,8.72
9.1015,wait_init,0,0,0.000000,0.000000,nan,nan,nan,0.0000,0,10.90
9.1206,wait_init,0,0,0.000000,0.000000,nan,nan,nan,0.0000,0,10.23
9.1410,wait_init,0,0,0.000000,0.000000,nan,nan,nan,0.0000,0,9.14
9.1611,wait_init,0,0,0.000000,0.000000,nan,nan,nan,0.0000,0,8.88
9.1808,wait_init,0,0,0.000000,0.000000,nan,nan,nan,0.0000,0,8.75
9.2003,wait_init,0,0,0.000000,0.000000,nan,nan,nan,0.0000,0,10.21
9.2210,wait_init,0,0,0.000000,0.000000,nan,nan,nan,0.0000,0,8.83
9.2408,wait_init,0,0,0.000000,0.000000,nan,nan,nan,0.0000,0,9.99
9.2609,wait_init,0,0,0.000000,0.000000,nan,nan,nan,0.0000,0,8.54
9.2810,wait_init,0,0,0.000000,0.000000,nan,nan,nan,0.0000,0,9.41
9.3017,wait_init,0,0,0.000000,0.000000,nan,nan,nan,0.0000,0,9.96
9.3207,wait_init,0,0,0.000000,0.000000,nan,nan,nan,0.0000,0,9.99
9.3411,wait_init,0,0,0.000000,0.000000,nan,nan,nan,0.0000,0,9.00
9.3607,wait_init,0,0,0.000000,0.000000,nan,nan,nan,0.0000,0,9.85
9.3808,wait_init,0,0,0.000000,0.000000,nan,nan,nan,0.0000,0,8.40
9.4006,wait_init,0,0,0.000000,0.000000,nan,nan,nan,0.0000,0,9.13
9.4208,wait_init,0,0,0.000000,0.000000,nan,nan,nan,0.0000,0,10.26
9.4408,wait_init,0,0,0.000000,0.000000,nan,nan,nan,0.0000,0,10.22
9.4611,wait_init,0,0,0.000000,0.000000,nan,nan,nan,0.0000,0,9.93
9.4808,wait_init,0,0,0.000000,0.000000,nan,nan,nan,0.0000,0,7.75
9.5003,wait_init,0,0,0.000000,0.000000,nan,nan,nan,0.0000,0,10.14
9.5209,wait_init,0,0,0.000000,0.000000,nan,nan,nan,0.0000,0,9.71
9.5409,wait_init,0,0,0.000000,0.000000,nan,nan,nan,0.0000,0,10.16
9.5610,wait_init,0,0,0.000000,0.000000,nan,nan,nan,0.0000,0,10.06
9.5809,wait_init,0,0,0.000000,0.000000,nan,nan,nan,0.0000,0,8.96
9.6011,wait_init,0,0,0.000000,0.000000,nan,nan,nan,0.0000,0,7.40
9.6209,wait_init,0,0,0.000000,0.000000,nan,nan,nan,0.0000,0,9.82
9.6408,wait_init,0,0,0.000000,0.000000,nan,nan,nan,0.0000,0,9.26
9.6608,wait_init,0,0,0.000000,0.000000,nan,nan,nan,0.0000,0,10.21
9.6808,wait_init,0,0,0.000000,0.000000,nan,nan,nan,0.0000,0,8.95
9.7014,wait_init,0,0,0.000000,0.000000,nan,nan,nan,0.0000,0,9.08
9.7209,wait_init,0,0,0.000000,0.000000,nan,nan,nan,0.0000,0,9.40
9.7409,wait_init,0,0,0.000000,0.000000,nan,nan,nan,0.0000,0,10.02
9.7609,wait_init,0,0,0.000000,0.000000,nan,nan,nan,0.0000,0,10.89
9.7807,wait_init,0,0,0.000000,0.000000,nan,nan,nan,0.0000,0,8.97
9.8011,wait_init,0,0,0.000000,0.000000,nan,nan,nan,0.0000,0,9.35
9.8210,wait_init,0,0,0.000000,0.000000,nan,nan,nan,0.0000,0,9.48
9.8408,wait_init,0,0,0.000000,0.000000,nan,nan,nan,0.0000,0,8.77
9.8607,wait_init,0,0,0.000000,0.000000,nan,nan,nan,0.0000,0,8.97
9.8809,wait_init,0,0,0.000000,0.000000,nan,nan,nan,0.0000,0,9.04
9.9012,wait_init,0,0,0.000000,0.000000,nan,nan,nan,0.0000,0,8.91
9.9208,wait_init,0,0,0.000000,0.000000,nan,nan,nan,0.0000,0,8.53
9.9410,wait_init,0,0,0.000000,0.000000,nan,nan,nan,0.0000,0,6.26
9.9608,wait_init,0,0,0.000000,0.000000,nan,nan,nan,0.0000,0,8.92
9.9806,wait_init,0,0,0.000000,0.000000,nan,nan,nan,0.0000,0,8.22
10.0004,wait_init,0,0,0.000000,0.000000,nan,nan,nan,0.0000,0,9.35
10.0209,wait_init,0,0,0.000000,0.000000,nan,nan,nan,0.0000,0,9.42
10.0407,wait_init,0,0,0.000000,0.000000,nan,nan,nan,0.0000,0,10.17
10.0610,wait_init,0,0,0.000000,0.000000,nan,nan,nan,0.0000,0,10.07
10.0807,wait_init,0,0,0.000000,0.000000,nan,nan,nan,0.0000,0,8.92
10.1006,wait_init,0,0,0.000000,0.000000,nan,nan,nan,0.0000,0,9.20
10.1209,wait_init,0,0,0.000000,0.000000,nan,nan,nan,0.0000,0,10.09
10.1408,wait_init,0,0,0.000000,0.000000,nan,nan,nan,0.0000,0,7.69
10.1608,wait_init,0,0,0.000000,0.000000,nan,nan,nan,0.0000,0,9.18
10.1808,wait_init,0,0,0.000000,0.000000,nan,nan,nan,0.0000,0,8.86
10.2010,wait_init,0,0,0.000000,0.000000,nan,nan,nan,0.0000,0,8.96
10.2207,wait_init,0,0,0.000000,0.000000,nan,nan,nan,0.0000,0,9.95
10.2408,wait_init,0,0,0.000000,0.000000,nan,nan,nan,0.0000,0,8.30
10.2605,wait_init,0,0,0.000000,0.000000,nan,nan,nan,0.0000,0,8.99
10.2807,wait_init,0,0,0.000000,0.000000,nan,nan,nan,0.0000,0,9.08
10.3011,wait_init,0,0,0.000000,0.000000,nan,nan,nan,0.0000,0,9.91
10.3206,wait_init,0,0,0.000000,0.000000,nan,nan,nan,0.0000,0,8.37
10.3408,wait_init,0,0,0.000000,0.000000,nan,nan,nan,0.0000,0,10.04
10.3606,wait_init,0,0,0.000000,0.000000,nan,nan,nan,0.0000,0,8.80
10.3806,wait_init,0,0,0.000000,0.000000,nan,nan,nan,0.0000,0,9.25
10.4009,wait_init,0,0,0.000000,0.000000,nan,nan,nan,0.0000,0,10.05
10.4208,wait_init,0,0,0.000000,0.000000,nan,nan,nan,0.0000,0,9.99
10.4406,wait_init,0,0,0.000000,0.000000,nan,nan,nan,0.0000,0,10.01
10.4605,wait_init,0,0,0.000000,0.000000,nan,nan,nan,0.0000,0,10.21
10.4808,wait_init,0,0,0.000000,0.000000,nan,nan,nan,0.0000,0,9.48
10.5008,wait_init,0,0,0.000000,0.000000,nan,nan,nan,0.0000,0,9.86
10.5208,wait_init,0,0,0.000000,0.000000,nan,nan,nan,0.0000,0,10.03
10.5407,wait_init,0,0,0.000000,0.000000,nan,nan,nan,0.0000,0,9.80
10.5607,wait_init,0,0,0.000000,0.000000,nan,nan,nan,0.0000,0,10.19
10.5807,wait_init,0,0,0.000000,0.000000,nan,nan,nan,0.0000,0,9.10
10.6011,wait_init,0,0,0.000000,0.000000,nan,nan,nan,0.0000,0,10.22
10.6207,wait_init,0,0,0.000000,0.000000,nan,nan,nan,0.0000,0,9.54
10.6408,wait_init,0,0,0.000000,0.000000,nan,nan,nan,0.0000,0,10.28
10.6607,wait_init,0,0,0.000000,0.000000,nan,nan,nan,0.0000,0,8.84
10.6806,wait_init,0,0,0.000000,0.000000,nan,nan,nan,0.0000,0,7.81
10.7008,wait_init,0,0,0.000000,0.000000,nan,nan,nan,0.0000,0,10.31
10.7211,wait_init,0,0,0.000000,0.000000,nan,nan,nan,0.0000,0,9.99
10.7407,wait_init,0,0,0.000000,0.000000,nan,nan,nan,0.0000,0,7.66
10.7608,wait_init,0,0,0.000000,0.000000,nan,nan,nan,0.0000,0,10.00
10.7808,wait_init,0,0,0.000000,0.000000,nan,nan,nan,0.0000,0,8.96
10.8008,wait_init,0,0,0.000000,0.000000,nan,nan,nan,0.0000,0,9.98
10.8206,wait_init,0,0,0.000000,0.000000,nan,nan,nan,0.0000,0,9.90
10.8407,wait_init,0,0,0.000000,0.000000,nan,nan,nan,0.0000,0,8.13
10.8605,wait_init,0,0,0.000000,0.000000,nan,nan,nan,0.0000,0,8.30
10.8806,wait_init,0,0,0.000000,0.000000,nan,nan,nan,0.0000,0,9.21
10.9011,wait_init,0,0,0.000000,0.000000,nan,nan,nan,0.0000,0,10.25
10.9204,wait_init,0,0,0.000000,0.000000,nan,nan,nan,0.0000,0,9.55
10.9405,wait_init,0,0,0.000000,0.000000,nan,nan,nan,0.0000,0,10.36
10.9607,wait_init,0,0,0.000000,0.000000,nan,nan,nan,0.0000,0,8.44
10.9806,wait_init,0,0,0.000000,0.000000,nan,nan,nan,0.0000,0,9.20
11.0009,wait_init,0,0,0.000000,0.000000,nan,nan,nan,0.0000,0,10.21
11.0209,wait_init,0,0,0.000000,0.000000,nan,nan,nan,0.0000,0,9.64
11.0407,wait_init,0,0,0.000000,0.000000,nan,nan,nan,0.0000,0,8.79
11.0607,wait_init,0,0,0.000000,0.000000,nan,nan,nan,0.0000,0,8.85
11.0806,wait_init,0,0,0.000000,0.000000,nan,nan,nan,0.0000,0,8.24
11.1008,wait_init,0,0,0.000000,0.000000,nan,nan,nan,0.0000,0,10.17
11.1207,wait_init,0,0,0.000000,0.000000,nan,nan,nan,0.0000,0,10.94
11.1414,wait_init,0,0,0.000000,0.000000,nan,nan,nan,0.0000,0,9.86
11.1605,wait_init,0,0,0.000000,0.000000,nan,nan,nan,0.0000,0,9.95
11.1807,wait_init,0,0,0.000000,0.000000,nan,nan,nan,0.0000,0,8.35
11.2011,wait_init,0,0,0.000000,0.000000,nan,nan,nan,0.0000,0,8.95
11.2207,wait_init,0,0,0.000000,0.000000,nan,nan,nan,0.0000,0,10.65
11.2408,wait_init,0,0,0.000000,0.000000,nan,nan,nan,0.0000,0,10.26
11.2605,wait_init,0,0,0.000000,0.000000,nan,nan,nan,0.0000,0,8.70
11.2806,wait_init,0,0,0.000000,0.000000,nan,nan,nan,0.0000,0,9.28
11.3006,wait_init,0,0,0.000000,0.000000,nan,nan,nan,0.0000,0,10.33
11.3208,wait_init,0,0,0.000000,0.000000,nan,nan,nan,0.0000,0,10.00
11.3405,wait_init,0,0,0.000000,0.000000,nan,nan,nan,0.0000,0,9.93
11.3607,wait_init,0,0,0.000000,0.000000,nan,nan,nan,0.0000,0,9.04
11.3807,wait_init,0,0,0.000000,0.000000,nan,nan,nan,0.0000,0,9.31
11.4007,wait_init,0,0,0.000000,0.000000,nan,nan,nan,0.0000,0,10.03
11.4217,wait_init,0,0,0.000000,0.000000,nan,nan,nan,0.0000,0,10.11
11.4408,wait_init,0,0,0.000000,0.000000,nan,nan,nan,0.0000,0,9.87
11.4605,wait_init,0,0,0.000000,0.000000,nan,nan,nan,0.0000,0,9.06
11.4807,wait_init,0,0,0.000000,0.000000,nan,nan,nan,0.0000,0,8.32
11.5007,wait_init,0,0,0.000000,0.000000,nan,nan,nan,0.0000,0,9.81
11.5208,wait_init,0,0,0.000000,0.000000,nan,nan,nan,0.0000,0,9.44
11.5408,wait_init,0,0,0.000000,0.000000,nan,nan,nan,0.0000,0,10.59
11.5606,wait_init,0,0,0.000000,0.000000,nan,nan,nan,0.0000,0,10.01
11.5805,wait_init,0,0,0.000000,0.000000,nan,nan,nan,0.0000,0,9.23
11.6005,wait_init,0,0,0.000000,0.000000,nan,nan,nan,0.0000,0,9.11
11.6208,wait_init,0,0,0.000000,0.000000,nan,nan,nan,0.0000,0,11.44
11.6406,wait_init,0,0,0.000000,0.000000,nan,nan,nan,0.0000,0,10.43
11.6606,wait_init,0,0,0.000000,0.000000,nan,nan,nan,0.0000,0,10.80
11.6807,wait_init,0,0,0.000000,0.000000,nan,nan,nan,0.0000,0,8.24
11.7006,wait_init,0,0,0.000000,0.000000,nan,nan,nan,0.0000,0,10.01
11.7207,wait_init,0,0,0.000000,0.000000,nan,nan,nan,0.0000,0,10.11
11.7408,wait_init,0,0,0.000000,0.000000,nan,nan,nan,0.0000,0,10.19
11.7605,wait_init,0,0,0.000000,0.000000,nan,nan,nan,0.0000,0,9.73
11.7805,wait_init,0,0,0.000000,0.000000,nan,nan,nan,0.0000,0,8.09
11.8007,wait_init,0,0,0.000000,0.000000,nan,nan,nan,0.0000,0,9.07
11.8204,wait_init,0,0,0.000000,0.000000,nan,nan,nan,0.0000,0,10.07
11.8407,wait_init,0,0,0.000000,0.000000,nan,nan,nan,0.0000,0,10.73
11.8607,wait_init,0,0,0.000000,0.000000,nan,nan,nan,0.0000,0,9.67
11.8807,wait_init,0,0,0.000000,0.000000,nan,nan,nan,0.0000,0,8.93
11.9003,wait_init,0,0,0.000000,0.000000,nan,nan,nan,0.0000,0,10.17
11.9207,wait_init,0,0,0.000000,0.000000,nan,nan,nan,0.0000,0,10.38
11.9406,wait_init,0,0,0.000000,0.000000,nan,nan,nan,0.0000,0,10.52
11.9607,wait_init,0,0,0.000000,0.000000,nan,nan,nan,0.0000,0,10.93
11.9807,wait_init,0,0,0.000000,0.000000,nan,nan,nan,0.0000,0,8.94
12.0006,wait_init,0,0,0.000000,0.000000,nan,nan,nan,0.0000,0,10.13
12.0208,wait_init,0,0,0.000000,0.000000,nan,nan,nan,0.0000,0,10.07
12.0406,wait_init,0,0,0.000000,0.000000,nan,nan,nan,0.0000,0,8.86
12.0604,wait_init,0,0,0.000000,0.000000,nan,nan,nan,0.0000,0,15.05
12.0806,wait_init,0,0,0.000000,0.000000,nan,nan,nan,0.0000,0,9.15
12.1007,wait_init,0,0,0.000000,0.000000,nan,nan,nan,0.0000,0,9.11
12.1204,wait_init,0,0,0.000000,0.000000,nan,nan,nan,0.0000,0,9.04
12.1405,wait_init,0,0,0.000000,0.000000,nan,nan,nan,0.0000,0,11.20
12.1607,wait_init,0,0,0.000000,0.000000,nan,nan,nan,0.0000,0,10.12
12.1819,wait_init,0,0,0.000000,0.000000,nan,nan,nan,0.0000,0,12.26
12.2006,wait_init,0,0,0.000000,0.000000,nan,nan,nan,0.0000,0,10.53
12.2206,wait_init,0,0,0.000000,0.000000,nan,nan,nan,0.0000,0,8.91
12.2406,wait_init,0,0,0.000000,0.000000,nan,nan,nan,0.0000,0,12.33
12.2605,wait_init,0,0,0.000000,0.000000,nan,nan,nan,0.0000,0,10.29
12.2805,wait_init,0,0,0.000000,0.000000,nan,nan,nan,0.0000,0,8.81
12.3008,wait_init,0,0,0.000000,0.000000,nan,nan,nan,0.0000,0,10.80
12.3206,wait_init,0,0,0.000000,0.000000,nan,nan,nan,0.0000,0,10.65
12.3408,wait_init,0,0,0.000000,0.000000,nan,nan,nan,0.0000,0,2.52
12.3604,wait_init,0,0,0.000000,0.000000,nan,nan,nan,0.0000,0,11.32
12.3805,wait_init,0,0,0.000000,0.000000,nan,nan,nan,0.0000,0,7.44
12.4008,wait_init,0,0,0.000000,0.000000,nan,nan,nan,0.0000,0,10.05
12.4207,wait_init,0,0,0.000000,0.000000,nan,nan,nan,0.0000,0,12.30
12.4407,wait_init,0,0,0.000000,0.000000,nan,nan,nan,0.0000,0,10.23
12.4607,wait_init,0,0,0.000000,0.000000,nan,nan,nan,0.0000,0,9.42
12.4806,wait_init,0,0,0.000000,0.000000,nan,nan,nan,0.0000,0,7.98
12.5010,wait_init,0,0,0.000000,0.000000,nan,nan,nan,0.0000,0,10.14
12.5207,wait_init,0,0,0.000000,0.000000,nan,nan,nan,0.0000,0,11.00
12.5403,wait_init,0,0,0.000000,0.000000,nan,nan,nan,0.0000,0,9.82
12.5604,wait_init,0,0,0.000000,0.000000,nan,nan,nan,0.0000,0,9.29
12.5805,wait_init,0,0,0.000000,0.000000,nan,nan,nan,0.0000,0,7.21
12.6006,wait_init,0,0,0.000000,0.000000,nan,nan,nan,0.0000,0,10.14
12.6207,wait_init,0,0,0.000000,0.000000,nan,nan,nan,0.0000,0,10.67
12.6407,wait_init,0,0,0.000000,0.000000,nan,nan,nan,0.0000,0,8.33
12.6605,wait_init,0,0,0.000000,0.000000,nan,nan,nan,0.0000,0,8.94
12.6804,wait_init,0,0,0.000000,0.000000,nan,nan,nan,0.0000,0,9.27
12.7006,wait_init,0,0,0.000000,0.000000,nan,nan,nan,0.0000,0,9.10
12.7209,wait_init,0,0,0.000000,0.000000,nan,nan,nan,0.0000,0,12.12
12.7405,wait_init,0,0,0.000000,0.000000,nan,nan,nan,0.0000,0,7.83
12.7607,wait_init,0,0,0.000000,0.000000,nan,nan,nan,0.0000,0,9.35
12.7806,wait_init,0,0,0.000000,0.000000,nan,nan,nan,0.0000,0,9.32
12.8008,wait_init,0,0,0.000000,0.000000,nan,nan,nan,0.0000,0,10.94
12.8207,wait_init,0,0,0.000000,0.000000,nan,nan,nan,0.0000,0,9.76
12.8405,wait_init,0,0,0.000000,0.000000,nan,nan,nan,0.0000,0,8.97
12.8607,wait_init,0,0,0.000000,0.000000,nan,nan,nan,0.0000,0,9.01
12.8807,wait_init,0,0,0.000000,0.000000,nan,nan,nan,0.0000,0,9.14
12.9006,wait_init,0,0,0.000000,0.000000,nan,nan,nan,0.0000,0,9.90
12.9205,wait_init,0,0,0.000000,0.000000,nan,nan,nan,0.0000,0,7.96
12.9408,wait_init,0,0,0.000000,0.000000,nan,nan,nan,0.0000,0,9.00
12.9606,wait_init,0,0,0.000000,0.000000,nan,nan,nan,0.0000,0,8.71
12.9806,wait_init,0,0,0.000000,0.000000,nan,nan,nan,0.0000,0,8.87
13.0008,wait_init,0,0,0.000000,0.000000,nan,nan,nan,0.0000,0,8.90
13.0204,wait_init,0,0,0.000000,0.000000,nan,nan,nan,0.0000,0,9.76
13.0405,wait_init,0,0,0.000000,0.000000,nan,nan,nan,0.0000,0,9.07
13.0607,wait_init,0,0,0.000000,0.000000,nan,nan,nan,0.0000,0,10.17
13.0805,wait_init,0,0,0.000000,0.000000,nan,nan,nan,0.0000,0,9.03
13.1006,wait_init,0,0,0.000000,0.000000,nan,nan,nan,0.0000,0,10.11
13.1207,wait_init,0,0,0.000000,0.000000,nan,nan,nan,0.0000,0,2.49
13.1406,wait_init,0,0,0.000000,0.000000,nan,nan,nan,0.0000,0,9.76
13.1606,wait_init,0,0,0.000000,0.000000,nan,nan,nan,0.0000,0,8.81
13.1807,wait_init,0,0,0.000000,0.000000,nan,nan,nan,0.0000,0,9.30
13.2005,wait_init,0,0,0.000000,0.000000,nan,nan,nan,0.0000,0,9.84
13.2207,wait_init,0,0,0.000000,0.000000,nan,nan,nan,0.0000,0,10.44
13.2405,wait_init,0,0,0.000000,0.000000,nan,nan,nan,0.0000,0,9.02
13.2604,wait_init,0,0,0.000000,0.000000,nan,nan,nan,0.0000,0,8.95
13.2804,wait_init,0,0,0.000000,0.000000,nan,nan,nan,0.0000,0,8.39
13.3007,wait_init,0,0,0.000000,0.000000,nan,nan,nan,0.0000,0,10.21
13.3205,wait_init,0,0,0.000000,0.000000,nan,nan,nan,0.0000,0,9.72
13.3405,wait_init,0,0,0.000000,0.000000,nan,nan,nan,0.0000,0,8.10
13.3605,wait_init,0,0,0.000000,0.000000,nan,nan,nan,0.0000,0,8.31
13.3804,wait_init,0,0,0.000000,0.000000,nan,nan,nan,0.0000,0,10.57
13.4003,wait_init,0,0,0.000000,0.000000,nan,nan,nan,0.0000,0,9.45
13.4207,wait_init,0,0,0.000000,0.000000,nan,nan,nan,0.0000,0,10.33
13.4405,wait_init,0,0,0.000000,0.000000,nan,nan,nan,0.0000,0,7.93
13.4605,wait_init,0,0,0.000000,0.000000,nan,nan,nan,0.0000,0,8.92
13.4806,wait_init,0,0,0.000000,0.000000,nan,nan,nan,0.0000,0,9.04
13.5006,wait_init,0,0,0.000000,0.000000,nan,nan,nan,0.0000,0,10.05
13.5207,wait_init,0,0,0.000000,0.000000,nan,nan,nan,0.0000,0,8.86
13.5407,wait_init,0,0,0.000000,0.000000,nan,nan,nan,0.0000,0,8.70
13.5604,wait_init,0,0,0.000000,0.000000,nan,nan,nan,0.0000,0,10.03
13.5805,wait_init,0,0,0.000000,0.000000,nan,nan,nan,0.0000,0,8.09
13.6008,wait_init,0,0,0.000000,0.000000,nan,nan,nan,0.0000,0,9.13
13.6206,wait_init,0,0,0.000000,0.000000,nan,nan,nan,0.0000,0,9.71
13.6406,wait_init,0,0,0.000000,0.000000,nan,nan,nan,0.0000,0,10.04
13.6606,wait_init,0,0,0.000000,0.000000,nan,nan,nan,0.0000,0,8.95
13.6803,wait_init,0,0,0.000000,0.000000,nan,nan,nan,0.0000,0,7.85
13.7004,wait_init,0,0,0.000000,0.000000,nan,nan,nan,0.0000,0,9.38
13.7211,wait_init,0,0,0.000000,0.000000,nan,nan,nan,0.0000,0,8.66
13.7408,wait_init,0,0,0.000000,0.000000,nan,nan,nan,0.0000,0,9.44
13.7605,wait_init,0,0,0.000000,0.000000,nan,nan,nan,0.0000,0,10.66
13.7805,wait_init,0,0,0.000000,0.000000,nan,nan,nan,0.0000,0,8.10
13.8005,wait_init,0,0,0.000000,0.000000,nan,nan,nan,0.0000,0,9.18
13.8206,wait_init,0,0,0.000000,0.000000,nan,nan,nan,0.0000,0,8.07
13.8406,wait_init,0,0,0.000000,0.000000,nan,nan,nan,0.0000,0,8.89
13.8603,wait_init,0,0,0.000000,0.000000,nan,nan,nan,0.0000,0,9.76
13.8804,wait_init,0,0,0.000000,0.000000,nan,nan,nan,0.0000,0,10.85
13.9006,wait_init,0,0,0.000000,0.000000,nan,nan,nan,0.0000,0,10.06
13.9204,wait_init,0,0,0.000000,0.000000,nan,nan,nan,0.0000,0,9.91
13.9407,wait_init,0,0,0.000000,0.000000,nan,nan,nan,0.0000,0,10.43
13.9605,wait_init,0,0,0.000000,0.000000,nan,nan,nan,0.0000,0,6.12
13.9804,wait_init,0,0,0.000000,0.000000,nan,nan,nan,0.0000,0,8.27
14.0004,wait_init,0,0,0.000000,0.000000,nan,nan,nan,0.0000,0,10.39
14.0207,wait_init,0,0,0.000000,0.000000,nan,nan,nan,0.0000,0,11.26
14.0405,wait_init,0,0,0.000000,0.000000,nan,nan,nan,0.0000,0,9.82
14.0605,wait_init,0,0,0.000000,0.000000,nan,nan,nan,0.0000,0,9.07
14.0806,wait_init,0,0,0.000000,0.000000,nan,nan,nan,0.0000,0,9.35
14.1008,wait_init,0,0,0.000000,0.000000,nan,nan,nan,0.0000,0,9.86
14.1208,wait_init,0,0,0.000000,0.000000,nan,nan,nan,0.0000,0,9.28
14.1408,wait_init,0,0,0.000000,0.000000,nan,nan,nan,0.0000,0,10.68
14.1603,wait_init,0,0,0.000000,0.000000,nan,nan,nan,0.0000,0,7.58
14.1806,wait_init,0,0,0.000000,0.000000,nan,nan,nan,0.0000,0,9.45
14.2007,wait_init,0,0,0.000000,0.000000,nan,nan,nan,0.0000,0,9.24
14.2208,wait_init,0,0,0.000000,0.000000,nan,nan,nan,0.0000,0,10.78
14.2407,wait_init,0,0,0.000000,0.000000,nan,nan,nan,0.0000,0,10.01
14.2605,wait_init,0,0,0.000000,0.000000,nan,nan,nan,0.0000,0,8.73
14.2805,wait_init,0,0,0.000000,0.000000,nan,nan,nan,0.0000,0,9.39
14.3004,wait_init,0,0,0.000000,0.000000,nan,nan,nan,0.0000,0,10.27
14.3206,wait_init,0,0,0.000000,0.000000,nan,nan,nan,0.0000,0,10.05
14.3403,wait_init,0,0,0.000000,0.000000,nan,nan,nan,0.0000,0,7.96
14.3603,wait_init,0,0,0.000000,0.000000,nan,nan,nan,0.0000,0,9.25
14.3806,wait_init,0,0,0.000000,0.000000,nan,nan,nan,0.0000,0,10.07
14.4004,wait_init,0,0,0.000000,0.000000,nan,nan,nan,0.0000,0,9.92
14.4204,wait_init,0,0,0.000000,0.000000,nan,nan,nan,0.0000,0,10.58
14.4410,wait_init,0,0,0.000000,0.000000,nan,nan,nan,0.0000,0,8.43
14.4607,wait_init,0,0,0.000000,0.000000,nan,nan,nan,0.0000,0,7.74
14.4804,wait_init,0,0,0.000000,0.000000,nan,nan,nan,0.0000,0,8.98
14.5005,wait_init,0,0,0.000000,0.000000,nan,nan,nan,0.0000,0,10.15
14.5205,wait_init,0,0,0.000000,0.000000,nan,nan,nan,0.0000,0,11.17
14.5404,wait_init,0,0,0.000000,0.000000,nan,nan,nan,0.0000,0,10.56
14.5605,wait_init,0,0,0.000000,0.000000,nan,nan,nan,0.0000,0,10.00
14.5802,wait_init,0,0,0.000000,0.000000,nan,nan,nan,0.0000,0,9.31
14.6006,wait_init,0,0,0.000000,0.000000,nan,nan,nan,0.0000,0,8.23
14.6207,wait_init,0,0,0.000000,0.000000,nan,nan,nan,0.0000,0,10.92
14.6405,wait_init,0,0,0.000000,0.000000,nan,nan,nan,0.0000,0,10.74
14.6606,wait_init,0,0,0.000000,0.000000,nan,nan,nan,0.0000,0,10.93
14.6806,wait_init,0,0,0.000000,0.000000,nan,nan,nan,0.0000,0,8.07
14.7007,wait_init,0,0,0.000000,0.000000,nan,nan,nan,0.0000,0,8.03
14.7207,wait_init,0,0,0.000000,0.000000,nan,nan,nan,0.0000,0,9.79
14.7406,wait_init,0,0,0.000000,0.000000,nan,nan,nan,0.0000,0,9.83
14.7604,wait_init,0,0,0.000000,0.000000,nan,nan,nan,0.0000,0,10.00
14.7804,wait_init,0,0,0.000000,0.000000,nan,nan,nan,0.0000,0,8.46
14.8006,wait_init,0,0,0.000000,0.000000,nan,nan,nan,0.0000,0,9.06
14.8207,wait_init,0,0,0.000000,0.000000,nan,nan,nan,0.0000,0,10.96
14.8403,wait_init,0,0,0.000000,0.000000,nan,nan,nan,0.0000,0,10.00
14.8604,wait_init,0,0,0.000000,0.000000,nan,nan,nan,0.0000,0,8.33
14.8804,wait_init,0,0,0.000000,0.000000,nan,nan,nan,0.0000,0,9.11
14.9004,wait_init,0,0,0.000000,0.000000,nan,nan,nan,0.0000,0,8.73
14.9209,wait_init,0,0,0.000000,0.000000,nan,nan,nan,0.0000,0,11.22
14.9405,wait_init,0,0,0.000000,0.000000,nan,nan,nan,0.0000,0,7.74
14.9604,wait_init,0,0,0.000000,0.000000,nan,nan,nan,0.0000,0,8.90
14.9806,wait_init,0,0,0.000000,0.000000,nan,nan,nan,0.0000,0,9.10
15.0004,wait_init,0,0,0.000000,0.000000,nan,nan,nan,0.0000,0,7.00
15.0205,wait_init,0,0,0.000000,0.000000,nan,nan,nan,0.0000,0,10.18
15.0404,wait_init,0,0,0.000000,0.000000,nan,nan,nan,0.0000,0,8.19
15.0604,wait_init,0,0,0.000000,0.000000,nan,nan,nan,0.0000,0,9.97
15.0804,wait_init,0,0,0.000000,0.000000,nan,nan,nan,0.0000,0,8.16
15.1007,wait_init,0,0,0.000000,0.000000,nan,nan,nan,0.0000,0,8.89
15.1205,wait_init,0,0,0.000000,0.000000,nan,nan,nan,0.0000,0,10.68
15.1404,wait_init,0,0,0.000000,0.000000,nan,nan,nan,0.0000,0,10.42
15.1605,wait_init,0,0,0.000000,0.000000,nan,nan,nan,0.0000,0,10.92
15.1804,wait_init,0,0,0.000000,0.000000,nan,nan,nan,0.0000,0,10.05
15.2005,wait_init,0,0,0.000000,0.000000,nan,nan,nan,0.0000,0,8.93
15.2206,wait_init,0,0,0.000000,0.000000,nan,nan,nan,0.0000,0,11.22
15.2404,wait_init,0,0,0.000000,0.000000,nan,nan,nan,0.0000,0,7.94
15.2606,wait_init,0,0,0.000000,0.000000,nan,nan,nan,0.0000,0,10.13
15.2805,wait_init,0,0,0.000000,0.000000,nan,nan,nan,0.0000,0,8.22
15.3003,wait_init,0,0,0.000000,0.000000,nan,nan,nan,0.0000,0,8.88
15.3203,wait_init,0,0,0.000000,0.000000,nan,nan,nan,0.0000,0,9.03
15.3407,wait_init,0,0,0.000000,0.000000,nan,nan,nan,0.0000,0,9.59
15.3604,wait_init,0,0,0.000000,0.000000,nan,nan,nan,0.0000,0,9.88
15.3806,wait_init,0,0,0.000000,0.000000,nan,nan,nan,0.0000,0,9.03
15.4005,wait_init,0,0,0.000000,0.000000,nan,nan,nan,0.0000,0,8.81
15.4204,wait_init,0,0,0.000000,0.000000,nan,nan,nan,0.0000,0,8.97
15.4405,wait_init,0,0,0.000000,0.000000,nan,nan,nan,0.0000,0,8.07
15.4605,wait_init,0,0,0.000000,0.000000,nan,nan,nan,0.0000,0,9.95
15.4802,wait_init,0,0,0.000000,0.000000,nan,nan,nan,0.0000,0,9.38
15.5004,wait_init,0,0,0.000000,0.000000,nan,nan,nan,0.0000,0,9.31
15.5204,wait_init,0,0,0.000000,0.000000,nan,nan,nan,0.0000,0,10.15
15.5402,wait_init,0,0,0.000000,0.000000,nan,nan,nan,0.0000,0,10.45
15.5604,wait_init,0,0,0.000000,0.000000,nan,nan,nan,0.0000,0,10.15
15.5806,wait_init,0,0,0.000000,0.000000,nan,nan,nan,0.0000,0,8.50
15.6005,wait_init,0,0,0.000000,0.000000,nan,nan,nan,0.0000,0,8.87
15.6206,wait_init,0,0,0.000000,0.000000,nan,nan,nan,0.0000,0,10.29
15.6404,wait_init,0,0,0.000000,0.000000,nan,nan,nan,0.0000,0,2.47
15.6601,wait_init,0,0,0.000000,0.000000,nan,nan,nan,0.0000,0,8.97
15.6805,wait_init,0,0,0.000000,0.000000,nan,nan,nan,0.0000,0,9.28
15.7004,wait_init,0,0,0.000000,0.000000,nan,nan,nan,0.0000,0,8.91
15.7204,wait_init,0,0,0.000000,0.000000,nan,nan,nan,0.0000,0,11.05
15.7405,wait_init,0,0,0.000000,0.000000,nan,nan,nan,0.0000,0,8.05
15.7605,wait_init,0,0,0.000000,0.000000,nan,nan,nan,0.0000,0,9.87
15.7804,wait_init,0,0,0.000000,0.000000,nan,nan,nan,0.0000,0,8.84
15.8004,wait_init,0,0,0.000000,0.000000,nan,nan,nan,0.0000,0,8.86
15.8205,wait_init,0,0,0.000000,0.000000,nan,nan,nan,0.0000,0,10.33
15.8402,wait_init,0,0,0.000000,0.000000,nan,nan,nan,0.0000,0,7.84
15.8603,wait_init,0,0,0.000000,0.000000,nan,nan,nan,0.0000,0,10.29
15.8805,wait_init,0,0,0.000000,0.000000,nan,nan,nan,0.0000,0,9.45
15.9003,wait_init,0,0,0.000000,0.000000,nan,nan,nan,0.0000,0,7.94
15.9204,wait_init,0,0,0.000000,0.000000,nan,nan,nan,0.0000,0,10.13
15.9404,policy,0,0,0.000000,0.000000,nan,nan,nan,0.0000,0,8.88
15.9605,policy,1,1,0.000000,0.000000,0.8765,4.2010,2.3996,0.0000,0,14.18
15.9804,policy,1,1,0.000056,0.000005,0.8277,4.2010,2.3841,0.0012,0,13.00
16.0048,policy,3,1,0.000105,0.000009,0.6914,4.2832,2.4082,0.0025,0,24.38
16.0287,policy,4,1,0.000155,0.000013,0.8351,4.6521,2.6486,0.0038,0,23.85
16.0514,policy,5,1,0.000212,0.000018,0.9636,5.1456,2.9481,0.0050,0,22.71
16.0726,policy,6,1,0.000276,0.000024,1.0528,5.5997,3.2405,0.0061,0,21.16
16.0934,policy,7,1,0.000347,0.000030,1.0743,6.0556,3.5250,0.0072,0,18.63
16.1208,policy,9,1,0.000423,0.000036,1.0562,6.6066,4.0476,0.0081,0,27.36
16.1451,policy,10,1,0.000503,0.000043,1.0463,7.0596,4.5244,0.0089,0,24.34
16.1697,policy,11,1,0.000587,0.000050,1.0415,7.4726,5.0017,0.0096,0,24.51
16.1934,policy,12,1,0.000673,0.000057,1.0320,7.8254,5.4343,0.0101,0,23.74
16.2174,policy,13,1,0.000762,0.000065,1.0111,8.1564,5.8821,0.0106,0,23.95
16.2403,policy,14,1,0.000853,0.000073,0.9930,8.4530,6.3046,0.0111,0,22.91
16.2673,policy,16,1,0.000944,0.000081,0.9840,8.7102,6.7379,0.0122,0,26.97
16.2893,policy,17,1,0.001032,0.000088,0.9740,8.8724,7.0461,0.0135,0,21.93
16.3129,policy,18,1,0.001117,0.000095,0.9209,9.0441,7.3667,0.0147,0,23.54
16.3372,policy,19,1,0.001198,0.000102,0.8847,9.2601,7.7023,0.0158,0,24.32
16.3593,policy,20,1,0.001278,0.000109,0.8403,9.4608,7.9974,0.0168,0,22.04
16.3814,policy,22,1,0.001345,0.000115,0.8190,9.6251,8.3260,0.0176,0,22.13
16.4049,policy,23,1,0.001407,0.000120,0.7533,9.8937,8.7205,0.0184,0,23.45
16.4273,policy,24,1,0.001460,0.000125,0.6542,10.1718,9.1407,0.0190,0,22.41
16.4524,policy,25,1,0.001505,0.000128,0.5571,10.5339,9.6339,0.0196,0,25.02
16.4744,policy,26,1,0.001542,0.000132,0.5113,10.8531,10.1094,0.0201,0,22.06
16.4981,policy,27,1,0.001569,0.000134,0.4514,11.2029,10.6080,0.0203,0,23.64
16.5216,policy,29,1,0.001576,0.000134,0.5726,11.5132,11.2652,0.0203,0,23.49
16.5486,policy,30,1,0.001577,0.000135,0.4747,11.9708,11.8175,0.0203,0,26.98
16.5696,policy,31,1,0.001576,0.000135,0.4191,12.2850,12.3337,0.0203,0,20.96
16.5945,policy,32,0,0.000000,0.000000,0.3613,12.6807,12.8983,0.0000,0,23.72
16.6153,policy,33,0,0.000000,0.000000,0.3345,13.0518,13.4086,0.0000,0,14.33
16.6353,policy,34,0,0.000000,0.000000,0.4500,13.4613,13.9515,0.0000,0,12.46
16.6554,policy,35,0,0.000000,0.000000,0.4960,13.8382,14.4828,0.0000,0,14.09
16.6752,policy,36,0,0.000000,0.000000,0.5806,14.2024,14.9956,0.0000,0,11.11
16.6951,policy,37,0,0.000000,0.000000,0.6066,14.5817,15.5039,0.0000,0,13.12
16.7146,policy,38,0,0.000000,0.000000,0.5859,14.9965,16.0011,0.0000,0,15.39
16.7351,policy,39,0,0.000000,0.000000,0.5516,15.4670,16.5103,0.0000,0,10.97
16.7552,policy,40,0,0.000000,0.000000,0.5042,15.9695,17.1127,0.0000,0,13.40
16.7750,policy,41,0,0.000000,0.000000,0.4413,16.4910,17.6698,0.0000,0,12.07
16.7946,policy,42,0,0.000000,0.000000,0.4672,17.0480,18.2159,0.0000,0,13.38
16.8151,policy,43,0,0.000000,0.000000,0.5275,17.7472,18.8000,0.0000,0,13.34
16.8350,policy,44,0,0.000000,0.000000,0.5827,18.6215,19.4318,0.0000,0,12.10
16.8553,policy,45,0,0.000000,0.000000,0.7085,19.6154,20.0927,0.0000,0,10.82
16.8751,policy,46,0,0.000000,0.000000,0.9153,20.7563,20.8176,0.0000,0,11.93
16.8948,policy,47,0,0.000000,0.000000,0.9608,22.1217,21.6802,0.0000,0,13.30
16.9146,policy,48,0,0.000000,0.000000,0.9058,23.3079,22.4182,0.0000,0,12.00
16.9351,policy,49,0,0.000000,0.000000,0.8609,24.2591,23.0178,0.0000,0,12.62
16.9546,policy,50,0,0.000000,0.000000,1.0242,24.9851,23.4595,0.0000,0,13.46
16.9752,policy,51,0,0.000000,0.000000,1.3286,25.5264,23.7752,0.0000,0,12.03
16.9951,policy,52,0,0.000000,0.000000,1.5208,25.9751,24.0178,0.0000,0,12.25
17.0151,policy,53,0,0.000000,0.000000,1.7306,26.3111,24.1579,0.0000,0,14.38
17.0353,policy,54,0,0.000000,0.000000,1.9457,26.6144,24.2159,0.0000,0,11.59
17.0552,policy,55,0,0.000000,0.000000,2.1306,26.9202,24.2653,0.0000,0,12.04
17.0751,policy,56,0,0.000000,0.000000,2.3058,27.2713,24.2914,0.0000,0,12.09
17.0952,policy,57,0,0.000000,0.000000,2.3785,27.6302,24.2893,0.0000,0,11.44
17.1153,policy,58,0,0.000000,0.000000,2.4045,27.9748,24.2807,0.0000,0,14.33
17.1350,policy,59,0,0.000000,0.000000,2.4062,28.1522,24.2687,0.0000,0,13.28
17.1552,policy,60,0,0.000000,0.000000,2.3554,28.3019,24.2962,0.0000,0,13.14
17.1752,policy,61,0,0.000000,0.000000,2.3593,28.2154,24.2724,0.0000,0,16.85
17.1953,policy,62,0,0.000000,0.000000,2.3832,28.1377,24.3867,0.0000,0,13.43
17.2154,policy,63,0,0.000000,0.000000,2.4117,27.9790,24.4954,0.0000,0,14.51
17.2352,policy,64,0,0.000000,0.000000,2.4082,27.7598,24.5047,0.0000,0,19.80
17.2563,policy,65,0,0.000000,0.000000,2.3735,27.5388,24.5081,0.0000,0,17.08
17.2761,policy,66,0,0.000000,0.000000,2.4423,27.3144,24.4720,0.0000,0,10.20
17.2966,policy,67,0,0.000000,0.000000,2.5979,27.0311,24.4280,0.0000,0,13.09
17.3163,policy,68,0,0.000000,0.000000,2.6749,26.7544,24.3542,0.0000,0,13.64
17.3356,policy,69,0,0.000000,0.000000,2.6787,26.5242,24.3091,0.0000,0,11.03
17.3565,policy,70,0,0.000000,0.000000,2.5084,26.4491,24.3046,0.0000,0,11.36
17.3761,policy,71,0,0.000000,0.000000,2.1957,26.4732,24.3046,0.0000,0,12.12
17.3954,policy,72,0,0.000000,0.000000,1.9565,26.5348,24.2907,0.0000,0,11.04
17.4153,policy,73,0,0.000000,0.000000,1.7825,26.6265,24.3577,0.0000,0,11.25
17.4354,policy,74,0,0.000000,0.000000,1.5931,26.7031,24.5286,0.0000,0,13.14
17.4553,policy,75,0,0.000000,0.000000,1.4526,26.7502,24.7046,0.0000,0,11.77
17.4763,policy,76,0,0.000000,0.000000,1.2363,26.8288,24.9154,0.0000,0,12.12
17.4956,policy,77,0,0.000000,0.000000,1.0575,26.9236,25.1149,0.0000,0,12.82
17.5154,policy,78,0,0.000000,0.000000,0.8971,27.0525,25.3415,0.0000,0,11.02
17.5364,policy,79,0,0.000000,0.000000,0.8654,27.2476,25.6171,0.0000,0,11.99
17.5564,policy,80,0,0.000000,0.000000,0.9148,27.4927,25.9183,0.0000,0,11.22
17.5763,policy,81,0,0.000000,0.000000,1.0058,27.8043,26.2539,0.0000,0,11.92
17.5954,policy,82,0,0.000000,0.000000,1.0883,28.1541,26.5900,0.0000,0,12.95
17.6161,policy,83,0,0.000000,0.000000,1.1650,28.5307,26.9506,0.0000,0,5.52
17.6364,policy,84,0,0.000000,0.000000,1.2672,28.9146,27.2763,0.0000,0,13.35
17.6564,policy,85,0,0.000000,0.000000,1.3890,29.2957,27.5891,0.0000,0,12.13
17.6754,policy,86,0,0.000000,0.000000,1.5004,29.5352,27.8568,0.0000,0,11.00
17.6957,policy,87,0,0.000000,0.000000,1.5922,29.5461,28.0337,0.0000,0,10.97
17.7163,policy,88,0,0.000000,0.000000,1.5973,29.2415,28.0824,0.0000,0,12.80
17.7361,policy,89,0,0.000000,0.000000,1.5560,28.7467,28.0335,0.0000,0,12.16
17.7563,policy,90,0,0.000000,0.000000,1.4878,28.1666,27.9726,0.0000,0,11.09
17.7764,policy,91,0,0.000000,0.000000,1.3534,27.6627,27.9404,0.0000,0,11.05
17.7955,policy,92,0,0.000000,0.000000,1.2300,27.1913,27.9111,0.0000,0,10.82
17.8162,policy,93,0,0.000000,0.000000,1.2400,26.8313,27.9332,0.0000,0,11.68
17.8363,policy,94,0,0.000000,0.000000,1.2937,26.5426,27.9654,0.0000,0,12.31
17.8564,policy,95,0,0.000000,0.000000,1.3005,26.3009,28.0110,0.0000,0,11.84
17.8762,policy,96,0,0.000000,0.000000,1.2681,26.0934,28.0499,0.0000,0,10.80
17.8967,policy,97,0,0.000000,0.000000,1.2318,25.8981,28.0814,0.0000,0,12.04
17.9161,policy,98,0,0.000000,0.000000,1.2219,25.7267,28.1182,0.0000,0,13.85
17.9363,policy,99,0,0.000000,0.000000,1.1991,25.5756,28.1460,0.0000,0,11.07
17.9563,policy,100,0,0.000000,0.000000,1.1528,25.4190,28.1507,0.0000,0,14.06
17.9761,policy,101,0,0.000000,0.000000,1.0800,25.3284,28.1267,0.0000,0,10.23
17.9954,policy,102,0,0.000000,0.000000,1.0445,25.2573,28.0697,0.0000,0,9.61
18.0165,policy,103,0,0.000000,0.000000,0.9908,25.2746,28.0171,0.0000,0,13.66
18.0360,policy,104,0,0.000000,0.000000,0.9903,25.3229,27.9527,0.0000,0,11.89
18.0565,policy,105,0,0.000000,0.000000,1.1912,25.3944,27.9127,0.0000,0,11.46
18.0763,policy,106,0,0.000000,0.000000,1.3933,25.5921,27.9144,0.0000,0,10.76
18.0965,policy,107,0,0.000000,0.000000,1.5613,25.8248,27.9277,0.0000,0,10.72
18.1163,policy,108,0,0.000000,0.000000,1.6705,26.0625,27.9403,0.0000,0,12.86
18.1364,policy,109,0,0.000000,0.000000,1.7367,26.2938,27.9443,0.0000,0,12.03
18.1562,policy,110,0,0.000000,0.000000,1.7594,26.5141,27.9477,0.0000,0,12.00
18.1764,policy,111,0,0.000000,0.000000,1.6412,26.7012,27.9016,0.0000,0,14.08
18.1966,policy,112,0,0.000000,0.000000,1.4915,26.8578,27.8416,0.0000,0,11.24
18.2162,policy,113,0,0.000000,0.000000,1.3161,26.9581,27.7507,0.0000,0,15.64
18.2354,policy,114,0,0.000000,0.000000,1.1242,27.0114,27.6526,0.0000,0,11.03
18.2564,policy,115,0,0.000000,0.000000,0.9785,26.9831,27.5525,0.0000,0,12.83
18.2760,policy,116,0,0.000000,0.000000,1.0384,26.9611,27.4073,0.0000,0,10.70
18.2959,policy,117,0,0.000000,0.000000,1.0383,26.9089,27.2317,0.0000,0,13.26
18.3163,policy,118,0,0.000000,0.000000,1.0386,26.7477,27.0306,0.0000,0,13.27
18.3362,policy,119,0,0.000000,0.000000,1.0590,26.5195,26.7741,0.0000,0,14.14
18.3561,policy,120,0,0.000000,0.000000,1.0605,26.2867,26.4982,0.0000,0,13.00
18.3764,policy,121,0,0.000000,0.000000,1.0798,25.9237,26.1434,0.0000,0,13.23
18.3962,policy,122,0,0.000000,0.000000,1.0743,25.5603,25.8231,0.0000,0,10.72
18.4163,policy,123,0,0.000000,0.000000,1.0690,25.0476,25.4746,0.0000,0,12.98
18.4363,policy,124,0,0.000000,0.000000,1.0935,24.4886,25.1731,0.0000,0,11.33
18.4554,policy,125,0,0.000000,0.000000,1.1002,23.9865,24.9078,0.0000,0,11.31
18.4762,policy,126,0,0.000000,0.000000,1.2386,23.2341,24.6824,0.0000,0,11.08
18.4958,policy,127,0,0.000000,0.000000,1.3948,22.4944,24.4738,0.0000,0,12.34
18.5162,policy,128,0,0.000000,0.000000,1.7024,21.7938,24.3411,0.0000,0,14.48
18.5363,policy,129,0,0.000000,0.000000,2.0130,21.1321,24.2354,0.0000,0,13.13
18.5563,policy,130,0,0.000000,0.000000,2.2887,20.4880,24.1218,0.0000,0,12.19
18.5753,policy,131,0,0.000000,0.000000,2.5193,19.9610,24.0483,0.0000,0,11.10
18.5960,policy,132,0,0.000000,0.000000,2.7027,19.3043,23.8885,0.0000,0,11.77
18.6164,policy,133,0,0.000000,0.000000,2.8015,18.6251,23.6960,0.0000,0,14.53
18.6361,policy,134,0,0.000000,0.000000,2.8855,18.0372,23.5330,0.0000,0,13.35
18.6553,policy,135,0,0.000000,0.000000,2.9596,17.4557,23.3574,0.0000,0,7.32
18.6763,policy,136,0,0.000000,0.000000,3.0587,16.7242,23.1716,0.0000,0,12.07
18.6963,policy,137,0,0.000000,0.000000,3.1718,16.1259,23.0707,0.0000,0,12.13
18.7162,policy,138,0,0.000000,0.000000,3.2966,15.5109,22.9440,0.0000,0,12.02
18.7362,policy,139,0,0.000000,0.000000,3.4280,14.9495,22.8535,0.0000,0,12.02
18.7565,policy,140,0,0.000000,0.000000,3.5456,14.2982,22.7189,0.0000,0,14.03
18.7762,policy,141,0,0.000000,0.000000,3.5744,13.7419,22.6310,0.0000,0,13.30
18.7966,policy,142,0,0.000000,0.000000,3.6082,13.2220,22.5866,0.0000,0,12.91
18.8162,policy,143,0,0.000000,0.000000,3.5575,12.8265,22.5573,0.0000,0,13.80
18.8361,policy,144,0,0.000000,0.000000,3.5297,12.4657,22.5486,0.0000,0,14.12
18.8564,policy,145,0,0.000000,0.000000,3.5461,12.1805,22.5682,0.0000,0,13.04
18.8761,policy,146,0,0.000000,0.000000,3.6219,11.9691,22.6286,0.0000,0,11.93
18.8953,policy,147,0,0.000000,0.000000,3.7082,11.7849,22.6938,0.0000,0,13.08
18.9162,policy,148,0,0.000000,0.000000,3.7716,11.6009,22.7416,0.0000,0,13.05
18.9361,policy,149,0,0.000000,0.000000,3.8294,11.4725,22.7767,0.0000,0,13.08
18.9561,policy,150,0,0.000000,0.000000,3.8528,11.3609,22.7932,0.0000,0,13.07
18.9763,policy,151,0,0.000000,0.000000,3.8577,11.1649,22.7655,0.0000,0,11.29
18.9953,policy,152,0,0.000000,0.000000,3.8410,11.0600,22.7635,0.0000,0,12.98
19.0161,policy,153,0,0.000000,0.000000,3.7847,10.9728,22.7535,0.0000,0,12.85
19.0363,policy,154,0,0.000000,0.000000,3.7685,10.9043,22.7525,0.0000,0,13.26
19.0561,policy,155,0,0.000000,0.000000,3.7530,10.8552,22.7509,0.0000,0,12.99
19.0762,policy,156,0,0.000000,0.000000,3.7930,10.8042,22.7564,0.0000,0,12.25
19.0964,policy,157,0,0.000000,0.000000,3.8186,10.7722,22.7609,0.0000,0,11.85
19.1162,policy,158,0,0.000000,0.000000,3.8423,10.7562,22.7763,0.0000,0,14.74
19.1361,policy,159,0,0.000000,0.000000,3.8823,10.7151,22.8365,0.0000,0,17.07
19.1561,policy,160,0,0.000000,0.000000,3.9088,10.6599,22.8966,0.0000,0,11.21
19.1761,policy,161,0,0.000000,0.000000,3.8556,10.6322,22.9533,0.0000,0,12.22
19.1963,policy,162,0,0.000000,0.000000,3.8083,10.5970,22.9862,0.0000,0,16.31
19.2162,policy,163,0,0.000000,0.000000,3.7543,10.5504,22.9913,0.0000,0,15.10
19.2361,policy,164,0,0.000000,0.000000,3.6926,10.4988,22.9730,0.0000,0,10.24
19.2562,policy,165,0,0.000000,0.000000,3.6939,10.4395,22.9324,0.0000,0,14.86
19.2763,policy,166,0,0.000000,0.000000,3.7179,10.3494,22.8593,0.0000,0,11.94
19.3002,policy,167,0,0.000000,0.000000,3.7310,10.2160,22.7495,0.0000,0,12.97
19.3205,policy,169,0,0.000000,0.000000,3.7025,10.1110,22.6617,0.0000,0,20.25
19.3414,policy,170,0,0.000000,0.000000,3.6876,9.9931,22.5549,0.0000,0,12.78
19.3610,policy,171,0,0.000000,0.000000,3.6898,9.8840,22.4566,0.0000,0,13.03
19.3813,policy,172,0,0.000000,0.000000,3.6999,9.7675,22.3419,0.0000,0,13.05
19.4008,policy,173,0,0.000000,0.000000,3.6900,9.6828,22.2450,0.0000,0,19.52
19.4213,policy,174,0,0.000000,0.000000,3.6734,9.6200,22.1348,0.0000,0,16.60
19.4415,policy,175,0,0.000000,0.000000,3.6674,9.5726,22.0411,0.0000,0,18.95
19.4612,policy,176,0,0.000000,0.000000,3.6609,9.5269,21.9600,0.0000,0,15.65
19.4819,policy,177,0,0.000000,0.000000,3.6576,9.4729,21.8705,0.0000,0,13.32
19.5015,policy,178,0,0.000000,0.000000,3.6579,9.4326,21.7801,0.0000,0,14.40
19.5212,policy,179,0,0.000000,0.000000,3.6612,9.4022,21.6901,0.0000,0,13.64
19.5409,policy,180,0,0.000000,0.000000,3.6576,9.3801,21.6083,0.0000,0,15.02
19.5611,policy,181,0,0.000000,0.000000,3.6538,9.3652,21.5307,0.0000,0,14.60
19.5812,policy,182,0,0.000000,0.000000,3.6464,9.3549,21.4515,0.0000,0,8.07
19.6010,policy,183,0,0.000000,0.000000,3.6391,9.3473,21.3683,0.0000,0,12.09
19.6212,policy,184,0,0.000000,0.000000,3.6318,9.3396,21.2831,0.0000,0,15.12
19.6409,policy,185,0,0.000000,0.000000,3.6327,9.3365,21.2009,0.0000,0,13.01
19.6610,policy,186,0,0.000000,0.000000,3.6302,9.3306,21.1173,0.0000,0,14.46
19.6811,policy,187,0,0.000000,0.000000,3.6314,9.3275,21.0341,0.0000,0,12.43
19.7012,policy,188,0,0.000000,0.000000,3.6287,9.3242,20.9530,0.0000,0,15.33
19.7214,policy,189,0,0.000000,0.000000,3.6296,9.3201,20.8717,0.0000,0,13.21
19.7410,policy,190,0,0.000000,0.000000,3.6305,9.3187,20.7967,0.0000,0,12.81
19.7611,policy,191,0,0.000000,0.000000,3.6311,9.3191,20.7286,0.0000,0,14.24
19.7811,policy,192,0,0.000000,0.000000,3.6283,9.3204,20.6582,0.0000,0,11.94
19.8016,policy,193,0,0.000000,0.000000,3.6190,9.3225,20.5909,0.0000,0,18.47
19.8212,policy,194,0,0.000000,0.000000,3.6199,9.3238,20.5294,0.0000,0,13.57
19.8414,policy,195,0,0.000000,0.000000,3.6171,9.3268,20.4610,0.0000,0,13.87
19.8612,policy,196,0,0.000000,0.000000,3.6183,9.3308,20.4024,0.0000,0,14.43
19.8820,policy,197,0,0.000000,0.000000,3.6165,9.3329,20.3420,0.0000,0,13.98
19.9012,policy,198,0,0.000000,0.000000,3.6186,9.3368,20.2906,0.0000,0,14.31
19.9212,policy,199,0,0.000000,0.000000,3.6207,9.3416,20.2366,0.0000,0,12.97
19.9411,policy,200,0,0.000000,0.000000,3.6191,9.3446,20.1910,0.0000,0,13.88
19.9611,policy,201,0,0.000000,0.000000,3.6175,9.3503,20.1521,0.0000,0,11.90
19.9816,policy,202,0,0.000000,0.000000,3.6160,9.3560,20.1096,0.0000,0,13.10
20.0014,policy,203,0,0.000000,0.000000,3.6178,9.3644,20.0722,0.0000,0,13.64
20.0209,policy,204,0,0.000000,0.000000,3.6156,9.3747,20.0365,0.0000,0,15.27
20.0415,policy,205,0,0.000000,0.000000,3.6168,9.3877,20.0161,0.0000,0,13.51
20.0610,policy,206,0,0.000000,0.000000,3.6103,9.4006,20.0021,0.0000,0,10.75
20.0811,policy,207,0,0.000000,0.000000,3.6076,9.4154,19.9886,0.0000,0,14.11
20.1015,policy,208,0,0.000000,0.000000,3.6087,9.4256,19.9683,0.0000,0,13.59
20.1211,policy,209,0,0.000000,0.000000,3.6063,9.4349,19.9497,0.0000,0,12.60
20.1413,policy,210,0,0.000000,0.000000,3.6075,9.4460,19.9304,0.0000,0,13.40
20.1611,policy,211,0,0.000000,0.000000,3.6080,9.4570,19.9108,0.0000,0,16.80
20.1810,policy,212,0,0.000000,0.000000,3.6086,9.4662,19.8930,0.0000,0,10.60
20.2019,policy,213,0,0.000000,0.000000,3.6089,9.4744,19.8770,0.0000,0,16.53
20.2211,policy,214,0,0.000000,0.000000,3.6095,9.4799,19.8664,0.0000,0,13.20
20.2413,policy,215,0,0.000000,0.000000,3.6062,9.4845,19.8509,0.0000,0,12.12
20.2609,policy,216,0,0.000000,0.000000,3.6067,9.4872,19.8381,0.0000,0,12.96
20.2810,policy,217,0,0.000000,0.000000,3.6070,9.4900,19.8231,0.0000,0,11.52
20.3015,policy,218,0,0.000000,0.000000,3.6070,9.4955,19.8088,0.0000,0,12.97
20.3212,policy,219,0,0.000000,0.000000,3.6073,9.4991,19.7922,0.0000,0,11.53
20.3416,policy,220,0,0.000000,0.000000,3.6073,9.5028,19.7756,0.0000,0,11.00
20.3609,policy,221,0,0.000000,0.000000,3.6076,9.5092,19.7613,0.0000,0,12.50
20.3813,policy,222,0,0.000000,0.000000,3.6076,9.5147,19.7433,0.0000,0,13.39
20.4017,policy,223,0,0.000000,0.000000,3.6040,9.5202,19.7292,0.0000,0,12.96
20.4209,policy,224,0,0.000000,0.000000,3.5969,9.5248,19.7158,0.0000,0,13.19
20.4412,policy,225,0,0.000000,0.000000,3.5972,9.5321,19.7009,0.0000,0,12.14
20.4610,policy,226,0,0.000000,0.000000,3.5939,9.5321,19.6823,0.0000,0,12.09
20.4814,policy,227,0,0.000000,0.000000,3.5909,9.5321,19.6610,0.0000,0,12.07
20.5019,policy,228,0,0.000000,0.000000,3.5879,9.5330,19.6390,0.0000,0,13.80
20.5212,policy,229,0,0.000000,0.000000,3.5845,9.5348,19.6196,0.0000,0,13.13
20.5409,policy,230,0,0.000000,0.000000,3.5848,9.5385,19.6012,0.0000,0,11.96
20.5611,policy,231,0,0.000000,0.000000,3.5848,9.5422,19.5815,0.0000,0,14.32
20.5810,policy,232,0,0.000000,0.000000,3.5785,9.5440,19.5607,0.0000,0,7.58
20.6015,policy,233,0,0.000000,0.000000,3.5788,9.5513,19.5433,0.0000,0,11.83
20.6211,policy,234,0,0.000000,0.000000,3.5788,9.5550,19.5244,0.0000,0,11.69
20.6412,policy,235,0,0.000000,0.000000,3.5728,9.5605,19.5081,0.0000,0,11.27
20.6611,policy,236,0,0.000000,0.000000,3.5657,9.5651,19.4915,0.0000,0,12.87
20.6810,policy,237,0,0.000000,0.000000,3.5666,9.5687,19.4759,0.0000,0,13.19
20.7011,policy,238,0,0.000000,0.000000,3.5635,9.5724,19.4616,0.0000,0,13.88
20.7209,policy,239,0,0.000000,0.000000,3.5608,9.5788,19.4481,0.0000,0,15.24
20.7409,policy,240,0,0.000000,0.000000,3.5619,9.5834,19.4334,0.0000,0,11.58
20.7610,policy,241,0,0.000000,0.000000,3.5528,9.5898,19.4197,0.0000,0,13.15
20.7815,policy,242,0,0.000000,0.000000,3.5540,9.5934,19.4044,0.0000,0,12.13
20.8012,policy,243,0,0.000000,0.000000,3.5555,9.5953,19.3890,0.0000,0,12.30
20.8210,policy,244,0,0.000000,0.000000,3.5532,9.5980,19.3720,0.0000,0,13.02
20.8410,policy,245,0,0.000000,0.000000,3.5547,9.6017,19.3586,0.0000,0,13.93
20.8610,policy,246,0,0.000000,0.000000,3.5564,9.6053,19.3423,0.0000,0,13.21
20.8820,policy,247,0,0.000000,0.000000,3.5579,9.6063,19.3223,0.0000,0,11.22
20.9010,policy,248,0,0.000000,0.000000,3.5596,9.6108,19.3069,0.0000,0,11.95
20.9211,policy,249,0,0.000000,0.000000,3.5614,9.6154,19.2914,0.0000,0,12.03
20.9414,policy,250,0,0.000000,0.000000,3.5628,9.6191,19.2762,0.0000,0,14.96
20.9621,policy,251,0,0.000000,0.000000,3.5643,9.6255,19.2625,0.0000,0,13.79
20.9811,policy,252,0,0.000000,0.000000,3.5660,9.6310,19.2496,0.0000,0,11.05
21.0015,policy,253,0,0.000000,0.000000,3.5680,9.6374,19.2348,0.0000,0,11.82
21.0211,policy,254,0,0.000000,0.000000,3.5668,9.6420,19.2222,0.0000,0,11.69
21.0411,policy,255,0,0.000000,0.000000,3.5694,9.6447,19.2097,0.0000,0,12.51
21.0610,policy,256,0,0.000000,0.000000,3.5714,9.6465,19.2007,0.0000,0,15.32
21.0816,policy,257,0,0.000000,0.000000,3.5734,9.6520,19.1946,0.0000,0,11.00
21.1019,policy,258,0,0.000000,0.000000,3.5751,9.6575,19.1882,0.0000,0,11.82
21.1212,policy,259,0,0.000000,0.000000,3.5771,9.6621,19.1828,0.0000,0,13.25
21.1411,policy,260,0,0.000000,0.000000,3.5752,9.6667,19.1786,0.0000,0,13.06
21.1609,policy,261,0,0.000000,0.000000,3.5772,9.6694,19.1712,0.0000,0,10.87
21.1810,policy,262,0,0.000000,0.000000,3.5789,9.6722,19.1642,0.0000,0,12.97
21.2010,policy,263,0,0.000000,0.000000,3.5806,9.6768,19.1582,0.0000,0,15.35
21.2210,policy,264,0,0.000000,0.000000,3.5820,9.6795,19.1497,0.0000,0,14.25
21.2415,policy,265,0,0.000000,0.000000,3.5837,9.6841,19.1417,0.0000,0,14.06
21.2609,policy,266,0,0.000000,0.000000,3.5819,9.6905,19.1316,0.0000,0,10.40
21.2817,policy,267,0,0.000000,0.000000,3.5830,9.6951,19.1210,0.0000,0,12.26
21.3014,policy,268,0,0.000000,0.000000,3.5844,9.6987,19.1084,0.0000,0,9.18
21.3211,policy,269,0,0.000000,0.000000,3.5852,9.7033,19.0974,0.0000,0,13.62
21.3414,policy,270,0,0.000000,0.000000,3.5866,9.7088,19.0867,0.0000,0,12.19
21.3610,policy,271,0,0.000000,0.000000,3.5878,9.7152,19.0766,0.0000,0,5.94
21.3814,policy,272,0,0.000000,0.000000,3.5891,9.7207,19.0674,0.0000,0,11.01
21.4020,policy,273,0,0.000000,0.000000,3.5903,9.7225,19.0560,0.0000,0,9.76
21.4210,policy,274,0,0.000000,0.000000,3.5917,9.7280,19.0461,0.0000,0,10.45
21.4427,policy,275,0,0.000000,0.000000,3.5933,9.7353,19.0370,0.0000,0,13.16
21.4612,policy,276,0,0.000000,0.000000,3.5950,9.7427,19.0312,0.0000,0,13.26
21.4824,policy,277,0,0.000000,0.000000,3.5966,9.7482,19.0227,0.0000,0,12.86
21.5014,policy,278,0,0.000000,0.000000,3.5983,9.7564,19.0178,0.0000,0,12.88
21.5211,policy,279,0,0.000000,0.000000,3.6005,9.7646,19.0115,0.0000,0,13.63
21.5412,policy,280,0,0.000000,0.000000,3.6030,9.7729,19.0048,0.0000,0,13.13
21.5609,policy,281,0,0.000000,0.000000,3.6055,9.7839,19.0000,0.0000,0,12.85
21.5813,policy,282,0,0.000000,0.000000,3.6082,9.7894,18.9956,0.0000,0,12.15
21.6016,policy,283,0,0.000000,0.000000,3.6115,9.7903,18.9894,0.0000,0,9.78
21.6211,policy,284,0,0.000000,0.000000,3.6105,9.7949,18.9860,0.0000,0,11.75
21.6414,policy,285,0,0.000000,0.000000,3.6135,9.7976,18.9827,0.0000,0,13.15
21.6611,policy,286,0,0.000000,0.000000,3.6160,9.7994,18.9837,0.0000,0,10.77
21.6823,policy,287,0,0.000000,0.000000,3.6187,9.8031,18.9880,0.0000,0,13.74
21.7014,policy,288,0,0.000000,0.000000,3.6205,9.8058,18.9946,0.0000,0,12.49
21.7214,policy,289,0,0.000000,0.000000,3.6221,9.8104,19.0059,0.0000,0,11.60
21.7412,policy,290,0,0.000000,0.000000,3.6232,9.8141,19.0188,0.0000,0,12.59
21.7619,policy,291,0,0.000000,0.000000,3.6243,9.8150,19.0290,0.0000,0,13.05
21.7813,policy,292,0,0.000000,0.000000,3.6254,9.8168,19.0367,0.0000,0,12.00
21.8012,policy,293,0,0.000000,0.000000,3.6264,9.8177,19.0422,0.0000,0,13.13
21.8220,policy,294,0,0.000000,0.000000,3.6272,9.8205,19.0461,0.0000,0,13.06
21.8412,policy,295,0,0.000000,0.000000,3.6278,9.8214,19.0490,0.0000,0,13.07
21.8622,policy,296,0,0.000000,0.000000,3.6283,9.8287,19.0526,0.0000,0,10.47
21.8811,policy,297,0,0.000000,0.000000,3.6288,9.8315,19.0553,0.0000,0,9.87
21.9014,policy,298,0,0.000000,0.000000,3.6296,9.8360,19.0559,0.0000,0,11.28
21.9222,policy,299,0,0.000000,0.000000,3.6299,9.8406,19.0577,0.0000,0,9.66
21.9414,policy,300,0,0.000000,0.000000,3.6302,9.8415,19.0560,0.0000,0,5.39
21.9609,policy,301,0,0.000000,0.000000,3.6310,9.8443,19.0566,0.0000,0,10.74
21.9814,policy,302,0,0.000000,0.000000,3.6320,9.8443,19.0567,0.0000,0,11.13
22.0012,policy,303,0,0.000000,0.000000,3.6325,9.8461,19.0594,0.0000,0,11.01
22.0209,policy,304,0,0.000000,0.000000,3.6331,9.8461,19.0607,0.0000,0,11.04
22.0412,policy,305,0,0.000000,0.000000,3.6336,9.8461,19.0631,0.0000,0,12.21
22.0610,policy,306,0,0.000000,0.000000,3.6341,9.8507,19.0660,0.0000,0,10.62
22.0814,policy,307,0,0.000000,0.000000,3.6347,9.8507,19.0683,0.0000,0,11.72
22.1010,policy,308,0,0.000000,0.000000,3.6355,9.8534,19.0716,0.0000,0,10.44
22.1210,policy,309,0,0.000000,0.000000,3.6360,9.8571,19.0750,0.0000,0,11.28
22.1416,policy,310,0,0.000000,0.000000,3.6368,9.8589,19.0765,0.0000,0,10.95
22.1610,policy,311,0,0.000000,0.000000,3.6373,9.8617,19.0771,0.0000,0,12.56
22.1811,policy,312,0,0.000000,0.000000,3.6378,9.8709,19.0814,0.0000,0,11.56
22.2017,policy,313,0,0.000000,0.000000,3.6386,9.8801,19.0858,0.0000,0,15.73
22.2219,policy,314,0,0.000000,0.000000,3.6394,9.8893,19.0894,0.0000,0,12.36
22.2411,policy,315,0,0.000000,0.000000,3.6399,9.9004,19.0921,0.0000,0,12.86
22.2620,policy,316,0,0.000000,0.000000,3.6407,9.9068,19.0947,0.0000,0,12.92
22.2810,policy,317,0,0.000000,0.000000,3.6412,9.9150,19.0976,0.0000,0,11.95
22.3020,policy,318,0,0.000000,0.000000,3.6420,9.9251,19.1019,0.0000,0,12.66
22.3211,policy,319,0,0.000000,0.000000,3.6431,9.9324,19.1063,0.0000,0,6.50
22.3423,policy,320,0,0.000000,0.000000,3.6441,9.9361,19.1099,0.0000,0,11.98
22.3610,policy,321,0,0.000000,0.000000,3.6454,9.9388,19.1151,0.0000,0,12.66
22.3813,policy,322,0,0.000000,0.000000,3.6470,9.9415,19.1225,0.0000,0,11.72
22.4009,policy,323,0,0.000000,0.000000,3.6486,9.9460,19.1282,0.0000,0,12.38
22.4220,policy,324,0,0.000000,0.000000,3.6501,9.9487,19.1326,0.0000,0,12.29
22.4414,policy,325,0,0.000000,0.000000,3.6519,9.9523,19.1361,0.0000,0,11.87
22.4621,policy,326,0,0.000000,0.000000,3.6530,9.9604,19.1413,0.0000,0,10.48
22.4812,policy,327,0,0.000000,0.000000,3.6545,9.9640,19.1442,0.0000,0,11.05
22.5012,policy,328,0,0.000000,0.000000,3.6568,9.9675,19.1481,0.0000,0,12.44
22.5209,policy,329,0,0.000000,0.000000,3.6584,9.9729,19.1528,0.0000,0,13.00
22.5410,policy,330,0,0.000000,0.000000,3.6599,9.9801,19.1563,0.0000,0,13.36
22.5620,policy,331,0,0.000000,0.000000,3.6620,9.9836,19.1582,0.0000,0,12.80
22.5809,policy,332,0,0.000000,0.000000,3.6638,9.9899,19.1608,0.0000,0,11.03
22.6053,policy,333,0,0.000000,0.000000,3.6656,9.9998,19.1639,0.0000,0,12.59
22.6212,policy,334,0,0.000000,0.000000,3.6663,10.0060,19.1662,0.0000,0,10.94
22.6410,policy,335,0,0.000000,0.000000,3.6673,10.0141,19.1689,0.0000,0,11.83
22.6611,policy,336,0,0.000000,0.000000,3.6683,10.0185,19.1697,0.0000,0,13.36
22.6812,policy,337,0,0.000000,0.000000,3.6691,10.0219,19.1704,0.0000,0,12.92
22.7011,policy,338,0,0.000000,0.000000,3.6696,10.0254,19.1710,0.0000,0,10.86
22.7213,policy,339,0,0.000000,0.000000,3.6699,10.0316,19.1731,0.0000,0,11.00
22.7413,policy,340,0,0.000000,0.000000,3.6704,10.0378,19.1757,0.0000,0,12.02
22.7609,policy,341,0,0.000000,0.000000,3.6705,10.0430,19.1783,0.0000,0,12.81
22.7813,policy,342,0,0.000000,0.000000,3.6706,10.0501,19.1832,0.0000,0,12.02
22.8010,policy,343,0,0.000000,0.000000,3.6705,10.0581,19.1891,0.0000,0,12.33
22.8211,policy,344,0,0.000000,0.000000,3.6706,10.0678,19.1959,0.0000,0,15.25
22.8409,policy,345,0,0.000000,0.000000,3.6703,10.0758,19.2028,0.0000,0,13.05
22.8609,policy,346,0,0.000000,0.000000,3.6729,10.0865,19.2109,0.0000,0,12.36
22.8811,policy,347,0,0.000000,0.000000,3.6754,10.1018,19.2207,0.0000,0,13.07
22.9026,policy,348,0,0.000000,0.000000,3.6773,10.1179,19.2315,0.0000,0,12.79
22.9214,policy,349,0,0.000000,0.000000,3.6769,10.1286,19.2405,0.0000,0,18.79
22.9423,policy,350,0,0.000000,0.000000,3.6798,10.1484,19.2573,0.0000,0,12.40
22.9620,policy,351,0,0.000000,0.000000,3.6783,10.1710,19.2744,0.0000,0,12.07
22.9820,policy,352,0,0.000000,0.000000,3.6753,10.1944,19.2905,0.0000,0,11.16
23.0020,policy,353,0,0.000000,0.000000,3.6765,10.2152,19.3063,0.0000,0,12.35
23.0219,policy,354,0,0.000000,0.000000,3.6774,10.2405,19.3249,0.0000,0,13.10
23.0424,policy,355,0,0.000000,0.000000,3.6841,10.2621,19.3435,0.0000,0,11.27
23.0621,policy,356,0,0.000000,0.000000,3.7006,10.2727,19.3586,0.0000,0,11.81
23.0820,policy,357,0,0.000000,0.000000,3.7137,10.2778,19.3693,0.0000,0,11.94
23.1021,policy,358,0,0.000000,0.000000,3.7176,10.2764,19.3752,0.0000,0,12.19
23.1219,policy,359,0,0.000000,0.000000,3.6915,10.2657,19.3735,0.0000,0,11.78
23.1421,policy,360,0,0.000000,0.000000,3.6514,10.2521,19.3654,0.0000,0,13.09
23.1621,policy,361,0,0.000000,0.000000,3.5300,10.2318,19.3420,0.0000,0,12.78
23.1819,policy,362,0,0.000000,0.000000,3.4226,10.2049,19.3117,0.0000,0,10.98
23.2016,policy,363,0,0.000000,0.000000,3.4260,10.1594,19.2718,0.0000,0,14.25
23.2218,policy,364,0,0.000000,0.000000,3.4617,10.1461,19.2303,0.0000,0,13.33
23.2423,policy,365,0,0.000000,0.000000,3.4722,10.1637,19.1837,0.0000,0,12.41
23.2620,policy,366,0,0.000000,0.000000,3.5266,10.2290,19.1420,0.0000,0,11.98
23.2819,policy,367,0,0.000000,0.000000,3.5598,10.3329,19.1004,0.0000,0,11.13
23.3020,policy,368,0,0.000000,0.000000,3.6058,10.5062,19.0957,0.0000,0,12.37
23.3220,policy,369,0,0.000000,0.000000,3.6436,10.9494,19.2647,0.0000,0,10.08
23.3422,policy,370,0,0.000000,0.000000,3.6821,11.4643,19.4924,0.0000,0,12.10
23.3621,policy,371,0,0.000000,0.000000,3.7510,11.9816,19.7142,0.0000,0,12.90
23.3821,policy,372,0,0.000000,0.000000,3.7386,12.5924,19.9546,0.0000,0,10.61
23.4021,policy,373,0,0.000000,0.000000,3.7529,13.1859,20.1760,0.0000,0,11.30
23.4221,policy,374,0,0.000000,0.000000,3.8287,13.7931,20.4040,0.0000,0,12.83
23.4420,policy,375,0,0.000000,0.000000,3.9659,14.4045,20.6174,0.0000,0,12.33
23.4619,policy,376,0,0.000000,0.000000,4.2000,15.0824,20.8391,0.0000,0,11.97
23.4822,policy,377,0,0.000000,0.000000,4.5077,15.9152,21.1307,0.0000,0,12.83
23.5019,policy,378,0,0.000000,0.000000,4.7919,16.6699,21.3622,0.0000,0,14.99
23.5221,policy,379,0,0.000000,0.000000,4.9663,17.6605,21.6197,0.0000,0,12.12
23.5422,policy,380,0,0.000000,0.000000,4.7446,19.1182,21.9877,0.0000,0,12.14
23.5619,policy,381,0,0.000000,0.000000,4.1694,20.4917,22.2596,0.0000,0,3.02
23.5817,policy,382,0,0.000000,0.000000,3.6179,21.6412,22.4631,0.0000,0,12.94
23.6023,policy,383,0,0.000000,0.000000,3.1404,22.7509,22.6568,0.0000,0,10.45
23.6220,policy,384,0,0.000000,0.000000,2.5636,23.7336,22.8185,0.0000,0,12.05
23.6422,policy,385,0,0.000000,0.000000,1.9125,24.6109,22.8993,0.0000,0,12.83
23.6615,policy,386,0,0.000000,0.000000,1.3594,25.1932,22.8292,0.0000,0,12.03
23.6823,policy,387,0,0.000000,0.000000,1.3602,25.3624,22.6507,0.0000,0,11.62
23.7021,policy,388,0,0.000000,0.000000,1.3391,25.0992,22.4062,0.0000,0,11.93
23.7220,policy,389,0,0.000000,0.000000,1.7268,25.4470,22.5046,0.0000,0,11.80
23.7421,policy,390,0,0.000000,0.000000,2.2525,26.0138,22.8201,0.0000,0,12.38
23.7620,policy,391,0,0.000000,0.000000,2.9703,26.5564,23.0907,0.0000,0,10.19
23.7820,policy,392,0,0.000000,0.000000,3.6101,27.1030,23.3277,0.0000,0,11.95
23.8019,policy,393,0,0.000000,0.000000,3.8282,27.7007,23.5537,0.0000,0,11.36
23.8220,policy,394,0,0.000000,0.000000,3.7415,28.1799,23.7155,0.0000,0,10.22
23.8421,policy,395,0,0.000000,0.000000,3.4326,28.6713,23.8657,0.0000,0,11.27
23.8620,policy,396,0,0.000000,0.000000,2.9688,28.9463,23.9553,0.0000,0,12.18
23.8817,policy,397,0,0.000000,0.000000,2.3926,29.0450,23.9990,0.0000,0,11.18
23.9022,policy,398,0,0.000000,0.000000,2.1568,28.9925,24.2737,0.0000,0,10.97
23.9220,policy,399,0,0.000000,0.000000,2.3450,28.9149,24.6656,0.0000,0,12.49
23.9422,policy,400,0,0.000000,0.000000,2.4074,28.6498,24.9740,0.0000,0,12.83
23.9623,policy,401,0,0.000000,0.000000,2.3891,28.3008,25.2994,0.0000,0,11.92
23.9820,policy,402,0,0.000000,0.000000,2.3740,28.1789,25.7765,0.0000,0,11.00
24.0021,policy,403,0,0.000000,0.000000,3.1025,28.1040,26.4540,0.0000,0,11.09
24.0220,policy,404,0,0.000000,0.000000,3.8064,28.2170,27.2529,0.0000,0,10.79
24.0420,policy,405,0,0.000000,0.000000,4.1791,28.6778,28.0640,0.0000,0,11.03
24.0620,policy,406,0,0.000000,0.000000,4.2166,29.2123,28.7663,0.0000,0,12.12
24.0821,policy,407,0,0.000000,0.000000,4.0983,29.4712,29.2708,0.0000,0,9.92
24.1020,policy,408,0,0.000000,0.000000,3.8560,29.2210,29.5006,0.0000,0,10.49
24.1220,policy,409,0,0.000000,0.000000,3.5629,28.9249,29.6785,0.0000,0,13.18
24.1423,policy,410,0,0.000000,0.000000,3.3239,28.2496,29.7079,0.0000,0,10.97
24.1619,policy,411,0,0.000000,0.000000,3.2951,27.5973,29.7218,0.0000,0,11.66
24.1821,policy,412,0,0.000000,0.000000,3.2902,26.9593,29.7275,0.0000,0,12.14
24.2022,policy,413,0,0.000000,0.000000,3.2709,26.3848,29.7486,0.0000,0,13.99
24.2217,policy,414,0,0.000000,0.000000,3.2412,25.8438,29.7382,0.0000,0,10.70
24.2423,policy,415,0,0.000000,0.000000,3.2898,25.3246,29.7431,0.0000,0,11.41
24.2620,policy,416,0,0.000000,0.000000,3.1443,24.8585,29.7285,0.0000,0,11.75
24.2817,policy,417,0,0.000000,0.000000,2.9149,24.5035,29.7375,0.0000,0,9.71
24.3024,policy,418,0,0.000000,0.000000,2.5515,24.2065,29.7338,0.0000,0,12.21
24.3219,policy,419,0,0.000000,0.000000,2.5841,24.3097,29.8282,0.0000,0,12.57
24.3420,policy,420,0,0.000000,0.000000,2.6336,24.5151,29.9495,0.0000,0,12.40
24.3620,policy,421,0,0.000000,0.000000,2.4524,25.1863,29.8100,0.0000,0,13.19
24.3820,policy,422,0,0.000000,0.000000,2.1528,25.6617,29.4937,0.0000,0,11.11
24.4019,policy,423,0,0.000000,0.000000,1.5058,25.8454,28.9232,0.0000,0,11.54
24.4217,policy,424,0,0.000000,0.000000,1.1519,25.2695,28.1070,0.0000,0,12.96
24.4424,policy,425,0,0.000000,0.000000,1.5609,24.3384,27.2570,0.0000,0,12.34
24.4620,policy,426,0,0.000000,0.000000,1.5579,23.7394,26.5677,0.0000,0,12.65
24.4822,policy,427,0,0.000000,0.000000,1.6195,23.5448,26.0416,0.0000,0,13.03
24.5022,policy,428,0,0.000000,0.000000,1.7879,23.4849,25.5419,0.0000,0,10.26
24.5219,policy,429,0,0.000000,0.000000,2.0163,23.4207,25.0583,0.0000,0,13.91
24.5420,policy,430,0,0.000000,0.000000,2.1435,23.2573,24.5326,0.0000,0,13.22
24.5620,policy,431,0,0.000000,0.000000,2.3673,23.0407,24.1058,0.0000,0,13.13
24.5817,policy,432,0,0.000000,0.000000,2.5362,22.7078,23.6591,0.0000,0,12.10
24.6020,policy,433,0,0.000000,0.000000,2.7436,22.2889,23.2143,0.0000,0,12.45
24.6221,policy,434,0,0.000000,0.000000,2.8801,21.7894,22.7329,0.0000,0,12.86
24.6421,policy,435,0,0.000000,0.000000,3.0613,21.3846,22.2873,0.0000,0,12.93
24.6619,policy,436,0,0.000000,0.000000,3.1341,21.0136,21.9584,0.0000,0,13.10
24.6824,policy,437,0,0.000000,0.000000,3.1634,20.6723,21.6991,0.0000,0,10.99
24.7020,policy,438,0,0.000000,0.000000,3.1578,20.3736,21.4581,0.0000,0,10.36
24.7222,policy,439,0,0.000000,0.000000,3.0783,20.1455,21.1851,0.0000,0,11.13
24.7422,policy,440,0,0.000000,0.000000,2.9856,19.8905,20.9110,0.0000,0,11.54
24.7617,policy,441,0,0.000000,0.000000,2.8892,19.6032,20.5907,0.0000,0,10.87
24.7820,policy,442,0,0.000000,0.000000,2.8144,19.2849,20.2601,0.0000,0,10.26
24.8022,policy,443,0,0.000000,0.000000,2.7509,18.9395,19.9566,0.0000,0,13.09
24.8221,policy,444,0,0.000000,0.000000,2.7301,18.5916,19.7008,0.0000,0,12.69
24.8420,policy,445,0,0.000000,0.000000,2.7189,18.2543,19.4833,0.0000,0,11.07
24.8621,policy,446,0,0.000000,0.000000,2.7779,17.8654,19.2288,0.0000,0,12.16
24.8822,policy,447,0,0.000000,0.000000,2.7943,17.4835,18.9804,0.0000,0,12.86
24.9018,policy,448,0,0.000000,0.000000,2.7115,17.1415,18.7248,0.0000,0,10.44
24.9220,policy,449,0,0.000000,0.000000,2.5622,16.8079,18.3781,0.0000,0,12.00
24.9420,policy,450,0,0.000000,0.000000,2.3803,16.4287,18.2025,0.0000,0,13.90
24.9619,policy,451,0,0.000000,0.000000,2.3619,16.0718,18.1412,0.0000,0,11.96
24.9820,policy,452,0,0.000000,0.000000,2.3968,15.6845,18.0483,0.0000,0,11.09
25.0017,policy,453,0,0.000000,0.000000,2.4287,15.3501,17.9707,0.0000,0,12.66
25.0222,policy,454,0,0.000000,0.000000,2.4560,15.0640,17.9011,0.0000,0,13.05
25.0421,policy,455,0,0.000000,0.000000,2.5053,14.8203,17.8508,0.0000,0,12.02
25.0618,policy,456,0,0.000000,0.000000,2.5606,14.6203,17.8160,0.0000,0,12.04
25.0822,policy,457,0,0.000000,0.000000,2.6372,14.4646,17.7910,0.0000,0,13.08
25.1020,policy,458,0,0.000000,0.000000,2.7364,14.3212,17.7898,0.0000,0,12.31
25.1221,policy,459,0,0.000000,0.000000,2.8622,14.1635,17.8861,0.0000,0,12.92
25.1420,policy,460,0,0.000000,0.000000,2.9704,13.9950,18.0467,0.0000,0,12.80
25.1621,policy,461,0,0.000000,0.000000,3.1076,13.7636,18.1682,0.0000,0,12.08
25.1819,policy,462,0,0.000000,0.000000,3.2473,13.5490,18.3128,0.0000,0,11.91
25.2019,policy,463,0,0.000000,0.000000,3.3473,13.3496,18.4731,0.0000,0,12.10
25.2221,policy,464,0,0.000000,0.000000,3.4060,13.2733,18.6665,0.0000,0,16.22
25.2418,policy,465,0,0.000000,0.000000,3.4770,13.1917,18.8477,0.0000,0,12.09
25.2619,policy,466,0,0.000000,0.000000,3.6067,13.0742,19.0098,0.0000,0,12.18
25.2818,policy,467,0,0.000000,0.000000,3.8580,13.0147,19.2087,0.0000,0,11.05
25.3020,policy,468,0,0.000000,0.000000,4.2087,12.9677,19.4305,0.0000,0,10.27
25.3221,policy,469,0,0.000000,0.000000,4.5267,12.9390,19.6687,0.0000,0,12.86
25.3422,policy,470,0,0.000000,0.000000,4.8911,12.9071,19.9174,0.0000,0,11.08
25.3617,policy,471,0,0.000000,0.000000,4.9131,12.8322,19.9966,0.0000,0,12.74
25.3820,policy,472,0,0.000000,0.000000,5.0358,12.8481,20.1332,0.0000,0,11.14
25.4021,policy,473,0,0.000000,0.000000,5.0801,13.0130,20.3327,0.0000,0,11.81
25.4218,policy,474,0,0.000000,0.000000,5.0169,13.3193,20.5638,0.0000,0,13.78
25.4421,policy,475,0,0.000000,0.000000,4.8302,13.7392,20.8075,0.0000,0,12.41
25.4621,policy,476,0,0.000000,0.000000,4.6004,14.1055,20.9955,0.0000,0,11.89
25.4819,policy,477,0,0.000000,0.000000,4.4472,14.4890,21.1330,0.0000,0,12.94
25.5022,policy,478,0,0.000000,0.000000,4.1995,14.7250,21.1632,0.0000,0,10.68
25.5220,policy,479,0,0.000000,0.000000,3.9973,14.9345,21.1887,0.0000,0,9.82
25.5423,policy,480,0,0.000000,0.000000,3.8144,15.4507,21.3458,0.0000,0,12.39
25.5619,policy,481,0,0.000000,0.000000,3.5591,16.2791,21.6620,0.0000,0,9.81
25.5819,policy,482,0,0.000000,0.000000,3.2990,17.2360,22.0342,0.0000,0,11.25
25.6016,policy,483,0,0.000000,0.000000,2.9896,18.2391,22.3847,0.0000,0,12.74
25.6221,policy,484,0,0.000000,0.000000,2.7926,19.2893,22.7267,0.0000,0,13.09
25.6421,policy,485,0,0.000000,0.000000,2.8386,20.0428,22.9064,0.0000,0,12.86
25.6620,policy,486,0,0.000000,0.000000,3.2315,20.4172,22.9704,0.0000,0,11.97
25.6817,policy,487,0,0.000000,0.000000,3.7905,20.3431,22.7910,0.0000,0,12.74
25.7021,policy,488,0,0.000000,0.000000,4.3460,20.2039,22.4997,0.0000,0,11.90
25.7219,policy,489,0,0.000000,0.000000,4.7083,19.9457,22.0953,0.0000,0,12.90
25.7431,policy,490,0,0.000000,0.000000,4.9013,19.5310,21.5700,0.0000,0,15.05
25.7619,policy,491,0,0.000000,0.000000,4.9877,18.8782,21.0654,0.0000,0,14.08
25.7819,policy,492,0,0.000000,0.000000,5.0725,18.1293,20.5313,0.0000,0,12.07
25.8021,policy,493,0,0.000000,0.000000,5.1150,17.3127,19.9585,0.0000,0,19.26
25.8221,policy,494,0,0.000000,0.000000,5.1226,16.4914,19.4354,0.0000,0,14.08
25.8420,policy,495,0,0.000000,0.000000,5.1155,15.6693,18.9299,0.0000,0,13.63
25.8619,policy,496,0,0.000000,0.000000,5.0969,14.9003,18.4575,0.0000,0,13.10
25.8819,policy,497,0,0.000000,0.000000,5.0610,14.1963,18.0404,0.0000,0,13.05
25.9018,policy,498,0,0.000000,0.000000,5.0109,13.4355,17.6202,0.0000,0,13.16
25.9221,policy,499,0,0.000000,0.000000,4.9149,12.7049,17.2247,0.0000,0,14.27
25.9421,policy,500,0,0.000000,0.000000,4.7763,11.9514,16.8310,0.0000,0,13.74
25.9618,policy,501,0,0.000000,0.000000,4.6063,11.2923,16.5190,0.0000,0,12.97
25.9818,policy,502,0,0.000000,0.000000,4.4271,10.6697,16.2438,0.0000,0,13.14
26.0020,policy,503,0,0.000000,0.000000,4.1953,10.1186,16.0141,0.0000,0,20.21
26.0229,policy,504,0,0.000000,0.000000,3.9563,9.6681,15.8501,0.0000,0,13.86
26.0429,policy,505,0,0.000000,0.000000,3.7375,9.3706,15.7683,0.0000,0,11.79
26.0627,policy,506,0,0.000000,0.000000,3.5075,9.1509,15.7573,0.0000,0,12.00
26.0829,policy,507,0,0.000000,0.000000,3.3341,8.9897,15.7806,0.0000,0,13.08
26.1022,policy,508,0,0.000000,0.000000,3.1966,8.9083,15.8466,0.0000,0,14.07
26.1230,policy,509,0,0.000000,0.000000,3.0540,8.8579,15.9211,0.0000,0,13.12
26.1431,policy,510,0,0.000000,0.000000,2.9226,8.8332,15.9895,0.0000,0,13.94
26.1626,policy,511,0,0.000000,0.000000,2.8223,8.8497,16.0783,0.0000,0,11.84
26.1828,policy,512,0,0.000000,0.000000,2.7769,8.8799,16.1792,0.0000,0,11.22
26.2032,policy,513,0,0.000000,0.000000,2.7523,8.9476,16.2941,0.0000,0,12.06
26.2232,policy,514,0,0.000000,0.000000,2.7422,9.0502,16.4069,0.0000,0,18.03
26.2430,policy,515,0,0.000000,0.000000,2.7356,9.1371,16.5115,0.0000,0,13.48
26.2626,policy,516,0,0.000000,0.000000,2.7220,9.2232,16.6006,0.0000,0,10.95
26.2826,policy,517,0,0.000000,0.000000,2.7037,9.3102,16.6892,0.0000,0,12.16
26.3031,policy,518,0,0.000000,0.000000,2.6742,9.4008,16.7788,0.0000,0,15.26
26.3229,policy,519,0,0.000000,0.000000,2.6486,9.4960,16.8674,0.0000,0,12.97
26.3426,policy,520,0,0.000000,0.000000,2.6303,9.5940,16.9571,0.0000,0,11.98
26.3627,policy,521,0,0.000000,0.000000,2.6193,9.6864,17.0411,0.0000,0,12.19
26.3827,policy,522,0,0.000000,0.000000,2.6083,9.7670,17.1187,0.0000,0,11.16
26.4026,policy,523,0,0.000000,0.000000,2.6047,9.8384,17.1945,0.0000,0,12.41
26.4228,policy,524,0,0.000000,0.000000,2.6047,9.9181,17.2668,0.0000,0,13.16
26.4446,policy,525,0,0.000000,0.000000,2.6010,9.9831,17.3366,0.0000,0,12.86
26.4626,policy,526,0,0.000000,0.000000,2.5954,10.0233,17.3839,0.0000,0,12.27
26.4825,policy,527,0,0.000000,0.000000,2.6063,10.0536,17.4270,0.0000,0,11.08
26.5038,policy,528,0,0.000000,0.000000,2.6173,10.0838,17.4709,0.0000,0,13.40
26.5222,policy,529,0,0.000000,0.000000,2.6320,10.1057,17.5071,0.0000,0,15.15
26.5426,policy,530,0,0.000000,0.000000,2.6620,10.1314,17.5436,0.0000,0,10.68
26.5625,policy,531,0,0.000000,0.000000,2.6925,10.1643,17.5810,0.0000,0,12.10
26.5826,policy,532,0,0.000000,0.000000,2.7360,10.1900,17.6118,0.0000,0,5.05
26.6025,policy,533,0,0.000000,0.000000,2.7796,10.2129,17.6365,0.0000,0,13.05
26.6229,policy,534,0,0.000000,0.000000,2.8139,10.2248,17.6508,0.0000,0,12.41
26.6444,policy,535,0,0.000000,0.000000,2.8454,10.2330,17.6645,0.0000,0,12.70
26.6626,policy,536,0,0.000000,0.000000,2.8805,10.2394,17.6757,0.0000,0,12.14
26.6825,policy,537,0,0.000000,0.000000,2.9124,10.2422,17.6834,0.0000,0,11.31
26.7028,policy,538,0,0.000000,0.000000,2.9353,10.2476,17.6892,0.0000,0,10.50
26.7226,policy,539,0,0.000000,0.000000,2.9576,10.2531,17.6927,0.0000,0,13.21
26.7429,policy,540,0,0.000000,0.000000,2.9773,10.2586,17.6954,0.0000,0,12.03
26.7623,policy,541,0,0.000000,0.000000,2.9901,10.2595,17.6969,0.0000,0,11.03
26.7828,policy,542,0,0.000000,0.000000,3.0072,10.2641,17.6997,0.0000,0,12.23
26.8027,policy,543,0,0.000000,0.000000,3.0166,10.2669,17.7013,0.0000,0,12.09
26.8226,policy,544,0,0.000000,0.000000,3.0232,10.2696,17.7044,0.0000,0,11.86
26.8430,policy,545,0,0.000000,0.000000,3.0294,10.2714,17.7075,0.0000,0,5.44
26.8626,policy,546,0,0.000000,0.000000,3.0291,10.2733,17.7103,0.0000,0,11.57
26.8838,policy,547,0,0.000000,0.000000,3.0287,10.2769,17.7156,0.0000,0,10.24
26.9026,policy,548,0,0.000000,0.000000,3.0283,10.2797,17.7184,0.0000,0,11.02
26.9227,policy,549,0,0.000000,0.000000,3.0245,10.2870,17.7233,0.0000,0,13.24
26.9433,policy,550,0,0.000000,0.000000,3.0170,10.2934,17.7279,0.0000,0,5.57
26.9625,policy,551,0,0.000000,0.000000,3.0132,10.3007,17.7325,0.0000,0,11.22
26.9826,policy,552,0,0.000000,0.000000,3.0132,10.3053,17.7357,0.0000,0,11.96
27.0030,policy,553,0,0.000000,0.000000,3.0095,10.3090,17.7375,0.0000,0,11.66
27.0226,policy,554,0,0.000000,0.000000,2.9930,10.3099,17.7337,0.0000,0,11.83
27.0427,policy,555,0,0.000000,0.000000,2.9127,10.3017,17.7175,0.0000,0,9.81
27.0624,policy,556,0,0.000000,0.000000,2.7775,10.2852,17.6913,0.0000,0,11.98
27.0826,policy,557,0,0.000000,0.000000,2.6399,10.2467,17.6574,0.0000,0,11.12
27.1026,policy,558,0,0.000000,0.000000,2.5043,10.1936,17.6202,0.0000,0,12.59
27.1227,policy,559,0,0.000000,0.000000,2.3782,10.1350,17.5853,0.0000,0,13.29
27.1435,policy,560,0,0.000000,0.000000,2.2823,10.0471,17.5501,0.0000,0,12.11
27.1625,policy,561,0,0.000000,0.000000,2.2447,9.9373,17.5296,0.0000,0,11.01
27.1826,policy,562,0,0.000000,0.000000,2.2662,9.7844,17.4990,0.0000,0,12.26
27.2025,policy,563,0,0.000000,0.000000,2.3752,9.6123,17.4593,0.0000,0,14.41
27.2226,policy,564,0,0.000000,0.000000,2.5407,9.3999,17.4030,0.0000,0,11.69
27.2426,policy,565,0,0.000000,0.000000,2.7743,9.1672,17.3369,0.0000,0,15.25
27.2626,policy,566,0,0.000000,0.000000,3.0398,8.9653,17.2738,0.0000,0,11.93
27.2827,policy,567,0,0.000000,0.000000,3.2613,8.8320,17.2472,0.0000,0,9.81
27.3025,policy,568,0,0.000000,0.000000,3.4349,8.7507,17.2250,0.0000,0,11.61
27.3229,policy,569,0,0.000000,0.000000,3.5463,8.6958,17.1929,0.0000,0,12.26
27.3427,policy,570,0,0.000000,0.000000,3.6107,8.6921,17.1761,0.0000,0,11.08
27.3624,policy,571,0,0.000000,0.000000,3.6556,8.6964,17.1446,0.0000,0,11.02
27.3828,policy,572,0,0.000000,0.000000,3.6758,8.7172,17.1074,0.0000,0,10.17
27.4027,policy,573,0,0.000000,0.000000,3.7126,8.7488,17.0800,0.0000,0,13.81
27.4227,policy,574,0,0.000000,0.000000,3.7490,8.7794,17.0461,0.0000,0,12.39
27.4428,policy,575,0,0.000000,0.000000,3.7680,8.7872,16.9957,0.0000,0,11.93
27.4627,policy,576,0,0.000000,0.000000,3.6953,8.8552,16.9678,0.0000,0,11.20
27.4826,policy,577,0,0.000000,0.000000,3.5359,8.9424,16.9528,0.0000,0,9.87
27.5025,policy,578,0,0.000000,0.000000,3.3592,8.9975,16.9330,0.0000,0,15.49
27.5228,policy,579,0,0.000000,0.000000,3.1670,9.0471,16.9219,0.0000,0,13.34
27.5427,policy,580,0,0.000000,0.000000,2.9824,9.1012,16.9260,0.0000,0,9.35
27.5625,policy,581,0,0.000000,0.000000,2.7888,9.1406,16.9257,0.0000,0,11.78
27.5827,policy,582,0,0.000000,0.000000,2.5956,9.1809,16.9308,0.0000,0,11.20
27.6025,policy,583,0,0.000000,0.000000,2.4478,9.2074,16.9416,0.0000,0,7.38
27.6227,policy,583,0,0.000000,0.000000,2.3295,9.2413,16.9667,0.0000,0,13.22
27.6427,policy,583,0,0.000000,0.000000,2.2115,9.2752,16.9914,0.0000,0,11.80
27.6625,policy,583,0,0.000000,0.000000,2.1269,9.3063,17.0155,0.0000,0,12.83
27.6824,policy,583,0,0.000000,0.000000,2.0468,9.3567,17.0403,0.0000,0,11.16
27.7026,policy,583,0,0.000000,0.000000,1.9915,9.4143,17.0672,0.0000,0,12.47
27.7225,policy,583,0,0.000000,0.000000,1.9326,9.4656,17.0916,0.0000,0,9.09
27.7427,policy,583,0,0.000000,0.000000,1.9156,9.5040,17.1166,0.0000,0,11.28
27.7626,policy,583,0,0.000000,0.000000,1.9149,9.5370,17.1357,0.0000,0,11.99
27.7827,policy,583,0,0.000000,0.000000,1.9069,9.5581,17.1462,0.0000,0,10.93
27.8023,policy,583,0,0.000000,0.000000,1.9109,9.5755,17.1597,0.0000,0,14.17
27.8225,policy,583,0,0.000000,0.000000,1.9222,9.5956,17.1764,0.0000,0,13.25
27.8428,policy,583,0,0.000000,0.000000,1.9342,9.6112,17.1903,0.0000,0,9.96
27.8624,policy,583,0,0.000000,0.000000,1.9545,9.6221,17.2008,0.0000,0,11.61
27.8823,policy,583,0,0.000000,0.000000,1.9841,9.6240,17.2061,0.0000,0,11.95
27.9021,policy,583,0,0.000000,0.000000,2.0292,9.6286,17.2133,0.0000,0,12.25
27.9228,policy,583,0,0.000000,0.000000,2.0954,9.6350,17.2229,0.0000,0,11.60
27.9424,policy,583,0,0.000000,0.000000,2.2010,9.6341,17.2328,0.0000,0,12.88
27.9624,policy,583,0,0.000000,0.000000,2.3432,9.6313,17.2444,0.0000,0,12.15
27.9825,policy,583,0,0.000000,0.000000,2.4994,9.6176,17.2528,0.0000,0,12.12
28.0026,policy,583,0,0.000000,0.000000,2.6666,9.6029,17.2608,0.0000,0,11.41
28.0225,policy,583,0,0.000000,0.000000,2.8371,9.5782,17.2664,0.0000,0,10.94
28.0428,policy,583,0,0.000000,0.000000,3.0370,9.5599,17.2765,0.0000,0,13.07
28.0624,policy,583,0,0.000000,0.000000,3.2452,9.5370,17.2839,0.0000,0,11.95
28.0825,policy,583,0,0.000000,0.000000,3.4474,9.5086,17.2840,0.0000,0,10.03
28.1023,policy,583,0,0.000000,0.000000,3.6217,9.4812,17.2771,0.0000,0,12.09
28.1230,policy,583,0,0.000000,0.000000,3.7892,9.4528,17.2653,0.0000,0,13.32
28.1426,policy,583,0,0.000000,0.000000,3.9021,9.4363,17.2535,0.0000,0,13.56
28.1624,policy,583,0,0.000000,0.000000,3.9767,9.4207,17.2342,0.0000,0,12.08
28.1826,policy,583,0,0.000000,0.000000,3.9874,9.4097,17.2072,0.0000,0,13.20
28.2024,policy,583,0,0.000000,0.000000,3.9032,9.4043,17.1711,0.0000,0,14.27
28.2229,policy,583,0,0.000000,0.000000,3.7185,9.4043,17.1245,0.0000,0,13.33
28.2429,policy,583,0,0.000000,0.000000,3.4114,9.3933,17.0664,0.0000,0,14.77
28.2624,policy,583,0,0.000000,0.000000,3.0248,9.3585,16.9918,0.0000,0,12.49
28.2827,policy,583,0,0.000000,0.000000,2.5915,9.2825,16.9095,0.0000,0,12.26
28.3031,policy,583,0,0.000000,0.000000,2.2358,9.1745,16.8421,0.0000,0,11.26
28.3225,policy,583,0,0.000000,0.000000,2.0871,9.0353,16.7979,0.0000,0,11.37
28.3430,policy,583,0,0.000000,0.000000,1.8464,8.8934,16.7615,0.0000,0,13.26
28.3626,policy,583,0,0.000000,0.000000,1.6346,8.7368,16.7261,0.0000,0,10.89
28.3825,policy,583,0,0.000000,0.000000,1.4576,8.5574,16.6945,0.0000,0,10.92
28.4029,policy,583,0,0.000000,0.000000,1.2877,8.4128,16.6837,0.0000,0,13.53
28.4225,policy,583,0,0.000000,0.000000,1.1476,8.3221,16.6960,0.0000,0,4.98
28.4426,policy,583,0,0.000000,0.000000,1.3140,8.2855,16.7495,0.0000,0,13.10
28.4626,policy,583,0,0.000000,0.000000,1.6482,8.2681,16.8137,0.0000,0,12.10
28.4828,policy,583,0,0.000000,0.000000,2.0241,8.2736,16.8774,0.0000,0,11.86
28.5021,policy,583,0,0.000000,0.000000,2.3474,8.3349,16.9328,0.0000,0,11.45
28.5227,policy,583,0,0.000000,0.000000,2.6513,8.4558,16.9938,0.0000,0,9.48
28.5430,policy,583,0,0.000000,0.000000,2.9432,8.5354,17.0160,0.0000,0,12.93
28.5623,policy,583,0,0.000000,0.000000,3.0982,8.6142,16.9980,0.0000,0,12.71
28.5827,policy,583,0,0.000000,0.000000,3.1540,8.6691,16.9449,0.0000,0,12.02
28.6029,policy,583,0,0.000000,0.000000,3.1105,8.7661,16.8986,0.0000,0,12.77
28.6225,policy,583,0,0.000000,0.000000,3.0779,8.8705,16.8476,0.0000,0,12.20
28.6433,policy,583,0,0.000000,0.000000,2.9166,8.8623,16.7435,0.0000,0,12.06
28.6625,policy,583,0,0.000000,0.000000,2.5901,8.8916,16.6460,0.0000,0,10.40
28.6826,policy,583,0,0.000000,0.000000,2.1237,8.8421,16.5137,0.0000,0,10.10
28.7024,policy,583,0,0.000000,0.000000,1.5732,8.6847,16.3754,0.0000,0,13.59
28.7224,policy,583,0,0.000000,0.000000,1.1182,8.5199,16.2661,0.0000,0,12.17
28.7426,policy,583,0,0.000000,0.000000,0.8471,8.3926,16.2048,0.0000,0,13.35
28.7623,policy,583,0,0.000000,0.000000,0.8733,8.2690,16.1953,0.0000,0,13.07
28.7825,policy,583,0,0.000000,0.000000,0.9566,8.1628,16.1984,0.0000,0,10.16
28.8023,policy,583,0,0.000000,0.000000,1.1189,8.0786,16.2293,0.0000,0,12.52
28.8224,policy,583,0,0.000000,0.000000,1.3024,8.0035,16.2677,0.0000,0,13.40
28.8439,policy,583,0,0.000000,0.000000,1.5865,7.9532,16.3338,0.0000,0,13.13
28.8623,policy,583,0,0.000000,0.000000,1.9027,7.9532,16.3895,0.0000,0,12.59
28.8827,policy,583,0,0.000000,0.000000,2.2176,7.9953,16.4622,0.0000,0,14.28
28.9046,policy,583,0,0.000000,0.000000,2.4375,8.0932,16.5262,0.0000,0,21.84
28.9254,policy,583,0,0.000000,0.000000,2.6121,8.2013,16.5650,0.0000,0,10.88
28.9459,policy,583,0,0.000000,0.000000,2.6912,8.3258,16.5862,0.0000,0,13.60
28.9659,policy,583,0,0.000000,0.000000,2.7188,8.4201,16.5846,0.0000,0,12.69
28.9846,policy,583,0,0.000000,0.000000,2.6950,8.5482,16.5851,0.0000,0,16.52
29.0057,policy,583,0,0.000000,0.000000,2.5848,8.6737,16.5775,0.0000,0,14.18
29.0256,policy,583,0,0.000000,0.000000,2.3781,8.7497,16.5461,0.0000,0,13.90
29.0451,policy,583,0,0.000000,0.000000,2.1268,8.7671,16.4998,0.0000,0,12.82
29.0657,policy,583,0,0.000000,0.000000,1.9721,8.7094,16.4491,0.0000,0,10.49
29.0856,policy,583,0,0.000000,0.000000,1.7561,8.5895,16.3931,0.0000,0,12.20
29.1054,policy,583,0,0.000000,0.000000,1.6303,8.4674,16.3599,0.0000,0,13.55
29.1255,policy,583,0,0.000000,0.000000,1.6303,8.4546,16.3911,0.0000,0,11.40
29.1447,policy,583,0,0.000000,0.000000,1.6660,8.3960,16.4087,0.0000,0,14.39
29.1647,policy,583,0,0.000000,0.000000,1.6956,8.2889,16.4043,0.0000,0,10.95
29.1854,policy,583,0,0.000000,0.000000,1.8111,8.0975,16.3680,0.0000,0,11.17
29.2057,policy,583,0,0.000000,0.000000,1.9969,7.8842,16.3342,0.0000,0,12.30
29.2247,policy,583,0,0.000000,0.000000,2.2138,7.7792,16.3408,0.0000,0,13.83
29.2456,policy,583,0,0.000000,0.000000,2.5947,7.7875,16.3943,0.0000,0,15.17
29.2655,policy,583,0,0.000000,0.000000,2.8711,7.8470,16.4416,0.0000,0,11.18
29.2855,policy,583,0,0.000000,0.000000,3.1641,7.9577,16.4923,0.0000,0,12.50
29.3046,policy,583,0,0.000000,0.000000,3.3645,8.0923,16.5291,0.0000,0,12.13
29.3258,policy,583,0,0.000000,0.000000,3.5048,8.2672,16.5582,0.0000,0,9.62
29.3449,policy,583,0,0.000000,0.000000,3.5682,8.3990,16.5631,0.0000,0,13.20
29.3647,policy,583,0,0.000000,0.000000,3.5437,8.5043,16.5462,0.0000,0,12.63
29.3858,policy,583,0,0.000000,0.000000,3.4875,8.5748,16.5099,0.0000,0,12.07
29.4055,policy,583,0,0.000000,0.000000,3.3077,8.5959,16.4628,0.0000,0,12.83
29.4257,policy,583,0,0.000000,0.000000,3.0141,8.6444,16.4298,0.0000,0,14.13
29.4456,policy,583,0,0.000000,0.000000,2.8166,8.6087,16.3841,0.0000,0,11.94
29.4646,policy,583,0,0.000000,0.000000,2.6797,8.4961,16.3405,0.0000,0,12.26
29.4856,policy,583,0,0.000000,0.000000,2.5404,8.3560,16.3072,0.0000,0,9.91
29.5048,policy,583,0,0.000000,0.000000,2.4900,8.2425,16.2956,0.0000,0,14.44
29.5253,policy,583,0,0.000000,0.000000,2.4777,8.1830,16.3153,0.0000,0,13.40
29.5455,policy,583,0,0.000000,0.000000,2.4796,8.1253,16.3286,0.0000,0,12.34
29.5655,policy,583,0,0.000000,0.000000,2.5149,8.0548,16.3352,0.0000,0,14.24
29.5846,policy,583,0,0.000000,0.000000,2.5888,7.9980,16.3462,0.0000,0,18.18
29.6048,policy,583,0,0.000000,0.000000,2.6749,7.9669,16.3564,0.0000,0,13.07
29.6247,policy,583,0,0.000000,0.000000,2.8089,7.9779,16.3732,0.0000,0,11.60
29.6450,policy,583,0,0.000000,0.000000,2.9434,7.9898,16.3802,0.0000,0,17.02
29.6655,policy,583,0,0.000000,0.000000,3.0375,8.0200,16.3875,0.0000,0,13.50
29.6857,policy,583,0,0.000000,0.000000,3.1013,8.0667,16.3951,0.0000,0,11.00
29.7056,policy,583,0,0.000000,0.000000,3.1208,8.1115,16.3977,0.0000,0,13.22
29.7272,policy,583,0,0.000000,0.000000,3.1125,8.1491,16.3969,0.0000,0,21.57
29.7474,policy,583,0,0.000000,0.000000,3.1158,8.1765,16.3951,0.0000,0,14.75
29.7674,policy,583,0,0.000000,0.000000,3.1134,8.2049,16.3967,0.0000,0,12.24
29.7876,policy,583,0,0.000000,0.000000,3.0953,8.2361,16.4034,0.0000,0,11.41
29.8073,policy,583,0,0.000000,0.000000,3.0797,8.2553,16.4125,0.0000,0,18.14
29.8276,policy,583,0,0.000000,0.000000,3.0750,8.2663,16.4220,0.0000,0,14.74
29.8475,policy,583,0,0.000000,0.000000,3.0578,8.2800,16.4327,0.0000,0,14.50
29.8675,policy,583,0,0.000000,0.000000,3.0227,8.3056,16.4464,0.0000,0,12.23
29.8874,policy,583,0,0.000000,0.000000,2.9890,8.3276,16.4605,0.0000,0,11.20
29.9079,policy,583,0,0.000000,0.000000,2.9636,8.3523,16.4725,0.0000,0,14.23
29.9287,policy,583,0,0.000000,0.000000,2.9464,8.3780,16.4843,0.0000,0,12.38
29.9473,policy,583,0,0.000000,0.000000,2.9258,8.3963,16.4916,0.0000,0,12.20
29.9678,policy,583,0,0.000000,0.000000,2.9180,8.4155,16.4990,0.0000,0,11.34
29.9874,policy,583,0,0.000000,0.000000,2.9122,8.4228,16.5016,0.0000,0,10.97
30.0075,policy,583,0,0.000000,0.000000,2.9070,8.4347,16.5060,0.0000,0,8.84
30.0276,policy,583,0,0.000000,0.000000,2.9044,8.4375,16.5079,0.0000,0,12.12
30.0472,policy,583,0,0.000000,0.000000,2.8956,8.4430,16.5113,0.0000,0,12.27
30.0678,policy,583,0,0.000000,0.000000,2.8927,8.4475,16.5153,0.0000,0,11.31
30.0875,policy,583,0,0.000000,0.000000,2.8897,8.4521,16.5189,0.0000,0,11.60
30.1074,policy,583,0,0.000000,0.000000,2.8836,8.4521,16.5194,0.0000,0,13.93
30.1277,policy,583,0,0.000000,0.000000,2.8744,8.4512,16.5195,0.0000,0,14.30
30.1476,policy,583,0,0.000000,0.000000,2.8653,8.4494,16.5180,0.0000,0,12.10
30.1674,policy,583,0,0.000000,0.000000,2.8559,8.4503,16.5171,0.0000,0,12.10
30.1876,policy,583,0,0.000000,0.000000,2.8498,8.4485,16.5161,0.0000,0,12.15
30.2080,policy,583,0,0.000000,0.000000,2.8464,8.4475,16.5147,0.0000,0,14.12
30.2275,policy,583,0,0.000000,0.000000,2.8427,8.4475,16.5144,0.0000,0,13.80
30.2475,policy,583,0,0.000000,0.000000,2.8384,8.4457,16.5136,0.0000,0,16.67
30.2677,policy,583,0,0.000000,0.000000,2.8340,8.4466,16.5135,0.0000,0,12.02
30.2875,policy,583,0,0.000000,0.000000,2.8331,8.4530,16.5163,0.0000,0,12.88
30.3078,policy,583,0,0.000000,0.000000,2.8319,8.4558,16.5169,0.0000,0,13.13
30.3281,policy,583,0,0.000000,0.000000,2.8276,8.4604,16.5182,0.0000,0,11.91
30.3473,policy,583,0,0.000000,0.000000,2.8204,8.4622,16.5182,0.0000,0,12.84
30.3677,policy,583,0,0.000000,0.000000,2.8163,8.4668,16.5200,0.0000,0,12.02
30.3877,policy,583,0,0.000000,0.000000,2.8092,8.4668,16.5193,0.0000,0,12.60
30.4078,policy,583,0,0.000000,0.000000,2.8054,8.4704,16.5203,0.0000,0,13.93
30.4276,policy,583,0,0.000000,0.000000,2.7929,8.4750,16.5209,0.0000,0,12.72
30.4476,policy,583,0,0.000000,0.000000,2.7773,8.4778,16.5204,0.0000,0,12.03
30.4674,policy,583,0,0.000000,0.000000,2.7588,8.4796,16.5201,0.0000,0,10.91
30.4877,policy,583,0,0.000000,0.000000,2.7501,8.4814,16.5210,0.0000,0,11.38
30.5076,policy,583,0,0.000000,0.000000,2.7313,8.4833,16.5209,0.0000,0,12.68
30.5275,policy,583,0,0.000000,0.000000,2.7154,8.4842,16.5205,0.0000,0,12.71
30.5475,policy,583,0,0.000000,0.000000,2.6997,8.4860,16.5207,0.0000,0,12.13
30.5676,policy,583,0,0.000000,0.000000,2.6872,8.4897,16.5216,0.0000,0,12.07
30.5874,policy,583,0,0.000000,0.000000,2.6718,8.4924,16.5216,0.0000,0,11.93
30.6075,policy,583,0,0.000000,0.000000,2.6444,8.4942,16.5203,0.0000,0,14.45
30.6279,done,583,0,0.000000,0.000000,2.6200,8.4979,16.5201,0.0000,0,12.01
30.6474,done,583,0,0.000000,0.000000,nan,nan,nan,0.0000,0,13.62
30.6675,done,583,0,0.000000,0.000000,nan,nan,nan,0.0000,0,9.22
30.6876,done,583,0,0.000000,0.000000,nan,nan,nan,0.0000,0,8.78
30.7083,done,583,0,0.000000,0.000000,nan,nan,nan,0.0000,0,10.06
30.7278,done,583,0,0.000000,0.000000,nan,nan,nan,0.0000,0,10.38
30.7475,done,583,0,0.000000,0.000000,nan,nan,nan,0.0000,0,9.60
30.7677,done,583,0,0.000000,0.000000,nan,nan,nan,0.0000,0,9.13
30.7875,done,583,0,0.000000,0.000000,nan,nan,nan,0.0000,0,8.89
30.8080,done,583,0,0.000000,0.000000,nan,nan,nan,0.0000,0,10.06
30.8272,done,583,0,0.000000,0.000000,nan,nan,nan,0.0000,0,9.72
30.8474,done,583,0,0.000000,0.000000,nan,nan,nan,0.0000,0,10.32
30.8676,done,583,0,0.000000,0.000000,nan,nan,nan,0.0000,0,9.18
30.8875,done,583,0,0.000000,0.000000,nan,nan,nan,0.0000,0,8.79
30.9077,done,583,0,0.000000,0.000000,nan,nan,nan,0.0000,0,9.23
30.9276,done,583,0,0.000000,0.000000,nan,nan,nan,0.0000,0,9.09
30.9483,done,583,0,0.000000,0.000000,nan,nan,nan,0.0000,0,6.65
30.9675,done,583,0,0.000000,0.000000,nan,nan,nan,0.0000,0,7.16
30.9875,done,583,0,0.000000,0.000000,nan,nan,nan,0.0000,0,8.09
31.0073,done,583,0,0.000000,0.000000,nan,nan,nan,0.0000,0,8.99
31.0280,done,583,0,0.000000,0.000000,nan,nan,nan,0.0000,0,9.24
31.0475,done,583,0,0.000000,0.000000,nan,nan,nan,0.0000,0,8.40
31.0675,done,583,0,0.000000,0.000000,nan,nan,nan,0.0000,0,8.80
31.0874,done,583,0,0.000000,0.000000,nan,nan,nan,0.0000,0,8.68
31.1077,done,583,0,0.000000,0.000000,nan,nan,nan,0.0000,0,2.27
31.1284,done,583,0,0.000000,0.000000,nan,nan,nan,0.0000,0,8.88
31.1476,done,583,0,0.000000,0.000000,nan,nan,nan,0.0000,0,10.03
31.1678,done,583,0,0.000000,0.000000,nan,nan,nan,0.0000,0,8.03
31.1872,done,583,0,0.000000,0.000000,nan,nan,nan,0.0000,0,8.95
31.2075,done,583,0,0.000000,0.000000,nan,nan,nan,0.0000,0,11.33
31.2279,done,583,0,0.000000,0.000000,nan,nan,nan,0.0000,0,8.98
31.2475,done,583,0,0.000000,0.000000,nan,nan,nan,0.0000,0,10.82
31.2673,done,583,0,0.000000,0.000000,nan,nan,nan,0.0000,0,8.78
31.2875,done,583,0,0.000000,0.000000,nan,nan,nan,0.0000,0,9.27
31.3075,done,583,0,0.000000,0.000000,nan,nan,nan,0.0000,0,7.28
31.3272,done,583,0,0.000000,0.000000,nan,nan,nan,0.0000,0,10.29
31.3474,done,583,0,0.000000,0.000000,nan,nan,nan,0.0000,0,10.15
31.3675,done,583,0,0.000000,0.000000,nan,nan,nan,0.0000,0,8.12
31.3874,done,583,0,0.000000,0.000000,nan,nan,nan,0.0000,0,9.14
31.4081,done,583,0,0.000000,0.000000,nan,nan,nan,0.0000,0,9.43
31.4273,done,583,0,0.000000,0.000000,nan,nan,nan,0.0000,0,11.55
31.4473,done,583,0,0.000000,0.000000,nan,nan,nan,0.0000,0,10.35
31.4675,done,583,0,0.000000,0.000000,nan,nan,nan,0.0000,0,9.29
31.4874,done,583,0,0.000000,0.000000,nan,nan,nan,0.0000,0,9.56
31.5077,done,583,0,0.000000,0.000000,nan,nan,nan,0.0000,0,10.59
31.5278,done,583,0,0.000000,0.000000,nan,nan,nan,0.0000,0,10.98
31.5473,done,583,0,0.000000,0.000000,nan,nan,nan,0.0000,0,8.91
31.5675,done,583,0,0.000000,0.000000,nan,nan,nan,0.0000,0,8.23
31.5874,done,583,0,0.000000,0.000000,nan,nan,nan,0.0000,0,9.07
31.6076,done,583,0,0.000000,0.000000,nan,nan,nan,0.0000,0,8.93
31.6277,done,583,0,0.000000,0.000000,nan,nan,nan,0.0000,0,7.90
31.6474,done,583,0,0.000000,0.000000,nan,nan,nan,0.0000,0,7.85
31.6683,done,583,0,0.000000,0.000000,nan,nan,nan,0.0000,0,8.98
31.6874,done,583,0,0.000000,0.000000,nan,nan,nan,0.0000,0,9.82
31.7083,done,583,0,0.000000,0.000000,nan,nan,nan,0.0000,0,11.30
31.7276,done,583,0,0.000000,0.000000,nan,nan,nan,0.0000,0,9.45
31.7473,done,583,0,0.000000,0.000000,nan,nan,nan,0.0000,0,8.55
31.7675,done,583,0,0.000000,0.000000,nan,nan,nan,0.0000,0,8.32
31.7873,done,583,0,0.000000,0.000000,nan,nan,nan,0.0000,0,8.92
31.8079,done,583,0,0.000000,0.000000,nan,nan,nan,0.0000,0,10.65
31.8277,done,583,0,0.000000,0.000000,nan,nan,nan,0.0000,0,8.53
31.8473,done,583,0,0.000000,0.000000,nan,nan,nan,0.0000,0,8.61
31.8675,done,583,0,0.000000,0.000000,nan,nan,nan,0.0000,0,9.26
31.8873,done,583,0,0.000000,0.000000,nan,nan,nan,0.0000,0,8.74
31.9072,done,583,0,0.000000,0.000000,nan,nan,nan,0.0000,0,2.70
31.9277,done,583,0,0.000000,0.000000,nan,nan,nan,0.0000,0,11.65
31.9473,done,583,0,0.000000,0.000000,nan,nan,nan,0.0000,0,9.72
31.9674,done,583,0,0.000000,0.000000,nan,nan,nan,0.0000,0,9.08
31.9872,done,583,0,0.000000,0.000000,nan,nan,nan,0.0000,0,9.07
32.0076,done,583,0,0.000000,0.000000,nan,nan,nan,0.0000,0,9.58
32.0286,done,583,0,0.000000,0.000000,nan,nan,nan,0.0000,0,10.06
32.0481,done,583,0,0.000000,0.000000,nan,nan,nan,0.0000,0,7.62
32.0675,done,583,0,0.000000,0.000000,nan,nan,nan,0.0000,0,9.17
32.0873,done,583,0,0.000000,0.000000,nan,nan,nan,0.0000,0,7.74
32.1075,done,583,0,0.000000,0.000000,nan,nan,nan,0.0000,0,9.05
32.1274,done,583,0,0.000000,0.000000,nan,nan,nan,0.0000,0,9.39
32.1474,done,583,0,0.000000,0.000000,nan,nan,nan,0.0000,0,7.95
32.1675,done,583,0,0.000000,0.000000,nan,nan,nan,0.0000,0,8.95
32.1875,done,583,0,0.000000,0.000000,nan,nan,nan,0.0000,0,9.94
32.2076,done,583,0,0.000000,0.000000,nan,nan,nan,0.0000,0,8.22
32.2272,done,583,0,0.000000,0.000000,nan,nan,nan,0.0000,0,8.52
32.2474,done,583,0,0.000000,0.000000,nan,nan,nan,0.0000,0,8.92
32.2675,done,583,0,0.000000,0.000000,nan,nan,nan,0.0000,0,9.81
32.2878,done,583,0,0.000000,0.000000,nan,nan,nan,0.0000,0,8.95
32.3076,done,583,0,0.000000,0.000000,nan,nan,nan,0.0000,0,8.50
32.3275,done,583,0,0.000000,0.000000,nan,nan,nan,0.0000,0,8.97
32.3475,done,583,0,0.000000,0.000000,nan,nan,nan,0.0000,0,10.11
32.3674,done,583,0,0.000000,0.000000,nan,nan,nan,0.0000,0,9.01
32.3873,done,583,0,0.000000,0.000000,nan,nan,nan,0.0000,0,8.99
32.4077,done,583,0,0.000000,0.000000,nan,nan,nan,0.0000,0,11.14
32.4276,done,583,0,0.000000,0.000000,nan,nan,nan,0.0000,0,7.86
32.4475,done,583,0,0.000000,0.000000,nan,nan,nan,0.0000,0,8.64
32.4674,done,583,0,0.000000,0.000000,nan,nan,nan,0.0000,0,8.09
32.4873,done,583,0,0.000000,0.000000,nan,nan,nan,0.0000,0,9.23
32.5075,done,583,0,0.000000,0.000000,nan,nan,nan,0.0000,0,10.13
32.5279,done,583,0,0.000000,0.000000,nan,nan,nan,0.0000,0,9.33
32.5476,done,583,0,0.000000,0.000000,nan,nan,nan,0.0000,0,9.60
32.5674,done,583,0,0.000000,0.000000,nan,nan,nan,0.0000,0,8.02
32.5875,done,583,0,0.000000,0.000000,nan,nan,nan,0.0000,0,9.18
32.6076,done,583,0,0.000000,0.000000,nan,nan,nan,0.0000,0,10.95
32.6272,done,583,0,0.000000,0.000000,nan,nan,nan,0.0000,0,9.70
32.6474,done,583,0,0.000000,0.000000,nan,nan,nan,0.0000,0,10.28
32.6673,done,583,0,0.000000,0.000000,nan,nan,nan,0.0000,0,9.04
32.6883,done,583,0,0.000000,0.000000,nan,nan,nan,0.0000,0,9.06
32.7076,done,583,0,0.000000,0.000000,nan,nan,nan,0.0000,0,10.23
32.7274,done,583,0,0.000000,0.000000,nan,nan,nan,0.0000,0,9.82
32.7472,done,583,0,0.000000,0.000000,nan,nan,nan,0.0000,0,8.99
32.7674,done,583,0,0.000000,0.000000,nan,nan,nan,0.0000,0,8.23
32.7876,done,583,0,0.000000,0.000000,nan,nan,nan,0.0000,0,9.21
32.8083,done,583,0,0.000000,0.000000,nan,nan,nan,0.0000,0,7.56
32.8275,done,583,0,0.000000,0.000000,nan,nan,nan,0.0000,0,10.47
32.8474,done,583,0,0.000000,0.000000,nan,nan,nan,0.0000,0,8.74
32.8674,done,583,0,0.000000,0.000000,nan,nan,nan,0.0000,0,8.96
32.8874,done,583,0,0.000000,0.000000,nan,nan,nan,0.0000,0,9.02
32.9081,done,583,0,0.000000,0.000000,nan,nan,nan,0.0000,0,10.26
32.9283,done,583,0,0.000000,0.000000,nan,nan,nan,0.0000,0,9.99
32.9474,done,583,0,0.000000,0.000000,nan,nan,nan,0.0000,0,8.11
32.9675,done,583,0,0.000000,0.000000,nan,nan,nan,0.0000,0,8.21
32.9875,done,583,0,0.000000,0.000000,nan,nan,nan,0.0000,0,8.88
33.0075,done,583,0,0.000000,0.000000,nan,nan,nan,0.0000,0,10.24
33.0276,done,583,0,0.000000,0.000000,nan,nan,nan,0.0000,0,9.10
33.0483,done,583,0,0.000000,0.000000,nan,nan,nan,0.0000,0,8.80
33.0675,done,583,0,0.000000,0.000000,nan,nan,nan,0.0000,0,9.11
33.0874,done,583,0,0.000000,0.000000,nan,nan,nan,0.0000,0,8.97
33.1083,done,583,0,0.000000,0.000000,nan,nan,nan,0.0000,0,9.75
33.1273,done,583,0,0.000000,0.000000,nan,nan,nan,0.0000,0,13.36
33.1474,done,583,0,0.000000,0.000000,nan,nan,nan,0.0000,0,8.77
33.1683,done,583,0,0.000000,0.000000,nan,nan,nan,0.0000,0,8.88
33.1874,done,583,0,0.000000,0.000000,nan,nan,nan,0.0000,0,9.39
33.2073,done,583,0,0.000000,0.000000,nan,nan,nan,0.0000,0,8.91
33.2278,done,583,0,0.000000,0.000000,nan,nan,nan,0.0000,0,10.22
33.2481,done,583,0,0.000000,0.000000,nan,nan,nan,0.0000,0,9.75
33.2673,done,583,0,0.000000,0.000000,nan,nan,nan,0.0000,0,10.17
33.2873,done,583,0,0.000000,0.000000,nan,nan,nan,0.0000,0,9.52
33.3074,done,583,0,0.000000,0.000000,nan,nan,nan,0.0000,0,8.00
33.3278,done,583,0,0.000000,0.000000,nan,nan,nan,0.0000,0,9.88
33.3473,done,583,0,0.000000,0.000000,nan,nan,nan,0.0000,0,7.46
33.3672,done,583,0,0.000000,0.000000,nan,nan,nan,0.0000,0,9.23
33.3877,done,583,0,0.000000,0.000000,nan,nan,nan,0.0000,0,9.17
33.4077,done,583,0,0.000000,0.000000,nan,nan,nan,0.0000,0,9.73
33.4275,done,583,0,0.000000,0.000000,nan,nan,nan,0.0000,0,2.07
33.4473,done,583,0,0.000000,0.000000,nan,nan,nan,0.0000,0,7.89
33.4673,done,583,0,0.000000,0.000000,nan,nan,nan,0.0000,0,8.01
33.4881,done,583,0,0.000000,0.000000,nan,nan,nan,0.0000,0,9.49
33.5081,done,583,0,0.000000,0.000000,nan,nan,nan,0.0000,0,9.67
33.5272,done,583,0,0.000000,0.000000,nan,nan,nan,0.0000,0,11.56
33.5473,done,583,0,0.000000,0.000000,nan,nan,nan,0.0000,0,10.13
33.5675,done,583,0,0.000000,0.000000,nan,nan,nan,0.0000,0,9.02
33.5873,done,583,0,0.000000,0.000000,nan,nan,nan,0.0000,0,8.36
33.6076,done,583,0,0.000000,0.000000,nan,nan,nan,0.0000,0,10.26
