t_s,wall_time,phase,frame,roll,base_ang_vel_x,base_ang_vel_y,base_ang_vel_z,base_quat_x,base_quat_y,base_quat_z,base_quat_w,left_hip_pitch_joint__pos_meas,left_hip_pitch_joint__vel_meas,left_hip_pitch_joint__tgt,left_hip_roll_joint__pos_meas,left_hip_roll_joint__vel_meas,left_hip_roll_joint__tgt,left_hip_yaw_joint__pos_meas,left_hip_yaw_joint__vel_meas,left_hip_yaw_joint__tgt,left_knee_joint__pos_meas,left_knee_joint__vel_meas,left_knee_joint__tgt,left_ankle_pitch_joint__pos_meas,left_ankle_pitch_joint__vel_meas,left_ankle_pitch_joint__tgt,left_ankle_roll_joint__pos_meas,left_ankle_roll_joint__vel_meas,left_ankle_roll_joint__tgt,right_hip_pitch_joint__pos_meas,right_hip_pitch_joint__vel_meas,right_hip_pitch_joint__tgt,right_hip_roll_joint__pos_meas,right_hip_roll_joint__vel_meas,right_hip_roll_joint__tgt,right_hip_yaw_joint__pos_meas,right_hip_yaw_joint__vel_meas,right_hip_yaw_joint__tgt,right_knee_joint__pos_meas,right_knee_joint__vel_meas,right_knee_joint__tgt,right_ankle_pitch_joint__pos_meas,right_ankle_pitch_joint__vel_meas,right_ankle_pitch_joint__tgt,right_ankle_roll_joint__pos_meas,right_ankle_roll_joint__vel_meas,right_ankle_roll_joint__tgt,waist_yaw_joint__pos_meas,waist_yaw_joint__vel_meas,waist_yaw_joint__tgt,waist_pitch_joint__pos_meas,waist_pitch_joint__vel_meas,waist_pitch_joint__tgt,waist_roll_joint__pos_meas,waist_roll_joint__vel_meas,waist_roll_joint__tgt,left_shoulder_pitch_joint__pos_meas,left_shoulder_pitch_joint__vel_meas,left_shoulder_pitch_joint__tgt,left_shoulder_roll_joint__pos_meas,left_shoulder_roll_joint__vel_meas,left_shoulder_roll_joint__tgt,left_shoulder_yaw_joint__pos_meas,left_shoulder_yaw_joint__vel_meas,left_shoulder_yaw_joint__tgt,left_elbow_joint__pos_meas,left_elbow_joint__vel_meas,left_elbow_joint__tgt,left_wrist_yaw_joint__pos_meas,left_wrist_yaw_joint__vel_meas,left_wrist_yaw_joint__tgt,left_wrist_pitch_joint__pos_meas,left_wrist_pitch_joint__vel_meas,left_wrist_pitch_joint__tgt,left_wrist_roll_joint__pos_meas,left_wrist_roll_joint__vel_meas,left_wrist_roll_joint__tgt,right_shoulder_pitch_joint__pos_meas,right_shoulder_pitch_joint__vel_meas,right_shoulder_pitch_joint__tgt,right_shoulder_roll_joint__pos_meas,right_shoulder_roll_joint__vel_meas,right_shoulder_roll_joint__tgt,right_shoulder_yaw_joint__pos_meas,right_shoulder_yaw_joint__vel_meas,right_shoulder_yaw_joint__tgt,right_elbow_joint__pos_meas,right_elbow_joint__vel_meas,right_elbow_joint__tgt,right_wrist_yaw_joint__pos_meas,right_wrist_yaw_joint__vel_meas,right_wrist_yaw_joint__tgt,right_wrist_pitch_joint__pos_meas,right_wrist_pitch_joint__vel_meas,right_wrist_pitch_joint__tgt,right_wrist_roll_joint__pos_meas,right_wrist_roll_joint__vel_meas,right_wrist_roll_joint__tgt,head_yaw_joint__pos_meas,head_yaw_joint__vel_meas,head_yaw_joint__tgt,head_pitch_joint__pos_meas,head_pitch_joint__vel_meas,head_pitch_joint__tgt
0.0000,1785804301.4610,ramp,0,0.035673,-0.02786477515998596,0.00380400364516359,-0.061152237319699244,-0.006588341668248177,0.09394945949316025,0.11723271757364273,-0.9886285662651062,0.17055749893188477,-0.0061054229736328125,-2.5341858759226263,0.10459661483764648,0.0061054229736328125,-0.23881759548451845,0.1628870964050293,0.0061054229736328125,0.916631960090869,-0.06778192520141602,-0.0061054229736328125,-0.06931384691041592,0.09807729721069336,-0.0061054229736328125,0.26105868761637246,-0.10440492630004883,-0.09157562255859375,-0.28426045368107317,-0.02042102813720703,0.0061054229736328125,-2.4962200298879758,0.010258197784423828,0.10378456115722656,0.07046573173726814,0.2946157455444336,0.0061054229736328125,1.5580161258901242,-0.05435991287231445,0.0061054229736328125,1.503754054558089,0.2503228187561035,0.0061054229736328125,-0.5933529725782877,0.05551004409790039,-0.09157562255859375,-0.2660448775246328,0.3264460563659668,-0.06715583801269531,-0.04515532669163826,0.3491,-8.11298377006873e-05,0.34750980809781296,-0.054275700835370484,0.01759407878119792,0.2385490681570966,-0.21868515014648438,0.16483497619628906,0.30631209359843564,-0.08944892883300781,-0.0061054229736328125,0.136810103694056,0.48041677474975586,0.0061054229736328125,-0.3749554361342018,-0.10248756408691406,-0.018314361572265625,-1.7867680986045091,0.3229942321777344,0.0061054229736328125,1.9094826668795812,-0.5022125244140625,-0.0073261260986328125,-0.25730401404939923,-0.2504386901855469,-0.0073261260986328125,-1.5463045798969823,-0.13393354415893555,-0.0061054229736328125,-1.1288918243413515,0.11552619934082031,-0.0061054229736328125,-0.7003457005566146,0.6562466621398926,0.0061054229736328125,2.5019719270756013,-0.19126558303833008,0.0061054229736328125,-1.8456333869665942,-1.0418453216552734,0.0061054229736328125,2.268811264351339,-0.11043739318847656,0.0073261260986328125,-0.3229174722150716,0.4636831283569336,-0.0073261260986328125,-0.8039563116560255,0.19036006927490234,0.0030689239501953125,0.19074284614499623,0.0,0.0,6.600412201835494e-27
0.0203,1785804301.4813,ramp,0,0.034865,0.04906606327886307,4.879596614689751,-2.2659042744909526,-0.007648644968867302,0.07862517982721329,0.12280165404081345,-0.9892822504043579,0.09500932693481445,-8.089132308959961,-2.5247356148317914,0.10421323776245117,-0.6166057586669922,-0.23785070192029228,0.2455291748046875,9.05372428894043,0.9129208571343724,-0.04630613327026367,3.083028793334961,-0.06741372320804964,0.10958194732666016,1.373626708984375,0.2591920127977765,-0.12357950210571289,-1.288156509399414,-0.2831095568313015,-0.13086557388305664,-10.5067138671875,-2.4869234783623937,0.03441810607910156,2.826618194580078,0.07018042464753393,0.3948988914489746,10.091574668884277,1.5517082240389826,0.049757957458496094,10.201465606689453,1.4992853548268714,0.17055749893188477,-8.687423706054688,-0.5917604257076298,0.05033302307128906,0.04273414611816406,-0.26496776352016815,0.3254866600036621,-0.20146560668945312,-0.04497252188355489,0.31268556404046066,-3.242268835743567,0.3461028870515592,-0.07143011333923785,-1.787565378301171,0.23758327163030338,-0.1602029800415039,6.611721038818359,0.30588165105924375,-0.09443426132202148,-0.7387065887451172,0.13706591495488546,0.3795590400695801,-7.588523864746094,-0.3734373829414017,-0.2198352813720703,-12.557997703552246,-1.7807487207672261,0.48847007751464844,14.938949584960938,1.9017518072465363,-0.479705810546875,2.5274734497070312,-0.2562623270735929,-0.2729454040527344,-2.161172866821289,-1.5400440556823858,-0.12990713119506836,-0.14041519165039062,-1.1235116325881145,0.07832813262939453,-3.754579544067383,-0.6983199672423506,0.8134775161743164,16.233211517333984,2.4918422689857214,-0.286562442779541,-11.263736724853516,-1.8393756745885448,-0.8892168998718262,15.549450874328613,2.259625601707008,-0.12722206115722656,-1.9413909912109375,-0.3216101387110357,0.4354543685913086,-2.703296661376953,-0.8007012277533664,0.1905519962310791,0.05216789245605469,0.1899705933660524,0.0,0.0,6.084638492267813e-24
0.0409,1785804301.5019,ramp,0,0.048603,1.2893095206373364,5.655263054831831,0.37728334043928685,-0.021191325038671494,0.02575067989528179,0.1264873594045639,-0.9914074540138245,-0.10766458511352539,-10.2380952835083,-2.5151170000159815,0.08561420440673828,-1.6788768768310547,-0.23686658342104813,0.46756982803344727,10.25030517578125,0.9091436419297073,0.023105144500732422,2.741147994995117,-0.06547974934004946,0.1598191261291504,2.3015880584716797,0.2572920836959382,-0.15636777877807617,-1.5079364776611328,-0.2819381570800905,-0.34657859802246094,-10.25030517578125,-2.4774613114042094,0.11034917831420898,4.3162384033203125,0.0698900348927964,0.6364970207214355,12.350427627563477,1.5452879487027895,0.2854123115539551,11.874237060546875,1.4947370464754985,-0.049757957458496094,-11.129426002502441,-0.5901395080654877,-0.006806850433349609,-3.8888893127441406,-0.26387146103475767,0.29269838333129883,-2.460317611694336,-0.04478646045958668,0.24033755958122538,-3.720050123200258,0.3446709021053129,-0.13654007063673948,-3.2188794792452295,0.23660026971190337,-0.036527156829833984,5.512821197509766,0.30544354030811954,-0.08369684219360352,1.336996078491211,0.13732628342087966,0.2455291748046875,-6.037851333618164,-0.3718922860608916,-0.48175859451293945,-11.190476417541504,-1.7746221094184875,0.7523107528686523,11.117216110229492,1.8938832245385435,-0.4350728988647461,0.6520137786865234,-0.2552020827393231,-0.3889141082763672,-6.175825119018555,-1.5336720020019148,-0.1717076301574707,-2.960927963256836,-1.1180355942424884,-0.0325007438659668,-4.877899169921875,-0.69625814606279,1.1451964378356934,13.522588729858398,2.4815321539057362,-0.5657429695129395,-12.338218688964844,-1.8330064828366934,-0.5272026062011719,17.625152587890625,2.25027629908409,-0.15888500213623047,-0.6666660308837891,-0.3202795154308683,0.3023195266723633,-6.571428298950195,-0.7973881554528361,0.18978500366210938,-0.05216789245605469,0.18918458312255723,0.0,0.0,1.2270955099401892e-23
0.0609,1785804301.5221,ramp,0,0.092022,2.41342795254702,6.561608146503011,1.8988849899194262,-0.04987055063247681,-0.0324813611805439,0.11240258067846298,-0.9918788075447083,-0.3149409294128418,-10.811965942382812,-2.505776759137303,0.02559804916381836,-3.8034191131591797,-0.235910946459581,0.6249923706054688,6.978021621704102,0.905475743740855,0.05570173263549805,1.3492069244384766,-0.06360174693262394,0.2062220573425293,2.6556777954101562,0.2554471407594135,-0.17976093292236328,-0.8241748809814453,-0.28080065900463475,-0.5423502922058105,-10.299144744873047,-2.468272990599592,0.17515897750854492,2.9365081787109375,0.06960804935642886,0.8794379234313965,11.825396537780762,1.5390534836269127,0.5227923393249512,12.899877548217773,1.4903203714754247,-0.22367048263549805,-7.6862030029296875,-0.5885655016714254,-0.08062887191772461,-3.0952377319335938,-0.26280688682259595,0.2415027618408203,-2.4969482421875,-0.04460578387035093,0.15213100306537655,-4.569460737958728,0.34328036047445404,-0.21321100346783395,-3.6918625535339764,0.23564571701612777,0.057427406311035156,4.010988235473633,0.3050181089933825,-0.055318355560302734,1.4957256317138672,0.13757911651963314,0.14927339553833008,-4.30402946472168,-0.37039190608714134,-0.6980471611022949,-10.006105422973633,-1.7686728093515791,0.9605460166931152,9.420024871826172,1.886242367796297,-0.4053173065185547,1.2967033386230469,-0.25417252311333033,-0.52471923828125,-6.879121780395508,-1.527484362990772,-0.25588321685791016,-4.914529800415039,-1.112718038836802,-0.13738489151000977,-4.890110015869141,-0.694255996394191,1.3867945671081543,10.934065818786621,2.4715204255874683,-0.8096427917480469,-10.60439682006836,-1.8268216229266159,-0.15291643142700195,19.322343826293945,2.2411975761891703,-0.18902111053466797,-1.457876205444336,-0.31898740194118874,0.16689586639404297,-6.923076629638672,-0.7941709673308452,0.18700456619262695,-0.20560455322265625,0.18842132093273692,0.0,0.0,1.827823248485473e-23
0.0804,1785804301.5413,ramp,0,0.158349,2.3071483839769003,6.560132222626889,3.5496067757692362,-0.08600350469350815,-0.09384070336818695,0.08260635286569595,-0.9884196519851685,-0.5300788879394531,-10.811965942382812,-2.496668523694222,-0.06528902053833008,-5.134309768676758,-0.234979046891228,0.735053539276123,4.4383392333984375,0.9018989537287707,0.07602643966674805,0.9218559265136719,-0.061770392868880995,0.23325729370117188,0.9462757110595703,0.2536480249910742,-0.19989395141601562,-1.5201473236083984,-0.2796914156326619,-0.7482843399047852,-10.39682388305664,-2.4593129016359274,0.21791791915893555,1.4835166931152344,0.06933306815517931,1.0663890838623047,7.905982971191406,1.5329738785599405,0.7872085571289062,13.376068115234375,1.4860134037752581,-0.34044313430786133,-5.097681045532227,-0.5870305925601668,-0.13086557388305664,-2.326007843017578,-0.2617687559331522,0.1893482208251953,-2.741147994995117,-0.044429595168668866,0.05817802194226817,-4.532142022003173,0.3419243589824387,-0.27115661076547803,-2.13528985326242,0.23471487478102016,0.1138005256652832,2.289377212524414,0.3046032451124809,-0.03020000457763672,1.3492069244384766,0.13782566941063062,0.06279659271240234,-4.389499664306641,-0.36892879456437566,-0.8627562522888184,-8.19902229309082,-1.7628712859824507,1.1127915382385254,7.478631973266602,1.8787913049062483,-0.3816661834716797,1.5018310546875,-0.253168537070782,-0.6544208526611328,-6.835165023803711,-1.521450420859907,-0.3621101379394531,-5.769229888916016,-1.1075325680073311,-0.23383283615112305,-4.841270446777344,-0.6923035788055273,1.5735540390014648,9.273504257202148,2.461757382010818,-1.0021543502807617,-9.273506164550781,-1.820790390865775,0.2322988510131836,20.653236389160156,2.232344362795264,-0.20771312713623047,-1.208791732788086,-0.3177273837001122,0.034905433654785156,-6.864469528198242,-0.791033692044223,0.18805909156799316,-0.04603099822998047,0.18767701767332579,0.0,0.0,2.413629305409634e-23
0.1006,1785804301.5615,ramp,0,0.228686,1.275954566718916,6.34307660430216,4.222591045341677,-0.11594578623771667,-0.15322375297546387,0.03858330100774765,-0.9806071519851685,-0.759213924407959,-10.921855926513672,-2.4872327527310993,-0.17074871063232422,-4.877899169921875,-0.23401363586924007,0.801206111907959,2.4725265502929688,0.8981935410230805,0.08887386322021484,0.5555553436279297,-0.059873182634709025,0.2451457977294922,0.5067157745361328,0.251784212353349,-0.21734285354614258,-0.9462757110595703,-0.27854228345819154,-0.9701333045959473,-10.592185974121094,-2.4500306045544913,0.22750520706176758,-0.15262603759765625,0.0690481985280853,1.1917901039123535,4.914529800415039,1.526675648642996,1.0418457984924316,10.384614944458008,1.481551555921379,-0.42040061950683594,-3.0952377319335938,-0.5854404875487675,-0.16844749450683594,-1.6910858154296875,-0.2606932934724211,0.1385354995727539,-2.2771663665771484,-0.04424707065601755,-0.03431859664272857,-4.227618326555604,0.3405195951745348,-0.2911310794098164,-0.1848869048355352,0.23375055911437276,0.14237070083618164,0.8485965728759766,0.30417346257276473,-0.019654273986816406,0.09157562255859375,0.13808108843490657,-0.024639129638671875,-3.742368698120117,-0.3674130690093441,-1.0109748840332031,-7.075702667236328,-1.7568611376842003,1.2458624839782715,6.172161102294922,1.8710722990349489,-0.3610668182373047,0.9450550079345703,-0.2521284473182873,-0.793278694152832,-6.981685638427734,-1.5151994959351647,-0.48041677474975586,-5.6837615966796875,-1.1021606257262377,-0.3348827362060547,-5.036630630493164,-0.6902809515572389,1.7309765815734863,7.210012435913086,2.4516432557711156,-1.158618450164795,-6.782661437988281,-1.8145422734661787,0.5943131446838379,16.404151916503906,2.22317278456866,-0.22297286987304688,-0.5347976684570312,-0.316422054736401,-0.10433387756347656,-7.040292739868164,-0.7877835991763099,0.188154935836792,-0.0030689239501953125,0.18690594899303123,0.0,0.0,3.020501165111601e-23
0.1203,1785804301.5812,ramp,0,0.283839,0.08220926117008891,5.922100078148975,3.5697205662181686,0.13074621558189392,0.20938880741596222,0.006610332056879997,0.969029426574707,-0.9664902687072754,-10.921855926513672,-2.478042073087884,-0.2503228187561035,-3.620267868041992,-0.2330733011089118,0.8316936492919922,1.3858356475830078,0.8945843753007462,0.09711885452270508,0.3846149444580078,-0.0580252518671807,0.2495560646057129,0.3235645294189453,0.24996881168971957,-0.2296142578125,-0.75091552734375,-0.27742299964719763,-1.1722326278686523,-10.811965942382812,-2.44098941235493,0.2136998176574707,-0.9218559265136719,0.06877072830409028,1.268871784210205,3.669109344482422,1.5205410133585893,1.1988844871520996,6.965812683105469,1.4772056032268894,-0.4656524658203125,-2.0940170288085938,-0.5838916850379864,-0.19145727157592773,-0.9218559265136719,-0.25964576582645416,0.10325431823730469,-1.459096908569336,-0.044069287162822504,-0.11920169604126131,-4.030409325501752,0.3391513196850929,-0.27448831929610285,1.409782088703039,0.23281129125785868,0.1509990692138672,0.16483497619628906,0.30375484350557713,-0.02272176742553711,-0.03052520751953125,0.1383298730266562,-0.0917501449584961,-2.960927963256836,-0.3659367139708662,-1.1396355628967285,-6.025640487670898,-1.751007101184871,1.3553485870361328,4.951160430908203,1.8635537920253495,-0.3435182571411133,0.7692298889160156,-0.2511153735850725,-0.9344244003295898,-7.142856597900391,-1.50911093690998,-0.5969977378845215,-5.451770782470703,-1.0969282180342397,-0.43267250061035156,-4.609279632568359,-0.6883108614449089,1.8558025360107422,5.671550750732422,2.4417918409261135,-1.2744321823120117,-5.354089736938477,-1.8084564490415165,0.8834643363952637,13.339438438415527,2.214239435334894,-0.23708724975585938,-0.6813182830810547,-0.3151506313009058,-0.22602462768554688,-5.150182723999023,-0.7846179264955686,0.18796324729919434,-0.021480560302734375,0.1861549085903762,0.0,0.0,3.611609710327653e-23
0.1405,1785804301.6014,ramp,0,0.319486,-0.6296306036080134,5.392323834086128,2.452083469453411,0.13178588449954987,0.2604239583015442,0.04342901334166527,0.9554715156555176,-1.1833534240722656,-10.885226249694824,-2.46861286023925,-0.30324459075927734,-2.167276382446289,-0.23210856107353806,0.8518266677856445,0.873016357421875,0.8908815379565018,0.1049799919128418,0.4822959899902344,-0.056129360245125645,0.2570338249206543,0.3846149444580078,0.24810629445188395,-0.23479175567626953,-0.2991447448730469,-0.2762746661504814,-1.3929309844970703,-10.970695495605469,-2.431713566719509,0.1903066635131836,-1.0805854797363281,0.06848605666904548,1.330613613128662,2.7655677795410156,1.5142471608807573,1.2951407432556152,3.5592193603515625,1.47274685647722,-0.49633169174194336,-1.5079364776611328,-0.5823026851923182,-0.20602989196777344,-0.8485965728759766,-0.25857105084104576,0.08292961120605469,-0.8363857269287109,-0.04388688950961443,-0.19598489529587823,-3.703671351271559,0.3377475322258008,-0.2388285342112288,1.9067607104810647,0.23184764581652406,0.15234136581420898,-0.07936477661132812,0.30332535967628027,-0.02387237548828125,0.06715583801269531,0.13858511452784367,-0.14793109893798828,-2.2649574279785156,-0.36442204188584376,-1.265803337097168,-5.830280303955078,-1.7450011301012633,1.4404830932617188,4.023199081420898,1.8558401510706466,-0.3301668167114258,0.6080589294433594,-0.25007600672291735,-1.0278854370117188,-3.9487171173095703,-1.5028643565461088,-0.7082099914550781,-5.402931213378906,-1.0915600093974498,-0.5118627548217773,-3.4004878997802734,-0.686289639976934,1.9560856819152832,4.523809432983398,2.4316847442760534,-1.356307029724121,-3.168498992919922,-1.8022126742514857,1.1204614639282227,10.921855926513672,2.205074231601724,-0.24853134155273438,-0.5201473236083984,-0.3138462095759166,-0.3084230422973633,-4.417581558227539,-0.7813700925295733,0.1874840259552002,-0.039893150329589844,0.18538437582354367,0.0,0.0,4.218059777772126e-23
0.1611,1785804301.6222,ramp,0,0.331057,-1.1666487150440852,4.865552700997327,0.4083194535984204,0.12112802267074585,0.3069417178630829,0.06635745614767075,0.9416535496711731,-1.4117217063903809,-10.86080551147461,-2.4589790830515437,-0.3061208724975586,0.5921859741210938,-0.23112289125209615,0.8687000274658203,0.6043949127197266,0.887098368511776,0.1297154426574707,1.1416358947753906,-0.05419233774365949,0.2658538818359375,0.27472496032714844,0.246203370383289,-0.23881816864013672,-0.128204345703125,-0.27510141985493874,-1.6235995292663574,-11.00732421875,-2.422236484007122,0.18302059173583984,-0.018314361572265625,0.06819520915635209,1.3712635040283203,1.2759456634521484,1.5078167648978613,1.335982322692871,1.166055679321289,1.4681913783676186,-0.5189576148986816,-1.1416358947753906,-0.5806792124051188,-0.21715116500854492,-0.27472496032714844,-0.25747302019141277,0.07851982116699219,0.06715583801269531,-0.043700534786396815,-0.27487405963682354,-3.3512724244475347,0.33631328995989673,-0.1971494697486284,1.7352613488040618,0.23086309433605642,0.15214967727661133,0.20146560668945312,0.3028865583061566,-0.018695354461669922,0.47008514404296875,0.13884589342752163,-0.1849379539489746,-1.4468860626220703,-0.3628745093808735,-1.3766322135925293,-5.097681045532227,-1.7388648610251372,1.5160307884216309,3.327228546142578,1.8479591646663216,-0.3179597854614258,0.5494499206542969,-0.24901409106494815,-1.1133365631103516,-3.831501007080078,-1.4964822582334851,-0.816162109375,-5.0610504150390625,-1.0860753388598186,-0.566126823425293,-2.130647659301758,-0.6842245686308883,2.029139995574951,2.826618194580078,2.4213583767728104,-1.4138307571411133,-2.5335769653320312,-1.795833442378903,1.319875717163086,8.55311393737793,2.1957101911391015,-0.2584495544433594,-0.4908428192138672,-0.31251348875827484,-0.3850994110107422,-3.4065933227539062,-0.7780517976439515,0.18690872192382812,0.0030689239501953125,0.1845971265472091,0.0,0.0,4.837666622905126e-23
0.1803,1785804301.6411,ramp,0,0.337806,-0.5803360244628647,3.707943420483243,0.5634769497611454,0.10987605899572372,0.347387433052063,0.0778331607580185,0.9280038475990295,-1.6080679893493652,-10.05494499206543,-2.450023247207715,-0.29825878143310547,0.22588539123535156,-0.2302065842890999,0.868316650390625,-0.11599540710449219,0.8835814255872926,0.13872718811035156,0.28693580627441406,-0.052391626017518386,0.266812801361084,0.0061054229736328125,0.24443435753925566,-0.2415027618408203,-0.22588539123535156,-0.2740107364166017,-1.8360528945922852,-11.166057586669922,-2.4134263158459945,0.17496728897094727,-0.7387065887451172,0.06792482895879139,1.3862195014953613,0.34798622131347656,1.5018388841859094,1.3507466316223145,0.6532363891601562,1.4639564751365362,-0.5367898941040039,-0.7753353118896484,-0.5791699854948645,-0.2255878448486328,-0.21367454528808594,-0.25645225937683275,0.07353401184082031,-0.40903472900390625,-0.043527294085751504,-0.33263057447105127,-2.553090085049219,0.3349799771747402,-0.17653134688486316,0.6456455972039404,0.22994782701493566,0.15771007537841797,-0.06715583801269531,0.302478635955213,-0.0016298294067382812,1.2026863098144531,0.13908832097920198,-0.2048797607421875,-0.7631263732910156,-0.3614358787371018,-1.4609999656677246,-4.413919448852539,-1.7331604091296258,1.571061611175537,2.5579967498779297,1.8406327734545076,-0.3099489212036133,0.40293121337890625,-0.2480269037834217,-1.1762800216674805,-3.3040294647216797,-1.490549276422366,-0.9085831642150879,-4.853479385375977,-1.0809766316720304,-0.5989151000976562,-2.25274658203125,-0.6823048190227511,2.064612865447998,1.3125762939453125,2.4117586890885137,-1.4588909149169922,-2.7289371490478516,-1.7899031252927369,1.4615755081176758,6.929182052612305,2.1870051102986148,-0.2634086608886719,-0.2564105987548828,-0.3112745532259393,-0.4465169906616211,-3.113554000854492,-0.7749670154554066,0.1865251064300537,-0.021480560302734375,0.1838652770192771,0.0,0.0,5.413670934049554e-23
0.2003,1785804301.6611,ramp,0,0.357063,-0.43209172830533554,1.9686302493914025,0.9928233251672591,0.10596644133329391,0.3717585504055023,0.09016481786966324,0.917843759059906,-1.8015389442443848,-9.212453842163086,-2.4407076991612593,-0.29614973068237305,0.14041519165039062,-0.22925347374889554,0.8644819259643555,-0.16483497619628906,0.8799232242355737,0.1473560333251953,0.28693580627441406,-0.05051858849257956,0.266812801361084,-0.0061054229736328125,0.24259429208576203,-0.24188613891601562,-0.018314361572265625,-0.27287624554936407,-2.046013832092285,-9.822956085205078,-2.4042622862418916,0.15425872802734375,-1.0683765411376953,0.06764358890871582,1.3913965225219727,0.5555553436279297,1.4956209011903252,1.359375,0.3846149444580078,1.459551476517851,-0.5481023788452148,-0.45787620544433594,-0.5776001403078108,-0.23306608200073242,-0.39682579040527344,-0.2553904995837798,0.05071687698364258,-1.4957256317138672,-0.0433470951519384,-0.3491,-0.18257414012145506,0.33359311172436046,-0.16958611770824414,0.3139272050682292,0.22899579787394522,0.14543867111206055,-0.7264957427978516,0.3020543293549468,0.021379470825195312,1.0927963256835938,0.13934048566207963,-0.22060251235961914,-0.8119659423828125,-0.3599394653238978,-1.5294528007507324,-2.8510379791259766,-1.727226837251134,1.6186141967773438,2.0940170288085938,1.8330121168758353,-0.3011751174926758,0.40293121337890625,-0.24700006600833604,-1.2281608581542969,-2.366300582885742,-1.484377995697261,-1.001387596130371,-4.108669281005859,-1.0756731343088695,-0.6359219551086426,-1.9719161987304688,-0.6803079624452504,2.0872387886047363,1.1782665252685547,2.401773428816502,-1.5146889686584473,-2.9731388092041016,-1.7837346163215764,1.583141803741455,5.402931213378906,2.1779503888597764,-0.2706565856933594,-0.34432220458984375,-0.30998585570186776,-0.504119873046875,-2.923076629638672,-0.77175833262654,0.1854705810546875,-0.033756256103515625,0.1831040326687652,0.0,0.0,6.012810526266285e-23
0.2204,1785804301.6814,ramp,0,0.366170,-0.8017215432458983,1.2032008673215318,0.5952959989912486,0.10178224742412567,0.3813505470752716,0.10241755098104477,0.9130842685699463,-1.9804368019104004,-8.504274368286133,-2.4313074959786287,-0.29039764404296875,0.4822959899902344,-0.22829170180711092,0.8627562522888184,-0.04273414611816406,0.8762317789424312,0.14371299743652344,-0.4945049285888672,-0.048628529720372946,0.2654705047607422,-0.10378456115722656,0.2407375050190301,-0.24399518966674805,-0.04273414611816406,-0.2717314449850078,-2.2191591262817383,-7.417583465576172,-2.3950149784269765,0.13757658004760742,-0.5921859741210938,0.06735979308686835,1.4172821044921875,1.5445671081542969,1.489346412211991,1.3635940551757812,0.22588539123535156,1.4551064474300988,-0.5546221733093262,-0.3601951599121094,-0.5760160291368965,-0.23958539962768555,-0.05494499206542969,-0.2543190910379732,0.023680686950683594,-1.0805854797363281,-0.04316525865850945,-0.3491,0.38494235096118484,0.3321936431203098,-0.16344479966377765,0.3700479602158425,0.22803511715860075,0.1439046859741211,0.16483497619628906,0.3016261668642009,0.03844451904296875,0.6410255432128906,0.13959494189403848,-0.23920202255249023,-1.0439567565917969,-0.3584294532388136,-1.563967227935791,-1.1294269561767578,-1.721239343978767,1.6527447700500488,1.6422462463378906,1.825322207504178,-0.2943086624145508,0.34432220458984375,-0.24596389683468467,-1.2716484069824219,-2.043956756591797,-1.4781506333967565,-1.0577607154846191,-2.240537643432617,-1.070321441360302,-0.6685185432434082,-1.4835166931152344,-0.6782929594136016,2.1098642349243164,1.4346771240234375,2.3916974273917586,-1.5712532997131348,-2.4969482421875,-1.7775100509633583,1.6742205619812012,4.3162384033203125,2.1688133825491724,-0.2748527526855469,-0.2564105987548828,-0.308685447126139,-0.5613412857055664,-2.74725341796875,-0.7685204908603288,0.1847994327545166,-0.027618408203125,0.18233587050259356,0.0,0.0,6.617394805528124e-23
0.2405,1785804301.7014,ramp,0,0.346036,-1.3570279813617077,0.04586389919009781,-0.3839885808528611,0.0908428281545639,0.38239067792892456,0.10887295007705688,0.9130562543869019,-2.1344079971313477,-6.978021621704102,-2.4219227838202624,-0.27678394317626953,0.75091552734375,-0.22733151481324682,0.8625645637512207,-0.0061054229736328125,0.8725464169506275,0.12377119064331055,-1.1782665252685547,-0.04674158566236257,0.2624025344848633,-0.1892547607421875,0.238883777836531,-0.2468714714050293,-0.018314361572265625,-0.27058853098980057,-2.329029083251953,-4.633699417114258,-2.385782909673064,0.13220787048339844,-0.05494499206542969,0.06707646494512065,1.4544806480407715,1.8009777069091797,1.4830822632506881,1.3703045845031738,0.47008514404296875,1.4506687435088474,-0.5605659484863281,-0.28693580627441406,-0.5744345284951495,-0.2495560646057129,-0.09157562255859375,-0.25324944811525546,0.008149147033691406,-0.4822959899902344,-0.04298372182174504,-0.3341629881582572,0.9985330457573551,0.33079648076450524,-0.15126114912975774,0.8321142924350683,0.22707601959289492,0.15502548217773438,0.6776561737060547,0.30119870996198367,0.04611492156982422,0.3113555908203125,0.13984897879594818,-0.2587594985961914,-0.7875461578369141,-0.3569219295716278,-1.5674185752868652,0.15262603759765625,-1.7152617177700964,1.6822738647460938,1.336996078491211,1.8176449706854803,-0.2878236770629883,0.28571510314941406,-0.24492943521155103,-1.3033113479614258,-1.589742660522461,-1.471933533451078,-1.083646297454834,-0.7875461578369141,-1.0649785677110315,-0.6934452056884766,-1.336996078491211,-0.6762812769975021,2.141310691833496,1.3614158630371094,2.3816380306700755,-1.6211071014404297,-2.423686981201172,-1.7712957433507575,1.7476587295532227,3.2173385620117188,2.1596914335286836,-0.2779045104980469,0.0073261260986328125,-0.3073871815531101,-0.6124591827392578,-2.4981689453125,-0.7652879848814819,0.18432021141052246,0.02148151397705078,0.18156897422594834,0.0,0.0,7.220982762736315e-23
0.2604,1785804301.7216,ramp,0,0.291470,-1.5949742342253443,-1.0970776928864276,-1.4457674383603472,0.07273708283901215,0.3744226098060608,0.10566301643848419,0.918342113494873,-2.255207061767578,-5.256410598754883,-2.412610686626747,-0.25588369369506836,1.1294269561767578,-0.22637875734344617,0.8625645637512207,-0.0061054229736328125,0.8688895707435365,0.09232521057128906,-1.7155075073242188,-0.04486924198571022,0.2583761215209961,-0.22588539123535156,0.23704439401714503,-0.2499394416809082,0.018314361572265625,-0.2694544603835208,-2.3852109909057617,-1.5323562622070312,-2.3766222747933874,0.13527584075927734,0.21367454528808594,0.06679532907764915,1.4934048652648926,1.6422462463378906,1.4768665836456072,1.3820009231567383,0.6898651123046875,1.4462653766784752,-0.5647845268249512,-0.16483497619628906,-0.5728652648417697,-0.25185680389404297,-0.15262603759765625,-0.25218808164065093,0.011792182922363281,0.372406005859375,-0.042803589640850556,-0.3167986518259894,0.9490103175092579,0.32941012906475964,-0.13219725380751882,0.9444834950399067,0.22612434312171456,0.17726802825927734,1.1050052642822266,0.30077456054191465,0.05052471160888672,0.2991447448730469,0.1401010500669049,-0.27889299392700195,-0.9829063415527344,-0.35542607049002095,-1.5612826347351074,0.372406005859375,-1.7093303439248129,1.7056665420532227,1.0317459106445312,1.8100271371039123,-0.2828645706176758,0.2417583465576172,-0.24390297781839643,-1.3281068801879883,-1.1501827239990234,-1.4657645388160803,-1.0953426361083984,-0.75091552734375,-1.0596770349761861,-0.7245078086853027,-2.1062278747558594,-0.6742851601358353,2.1639366149902344,0.6898651123046875,2.3716564693392956,-1.670194149017334,-3.083028793334961,-1.7651295194429355,1.8017306327819824,3.1929187774658203,2.1506400663221394,-0.2759971618652344,0.22710609436035156,-0.3060989614143323,-0.6597623825073242,-2.2783889770507812,-0.7620804906775377,0.18336129188537598,-0.04603099822998047,0.18080801187090165,0.0,0.0,7.8199004095975e-23
0.2805,1785804301.7414,ramp,0,0.226207,-1.384324849902802,-2.254410603858388,-1.6596459055046107,0.05482016131281853,0.3573177754878998,0.0955837219953537,0.927460253238678,-2.343410015106201,-3.327228546142578,-2.4032421825532633,-0.23728466033935547,0.7387065887451172,-0.22542022866280864,0.8642902374267578,0.05494499206542969,0.8652105736416706,0.05397605895996094,-1.6422462463378906,-0.04298555681821718,0.24917268753051758,-0.1892547607421875,0.23519386835718767,-0.25281572341918945,-0.04273414611816406,-0.26831352028444755,-2.386744499206543,0.27472496032714844,-2.367406150498024,0.1412200927734375,0.1770458221435547,0.06651249026434258,1.5217833518981934,1.0195369720458984,1.4706132533281127,1.4004087448120117,0.9706954956054688,1.4418353369967472,-0.5699615478515625,-0.07936477661132812,-0.5712864955674009,-0.2543497085571289,-0.018314361572265625,-0.2511202860695614,0.024639129638671875,0.6410255432128906,-0.042622366331492204,-0.29454208974054963,1.1696708100356776,0.32801537971061945,-0.11572169387233383,0.7345343419029742,0.22516690198771308,0.2110152244567871,1.837606430053711,0.3003478418890585,0.05666065216064453,0.3113555908203125,0.1403546482284888,-0.2928900718688965,-0.6532363891601562,-0.3539211504265631,-1.5532293319702148,0.372406005859375,-1.7033630415141825,1.7233071327209473,0.7997550964355469,1.8023631594351939,-0.2782859802246094,0.21245384216308594,-0.24287030278621116,-1.3479442596435547,-0.9450550079345703,-1.459558176257116,-1.1254463195800781,-1.4713058471679688,-1.0543433888608198,-0.7778129577636719,-2.0207576751708984,-0.6722769520425288,2.168921947479248,0.47008514404296875,2.3616144459321244,-1.747274398803711,-2.6800975799560547,-1.7589259443944847,1.8558025360107422,2.2161178588867188,2.1415338715753585,-0.2698936462402344,-0.13919448852539062,-0.3048029380409844,-0.6937131881713867,-1.3553104400634766,-0.7588535674731439,0.182786226272583,-0.015343666076660156,0.18004244008026496,0.0,0.0,8.422445926219407e-23
0.3001,1785804301.7610,ramp,0,0.163576,-1.0552237195108511,-3.472665921347975,-1.3053151187887124,0.03942025080323219,0.3264961242675781,0.08452287316322327,0.9405860900878906,-2.3972902297973633,-2.1916980743408203,-2.394076135987024,-0.22577953338623047,0.4822959899902344,-0.2244824142099477,0.8673582077026367,-0.0061054229736328125,0.8616110812906765,0.021763324737548828,-1.4835166931152344,-0.04114257891844299,0.24457073211669922,-0.33577537536621094,0.23338333337335837,-0.25626707077026367,-0.3113555908203125,-0.2671972364043994,-2.3633508682250977,1.3980464935302734,-2.3583891907156564,0.14179563522338867,-0.1770458221435547,0.06623576372260521,1.526193618774414,-0.10378456115722656,1.4644950602383038,1.4226508140563965,0.8852252960205078,1.4375010324274682,-0.5713038444519043,-0.0061054229736328125,-0.5697418441937443,-0.25454139709472656,0.018314361572265625,-0.2500755660319693,0.03633546829223633,0.5677661895751953,-0.04244505933782092,-0.25775651610818473,1.9365872578634549,0.3266507715055095,-0.10221857185233679,0.868479849516738,0.2242301515791255,0.2451457977294922,1.6056175231933594,0.2999303448145968,0.06586408615112305,0.40903472900390625,0.14060276602189084,-0.30669593811035156,-0.628814697265625,-0.35244875234978096,-1.5474767684936523,0.06715583801269531,-1.6975246951419496,1.7373046875,0.6776561737060547,1.7948648037059243,-0.2744712829589844,0.1831493377685547,-0.24185994431717941,-1.3632030487060547,-0.6959705352783203,-1.453485935931849,-1.1469221115112305,-0.8241748809814453,-1.0491250051916854,-0.8038907051086426,-0.9218559265136719,-0.6703121422123185,2.182344436645508,0.7264957427978516,2.3517894350822157,-1.7725858688354492,-0.8241748809814453,-1.7528564313403996,1.891850471496582,1.4835166931152344,2.132624465715518,-0.2706565856933594,0.124542236328125,-0.30353492230465523,-0.7116422653198242,-0.8278388977050781,-0.7556963795032023,0.18201923370361328,-0.039893150329589844,0.17929341263386223,0.0,0.0,9.011970168330475e-23
0.3202,1785804301.7811,ramp,0,0.124704,-0.5393002740427016,-4.223789467832212,-0.7511232801681285,0.0319504477083683,0.28667446970939636,0.07587406784296036,0.9544841647148132,-2.4277775287628174,-1.2271060943603516,-2.3847174462100122,-0.21791791915893555,0.3601951599121094,-0.223524889668773,0.867741584777832,-0.018314361572265625,0.8579359382478999,-0.0025887489318847656,-1.0439567565917969,-0.03926086706969414,0.24092769622802734,-0.21367454528808594,0.2315347462947704,-0.2593345642089844,-0.0061054229736328125,-0.26605749153610164,-2.3328638076782227,1.3858356475830078,-2.349182721086123,0.135467529296875,-0.45787620544433594,0.06595322120675935,1.5154552459716797,-0.6043949127197266,1.4582482808105979,1.4353060722351074,0.5311355590820312,1.4330756335851396,-0.5695781707763672,-0.0061054229736328125,-0.5681647288130599,-0.2535824775695801,0.14041519165039062,-0.24900888906660631,0.042279720306396484,0.22588539123535156,-0.042264025875130895,-0.20640964475185689,2.6974945209877417,0.3252574832687,-0.09702943424324605,-0.10713491150229794,0.22327371344529026,0.2712230682373047,1.1050052642822266,0.29950407318544225,0.07794427871704102,0.4822959899902344,0.14085609851805764,-0.31513261795043945,-0.4334545135498047,-0.35094540881674385,-1.5515036582946777,-0.3113555908203125,-1.6915636439828035,1.7451658248901367,0.39682579040527344,1.7872088546988156,-0.2710380554199219,0.15384674072265625,-0.24082835109900044,-1.3757915496826172,-0.6666660308837891,-1.4472860750599936,-1.1605358123779297,-0.6898651123046875,-1.0437969465195056,-0.8224892616271973,-0.9218559265136719,-0.6683060378860008,2.1882882118225098,0.2991447448730469,2.341757931539702,-1.780447006225586,-0.1892547607421875,-1.746659355058906,1.9154353141784668,0.9218559265136719,2.1235278104741138,-0.2706565856933594,0.021978378295898438,-0.3022402566248644,-0.7242317199707031,-0.5494499206542969,-0.7524728367724437,0.18115615844726562,0.04603099822998047,0.17852864284410688,0.0,0.0,9.613884467813391e-23
0.3405,1785804301.8015,ramp,0,0.107690,-0.153960704858357,-4.449015664381303,-0.1487981837299952,0.031130032613873482,0.24412353336811066,0.0713396966457367,0.9666153788566589,-2.4450345039367676,-0.5677661895751953,-2.375218531454375,-0.21178245544433594,0.28693580627441406,-0.22255301815579798,0.867741584777832,-0.03052520751953125,0.8542057290722674,-0.019462108612060547,-0.7264957427978516,-0.037350960782401424,0.23747634887695312,-0.1892547607421875,0.22965846109927093,-0.26067686080932617,-0.16483497619628906,-0.26490066941622237,-2.3106212615966797,1.0805854797363281,-2.339838307253098,0.12300443649291992,-0.7020759582519531,0.0656664452437976,1.5001158714294434,-0.7997550964355469,1.4519079033972124,1.4406752586364746,0.20146560668945312,1.428583927228313,-0.5680441856384277,-0.0061054229736328125,-0.5665639828841025,-0.2516651153564453,0.15262603759765625,-0.24792622965517105,0.04611492156982422,0.018314361572265625,-0.04208027991592257,-0.1521847727466925,2.421782507939843,0.32384331883897466,-0.10329434465597803,-0.29690765282506554,0.22230294461772881,0.2905893325805664,0.7387065887451172,0.29907141455858705,0.09021615982055664,0.5433464050292969,0.14111322679597446,-0.32126855850219727,-0.3235645294189453,-0.3494195400884274,-1.5551466941833496,-0.14041519165039062,-1.6855132760184963,1.7499594688415527,0.23809432983398438,1.7794381935566264,-0.2679862976074219,0.13919448852539062,-0.23978130110851514,-1.3853282928466797,-0.4322338104248047,-1.4409933192018791,-1.1695475578308105,-0.39682579040527344,-1.0383890554208621,-0.8374457359313965,-0.7753353118896484,-0.6662698752990739,2.1926984786987305,0.16483497619628906,2.3315761219817794,-1.7806386947631836,0.11599540710449219,-1.740369425513781,1.9321174621582031,0.7631263732910156,2.114294856421959,-0.2706565856933594,0.0073261260986328125,-0.3009261924532334,-0.7341499328613281,-0.5201473236083984,-0.7492009944162791,0.18029308319091797,-0.04603099822998047,0.17775241420380977,0.0,0.0,1.022481748912491e-22
0.3605,1785804301.8216,ramp,0,0.103593,0.10921167564078281,-4.582334573815106,0.30929470202232695,0.03437420353293419,0.1998744159936905,0.07071663439273834,0.9766615629196167,-2.4486780166625977,0.11599540710449219,-2.3659056275677965,-0.20718050003051758,0.16483497619628906,-0.22160017815004163,0.8667826652526855,-0.07936477661132812,0.8505485660780543,-0.03058338165283203,-0.4822959899902344,-0.03547845490741451,0.2340245246887207,-0.15262603759765625,0.22781891793681358,-0.26125240325927734,0.018314361572265625,-0.2637665005671009,-2.2920217514038086,0.9706954956054688,-2.330676878801313,0.10517168045043945,-0.8241748809814453,0.06538528502194603,1.480557918548584,-0.9340667724609375,1.4456916853370967,1.4435510635375977,0.04273414611816406,1.424180178940853,-0.5678524971008301,0.018314361572265625,-0.5649945832877576,-0.24457073211669922,-0.07936477661132812,-0.24686477123597503,0.045731544494628906,-0.11599540710449219,-0.04190013213044645,-0.11018444684298312,2.119679537160393,0.32245684704165317,-0.11092085953428701,-0.5160276601079372,0.22135118570423803,0.30228614807128906,0.39682579040527344,0.29864722839508767,0.10095357894897461,0.45787620544433594,0.1413653199034887,-0.32702112197875977,-0.1892547607421875,-0.34792355142278375,-1.557447910308838,-0.04273414611816406,-1.6795813883471609,1.7530274391174316,0.07936477661132812,1.7718197000535199,-0.2653160095214844,0.124542236328125,-0.2387547547948906,-1.3914318084716797,-0.27106285095214844,-1.4348237901560956,-1.1745333671569824,-0.1892547607421875,-1.033087063422159,-0.8470330238342285,-0.3601951599121094,-0.6642735855167865,2.1969165802001953,0.15262603759765625,2.321593695963259,-1.7737360000610352,0.3113555908203125,-1.7342026674351974,1.9463062286376953,0.7020759582519531,2.1052427051090006,-0.2706565856933594,0.0073261260986328125,-0.29963786071787013,-0.7440681457519531,-0.5054950714111328,-0.7459932223519056,0.17962217330932617,-0.039893150329589844,0.1769913859277315,0.0,0.0,1.0823787019326778e-22
0.3804,1785804301.8413,ramp,0,0.107154,0.21783768886834357,-4.584082672754634,0.5105910645965113,0.040280211716890335,0.15522779524326324,0.07322946935892105,0.9843369126319885,-2.4413914680480957,0.6043949127197266,-2.3565912293387523,-0.20449590682983398,0.16483497619628906,-0.22064718525220126,0.8652486801147461,-0.10378456115722656,0.8468908162578597,-0.03441810607910156,-0.14041519165039062,-0.033605648571359864,0.23172330856323242,-0.10378456115722656,0.22597907960246377,-0.261444091796875,0.03052520751953125,-0.2626321497299878,-2.2761077880859375,0.9096450805664062,-2.3215139803127105,0.08561420440673828,-1.0927963256835938,0.0651040796853092,1.4631094932556152,-0.7875461578369141,1.4394744698266972,1.4435510635375977,-0.03052520751953125,1.4197757240308237,-0.5668935775756836,0.09157562255859375,-0.5634249318665802,-0.24476242065429688,0.05494499206542969,-0.2458031424958554,0.04093742370605469,-0.27472496032714844,-0.04171995543857453,-0.0762641820747769,1.6233434965805953,0.32107015277197415,-0.12011383245901788,-0.5230803698486877,0.22039927407213458,0.30592918395996094,-0.0061054229736328125,0.298222974166954,0.10593891143798828,0.20146560668945312,0.14161745346169805,-0.33066415786743164,-0.128204345703125,-0.34642732271177745,-1.5576395988464355,-0.0061054229736328125,-1.6736485488490105,1.7543697357177734,0.04273414611816406,1.7641999840919298,-0.2630271911621094,0.09523773193359375,-0.23772804376231613,-1.3956279754638672,-0.1831493377685547,-1.4286532711517175,-1.1776013374328613,-0.128204345703125,-1.027784220669288,-0.8497171401977539,-0.04273414611816406,-0.6622769754111466,2.1997928619384766,0.06715583801269531,2.3116096681711897,-1.760697364807129,0.6532363891601562,-1.7280349198426463,1.9606871604919434,0.7753353118896484,2.0961891012937643,-0.2706565856933594,0.0073261260986328125,-0.2983493222576394,-0.7501716613769531,-0.2564105987548828,-0.7427849355705252,0.17885518074035645,-0.027618408203125,0.1762302355375539,0.0,0.0,1.1422852659787637e-22
0.4005,1785804301.8613,ramp,0,0.113264,0.32971672007792246,-4.501569952700709,0.7172293621327446,0.047175049781799316,0.11068282276391983,0.07713864743709564,0.9897339940071106,-2.422600507736206,1.1050052642822266,-2.347243265589575,-0.2021946907043457,0.04273414611816406,-0.2196907581333288,0.8627562522888184,-0.10378456115722656,0.8432198853096723,-0.03518533706665039,0.0061054229736328125,-0.03172609335929281,0.2296142578125,-0.11599540710449219,0.22413261119613997,-0.26163578033447266,0.018314361572265625,-0.26149371112736103,-2.2563581466674805,1.0683765411376953,-2.3123180622509563,0.06624794006347656,-1.0073261260986328,0.06482186099245157,1.4452767372131348,-0.75091552734375,1.4332348498552416,1.4424009323120117,-0.09157562255859375,1.4153553971539405,-0.5659351348876953,0.05494499206542969,-0.5618496240234757,-0.24342012405395508,0.06715583801269531,-0.24473768805277846,0.03633546829223633,-0.21367454528808594,-0.04153912945898376,-0.04645288710868239,1.5079986681205422,0.31967846138779743,-0.13087023090844074,-0.5372102772805396,0.21944393211546626,0.2994098663330078,-0.3601951599121094,0.2977971910892386,0.10708904266357422,0.21367454528808594,0.14187049561258466,-0.33238983154296875,-0.04273414611816406,-0.3449257021661419,-1.5570645332336426,0.0061054229736328125,-1.6676943296719235,1.7547531127929688,0.0061054229736328125,1.7565528095953673,-0.2607383728027344,0.124542236328125,-0.23669763285681508,-1.3971538543701172,-0.0659332275390625,-1.4224605159625874,-1.1822028160095215,-0.22588539123535156,-1.0224622685042137,-0.8499088287353516,-0.05494499206542969,-0.6602731702881742,2.2011351585388184,0.07936477661132812,2.301589661770774,-1.7457408905029297,0.75091552734375,-1.7218449460524492,1.9766020774841309,0.7142848968505859,2.0871028717614757,-0.2710380554199219,-0.0073261260986328125,-0.29705614039881595,-0.7543678283691406,-0.21245384216308594,-0.7395650873536225,0.17808818817138672,-0.033756256103515625,0.17546634225319058,0.0,0.0,1.2024077103138525e-22
0.4201,1785804301.8811,ramp,0,0.122578,0.47043405746753336,-3.9459591818513307,0.8512173907904296,0.05519750714302063,0.07063544541597366,0.08241280913352966,0.9925583004951477,-2.395756244659424,1.336996078491211,-2.33807521723002,-0.20161962509155273,-0.0061054229736328125,-0.21875273886908167,0.8604550361633301,-0.11599540710449219,0.8396196068575302,-0.03518533706665039,0.0061054229736328125,-0.029882712967472087,0.22769689559936523,-0.11599540710449219,0.2223216808055448,-0.26163578033447266,0.018314361572265625,-0.26037718345959115,-2.236607551574707,0.8852252960205078,-2.3032991332346673,0.049182891845703125,-0.8363857269287109,0.06454507401578867,1.4310879707336426,-0.6410255432128906,1.4271153205996232,1.4400997161865234,-0.10378456115722656,1.411020146006237,-0.5642094612121582,0.07936477661132812,-0.5603046353099669,-0.24322843551635742,-0.03052520751953125,-0.2436927398564516,0.031350135803222656,-0.25030517578125,-0.04136178374284338,-0.01722675345085408,1.4901460810259461,0.3183135551628636,-0.14178936784677224,-0.5391947021987441,0.21850697712787145,0.28732967376708984,-0.628814697265625,0.29737960283666126,0.10536336898803711,-0.128204345703125,0.14211866759298397,-0.3325815200805664,-0.03052520751953125,-0.3434529825290658,-1.5570645332336426,-0.07936477661132812,-1.6618547082502289,1.7547531127929688,0.0061054229736328125,1.7490528162834968,-0.2588310241699219,0.09523773193359375,-0.23568705373334792,-1.3975353240966797,-0.0073261260986328125,-1.4163869495072376,-1.1852707862854004,-0.128204345703125,-1.0172427451806523,-0.8516349792480469,-0.10378456115722656,-0.6583079313587709,2.201901912689209,0.018314361572265625,2.291762505214873,-1.7327022552490234,0.6410255432128906,-1.7157741074638957,1.9875316619873047,0.6043949127197266,2.078191520156655,-0.2710380554199219,0.0073261260986328125,-0.2957878477377071,-0.7566566467285156,-0.10988998413085938,-0.7364072098783714,0.17741703987121582,-0.039893150329589844,0.1747171512250163,0.0,0.0,1.261373009276128e-22
0.4403,1785804301.9013,ramp,0,0.133755,0.5599872100477328,-3.104304669903158,0.9154252725658585,0.06354069709777832,0.03852446377277374,0.08886108547449112,0.9932684302330017,-2.367953062057495,1.2148971557617188,-2.3286295273989572,-0.2018113136291504,-0.06715583801269531,-0.21778631300851065,0.8573870658874512,-0.20146560668945312,0.8359102990276964,-0.03441810607910156,0.06715583801269531,-0.02798350838881665,0.22616291046142578,-0.09157562255859375,0.22045590893083827,-0.26163578033447266,0.03052520751953125,-0.25922684331914436,-2.2220354080200195,0.6898651123046875,-2.2940070786168003,0.035952091217041016,-0.5555553436279297,0.06425990493418031,1.420541763305664,-0.5067157745361328,1.420810469993066,1.4376072883605957,-0.14041519165039062,1.4065536078647491,-0.5628671646118164,0.07936477661132812,-0.5587128587826227,-0.2424616813659668,0.06715583801269531,-0.24261614687123406,0.023105144500732422,-0.25030517578125,-0.041179067360704785,0.00907281269752921,1.299127369368488,0.316907314669403,-0.1519265886436223,-0.45245873178587165,0.2175416477740768,0.27544164657592773,-0.5555553436279297,0.29694936851019976,0.10402154922485352,0.018314361572265625,0.14237435511334587,-0.32970571517944336,0.23809432983398438,-0.3419356636456594,-1.5582146644592285,-0.09157562255859375,-1.6558382420933209,1.7543697357177734,-0.018314361572265625,1.7413256962050845,-0.2565422058105469,0.09523773193359375,-0.2346458706401033,-1.3975353240966797,-0.0073261260986328125,-1.410129453619818,-1.1869964599609375,-0.06715583801269531,-1.011865155922086,-0.8524017333984375,-0.0061054229736328125,-0.6562831779278265,2.2020936012268066,-0.06715583801269531,2.2816377470212053,-1.7217731475830078,0.5799751281738281,-1.7095194220528882,1.9967350959777832,0.3235645294189453,2.06901030078111,-0.2710380554199219,0.0073261260986328125,-0.2944811466141947,-0.7585639953613281,-0.09523773193359375,-0.7331537005178287,0.1766500473022461,-0.033756256103515625,0.17394527199850962,0.0,0.0,1.322123989522983e-22
0.4608,1785804301.9218,ramp,0,0.144509,0.4948632674363439,-1.989556570288918,0.7439678989513036,0.07095403224229813,0.016275554895401,0.09505278617143631,0.9928069114685059,-2.3443686962127686,0.9951152801513672,-2.3190996754105906,-0.20334529876708984,-0.07936477661132812,-0.21681127618497603,0.8527851104736328,-0.23809432983398438,0.8321679408484813,-0.03230905532836914,0.09157562255859375,-0.026067381684052815,0.22482061386108398,-0.10378456115722656,0.2185735128191706,-0.26125240325927734,-0.128204345703125,-0.25806625351884366,-2.212064743041992,0.5189247131347656,-2.284632230748634,0.028666019439697266,-0.27472496032714844,0.06397219496402554,1.409228801727295,-0.5921859741210938,1.414449442459464,1.4335803985595703,-0.21367454528808594,1.402047272366753,-0.5619082450866699,0.04273414611816406,-0.5571068993476366,-0.24188613891601562,0.0061054229736328125,-0.24152996132159876,0.013709545135498047,-0.5433464050292969,-0.04099472295507921,0.035166264209884446,1.1658883691078745,0.3154885444152012,-0.16263214669799392,-0.3932739078894823,0.2165677172273171,0.26432037353515625,-0.47008514404296875,0.29651530074756677,0.1049799919128418,0.05494499206542969,0.14263232083823218,-0.3258700370788574,0.27472496032714844,-0.3404048252805816,-1.5589818954467773,-0.04273414611816406,-1.649768168547205,1.7539863586425781,-0.09157562255859375,1.733529726618888,-0.2542533874511719,0.09523773193359375,-0.23359541048855553,-1.3975353240966797,-0.0073261260986328125,-1.4038162027412193,-1.1875720024108887,-0.018314361572265625,-1.0064396517392322,-0.8525934219360352,-0.03052520751953125,-0.6542403837163985,2.199984550476074,-0.128204345703125,2.271422776094852,-1.7129526138305664,0.3235645294189453,-1.7032090066923624,1.9996113777160645,0.07936477661132812,2.0597472757097233,-0.2710380554199219,0.0073261260986328125,-0.29316280263690736,-0.7600898742675781,-0.0659332275390625,-0.7298712020234598,0.17588305473327637,-0.021480560302734375,0.17316651524139975,0.0,0.0,1.3834162678271925e-22
0.4804,1785804301.9413,ramp,0,0.153438,0.39613961951099746,-0.7950787539598864,0.5400381361122217,0.07645997405052185,0.005677931010723114,0.10024438798427582,0.9920043349266052,-2.3263447284698486,0.7020759582519531,-2.3099397537347914,-0.20583820343017578,-0.07936477661132812,-0.21587408839386454,0.8479914665222168,-0.21367454528808594,0.8285708537325174,-0.030008316040039062,0.11599540710449219,-0.024225635289883314,0.2234787940979004,-0.06715583801269531,0.21676418766210065,-0.26086854934692383,0.11599540710449219,-0.2569507155565056,-2.2065038681030273,0.25030517578125,-2.2756212962346707,0.025981426239013672,-0.04273414611816406,0.06369565333513338,1.3988747596740723,-0.4945049285888672,1.4083353376384735,1.427253246307373,-0.3113555908203125,1.3977158640451015,-0.560758113861084,0.06715583801269531,-0.5555632801333045,-0.24131107330322266,-0.04273414611816406,-0.24048593938167886,0.003547191619873047,-0.5311355590820312,-0.04081753444061296,0.05436542849891777,0.9932632244407639,0.3141248480618573,-0.1688425323022058,-0.22399567754668787,0.21563159276946853,0.25856781005859375,-0.3113555908203125,0.29609808265094156,0.10689735412597656,0.07936477661132812,0.14288027283558574,-0.3229942321777344,0.128204345703125,-0.33893341108238206,-1.5589818954467773,0.0061054229736328125,-1.6439337234459968,1.7530274391174316,-0.11599540710449219,1.7260363814039104,-0.2527275085449219,0.05128288269042969,-0.232585727156278,-1.3971538543701172,0.021978378295898438,-1.3977480199784416,-1.187380313873291,0.0061054229736328125,-1.001224755072702,-0.8525934219360352,-0.018314361572265625,-0.6522768868017247,2.1969165802001953,-0.20146560668945312,2.2616043304652473,-1.709693431854248,0.16483497619628906,-1.697143549378362,2.0001864433288574,0.0061054229736328125,2.0508438232491355,-0.2706565856933594,0.021978378295898438,-0.29189563420780107,-0.7608528137207031,-0.03663063049316406,-0.7267161237340958,0.17511606216430664,-0.033756256103515625,0.1724179883064239,0.0,0.0,1.44232929914008e-22
0.5004,1785804301.9613,ramp,0,0.160484,0.3112335498749319,0.2527995511456061,0.37793794543522835,0.08011187613010406,0.004611327312886715,0.10441984981298447,0.9912906885147095,-2.3156068325042725,0.4334545135498047,-2.3005929547418367,-0.20909786224365234,-0.018314361572265625,-0.21491778044580498,0.8453073501586914,-0.128204345703125,0.8249003801823025,-0.02847433090209961,0.03052520751953125,-0.022346314270383583,0.2221364974975586,-0.07936477661132812,0.21491794932572839,-0.2604851722717285,0.04273414611816406,-0.25581241880332145,-2.204011917114258,0.07936477661132812,-2.2664265239842476,0.026364803314208984,0.09157562255859375,0.06341346980672305,1.3908209800720215,-0.34798622131347656,1.4020964951236263,1.4195828437805176,-0.4212455749511719,1.3932960879409184,-0.5597991943359375,0.04273414611816406,-0.5539881685735472,-0.24054384231567383,-0.03052520751953125,-0.2394206176942187,-0.007190227508544922,-0.628814697265625,-0.040636730991938076,0.06941941395903209,0.5934287407400862,0.31273333008241816,-0.17095986081080333,-0.04175551563767559,0.21467636984840188,0.2549247741699219,-0.10378456115722656,0.2956723526257949,0.10862350463867188,0.04273414611816406,0.143133283457422,-0.32126855850219727,0.05494499206542969,-0.3374319776386568,-1.559173583984375,-0.0061054229736328125,-1.6379802461645812,1.7507266998291016,-0.14041519165039062,1.7183901597452413,-0.2508201599121094,0.09523773193359375,-0.23155544463996916,-1.3967723846435547,0.03663063049316406,-1.391556036406568,-1.1869964599609375,0.05494499206542969,-0.9959034660228334,-0.8525934219360352,0.10378456115722656,-0.6502733313528579,2.1913561820983887,-0.28693580627441406,2.2515855725575653,-1.7068171501159668,0.15262603759765625,-1.6909543468588595,2.0001864433288574,0.04273414611816406,2.0417587258609884,-0.2702751159667969,0.021978378295898438,-0.2906026134794289,-0.7612342834472656,-0.03663063049316406,-0.7234966767102602,0.17425322532653809,-0.021480560302734375,0.17165419020315892,0.0,0.0,1.5024442522189923e-22
0.5203,1785804301.9813,ramp,0,0.166047,0.21855830696980538,1.1137196533802782,0.1856842964081377,0.08177708089351654,0.015043618157505989,0.10762593895196915,0.9907082319259644,-2.3090877532958984,0.3235645294189453,-2.291288938949236,-0.2133164405822754,-0.1770458221435547,-0.21396584981607353,0.8426227569580078,-0.15262603759765625,0.8212467075288877,-0.02732372283935547,0.03052520751953125,-0.02047559548655465,0.22060251235961914,-0.09157562255859375,0.21308016179531697,-0.2593345642089844,0.0061054229736328125,-0.254679332387718,-2.2028608322143555,0.10378456115722656,-2.257273839060586,0.029816150665283203,0.16483497619628906,0.06313257791991554,1.3846855163574219,-0.2625160217285156,1.3958862097275835,1.4082703590393066,-0.2625160217285156,1.3888965425239177,-0.5592241287231445,0.03052520751953125,-0.552420266788333,-0.23996877670288086,0.07936477661132812,-0.23836017231481113,-0.018503665924072266,-0.5189247131347656,-0.040456755136771425,0.07805190645676163,0.2959234891766074,0.3113481815127153,-0.1705264642719631,0.065479602399502,0.213725519279158,0.2543497085571289,-0.0061054229736328125,0.2952485712991253,0.11015748977661133,0.05494499206542969,0.14338513597110447,-0.32088470458984375,0.04273414611816406,-0.33593741672186705,-1.5589818954467773,0.06715583801269531,-1.6320540197967157,1.7476587295532227,-0.15262603759765625,1.7107789372165858,-0.24967575073242188,0.08058547973632812,-0.23052987804654995,-1.3960094451904297,0.03663063049316406,-1.3853923954655716,-1.1850790977478027,0.06715583801269531,-0.9906065341647403,-0.8487586975097656,0.20146560668945312,-0.6482789467992088,2.1842617988586426,-0.39682579040527344,2.2416126736147732,-1.7006807327270508,0.372406005859375,-1.684793474240494,1.9996113777160645,-0.018314361572265625,2.032715213783713,-0.2698936462402344,0.03663063049316406,-0.2893155113083002,-0.7612342834472656,-0.0073261260986328125,-0.7202919660948089,0.17348623275756836,-0.027618408203125,0.17089388824090498,0.0,0.0,1.5622840404972357e-22
0.5408,1785804302.0018,ramp,0,0.169674,0.15112836646003047,1.6734518657536357,0.06889389680574826,0.08168771862983704,0.0315752811729908,0.10987116396427155,0.9900800585746765,-2.301609516143799,0.3846149444580078,-2.2817365453098652,-0.21830177307128906,-0.22588539123535156,-0.21298850666712918,0.8389797210693359,-0.20146560668945312,0.8174954972780863,-0.025789737701416016,0.07936477661132812,-0.018554936428139365,0.21868515014648438,-0.10378456115722656,0.21119331311541933,-0.25856781005859375,0.03052520751953125,-0.253515997360076,-2.2005605697631836,0.1892547607421875,-2.247876816183919,0.03499317169189453,0.28693580627441406,0.06284418740847372,1.3787412643432617,-0.25030517578125,1.389510135993593,1.400217056274414,-0.4334545135498047,1.3843795478633003,-0.5592241287231445,0.05494499206542969,-0.5508105086608642,-0.2393937110900879,-0.018314361572265625,-0.23727141753161218,-0.027898788452148438,-0.4334545135498047,-0.0402719746879354,0.08067930658549179,0.09587098840686463,0.3099260553381945,-0.16760562675850912,0.1347209429676797,0.21274928502374535,0.25415754318237305,-0.04273414611816406,0.29481347680448966,0.11188316345214844,0.07936477661132812,0.14364371188105435,-0.3206930160522461,0.0061054229736328125,-0.3344029573536286,-1.5570645332336426,0.10378456115722656,-1.6259695882648082,1.7442073822021484,-0.20146560668945312,1.7029645272573533,-0.24814987182617188,0.05128288269042969,-0.22947693316531714,-1.3944835662841797,0.08058547973632812,-1.3790642113961766,-1.1839284896850586,0.06715583801269531,-0.9851681966428213,-0.8430061340332031,0.2991447448730469,-0.6462313206182768,2.1788930892944336,-0.28693580627441406,2.231373540475836,-1.6968460083007812,0.2625160217285156,-1.6784681323962285,1.9973106384277344,-0.018314361572265625,2.0234302782064075,-0.2691307067871094,0.03663063049316406,-0.28799404895625996,-0.7619972229003906,-0.021978378295898438,-0.7170017032683633,0.17281508445739746,-0.033756256103515625,0.17011328943388113,0.0,0.0,1.623721297878605e-22
0.5606,1785804302.0215,ramp,0,0.173634,0.2200187845116048,1.9610429034457666,0.011561862120632215,0.08117007464170456,0.051868971437215805,0.11161687970161438,0.9890716671943665,-2.2904882431030273,0.6166057586669922,-2.272477867244837,-0.2225198745727539,-0.22588539123535156,-0.21204121471950244,0.8351449966430664,-0.22588539123535156,0.8138596286803711,-0.023488998413085938,0.1770458221435547,-0.01669333350787703,0.21715116500854492,-0.07936477661132812,0.20936448097720073,-0.2579927444458008,0.06715583801269531,-0.2523884323842866,-2.1955747604370117,0.3601951599121094,-2.2387687315645644,0.041512489318847656,0.3601951599121094,0.06256466428544795,1.3750982284545898,-0.11599540710449219,1.3833301128234228,1.3935060501098633,-0.3235645294189453,1.3800014410805415,-0.558840274810791,0.06715583801269531,-0.5492502471361121,-0.23862648010253906,0.128204345703125,-0.23621613961803756,-0.033843040466308594,-0.2991447448730469,-0.04009287584076971,0.08031864584953728,-0.08248504941058805,0.3085476564870972,-0.16572132474491968,0.11525306242986304,0.21180306787355746,0.25243186950683594,-0.15262603759765625,0.2943917605304561,0.11399269104003906,0.07936477661132812,0.14389433713750635,-0.3206930160522461,-0.018314361572265625,-0.3329156793130933,-1.5553388595581055,0.05494499206542969,-1.620072239925806,1.7409477233886719,-0.1892547607421875,1.6953903936095847,-0.24662399291992188,0.05128288269042969,-0.22845636407618605,-1.3921947479248047,0.10988998413085938,-1.3729306053863404,-1.1827783584594727,0.04273414611816406,-0.97989707631159,-0.8351449966430664,0.3235645294189453,-0.6442466545416367,2.1723732948303223,-0.3113555908203125,2.221449238674908,-1.6897516250610352,0.2625160217285156,-1.672337281219207,1.9952011108398438,-0.128204345703125,2.014430834442859,-0.2687492370605469,0.03663063049316406,-0.2867132187314492,-0.7619972229003906,-0.0073261260986328125,-0.713812608952376,0.1719522476196289,-0.039893150329589844,0.16935669236250508,0.0,0.0,1.683269491636863e-22
0.5805,1785804302.0414,ramp,0,0.179076,0.23439268050784628,2.2294585154990543,-0.023148691376483923,0.0809231773018837,0.07441399991512299,0.11299921572208405,0.9874944090843201,-2.2743821144104004,0.7753353118896484,-2.263179169182781,-0.22597122192382812,-0.15262603759765625,-0.21108982816780136,0.8303513526916504,-0.2625160217285156,0.8102080442915404,-0.018503665924072266,0.2991447448730469,-0.014823683937454472,0.21600055694580078,-0.10378456115722656,0.20752774383826586,-0.2570338249206543,0.03052520751953125,-0.2512559935866986,-2.186563491821289,0.45787620544433594,-2.2296212778779596,0.049182891845703125,0.1770458221435547,0.062283932943011766,1.372605800628662,-0.11599540710449219,1.3771233769295605,1.3873696327209473,-0.22588539123535156,1.3756044102333322,-0.5565395355224609,0.09157562255859375,-0.5476832414885874,-0.23785972595214844,-0.06715583801269531,-0.23515630033850246,-0.03729438781738281,-0.10378456115722656,-0.039913002851196124,0.0777675848247398,-0.24915592623597677,0.3071632996020844,-0.16311597993727767,0.15299688605400363,0.210852760765033,0.2503228187561035,-0.128204345703125,0.29396822141692924,0.115142822265625,0.03052520751953125,0.14414604570433462,-0.3210763931274414,0.0061054229736328125,-0.3314219726158595,-1.5547633171081543,0.018314361572265625,-1.6141494007055635,1.7371129989624023,-0.21367454528808594,1.6877835212917875,-0.24547958374023438,0.0659332275390625,-0.22743138364759305,-1.3899059295654297,0.124542236328125,-1.3667704872877844,-1.1806693077087402,0.11599540710449219,-0.9746031719264682,-0.8282418251037598,0.372406005859375,-0.6422534098828349,2.1662373542785645,-0.28693580627441406,2.2114820397642867,-1.6845746040344238,0.3601951599121094,-1.6661799298610411,1.993283748626709,-0.04273414611816406,2.005392491204662,-0.2683677673339844,0.021978378295898438,-0.28542685220637737,-0.7619972229003906,-0.0073261260986328125,-0.7106097299962758,0.17118525505065918,-0.05216789245605469,0.1685968249524981,0.0,0.0,1.743075078353431e-22
0.6003,1785804302.0611,ramp,0,0.184791,0.19968548300982256,2.476259912145259,0.020560086313359295,0.08027424663305283,0.0990414172410965,0.11445990204811096,0.985213577747345,-2.259617328643799,0.7753353118896484,-2.2539671131116163,-0.2282719612121582,-0.14041519165039062,-0.21014730630063955,0.8265161514282227,-0.20146560668945312,0.8065904840789163,-0.009874820709228516,0.21367454528808594,-0.012971455102705774,0.21580886840820312,-0.14041519165039062,0.2057081207685694,-0.256075382232666,0.018314361572265625,-0.25013410645465883,-2.1787004470825195,0.4456653594970703,-2.2205590569404667,0.05551004409790039,0.34798622131347656,0.062005817356270844,1.3689627647399902,-0.20146560668945312,1.3709744732129765,1.3835349082946777,-0.20146560668945312,1.3712483493696694,-0.5548138618469238,0.07936477661132812,-0.5461308366473404,-0.2370924949645996,0.16483497619628906,-0.2341063362677967,-0.03786945343017578,-0.018314361572265625,-0.039734805854736856,0.0677902443513627,-0.5442913912378533,0.30579184166656115,-0.16036073323152716,0.08128521137008889,0.20991130828317675,0.2485971450805664,-0.11599540710449219,0.293548628691571,0.11552619934082031,-0.018314361572265625,0.14439540893946062,-0.3216519355773926,0.0061054229736328125,-0.32994218375112133,-1.5539965629577637,0.05494499206542969,-1.6082817484134633,1.7327022552490234,-0.27472496032714844,1.6802475271289397,-0.24433517456054688,0.05128288269042969,-0.2264159536253435,-1.3868541717529297,0.15384674072265625,-1.3606677669983223,-1.1768341064453125,0.20146560668945312,-0.9693585942763852,-0.8201885223388672,0.3846149444580078,-0.640278737575175,2.1608686447143555,-0.23809432983398438,2.2016077116998267,-1.6774802207946777,0.3235645294189453,-1.6600799505324568,1.9919419288635254,-0.03052520751953125,1.9964383640628784,-0.2679862976074219,0.0073261260986328125,-0.2841524715911612,-0.7616157531738281,-0.0073261260986328125,-0.707436694337322,0.17051410675048828,-0.027618408203125,0.16784403771917572,0.0,0.0,1.8023234176935436e-22
0.6204,1785804302.0813,ramp,0,0.191521,0.2549228728379695,2.6135035220775116,0.03579126218687569,0.07957062870264053,0.12485668063163757,0.11656022071838379,0.9820860028266907,-2.242743968963623,0.9462757110595703,-2.2445560797967268,-0.2313399314880371,-0.16483497619628906,-0.2091844262852175,0.8234481811523438,-0.14041519165039062,0.8028947858095375,-0.0025887489318847656,0.2991447448730469,-0.011079218761984533,0.21465826034545898,-0.05494499206542969,0.20384919446621458,-0.2539658546447754,-0.0061054229736328125,-0.24898798694630925,-2.170647621154785,0.4334545135498047,-2.2113010951466174,0.06049537658691406,0.21367454528808594,0.06172169456848173,1.3649358749389648,-0.1892547607421875,1.3646927552903123,1.3791251182556152,-0.21367454528808594,1.366798199089111,-0.5528964996337891,0.09157562255859375,-0.544544900395291,-0.23613405227661133,0.03052520751953125,-0.23303369333417634,-0.037677764892578125,0.018314361572265625,-0.03955275986442414,0.05076982491629842,-0.9945595007604382,0.30439076071118354,-0.1573855447903978,0.16002003620573524,0.20894952075141524,0.24802207946777344,-0.0061054229736328125,0.29311997290761505,0.11591005325317383,0.05494499206542969,0.144650158334726,-0.3220353126525879,0.04273414611816406,-0.3284304319557056,-1.5528459548950195,0.0061054229736328125,-1.6022873568493483,1.7271418571472168,-0.2991447448730469,1.6725487580833005,-0.24319076538085938,0.05128288269042969,-0.22537859066375204,-1.3841838836669922,0.13919448852539062,-1.3544332300489261,-1.1714653968811035,0.2991447448730469,-0.9640007355523212,-0.8121352195739746,0.372406005859375,-0.6382614130246278,2.1568422317504883,-0.16483497619628906,2.191520101544297,-1.6684679985046387,0.4945049285888672,-1.6538482137477517,1.9911746978759766,-0.04273414611816406,1.98729083085356,-0.2679862976074219,0.0073261260986328125,-0.28285056479283094,-0.7616157531738281,0.0073261260986328125,-0.7041951221991302,0.16974711418151855,-0.04603099822998047,0.16707499054044692,0.0,0.0,1.862851500791848e-22
0.6406,1785804302.1016,ramp,0,0.199849,0.2756818806400008,2.5464403321393543,0.07180454878487992,0.07918890565633774,0.15093229711055756,0.11880063265562057,0.9781793355941772,-2.222227096557617,1.1538467407226562,-2.235127494375842,-0.23421621322631836,-0.128204345703125,-0.2082197504444567,0.8203802108764648,-0.16483497619628906,0.7991921948552028,0.003930568695068359,0.3235645294189453,-0.009183453294151739,0.21274089813232422,-0.09157562255859375,0.20198680116184164,-0.25070619583129883,0.128204345703125,-0.24783972986066924,-2.1620187759399414,0.5555553436279297,-2.2020258667337624,0.06394672393798828,0.128204345703125,0.06143704187572682,1.3584165573120117,-0.3601951599121094,1.358399321610715,1.373755931854248,-0.25030517578125,1.3623397490281985,-0.5513625144958496,0.06715583801269531,-0.5429560062830084,-0.23517513275146484,-0.03052520751953125,-0.23195904986120652,-0.03518533706665039,-0.0061054229736328125,-0.03937037434810924,0.02823271424106989,-1.1416537312132438,0.3029870666610891,-0.15340258453937106,0.15111095485254122,0.20798593943185834,0.24783039093017578,-0.0061054229736328125,0.2926905176565332,0.11706018447875977,0.04273414611816406,0.14490538285192942,-0.3220353126525879,0.0061054229736328125,-0.326915860658237,-1.5528459548950195,-0.03052520751953125,-1.5962817854081055,1.719855785369873,-0.3601951599121094,1.664835630400751,-0.24242782592773438,0.03663063049316406,-0.2243392929619416,-1.3811321258544922,0.124542236328125,-1.3481870653377634,-1.1647539138793945,0.3113555908203125,-0.9586328841206466,-0.8031234741210938,0.4212455749511719,-0.6362403260504285,2.1541576385498047,-0.05494499206542969,2.1814136774289445,-1.6567716598510742,0.6043949127197266,-1.6476048544237443,1.9902162551879883,-0.0061054229736328125,1.978126236980751,-0.2679862976074219,0.0073261260986328125,-0.28154622986515987,-0.7612342834472656,0.03663063049316406,-0.7009475043467374,0.16898012161254883,-0.039893150329589844,0.16630450904551244,0.0,0.0,1.9234924721665669e-22
0.6606,1785804302.1215,ramp,0,0.209198,0.28226092050741897,2.5040049906978137,0.1302559163179401,0.07895558327436447,0.17614030838012695,0.12129811942577362,0.9736669659614563,-2.1961498260498047,1.2637367248535156,-2.2258028934424994,-0.23690080642700195,-0.128204345703125,-0.20726571366761354,0.8155865669250488,-0.2625160217285156,0.7955304384487644,0.011600494384765625,0.34798622131347656,-0.007308595543847392,0.2110152244567871,-0.05494499206542969,0.2001449475253735,-0.2485971450805664,0.03052520751953125,-0.24670413649066494,-2.1495561599731445,0.6532363891601562,-2.1928529314890017,0.06586408615112305,0.05494499206542969,0.06115552851544463,1.3503632545471191,-0.3113555908203125,1.352175295954362,1.3685789108276367,-0.23809432983398438,1.35793046961422,-0.5492534637451172,0.06715583801269531,-0.541384635514117,-0.23383331298828125,0.14041519165039062,-0.23089625824573592,-0.03441810607910156,-0.018314361572265625,-0.03919000029625083,0.004301122002520788,-1.16726365316251,0.3015988534493123,-0.1502886230615163,0.09009294328339036,0.20703298510513723,0.24802207946777344,0.0061054229736328125,0.2922657987134141,0.11725187301635742,-0.0061054229736328125,0.14515779258945544,-0.32222700119018555,0.0061054229736328125,-0.3254179930244871,-1.5528459548950195,0.018314361572265625,-1.5903424472607068,1.71333646774292,-0.3846149444580078,1.6572075680375062,-0.24128341674804688,0.05128288269042969,-0.2233114573017951,-1.3784618377685547,0.13919448852539062,-1.3420097873373429,-1.1576595306396484,0.39682579040527344,-0.9533242327975152,-0.7923855781555176,0.5189247131347656,-0.6342415289197112,2.1520485877990723,-0.06715583801269531,2.171418713441024,-1.6435413360595703,0.6776561737060547,-1.6414303508708699,1.9890656471252441,-0.04273414611816406,1.9690627161273675,-0.2679862976074219,0.0073261260986328125,-0.28025627997967517,-0.7597084045410156,0.05128288269042969,-0.6977357033070516,0.1682131290435791,-0.04603099822998047,0.16554252491469304,0.0,0.0,1.9834646560136794e-22
0.6804,1785804302.1412,ramp,0,0.219965,0.2853331098514208,2.6601911328315815,0.17077165956812998,0.07872230559587479,0.2017187923192978,0.12432713061571121,0.9683259129524231,-2.171222686767578,1.2271060943603516,-2.2165723740012333,-0.2393937110900879,-0.128204345703125,-0.20632130274008043,0.811368465423584,-0.23809432983398438,0.7919056276991752,0.01754474639892578,0.28693580627441406,-0.005452654357998667,0.21005678176879883,-0.06715583801269531,0.19832167745505938,-0.24802207946777344,0.05494499206542969,-0.24558000080334383,-2.137667655944824,0.6166057586669922,-2.1837725474902094,0.06643962860107422,0.0061054229736328125,0.06087685551231703,1.3434605598449707,-0.3601951599121094,1.3460140682262693,1.3641691207885742,-0.25030517578125,1.3535656780651069,-0.5475273132324219,0.06715583801269531,-0.5398291192474823,-0.23287439346313477,-0.03052520751953125,-0.22984418977237767,-0.034801483154296875,-0.0061054229736328125,-0.03901144614639702,-0.022108880990711406,-1.3977806112601172,0.30022464675333355,-0.1491358226107502,0.08097920185781529,0.20608964570623758,0.24974775314331055,0.06715583801269531,0.29184536501447517,0.11744403839111328,-0.0061054229736328125,0.1454076556137343,-0.32452821731567383,-0.0061054229736328125,-0.3239352382757736,-1.5528459548950195,0.018314361572265625,-1.584463034658524,1.7077760696411133,-0.3235645294189453,1.6496564697710536,-0.24052047729492188,0.03663063049316406,-0.22229399209215975,-1.3742656707763672,0.21245384216308594,-1.3358948356000406,-1.1463470458984375,0.5921859741210938,-0.9480691436419191,-0.7806892395019531,0.4822959899902344,-0.6322628988522022,2.14993953704834,-0.09157562255859375,2.161524594640148,-1.62935209274292,0.6898651123046875,-1.6353181455880486,1.9875316619873047,-0.09157562255859375,1.960090642572527,-0.2679862976074219,0.0073261260986328125,-0.2789793451723473,-0.7570381164550781,0.16849899291992188,-0.6945563080546189,0.16744613647460938,-0.039893150329589844,0.1647882288988373,0.0,0.0,2.0428317445243037e-22
0.7005,1785804302.1613,ramp,0,0.231004,0.2068058270135561,2.673173244197391,0.1358114118322783,0.07789058238267899,0.22784128785133362,0.1273675411939621,0.9621844291687012,-2.1464881896972656,1.1904754638671875,-2.2071760548953794,-0.24131107330322266,-0.04273414611816406,-0.20535992819354257,0.8063831329345703,-0.22588539123535156,0.7882157076769929,0.024639129638671875,0.3113555908203125,-0.0035633765405480786,0.20871448516845703,-0.04273414611816406,0.19646565759552334,-0.24667978286743164,0.14041519165039062,-0.24443567325996365,-2.1236705780029297,0.6776561737060547,-2.174529060577123,0.06663131713867188,-0.0061054229736328125,0.0605931769522712,1.3334898948669434,-0.45787620544433594,1.3397421718085905,1.3580327033996582,-0.3235645294189453,1.34912248562215,-0.5456099510192871,0.04273414611816406,-0.5382456626166127,-0.23191499710083008,0.1892547607421875,-0.2287732239226458,-0.036719322204589844,-0.0061054229736328125,-0.03882968478612077,-0.05316535338060634,-1.5809070957189904,0.29882575639673126,-0.14770421452856178,0.09957597181119783,0.20512936193525522,0.2516651153564453,0.07936477661132812,0.2914173794364996,0.11725187301635742,-0.03052520751953125,0.14566200670673804,-0.3264460563659668,-0.018314361572265625,-0.32242585011367886,-1.552079200744629,-0.0061054229736328125,-1.5784780153628484,1.7014479637145996,-0.3235645294189453,1.641969737798631,-0.23899459838867188,0.0659332275390625,-0.2212582510540014,-1.3700695037841797,0.22710609436035156,-1.3296700463878852,-1.1329245567321777,0.6532363891601562,-0.9427196619632457,-0.7697601318359375,0.47008514404296875,-0.6302487284011188,2.147446632385254,-0.06715583801269531,2.1514527565257464,-1.614396095275879,0.7142848968505859,-1.6290961521625091,1.9844632148742676,-0.15262603759765625,1.950957411588193,-0.2679862976074219,0.0073261260986328125,-0.2776794739133819,-0.7536048889160156,0.1978015899658203,-0.6913198041345973,0.16667914390563965,-0.033756256103515625,0.1640203841301487,0.0,0.0,2.103265191588768e-22
0.7203,1785804302.1812,ramp,0,0.239655,0.3951839441538226,1.3744747491369802,0.31393785680385283,0.07695965468883514,0.24729280173778534,0.1299152374267578,0.9571027159690857,-2.1136999130249023,2.008546829223633,-2.1979390665052376,-0.2424616813659668,-0.1770458221435547,-0.2044148554022816,0.8023567199707031,-0.128204345703125,0.7845883565811564,0.03441810607910156,0.4945049285888672,-0.0017061346707321415,0.20679712295532227,-0.07936477661132812,0.19464110973787066,-0.24476242065429688,0.1892547607421875,-0.2433107497538923,-2.101811408996582,1.2148971557617188,-2.1654423128476408,0.06797361373901367,-0.10378456115722656,0.06031430864903924,1.3212180137634277,-0.6043949127197266,1.333576626158041,1.3657031059265137,0.5555553436279297,1.344754635132144,-0.5456099510192871,0.128204345703125,-0.5366890562103314,-0.23038148880004883,-0.0061054229736328125,-0.22772041813680902,-0.03902006149291992,-0.28693580627441406,-0.0386510055016335,-0.08071973475531145,-1.084735926409728,0.297450586626798,-0.15000041814966067,-0.21430531030004232,0.20418536142357832,0.26125240325927734,0.4334545135498047,0.290996651088476,0.11725187301635742,-0.09157562255859375,0.1459120448404612,-0.32702112197875977,-0.05494499206542969,-0.3209420562181735,-1.550736904144287,0.20146560668945312,-1.5725944823403812,1.6939702033996582,-0.4334545135498047,1.6344133475582059,-0.23823165893554688,0.03663063049316406,-0.2202400727826077,-1.3658733367919922,0.1831493377685547,-1.323550809159348,-1.1116409301757812,1.1294269561767578,-0.9374608899268216,-0.754420280456543,0.4822959899902344,-0.6282687116666047,2.1459126472473145,0.128204345703125,2.1415517037111242,-1.599822998046875,0.47008514404296875,-1.6229796633132276,1.978902816772461,-0.3113555908203125,1.9419790502089782,-0.2679862976074219,0.0073261260986328125,-0.27640164420235575,-0.7482643127441406,0.27106285095214844,-0.6881381806927899,0.16591215133666992,-0.039893150329589844,0.16326555948723198,0.0,0.0,2.1626738858468124e-22
0.7401,1785804302.2009,ramp,0,0.257538,0.4328091506134893,1.7215177955298766,0.09726585018939381,0.08144459873437881,0.25971606373786926,0.13308344781398773,0.9529969692230225,-2.080911636352539,1.3125762939453125,-2.188690725593387,-0.24591302871704102,-0.04273414611816406,-0.20346862108965388,0.7979459762573242,-0.1770458221435547,0.7809565473675522,0.04342985153198242,0.3846149444580078,0.00015338980221763637,0.2062220573425293,-0.04273414611816406,0.19281431945895589,-0.24342012405395508,0.20146560668945312,-0.24218444368480532,-2.0841712951660156,0.6776561737060547,-2.156344397246498,0.06222105026245117,-0.28693580627441406,0.060035097608723206,1.3076043128967285,-0.6166057586669922,1.3274035028763538,1.3687710762023926,-0.06715583801269531,1.3403814164295327,-0.5404329299926758,0.07936477661132812,-0.53513053669046,-0.22884750366210938,0.018314361572265625,-0.22666631842268797,-0.04093742370605469,0.018314361572265625,-0.038472106615218576,-0.11208980250152488,-1.77546930867847,0.29607372673406634,-0.15546297609177825,-0.1690186180425266,0.2032402007083968,0.27850961685180664,0.75091552734375,0.2905754056533345,0.11533451080322266,-0.14041519165039062,0.14616239027816935,-0.3312392234802246,-0.10378456115722656,-0.31945643869772694,-1.5430665016174316,0.4945049285888672,-1.566703718288325,1.685725212097168,-0.4456653594970703,1.626847670299044,-0.23746871948242188,0.03663063049316406,-0.21922064314113082,-1.3609142303466797,0.22710609436035156,-1.3174240512140416,-1.0844130516052246,1.2148971557617188,-0.9321956547098471,-0.749051570892334,0.22588539123535156,-0.6262862614351526,2.1461048126220703,0.0061054229736328125,2.131638482220708,-1.59330415725708,0.372406005859375,-1.6168556571250132,1.9723834991455078,-0.3235645294189453,1.9329896541680136,-0.2679862976074219,0.0073261260986328125,-0.27512224400223484,-0.7440681457519531,0.1978015899658203,-0.6849526469451914,0.1651451587677002,-0.05830574035644531,0.1625098071433392,0.0,0.0,2.222155595081471e-22
0.7610,1785804302.2221,ramp,0,0.269544,0.316967202543818,1.737630186440965,-0.13962183775282844,0.08244610577821732,0.27716299891471863,0.1330452561378479,0.9479885697364807,-2.0573267936706543,1.166055679321289,-2.1789230723986064,-0.2455291748046875,0.06715583801269531,-0.20246925388478526,0.7921938896179199,-0.28693580627441406,0.7771208050213076,0.05205869674682617,0.40903472900390625,0.0021173301815893483,0.20583820343017578,0.018314361572265625,0.19088495136211486,-0.24169445037841797,0.16483497619628906,-0.2409948933450336,-2.067681312561035,0.8119659423828125,-2.146735616035431,0.059345245361328125,-0.07936477661132812,0.059740208326855795,1.293990135192871,-0.6654453277587891,1.3208837467472432,1.362443447113037,-0.3601951599121094,1.3357626330132233,-0.5392823219299316,0.06715583801269531,-0.5334845032761975,-0.2269296646118164,0.1770458221435547,-0.22555302896478557,-0.03863668441772461,-0.0061054229736328125,-0.03828316220928799,-0.14992712595781374,-1.7665990236068942,0.2946195534874063,-0.1584964533702762,-0.060032969280833834,0.20224196738555364,0.29135608673095703,0.5067157745361328,0.29013050646984173,0.11284208297729492,-0.07936477661132812,0.14642679309784642,-0.3335404396057129,-0.05494499206542969,-0.31788740087157835,-1.5325207710266113,0.45787620544433594,-1.560482176407334,1.6770968437194824,-0.3235645294189453,1.6188571655852275,-0.23632431030273438,0.05128288269042969,-0.2181439705477076,-1.3555736541748047,0.2564105987548828,-1.310953263924893,-1.0625543594360352,0.9462757110595703,-0.9266347663214826,-0.7432990074157715,0.3846149444580078,-0.6241924927774769,2.1439952850341797,-0.1770458221435547,2.1211686141130848,-1.5829501152038574,0.5433464050292969,-1.610387776109456,1.9652891159057617,-0.28693580627441406,1.923495486100944,-0.2679862976074219,0.0073261260986328125,-0.27377100299898643,-0.7387275695800781,0.2564105987548828,-0.6815882392980924,0.16437792778015137,-0.021480560302734375,0.16171161783926336,0.0,0.0,2.2849773176774007e-22
0.7804,1785804302.2412,ramp,0,0.278710,0.24072429606523926,1.7270952538008295,-0.13603267890697185,0.08234472572803497,0.29329898953437805,0.13247212767601013,0.9432106018066406,-2.0379600524902344,0.9340667724609375,-2.1698744211223624,-0.24457073211669922,0.03052520751953125,-0.20154345060804693,0.7877836227416992,-0.23809432983398438,0.7735674136196515,0.05781126022338867,0.25030517578125,0.003936703910968502,0.20507144927978516,-0.06715583801269531,0.1890976050319692,-0.24054384231567383,0.09157562255859375,-0.2398929064106608,-2.051957130432129,0.7753353118896484,-2.137834142095392,0.057044029235839844,-0.15262603759765625,0.05946702599497834,1.282102108001709,-0.5677661895751953,1.3148439131821035,1.3566908836364746,-0.3235645294189453,1.3314838405928475,-0.5379400253295898,0.06715583801269531,-0.5319596352185694,-0.22501230239868164,0.09157562255859375,-0.22452168930998898,-0.03844499588012695,-0.0061054229736328125,-0.0381081260971565,-0.1822215182830679,-1.713618350406939,0.2932724226728825,-0.1601713355076935,-0.01178096028490663,0.2013172145252083,0.30056047439575195,0.372406005859375,0.2897183565414777,0.11130809783935547,-0.03052520751953125,0.14667173309151782,-0.33373212814331055,0.0061054229736328125,-0.3164338607176709,-1.5248513221740723,0.3601951599121094,-1.5547186053878672,1.6715354919433594,-0.3601951599121094,1.61145484598658,-0.23517990112304688,0.03663063049316406,-0.21714655237137603,-1.3513774871826172,0.22710609436035156,-1.3049587945785053,-1.0466394424438477,0.7631263732910156,-0.9214832177551066,-0.7373552322387695,0.27472496032714844,-0.6222528474953775,2.1397767066955566,-0.27472496032714844,2.1114694383208086,-1.574704647064209,0.4212455749511719,-1.6043959991043821,1.9589614868164062,-0.28693580627441406,1.9147001885730917,-0.2679862976074219,0.0073261260986328125,-0.2725192275330954,-0.7337684631347656,0.28571510314941406,-0.6784714874087034,0.16370677947998047,-0.033756256103515625,0.16097218365574112,0.0,0.0,2.3431747013280917e-22
0.8003,1785804302.2611,ramp,0,0.286798,0.13787031831577537,1.6774431452793375,-0.1485801873500154,0.08151461184024811,0.30918028950691223,0.13205915689468384,0.9382554888725281,-2.0201282501220703,0.7631263732910156,-2.1605914783140165,-0.2441873550415039,0.018314361572265625,-0.20059367603862535,0.783757209777832,-0.1770458221435547,0.7699220162946556,0.06241273880004883,0.21367454528808594,0.0058031856397067275,0.2035369873046875,-0.07936477661132812,0.18726397996952396,-0.2393937110900879,0.14041519165039062,-0.2387623863613156,-2.0379600524902344,0.6166057586669922,-2.1287021874015144,0.05455160140991211,-0.10378456115722656,0.059186770309832576,1.2709808349609375,-0.4822959899902344,1.3086476936743061,1.3511300086975098,-0.22588539123535156,1.327094259857052,-0.5364060401916504,0.07936477661132812,-0.530395284627847,-0.2238621711730957,0.04273414611816406,-0.22346364576966699,-0.04074573516845703,-0.0061054229736328125,-0.03792855787547272,-0.21565598999815544,-1.4886348889175707,0.2918904113736499,-0.15927248312842066,0.06190887461307512,0.2003685175700082,0.30535364151000977,0.16483497619628906,0.28929553505165956,0.11092472076416016,-0.0061054229736328125,0.14692301517581002,-0.3339238166809082,-0.018314361572265625,-0.31494268488312627,-1.5173726081848145,0.3601951599121094,-1.5488058015332185,1.6648244857788086,-0.3601951599121094,1.6038608623766977,-0.23403549194335938,0.05128288269042969,-0.21612330861888462,-1.3464183807373047,0.2417583465576172,-1.2988091138791293,-1.032066822052002,0.6654453277587891,-0.9161982830995263,-0.7310271263122559,0.34798622131347656,-0.6202629800916598,2.133449077606201,-0.27472496032714844,2.101519127338644,-1.5672264099121094,0.4456653594970703,-1.5982490804575684,1.953592300415039,-0.2991447448730469,1.9056771594562787,-0.2679862976074219,0.0073261260986328125,-0.27123504056378833,-0.7272834777832031,0.34432220458984375,-0.6752740352521637,0.16293978691101074,-0.039893150329589844,0.16021360372746016,0.0,0.0,2.402878956418908e-22
0.8204,1785804302.2814,ramp,0,0.292623,0.06184425972895633,1.55950332535047,-0.18602240135328005,0.07972728461027145,0.32409539818763733,0.13161733746528625,0.9334251880645752,-2.0053634643554688,0.5921859741210938,-2.15118111304183,-0.24322843551635742,0.05494499206542969,-0.19963086437329267,0.7803058624267578,-0.15262603759765625,0.7662265803646161,0.06720638275146484,0.23809432983398438,0.007695287659930161,0.20238637924194336,-0.07936477661132812,0.18540518562315209,-0.23785972595214844,0.11599540710449219,-0.2376163482103206,-2.0253047943115234,0.6654453277587891,-2.1194448827845784,0.05340099334716797,-0.06715583801269531,0.05890266769051474,1.2610101699829102,-0.39682579040527344,1.3023664216597244,1.3472952842712402,-0.1770458221435547,1.3226444254706493,-0.5348720550537109,0.07936477661132812,-0.5288094609535673,-0.22194480895996094,0.1770458221435547,-0.22239107897766264,-0.0426630973815918,-0.14041519165039062,-0.03774652480770436,-0.2477735707657102,-1.5611022412583828,0.29048942987407883,-0.15653857916944086,0.18214014489365138,0.19940679831078603,0.3061208724975586,-0.09157562255859375,0.28886690969585727,0.11092472076416016,-0.0061054229736328125,0.14717774648767595,-0.33449888229370117,0.0061054229736328125,-0.3134310403994926,-1.5100865364074707,0.39682579040527344,-1.5428118354813092,1.656196117401123,-0.4334545135498047,1.5961626398285909,-0.23250961303710938,0.0659332275390625,-0.21508601929455848,-1.3414583206176758,0.2417583465576172,-1.292575019488672,-1.0167274475097656,0.8485965728759766,-0.9108408047033503,-0.7229738235473633,0.4334545135498047,-0.6182457987410038,2.1267380714416504,-0.3846149444580078,2.0914322332526614,-1.5572562217712402,0.5677661895751953,-1.592017786033032,1.9474568367004395,-0.3846149444580078,1.8965302755850941,-0.2679862976074219,0.0073261260986328125,-0.2699332261813818,-0.7204170227050781,0.3150177001953125,-0.6720326932171435,0.16217279434204102,-0.021480560302734375,0.15944461113958647,0.0,0.0,2.4634027429279983e-22
0.8404,1785804302.3013,ramp,0,0.296480,-0.05358095772557723,1.401710764447166,-0.20228932218662032,0.07728391140699387,0.3378380835056305,0.13103142380714417,0.9288290739059448,-1.9925169944763184,0.5189247131347656,-2.1418721777295406,-0.2424616813659668,0.03052520751953125,-0.1986784304080576,0.7762789726257324,-0.1892547607421875,0.7625709758234063,0.07161664962768555,0.21367454528808594,0.009566995590606309,0.2008523941040039,-0.07936477661132812,0.1835664263583692,-0.2367091178894043,0.128204345703125,-0.23648266267267629,-2.0109243392944336,0.6532363891601562,-2.1102873583577724,0.05205869674682617,-0.09157562255859375,0.05862162728147787,1.2510395050048828,-0.47008514404296875,1.2961528525610357,1.3436522483825684,-0.1770458221435547,1.3182425537839193,-0.5327630043029785,0.11599540710449219,-0.5272407301366883,-0.22041082382202148,-0.018314361572265625,-0.22133007288532866,-0.04458045959472656,-0.10378456115722656,-0.03756645378989153,-0.27989659287859536,-1.602401517095253,0.28910354890389306,-0.15344221453335788,0.24542556513646924,0.19845544497712297,0.3011355400085449,-0.23809432983398438,0.2884429042938393,0.1107330322265625,0.0061054229736328125,0.1474297321689526,-0.33449888229370117,0.03052520751953125,-0.3119356892301904,-1.5016498565673828,0.4456653594970703,-1.5368824756076604,1.6477599143981934,-0.4334545135498047,1.5885473928485676,-0.23174667358398438,0.03663063049316406,-0.21405991043045094,-1.3349733352661133,0.34432220458984375,-1.2864081195083925,-1.0006203651428223,0.7631263732910156,-0.905541072080389,-0.7135787010192871,0.4456653594970703,-0.6162503596519481,2.120602607727051,-0.23809432983398438,2.081454061116681,-1.545943260192871,0.5555553436279297,-1.5858536558391398,1.9432382583618164,-0.3235645294189453,1.8874819817300679,-0.2679862976074219,0.0073261260986328125,-0.26864544345202823,-0.7143125534057617,0.3150177001953125,-0.6688262881036047,0.1611182689666748,-0.07058048248291016,0.15868390716592629,0.0,0.0,2.5232741716315286e-22
0.8606,1785804302.3216,ramp,0,0.297709,-0.09908048654428175,1.1533279827456724,-0.17697011707101895,0.0742199569940567,0.3493790626525879,0.1305958330631256,0.9248623847961426,-1.9829292297363281,0.5067157745361328,-2.1324248549054405,-0.24207782745361328,0.0061054229736328125,-0.19771183746951446,0.7722525596618652,-0.20146560668945312,0.7588610267197249,0.07487630844116211,0.15262603759765625,0.011466528508208965,0.1995105743408203,-0.07936477661132812,0.18170033192463983,-0.23555898666381836,0.11599540710449219,-0.23533212365872483,-1.997884750366211,0.7020759582519531,-2.1009936973076835,0.05033302307128906,-0.09157562255859375,0.05833640889916906,1.2427945137023926,-0.34798622131347656,1.289846911957101,1.3398175239562988,-0.1892547607421875,1.3137752434568288,-0.5310373306274414,0.09157562255859375,-0.5256486784192803,-0.21887683868408203,0.04273414611816406,-0.22025329377618783,-0.046689510345458984,-0.14041519165039062,-0.037383705819315736,-0.3115740049376903,-1.505022334595345,0.2876970652962738,-0.15040781885136484,0.15660772134899162,0.19748994873492287,0.29250669479370117,-0.3235645294189453,0.28801259558745707,0.1107330322265625,0.018314361572265625,0.14768546389317344,-0.3339238166809082,0.018314361572265625,-0.31041810802913256,-1.4941720962524414,0.3113555908203125,-1.5308649693099559,1.6408562660217285,-0.2991447448730469,1.5808189368874916,-0.23060226440429688,0.0659332275390625,-0.2130185473350283,-1.3281068801879883,0.3150177001953125,-1.28014954181039,-0.9856648445129395,0.7020759582519531,-0.9001625531315643,-0.7037992477416992,0.4822959899902344,-0.6142252561768761,2.1158089637756348,-0.15262603759765625,2.071327552531043,-1.5353970527648926,0.4945049285888672,-1.5795978891034315,1.9361438751220703,-0.39682579040527344,1.878299175083758,-0.2679862976074219,0.0073261260986328125,-0.26733851642295725,-0.7085905075073242,0.2564105987548828,-0.665572216268724,0.1604471206665039,-0.033756256103515625,0.15791189449512644,0.0,0.0,2.584035654650502e-22
0.8804,1785804302.3412,ramp,0,0.296617,-0.0645959709252807,0.028375615230144396,-0.11997353457292823,0.07238134741783142,0.35417765378952026,0.13001684844493866,0.9232631325721741,-1.9629883766174316,1.1050052642822266,-2.1232112255964837,-0.24188613891601562,-0.0061054229736328125,-0.19676915463817599,0.7676506042480469,-0.25030517578125,0.7552428486990462,0.07966995239257812,0.25030517578125,0.013319073667172311,0.19855165481567383,-0.05494499206542969,0.17988039809915138,-0.2340250015258789,0.07936477661132812,-0.2342100449304529,-1.9756431579589844,1.166055679321289,-2.0919299287212896,0.04784059524536133,-0.15262603759765625,0.05805824581576201,1.232248306274414,-0.5555553436279297,1.283696958128834,1.3369412422180176,-0.11599540710449219,1.3094184386637417,-0.5291199684143066,0.09157562255859375,-0.5240960084578532,-0.21715116500854492,0.1892547607421875,-0.21920315039229255,-0.04956626892089844,-0.1892547607421875,-0.037205478390318174,-0.32259777610510715,-0.09199423794197996,0.2863253731427392,-0.1494170671806694,0.06067475173243162,0.19654833547151992,0.278317928314209,-0.8241748809814453,0.2875929312039231,0.1107330322265625,0.018314361572265625,0.14793486971463007,-0.3312392234802246,0.128204345703125,-0.30893806644559335,-1.4930214881896973,0.05494499206542969,-1.524996314938378,1.6345291137695312,-0.3601951599121094,1.5732816557252245,-0.22945785522460938,0.03663063049316406,-0.21200294389732474,-1.3216218948364258,0.3296699523925781,-1.2740457792964648,-0.9776110649108887,0.27472496032714844,-0.8949170798108844,-0.6978554725646973,0.3113555908203125,-0.6122502466340674,2.108522415161133,-0.33577537536621094,2.0614515381257745,-1.5277271270751953,0.5067157745361328,-1.5734968680184866,1.930391788482666,-0.3113555908203125,1.8693435187533654,-0.2679862976074219,0.0073261260986328125,-0.2660639181686245,-0.7036314010620117,0.2564105987548828,-0.6623986387177566,0.159775972366333,-0.033756256103515625,0.15715897870056697,0.0,0.0,2.6432941124403762e-22
0.9002,1785804302.3610,ramp,0,0.294200,-0.07677765258070983,0.026356029904023425,-0.1119434464184452,0.07174919545650482,0.3537185788154602,0.12937116622924805,0.9235790967941284,-1.9443888664245605,0.6532363891601562,-2.1139501227843778,-0.24188613891601562,-0.0061054229736328125,-0.19582161460509195,0.7630486488342285,-0.15262603759765625,0.7516060279068929,0.08503913879394531,0.27472496032714844,0.015181164120990576,0.19682598114013672,-0.07936477661132812,0.1780510870096882,-0.2326827049255371,0.07936477661132812,-0.23308218465766092,-1.9568519592285156,0.7020759582519531,-2.0828194587936433,0.044963836669921875,-0.16483497619628906,0.05777864948867071,1.220935344696045,-0.45787620544433594,1.277515316477816,1.3346405029296875,-0.11599540710449219,1.305039185302438,-0.5273942947387695,0.09157562255859375,-0.522535338317579,-0.2154254913330078,0.018314361572265625,-0.21814759611291074,-0.050908565521240234,-0.04273414611816406,-0.03702633263911249,-0.32211355910927014,-0.008769752846588562,0.28494661330397575,-0.14954756883515585,0.005214043232073518,0.19560187051735253,0.26259422302246094,-0.5311355590820312,0.2871711044869845,0.1107330322265625,-0.05494499206542969,0.14818556060711066,-0.32970571517944336,0.0061054229736328125,-0.30745039890311643,-1.4924464225769043,0.128204345703125,-1.519097422147992,1.6266674995422363,-0.40903472900390625,1.5657055384942382,-0.22869491577148438,0.03663063049316406,-0.21098210753225008,-1.3158998489379883,0.2564105987548828,-1.26791056696193,-0.9695577621459961,0.5311355590820312,-0.8896445790305729,-0.6934452056884766,0.128204345703125,-0.610265060794969,2.103153705596924,-0.22588539123535156,2.051524637258153,-1.519482135772705,0.4334545135498047,-1.567364411238228,1.9246392250061035,-0.34798622131347656,1.860341718133383,-0.2679862976074219,0.0073261260986328125,-0.2647827525083097,-0.6986722946166992,0.2564105987548828,-0.659208709212656,0.1591048240661621,-0.04603099822998047,0.15640218348464754,0.0,0.0,2.702857901222866e-22
0.9201,1785804302.3810,ramp,0,0.290972,-0.10352253937399307,-0.15733539601267812,-0.10527826161214143,0.07068467885255814,0.35339879989624023,0.12885145843029022,0.9238561987876892,-1.9317336082458496,0.4822959899902344,-2.104643144916226,-0.24188613891601562,-0.0061054229736328125,-0.19486938091370332,0.7601723670959473,-0.11599540710449219,0.747951192050977,0.09021615982055664,0.27472496032714844,0.01705247847672047,0.19567537307739258,-0.05494499206542969,0.1762127143915434,-0.23172330856323242,0.14041519165039062,-0.23194873750668865,-1.944772720336914,0.5311355590820312,-2.0736638599729242,0.04189586639404297,-0.128204345703125,0.05749766817564026,1.2126903533935547,-0.4212455749511719,1.2713030539425523,1.3323392868041992,-0.09157562255859375,1.3006382392229483,-0.5256686210632324,0.09157562255859375,-0.520966937366881,-0.21427488327026367,0.05494499206542969,-0.2170868131245178,-0.05110025405883789,-0.0061054229736328125,-0.03684629948588312,-0.322322426184537,0.004523277318192083,0.2835610237510669,-0.14958074354627446,0.007318358255492876,0.1946507172303052,0.25185680389404297,-0.5921859741210938,0.286747188243056,0.11034917831420898,-0.05494499206542969,0.14843749330188805,-0.3295135498046875,0.018314361572265625,-0.3059553621700286,-1.4911041259765625,0.018314361572265625,-1.5131693090754363,1.6178474426269531,-0.4456653594970703,1.5580918928166259,-0.22755050659179688,0.05128288269042969,-0.2099562144340398,-1.3094148635864258,0.34432220458984375,-1.2617449637316875,-0.9613127708435059,0.3846149444580078,-0.8843459608133094,-0.6911444664001465,0.018314361572265625,-0.6082700412985322,2.098360061645508,-0.372406005859375,2.041548563290641,-1.5118122100830078,0.3601951599121094,-1.5612015772119539,1.916393756866455,-0.47008514404296875,1.851295326915894,-0.2679862976074219,0.0073261260986328125,-0.2634952405685436,-0.6933317184448242,0.2564105987548828,-0.6560029783286268,0.15824198722839355,-0.04603099822998047,0.15564163946864992,0.0,0.0,2.7627167404117896e-22
0.9404,1785804302.4013,ramp,0,0.287349,-0.08534643996706703,-0.08117027048268652,-0.1045225480409394,0.06963881105184555,0.35268503427505493,0.12817071378231049,0.9243029356002808,-1.9271321296691895,0.14041519165039062,-2.095170681097467,-0.24188613891601562,-0.0061054229736328125,-0.19390021570062724,0.7565293312072754,-0.1770458221435547,0.7442313701174649,0.0934758186340332,0.07936477661132812,0.018957066386919783,0.19414138793945312,-0.07936477661132812,0.17434165395092893,-0.23076486587524414,0.09157562255859375,-0.23079513670520832,-1.9384450912475586,0.27472496032714844,-2.064345466849298,0.04017019271850586,-0.06715583801269531,0.057211690776839734,1.2073216438293457,-0.15262603759765625,1.2649803321168902,1.3288874626159668,-0.1892547607421875,1.2961590405940437,-0.5237512588500977,0.07936477661132812,-0.5193706489186585,-0.21312427520751953,0.05494499206542969,-0.21600716851598256,-0.05071687698364258,0.03052520751953125,-0.03666306519067995,-0.32239257460975107,5.566970658743053e-05,0.28215079724214914,-0.14963330555680404,0.003970344330052649,0.19368265163207488,0.24399518966674805,-0.47008514404296875,0.2863157344092033,0.10996580123901367,-0.018314361572265625,0.1486939055733953,-0.3295135498046875,0.0061054229736328125,-0.30443374241735366,-1.4897618293762207,0.15262603759765625,-1.5071357891306378,1.6101775169372559,-0.34798622131347656,1.550342870069207,-0.22640609741210938,0.03663063049316406,-0.2089120800874906,-1.3033113479614258,0.28571510314941406,-1.2554697308530163,-0.9519176483154297,0.39682579040527344,-0.8789531286755867,-0.6903772354125977,-0.0061054229736328125,-0.6062395486654313,2.0914573669433594,-0.3846149444580078,2.0313951062770728,-1.504526138305664,0.3846149444580078,-1.5549291627760433,1.9085326194763184,-0.3601951599121094,1.842088083199195,-0.2679862976074219,0.0073261260986328125,-0.26218483557581373,-0.6887540817260742,0.21245384216308594,-0.6527402468338466,0.15747499465942383,-0.027618408203125,0.15486757233577714,0.0,0.0,2.823639920469006e-22
0.9608,1785804302.4219,ramp,0,0.284533,-0.05382539014056527,-0.11184745610590466,-0.08476440611083022,0.06888877600431442,0.3521229028701782,0.12746593356132507,0.9246708154678345,-1.9263648986816406,-0.0061054229736328125,-2.085682068949072,-0.24188613891601562,-0.0061054229736328125,-0.1929293982881201,0.7530779838562012,-0.1892547607421875,0.7405052067598081,0.09443426132202148,-0.0061054229736328125,0.020864901172903863,0.19241571426391602,-0.11599540710449219,0.17246740379100364,-0.2299976348876953,0.06715583801269531,-0.22963956928486653,-1.9351844787597656,0.10378456115722656,-2.055011188050444,0.03959512710571289,-0.018314361572265625,0.056925225853632404,1.2057876586914062,-0.018314361572265625,1.2586468315331156,1.3240938186645508,-0.27472496032714844,1.291672205981793,-0.5222172737121582,0.07936477661132812,-0.5177716391729417,-0.21254920959472656,-0.018314361572265625,-0.21492568336655304,-0.04860687255859375,0.0061054229736328125,-0.03647951852396964,-0.32239257460975107,0.026531562367833144,0.2807381666277143,-0.14963330555680404,0.0002365922999582149,0.1927129357089989,0.23440837860107422,-0.40903472900390625,0.28588354504773444,0.10977411270141602,-0.03052520751953125,0.14895075496770005,-0.3295135498046875,0.018314361572265625,-0.30290952865980125,-1.485926628112793,0.21367454528808594,-1.501091983449119,1.6025075912475586,-0.33577537536621094,1.5425806370550532,-0.22564315795898438,0.03663063049316406,-0.207866165736717,-1.2964448928833008,0.34432220458984375,-1.2491838001737507,-0.9448227882385254,0.27472496032714844,-0.8735511030236213,-0.6903772354125977,-0.05494499206542969,-0.6042055945185162,2.086280345916748,-0.128204345703125,2.0212243400001557,-1.4964728355407715,0.3846149444580078,-1.548646055344323,1.9012465476989746,-0.2991447448730469,1.8328651432909433,-0.2679862976074219,0.0073261260986328125,-0.26087219664984485,-0.6849393844604492,0.15384674072265625,-0.6494719531469375,0.15680384635925293,-0.04603099822998047,0.15409218559995194,0.0,0.0,2.884666960262495e-22
0.9804,1785804302.4412,ramp,0,0.283308,0.05098413015258699,-0.15123773915704863,-0.056360149415399866,0.06888341903686523,0.3513665497303009,0.12671469151973724,0.9250621795654297,-1.9265565872192383,-0.07936477661132812,-2.0765212014632306,-0.24188613891601562,-0.0061054229736328125,-0.19199211372744485,0.7494349479675293,-0.15262603759765625,0.7369077482256992,0.09424257278442383,-0.05494499206542969,0.02270683773706575,0.18992328643798828,-0.15262603759765625,0.17065789181160446,-0.2296142578125,0.03052520751953125,-0.2285239161373724,-1.9348011016845703,0.0061054229736328125,-2.0459993231101454,0.03921175003051758,-0.0061054229736328125,0.056648655670364007,1.2055959701538086,0.018314361572265625,1.2525320953986767,1.3173832893371582,-0.3235645294189453,1.2873403504194738,-0.5208749771118164,0.07936477661132812,-0.516227860571815,-0.21178245544433594,0.10378456115722656,-0.21388155362588218,-0.04745674133300781,0.0061054229736328125,-0.03630231171385826,-0.3211502369362511,0.09234605785665494,0.2793743294655566,-0.15018387423456026,-0.0369625215252727,0.1917767145913813,0.22903919219970703,-0.23809432983398438,0.2854662838711485,0.1093907356262207,-0.0061054229736328125,0.14919873256740018,-0.3287467956542969,0.07936477661132812,-0.3014379625303545,-1.4819002151489258,0.21367454528808594,-1.495256935910798,1.5948381423950195,-0.4334545135498047,1.5350865181128097,-0.22488021850585938,0.03663063049316406,-0.2068563781493302,-1.2907228469848633,0.27106285095214844,-1.2431149908392183,-0.9398374557495117,0.25030517578125,-0.8683356678916093,-0.6905689239501953,-0.0061054229736328125,-0.602241894862469,2.083404064178467,-0.11599540710449219,2.0114048805644504,-1.487844467163086,0.45787620544433594,-1.5425799717399853,1.895493984222412,-0.3235645294189453,1.823960771502107,-0.2679862976074219,0.0073261260986328125,-0.2596048973789401,-0.6830320358276367,0.08058547973632812,-0.6463165490791624,0.1560368537902832,-0.015343666076660156,0.15334358137563706,0.0,0.0,2.9435860746554154e-22
1.0004,1785804302.4613,ramp,0,0.283226,0.08467739564459029,-0.19464766439950373,-0.04564361831724543,0.06963630765676498,0.34966692328453064,0.12601225078105927,0.9257454872131348,-1.9280905723571777,-0.07936477661132812,-2.067155979247872,-0.24188613891601562,-0.0061054229736328125,-0.19103392082668358,0.7457919120788574,-0.16483497619628906,0.733230039904458,0.09328365325927734,-0.06715583801269531,0.02458986303533909,0.18666362762451172,-0.1770458221435547,0.16880801440483945,-0.22884750366210938,0.04273414611816406,-0.22738337571828066,-1.9348011016845703,-0.0061054229736328125,-2.0367864272931135,0.03921175003051758,-0.0061054229736328125,0.05636591593764176,1.2055959701538086,0.03052520751953125,1.2462809556702827,1.3104805946350098,-0.3113555908203125,1.2829118626142897,-0.5195331573486328,0.07936477661132812,-0.5146496443523128,-0.21139860153198242,-0.018314361572265625,-0.21281413211169045,-0.047265052795410156,0.0061054229736328125,-0.03612115188840146,-0.319353229346093,0.09246946125421696,0.2779800687027075,-0.15081440209799007,-0.029090683694099763,0.19081960885628027,0.22731351852416992,0.0061054229736328125,0.28503971470107714,0.1093907356262207,-0.018314361572265625,0.14945224189162215,-0.32836341857910156,0.05494499206542969,-0.2999335696518238,-1.475764274597168,0.3846149444580078,-1.48929172389152,1.5864014625549316,-0.4334545135498047,1.527425225193672,-0.22373580932617188,0.03663063049316406,-0.2058240648710513,-1.2850008010864258,0.28571510314941406,-1.236910802416192,-0.9338932037353516,0.3113555908203125,-0.8630038901929833,-0.6907610893249512,-0.0061054229736328125,-0.6002343902597088,2.0799527168273926,-0.15262603759765625,2.0013663749543418,-1.4797906875610352,0.3846149444580078,-1.5363785698509864,1.8891663551330566,-0.34798622131347656,1.8148577667245023,-0.2679862976074219,0.0073261260986328125,-0.25830932801242246,-0.6818876266479492,0.0659332275390625,-0.6430907562904736,0.15526986122131348,-0.027618408203125,0.1525782777706127,0.0,0.0,3.0038195186905596e-22
1.0204,1785804302.4813,ramp,0,0.284241,0.1628137514015665,-0.19714827279454727,-0.06574144644439422,0.07099290937185287,0.3476945757865906,0.1251370906829834,0.9265037775039673,-1.9294328689575195,-0.03052520751953125,-2.057847043935583,-0.24188613891601562,-0.0061054229736328125,-0.19008148686144852,0.7423405647277832,-0.14041519165039062,0.7295744353632482,0.0917501449584961,-0.10378456115722656,0.026461570966015244,0.1832122802734375,-0.1770458221435547,0.1669692551400566,-0.2278885841369629,0.09157562255859375,-0.22624969018063637,-1.9348011016845703,0.0061054229736328125,-2.0276289028663084,0.03902006149291992,0.0061054229736328125,0.056084875528604895,1.2057876586914062,0.0061054229736328125,1.240067386571594,1.3031940460205078,-0.3235645294189453,1.27850999092756,-0.5179991722106934,0.07936477661132812,-0.513080913535434,-0.21082353591918945,0.06715583801269531,-0.2117531260193565,-0.04688119888305664,0.0061054229736328125,-0.03594108087058863,-0.3185951968066678,0.013135923039832792,0.27659418773252165,-0.15123554055576507,-0.009857658006073211,0.1898682555226172,0.22865581512451172,0.14041519165039062,0.2846157092990591,0.10900735855102539,-0.05494499206542969,0.14970422757289883,-0.3281717300415039,0.0061054229736328125,-0.29843821848252167,-1.4648351669311523,0.6166057586669922,-1.4833623640178715,1.5785393714904785,-0.34798622131347656,1.5198099782136492,-0.22297286987304688,0.03663063049316406,-0.20479795600694378,-1.2796592712402344,0.2564105987548828,-1.2307439024359124,-0.9260320663452148,0.4212455749511719,-0.8577041575700223,-0.6907610893249512,-0.018314361572265625,-0.5982389511706532,2.0757341384887695,-0.21367454528808594,1.991388202818362,-1.4736552238464355,0.33577537536621094,-1.5302144396570947,1.8809213638305664,-0.40903472900390625,1.805809472869476,-0.2679862976074219,0.0073261260986328125,-0.257021545283069,-0.6795988082885742,0.10988998413085938,-0.639884351176935,0.15450286865234375,-0.04603099822998047,0.15181757379695254,0.0,0.0,3.0636909473940904e-22
1.0404,1785804302.5013,ramp,0,0.286981,0.25411566871156643,-0.18804136042042593,-0.08773501250400229,0.07321367412805557,0.34586238861083984,0.12373295426368713,0.927204966545105,-1.9296245574951172,-0.0061054229736328125,-2.0485200934158394,-0.24188613891601562,0.03052520751953125,-0.189127209689134,0.7390809059143066,-0.09157562255859375,0.7259117562778538,0.08983230590820312,-0.05494499206542969,0.028336901137638752,0.17976093292236328,-0.15262603759765625,0.16512693739855194,-0.22712182998657227,0.06715583801269531,-0.22511381066704717,-1.9348011016845703,0.06715583801269531,-2.018453656251435,0.03921175003051758,-0.0061054229736328125,0.05580329123338751,1.2057876586914062,0.0061054229736328125,1.2338417926029726,1.2937984466552734,-0.5067157745361328,1.2740996004759055,-0.5164647102355957,0.06715583801269531,-0.511509146817009,-0.21005678176879883,-0.018314361572265625,-0.21069006660467984,-0.046689510345458984,-0.0061054229736328125,-0.03576066136859006,-0.3183896297482059,0.013241573105621548,0.2752056247227313,-0.15145311604472156,-0.0018870170921027056,0.1889150610731774,0.23249053955078125,0.23809432983398438,0.2841908833364697,0.10728120803833008,-0.09157562255859375,0.149956700911912,-0.3281717300415039,0.0061054229736328125,-0.2969399734203491,-1.453521728515625,0.4822959899902344,-1.4774215292929527,1.5718283653259277,-0.3113555908203125,1.512179993752963,-0.22182846069335938,0.03663063049316406,-0.20376986135569336,-1.2731742858886719,0.3589744567871094,-1.2245650679025646,-0.9172115325927734,0.4456653594970703,-0.8523941685880414,-0.6909527778625488,-0.05494499206542969,-0.5962396503887245,2.0695981979370117,-0.2991447448730469,1.9813907203278667,-1.4671359062194824,0.3601951599121094,-1.5240383802703907,1.8728680610656738,-0.39682579040527344,1.796743668215907,-0.2679862976074219,0.0073261260986328125,-0.2557312703596839,-0.6780729293823242,0.08058547973632812,-0.6366717408367656,0.1536400318145752,-0.039893150329589844,0.15105539766354084,0.0,0.0,3.1236782428613782e-22
1.0607,1785804302.5216,ramp,0,0.291002,0.3458322734928053,-0.2181404403500151,-0.10180569096538145,0.07608207315206528,0.3442422151565552,0.12181907892227173,0.9278302192687988,-1.9296245574951172,0.06715583801269531,-2.0390372625664925,-0.2415027618408203,0.018314361572265625,-0.18815698378418294,0.7375469207763672,-0.06715583801269531,0.7221878632274175,0.08964061737060547,-0.0061054229736328125,0.03024357350247421,0.1770763397216797,-0.10378456115722656,0.16325382919706022,-0.22616291046142578,0.06715583801269531,-0.22395894732025398,-1.9326915740966797,0.15262603759765625,-2.0091250647181456,0.03921175003051758,-0.0061054229736328125,0.05551700084986647,1.2057876586914062,0.0061054229736328125,1.2275121509461222,1.2863202095031738,-0.2991447448730469,1.2696154996388653,-0.5149307250976562,0.07936477661132812,-0.5099111113289998,-0.20948123931884766,0.05494499206542969,-0.20960924039134834,-0.046689510345458984,-0.0061054229736328125,-0.0355772265346908,-0.31714015248468697,0.137138172937186,0.27379385480740587,-0.1515055167697247,0.004451228714552993,0.18794593598653309,0.23785972595214844,0.22588539123535156,0.28375895730286216,0.10517168045043945,-0.128204345703125,0.15021339381092158,-0.32836341857910156,0.0061054229736328125,-0.29541668834819423,-1.4443182945251465,0.5067157745361328,-1.4713814060306838,1.5643506050109863,-0.3846149444580078,1.5044224901754895,-0.22068405151367188,0.0659332275390625,-0.20272458426815135,-1.2666893005371094,0.28571510314941406,-1.2182829671664441,-0.9070491790771484,0.45787620544433594,-0.8469954343263522,-0.6921029090881348,-0.06715583801269531,-0.5942069355059916,2.0621204376220703,-0.3601951599121094,1.9712261509784323,-1.4600415229797363,0.33577537536621094,-1.5177591010616438,1.8659653663635254,-0.28693580627441406,1.7875263477357526,-0.2679862976074219,0.021978378295898438,-0.2544194312090725,-0.6761655807495117,0.08058547973632812,-0.6334054384825073,0.15287303924560547,-0.027618408203125,0.1502804833616741,0.0,0.0,3.184668099602008e-22
1.0803,1785804302.5411,ramp,0,0.296809,0.43455575152490417,-0.2231474495154731,-0.1294026561494355,0.07992780208587646,0.34233367443084717,0.11950758099555969,0.9285134077072144,-1.9277071952819824,0.10378456115722656,-2.029861023566243,-0.24131107330322266,0.018314361572265625,-0.18721812650311287,0.7354373931884766,-0.11599540710449219,0.7185843683233057,0.08944892883300781,-0.0061054229736328125,0.03208860075149527,0.17515897750854492,-0.11599540710449219,0.16144128093976412,-0.22539615631103516,0.05494499206542969,-0.22284142215807812,-1.9296245574951172,0.20146560668945312,-2.000098078282859,0.039403438568115234,0.018314361572265625,0.055239966594547746,1.2057876586914062,-0.018314361572265625,1.2213871545656165,1.2809514999389648,-0.28693580627441406,1.2652763754220988,-0.5137801170349121,0.05494499206542969,-0.5083647423383661,-0.20871448516845703,0.15262603759765625,-0.2085633586489836,-0.04803180694580078,-0.0061054229736328125,-0.03539972237970033,-0.3140159533188397,0.22119193569654536,0.2724277291892018,-0.1515105986988322,0.012596088969965082,0.18700814393292925,0.24342012405395508,0.21367454528808594,0.2833409959812083,0.10248756408691406,-0.11599540710449219,0.15046178750563155,-0.32836341857910156,0.018314361572265625,-0.2939426529984475,-1.4333887100219727,0.5677661895751953,-1.4655365675508996,1.5555305480957031,-0.4212455749511719,1.4969157964462536,-0.21953964233398438,0.03663063049316406,-0.20171310230362471,-1.2602043151855469,0.34432220458984375,-1.2122039746489026,-0.8976535797119141,0.47008514404296875,-0.8417712479340036,-0.6926784515380859,-0.018314361572265625,-0.592239940852216,2.0542588233947754,-0.3846149444580078,1.9613902149413096,-1.4527554512023926,0.3846149444580078,-1.5116828388479473,1.8575282096862793,-0.4456653594970703,1.7786070348204934,-0.2672233581542969,0.03663063049316406,-0.2531500054682639,-0.6738767623901367,0.13919448852539062,-0.6302447397917975,0.15220189094543457,-0.04603099822998047,0.14953062301389294,0.0,0.0,3.243686077559675e-22
1.1002,1785804302.5610,ramp,0,0.303317,0.494127169711046,-0.18225236393513664,-0.20573302250268813,0.08417415618896484,0.34092992544174194,0.11641630530357361,0.9290472269058228,-1.9259815216064453,0.10378456115722656,-2.0205781708573856,-0.24035215377807617,0.06715583801269531,-0.18626836115212606,0.7319860458374023,-0.1770458221435547,0.71493900638024,0.08944892883300781,-0.0061054229736328125,0.03395506436431357,0.1734328269958496,-0.09157562255859375,0.15960767367433465,-0.22424554824829102,0.05494499206542969,-0.22171091308146862,-1.9244470596313477,0.2991447448730469,-1.990966212222991,0.04036235809326172,0.05494499206542969,0.05495971362954087,1.204637050628662,-0.06715583801269531,1.215190995197822,1.274240493774414,-0.34798622131347656,1.2608868372912174,-0.5124378204345703,0.06715583801269531,-0.5068004069311034,-0.20775556564331055,-0.05494499206542969,-0.20750532537794622,-0.04937458038330078,-0.07936477661132812,-0.03522015590089111,-0.3094347391155601,0.26514711043268857,0.27104573130365855,-0.15153184506220185,-0.0015220783532221686,0.18605945618570474,0.24706315994262695,0.16483497619628906,0.28291817859526114,0.09999465942382812,-0.14041519165039062,0.15071306715100027,-0.32836341857910156,0.0061054229736328125,-0.29245149163713435,-1.4228425025939941,0.39682579040527344,-1.4596238210854442,1.5474767684936523,-0.3113555908203125,1.4893218865429587,-0.21839427947998047,0.0659332275390625,-0.20068986848265402,-1.2541007995605469,0.3003654479980469,-1.2060543536378279,-0.8896007537841797,0.5433464050292969,-0.8364863645735695,-0.6926784515380859,-0.0061054229736328125,-0.5902500927619896,2.0469722747802734,-0.3846149444580078,1.9514400005360546,-1.4460439682006836,0.3235645294189453,-1.5055359798626262,1.8477492332458496,-0.4456653594970703,1.7695840932804676,-0.2664604187011719,0.05128288269042969,-0.25186583096317117,-0.6708250045776367,0.124542236328125,-0.6270473186694685,0.15143489837646484,-0.039893150329589844,0.14877205044832711,0.0,0.0,3.3033897531658457e-22
1.1203,1785804302.5812,ramp,0,0.309554,0.5115469064012542,-0.14493253882871793,-0.2672266770741355,0.0883680209517479,0.34026360511779785,0.11244724690914154,0.9293908476829529,-1.923872470855713,0.11599540710449219,-2.011184521120719,-0.2384347915649414,0.06715583801269531,-0.18530725971930037,0.7271924018859863,-0.22588539123535156,0.711250134615221,0.08944892883300781,-0.0061054229736328125,0.035843805463083606,0.1717071533203125,-0.07936477661132812,0.157752181085336,-0.22309494018554688,0.07936477661132812,-0.2205669106263118,-1.9183111190795898,0.34798622131347656,-1.9817253512614998,0.04132080078125,0.03052520751953125,0.05467611565879802,1.2019524574279785,-0.1770458221435547,1.2089208805424325,1.2667622566223145,-0.3235645294189453,1.256444907100092,-0.5110960006713867,0.06715583801269531,-0.5052174001391858,-0.20718050003051758,0.10378456115722656,-0.20643466377535705,-0.05033302307128906,-0.04273414611816406,-0.035038446176597966,-0.30499377513314047,0.23437290281643686,0.2696472383531865,-0.15153061061030235,0.02320789746525432,0.18509944521855975,0.2495560646057129,0.04273414611816406,0.28249031460229157,0.09731054306030273,-0.14041519165039062,0.15096734598624403,-0.3287467956542969,0.04273414611816406,-0.29094253227212563,-1.4168987274169922,0.3235645294189453,-1.4536405020540863,1.539999008178711,-0.3846149444580078,1.4816373382687746,-0.21724987030029297,0.03663063049316406,-0.19965442168473824,-1.2476158142089844,0.3296699523925781,-1.1998313328054322,-0.8813552856445312,0.372406005859375,-0.8311384026114362,-0.6926784515380859,-0.0061054229736328125,-0.5882364945099213,2.038727283477783,-0.372406005859375,1.9413710236968,-1.4408669471740723,0.3113555908203125,-1.4993157540226003,1.8387374877929688,-0.47008514404296875,1.7604534569254875,-0.2660789489746094,0.03663063049316406,-0.2505663289803283,-0.6670103073120117,0.1978015899658203,-0.6238117341971308,0.15066790580749512,-0.033756256103515625,0.14800442381411683,0.0,0.0,3.363806031892403e-22
1.1404,1785804302.6013,ramp,0,0.316108,0.5352215762542181,-0.1513816497244538,-0.2753362189752654,0.09274619817733765,0.33970504999160767,0.10820087045431137,0.9296725988388062,-1.9208040237426758,0.1892547607421875,-2.0018142794829408,-0.23728466033935547,0.05494499206542969,-0.1843485532615922,0.7227821350097656,-0.1892547607421875,0.7075704551745365,0.08944892883300781,-0.0061054229736328125,0.03772783999522045,0.17017316818237305,-0.06715583801269531,0.1559013122107857,-0.22194480895996094,0.09157562255859375,-0.21942575891855884,-1.9112167358398438,0.39682579040527344,-1.972507517663522,0.04170417785644531,-0.0061054229736328125,0.05439322438774377,1.1962003707885742,-0.3113555908203125,1.202666390427878,1.2612018585205078,-0.22588539123535156,1.2520140457846525,-0.5101370811462402,0.06715583801269531,-0.5036383380525282,-0.20602989196777344,0.018314361572265625,-0.20536667016160848,-0.05167531967163086,-0.06715583801269531,-0.03485718925598758,-0.30103850506612045,0.2386010058264926,0.2682522303166933,-0.15139377982082453,0.010688575930875603,0.1841418265091935,0.2503228187561035,-0.018314361572265625,0.28206351680648056,0.0948176383972168,-0.15262603759765625,0.1512209911823499,-0.32893848419189453,0.03052520751953125,-0.2894373330930963,-1.4101877212524414,0.33577537536621094,-1.4476720928956206,1.5329041481018066,-0.4212455749511719,1.4739719391720627,-0.21648693084716797,0.03663063049316406,-0.19862155512365473,-1.2411308288574219,0.3150177001953125,-1.193623819160457,-0.872535228729248,0.28693580627441406,-0.8258037672716458,-0.6926784515380859,-0.0061054229736328125,-0.5862279139568657,2.0297155380249023,-0.4212455749511719,1.931327137808578,-1.4345393180847168,0.372406005859375,-1.493111028405135,1.8316431045532227,-0.33577537536621094,1.751345573264583,-0.2656974792480469,0.0073261260986328125,-0.24927006523520706,-0.6631956100463867,0.16849899291992188,-0.6205842124994775,0.14999675750732422,-0.033756256103515625,0.1472387100338735,0.0,0.0,3.4240717588881055e-22
1.1605,1785804302.6215,ramp,0,0.321922,0.5566636515863411,-0.2007164758915763,-0.32654353034957945,0.09702888876199722,0.33889415860176086,0.10349360853433609,0.9300673604011536,-1.9150519371032715,0.28693580627441406,-1.992426873679951,-0.2357501983642578,0.06715583801269531,-0.18338809067030007,0.7193307876586914,-0.15262603759765625,0.7038840353926432,0.08944892883300781,-0.0061054229736328125,0.039615325652869814,0.1686396598815918,-0.07936477661132812,0.15404705296271284,-0.22098588943481445,0.04273414611816406,-0.21828251687875244,-1.9016294479370117,0.5067157745361328,-1.9632727990774201,0.04189586639404297,-0.0061054229736328125,0.05410981492380814,1.1889142990112305,-0.3235645294189453,1.1964004435008107,1.2564082145690918,-0.23809432983398438,1.2475750681325601,-0.5087947845458984,0.06715583801269531,-0.502056383480961,-0.20545482635498047,0.11599540710449219,-0.20429672022490253,-0.052825927734375,-0.05494499206542969,-0.03467560031365871,-0.29666777006513,0.2296999008915441,0.2668546669407184,-0.15118521731317905,0.012178568549234105,0.18318245365875244,0.2503228187561035,-0.04273414611816406,0.28163593721355457,0.09270858764648438,-0.06715583801269531,0.15147510099913683,-0.32893848419189453,0.0061054229736328125,-0.28792937672931285,-1.4034767150878906,0.3113555908203125,-1.441692750960306,1.524275779724121,-0.45787620544433594,1.4662924987964168,-0.21572399139404297,0.03663063049316406,-0.19758679658443642,-1.2342643737792969,0.3296699523925781,-1.1874049347532454,-0.8648653030395508,0.3601951599121094,-0.8204593600854232,-0.6922945976257324,0.03052520751953125,-0.5842156541381316,2.0224289894104004,-0.372406005859375,1.9212648537911057,-1.4268693923950195,0.39682579040527344,-1.48689493713247,1.824164867401123,-0.40903472900390625,1.742221006018993,-0.2653160095214844,0.0073261260986328125,-0.2479714270278318,-0.6593809127807617,0.1978015899658203,-0.617350778711423,0.1492295265197754,-0.033756256103515625,0.14647159363901927,0.0,0.0,3.4844478790769363e-22
1.1804,1785804302.6412,ramp,0,0.328268,0.5933811861674816,-0.13154590161570404,-0.3570070971638596,0.10158974677324295,0.3383442163467407,0.09835492819547653,0.9303381443023682,-1.9102582931518555,0.2625160217285156,-1.9831502056165675,-0.2340245246887207,0.06715583801269531,-0.18243895809483637,0.7168383598327637,-0.11599540710449219,0.7002411021503172,0.08944892883300781,-0.0061054229736328125,0.04148054574539356,0.16710567474365234,-0.07936477661132812,0.15221466732723166,-0.22002696990966797,0.09157562255859375,-0.21715276099709957,-1.891275405883789,0.5189247131347656,-1.9541470170690682,0.04189586639404297,-0.018314361572265625,0.05382974867567441,1.183161735534668,-0.2991447448730469,1.1902084122873875,1.2514228820800781,-0.25030517578125,1.2431884545053828,-0.5074524879455566,0.07936477661132812,-0.5004930903028707,-0.20449590682983398,0.07936477661132812,-0.20323939186224688,-0.05320930480957031,-0.018314361572265625,-0.0344961534699493,-0.29396751542761224,0.14121690476065876,0.2654735898030568,-0.15188794928622545,-0.015992566992931372,0.18223439796910393,0.2503228187561035,-0.05494499206542969,0.28121340152717916,0.0921335220336914,-0.018314361572265625,0.15172621323093452,-0.32893848419189453,0.0061054229736328125,-0.28643920884539864,-1.3981080055236816,0.23809432983398438,-1.4357839438270596,1.5156469345092773,-0.4334545135498047,1.4587036482904847,-0.21457958221435547,0.05128288269042969,-0.19656424448692053,-1.2285423278808594,0.28571510314941406,-1.1812594108906382,-0.8568115234375,0.4334545135498047,-0.8151779977471338,-0.6915278434753418,-0.0061054229736328125,-0.582227131772375,2.0155258178710938,-0.34798622131347656,1.9113212686570904,-1.4209256172180176,0.28693580627441406,-1.480752173455433,1.8147692680358887,-0.40903472900390625,1.7332040759601688,-0.2653160095214844,0.0073261260986328125,-0.24668810809637462,-0.6555652618408203,0.16849899291992188,-0.6141554878519229,0.14846253395080566,-0.027618408203125,0.14571352646791902,0.0,0.0,3.544111777463896e-22
1.2002,1785804302.6611,ramp,0,0.334822,0.6006699917549194,-0.18716321634048594,-0.3804860912557298,0.10627425462007523,0.3380182087421417,0.09286815673112869,0.9304971694946289,-1.9037389755249023,0.3601951599121094,-1.9738822459148038,-0.2326822280883789,0.06715583801269531,-0.1814907165062697,0.7141537666320801,-0.15262603759765625,0.6966015886681697,0.08944892883300781,-0.0061054229736328125,0.043344014884778057,0.1655716896057129,-0.07936477661132812,0.15038400182193434,-0.2190685272216797,0.04273414611816406,-0.21602406566032048,-1.8807296752929688,0.5555553436279297,-1.9450298017798495,0.04189586639404297,-0.04273414611816406,0.05354994533639433,1.1756839752197266,-0.39682579040527344,1.1840221937694926,1.2470126152038574,-0.1770458221435547,1.238805958759485,-0.5059189796447754,0.09157562255859375,-0.49893126464762577,-0.20372915267944336,-0.018314361572265625,-0.20218305605399445,-0.05340099334716797,-0.0061054229736328125,-0.03431687507982647,-0.2914758696693127,0.16763253374934622,0.2640938091351037,-0.1527551741595182,-0.03618495016556773,0.18128723225543872,0.24974775314331055,-0.06715583801269531,0.2807912624911451,0.09194183349609375,-0.0061054229736328125,0.15197708973411642,-0.32893848419189453,0.03052520751953125,-0.2849504398388312,-1.3944649696350098,0.14041519165039062,-1.4298806835161104,1.5095114707946777,-0.34798622131347656,1.4511219217275493,-0.21343517303466797,0.05128288269042969,-0.19554265229800327,-1.2224388122558594,0.28571510314941406,-1.175119656065338,-0.8483748435974121,0.3601951599121094,-0.8099015932248161,-0.6913361549377441,-0.0061054229736328125,-0.5802404761082973,2.0078563690185547,-0.3601951599121094,1.9013870179451493,-1.4159398078918457,0.25030517578125,-1.4746151762246118,1.8061408996582031,-0.4456653594970703,1.7241956104370073,-0.2649345397949219,0.021978378295898438,-0.2454059938652746,-0.6521320343017578,0.15384674072265625,-0.6109631965336477,0.1475996971130371,-0.039893150329589844,0.14495617092334387,0.0,0.0,3.6037196670770926e-22
1.2203,1785804302.6812,ramp,0,0.340445,0.4226917683427646,-0.18557580588323058,-0.19392644708679665,0.1105065792798996,0.33714693784713745,0.0879989042878151,0.9307934641838074,-1.8970279693603516,0.34798622131347656,-1.964493704766383,-0.23210716247558594,-0.07936477661132812,-0.18053013775329904,0.711277961730957,-0.1770458221435547,0.6929147230378765,0.08983230590820312,0.06715583801269531,0.04523172882149222,0.16403770446777344,-0.06715583801269531,0.14852951831331396,-0.2181096076965332,0.07936477661132812,-0.21488068535285482,-1.8703746795654297,0.5921859741210938,-1.9357939663148385,0.0399785041809082,-0.128204345703125,0.05326650159593473,1.1668634414672852,-0.372406005859375,1.1777554890170616,1.2462458610534668,0.018314361572265625,1.2343664442420323,-0.5045766830444336,0.10378456115722656,-0.4973491187489836,-0.20277023315429688,0.15262603759765625,-0.20111297671383055,-0.053592681884765625,-0.09157562255859375,-0.03413526417550082,-0.289672591661473,0.13283411784400903,0.2626960767329647,-0.1527557251979142,0.066939155881135,0.18032774337511623,0.24936437606811523,-0.0061054229736328125,0.2803636311852594,0.09194183349609375,0.018314361572265625,0.15223123028382632,-0.3287467956542969,0.0061054229736328125,-0.2834423010975727,-1.3919715881347656,0.09157562255859375,-1.4239006184184342,1.502225399017334,-0.39682579040527344,1.4434415525737376,-0.21229076385498047,0.05128288269042969,-0.19450776861149674,-1.217097282409668,0.27106285095214844,-1.1689000195246675,-0.8395547866821289,0.5677661895751953,-0.8045565396674438,-0.6913361549377441,-0.0061054229736328125,-0.5782279729198785,2.0009536743164062,-0.33577537536621094,1.8913235169601328,-1.4117217063903809,0.23809432983398438,-1.4683983331562989,1.7988548278808594,-0.3846149444580078,1.7150699396345934,-0.2645530700683594,0.021978378295898438,-0.24410719859608837,-0.6494617462158203,0.124542236328125,-0.6077293716828912,0.14683270454406738,-0.027618408203125,0.144188961750771,0.0,0.0,3.664103089363397e-22
1.2404,1785804302.7014,ramp,0,0.344489,0.4520293506481593,-0.16044928047249646,-0.2334238724375459,0.11373509466648102,0.33606037497520447,0.08430693298578262,0.9311391115188599,-1.8893580436706543,0.4212455749511719,-1.9551352647468367,-0.23287391662597656,0.0061054229736328125,-0.17957263876579788,0.7101273536682129,-0.25030517578125,0.6892396780744715,0.0904078483581543,-0.0061054229736328125,0.047113390452572325,0.16269540786743164,-0.07936477661132812,0.14668098056838647,-0.21715116500854492,0.09157562255859375,-0.21374097090118552,-1.8579120635986328,0.6410255432128906,-1.9265877423804374,0.03902006149291992,-0.03052520751953125,0.05298396662036475,1.1601524353027344,-0.2991447448730469,1.1715088762985677,1.2483549118041992,-0.05494499206542969,1.2299411635013213,-0.5022754669189453,0.11599540710449219,-0.49577204545713316,-0.2018117904663086,-0.06715583801269531,-0.20004632821511642,-0.05512666702270508,-0.04273414611816406,-0.033954235544091674,-0.2886991670661054,0.004451028507818853,0.26130282567915275,-0.15225211452394874,0.007551060561253921,0.1793713307659613,0.24936437606811523,-0.07936477661132812,0.279937370932112,0.09290027618408203,0.04273414611816406,0.1524845560192516,-0.3277878761291504,0.11599540710449219,-0.2819389976846036,-1.3910131454467773,0.03052520751953125,-1.4179397263432052,1.4935965538024902,-0.45787620544433594,1.4357858078826675,-0.21114635467529297,0.03663063049316406,-0.19347620292367876,-1.210230827331543,0.3296699523925781,-1.162700324109898,-0.8272833824157715,0.5677661895751953,-0.7992286231863681,-0.6911444664001465,-0.0061054229736328125,-0.5762219221309197,1.992708683013916,-0.3846149444580078,1.8812922811306179,-1.4075031280517578,0.22588539123535156,-1.4622014222575783,1.790609359741211,-0.5311355590820312,1.70597352715768,-0.2637901306152344,0.05128288269042969,-0.24281256746733273,-0.6464099884033203,0.15384674072265625,-0.6045059149795446,0.14606571197509766,-0.027618408203125,0.1434242123705996,0.0,0.0,3.7242929129694147e-22
1.2603,1785804302.7212,ramp,0,0.348321,0.37634996905624135,-0.15663298727516972,-0.20191994174342628,0.11674362421035767,0.3354239761829376,0.0805940330028534,0.9313250780105591,-1.8813047409057617,0.45787620544433594,-1.9458641977837372,-0.2326822280883789,0.018314361572265625,-0.17862407926104254,0.7047581672668457,-0.27472496032714844,0.6855989443755893,0.09059953689575195,0.0061054229736328125,0.04897748435574458,0.16096973419189453,-0.09157562255859375,0.14484970129734925,-0.21580886840820312,0.11599540710449219,-0.21261189714763584,-1.8464069366455078,0.5799751281738281,-1.9174674703698398,0.03806114196777344,-0.06715583801269531,0.052704069471645944,1.1517157554626465,-0.40903472900390625,1.1653205837322054,1.2483549118041992,-0.04273414611816406,1.2255571984396274,-0.5001664161682129,0.10378456115722656,-0.49420969616986693,-0.20123577117919922,0.14041519165039062,-0.19898963825001387,-0.055318355560302734,-0.0061054229736328125,-0.03377489704744831,-0.28862941514459345,0.004450733556104312,0.25992258241325367,-0.15219762909228515,0.0075515117583367635,0.1784238474968151,0.24744653701782227,-0.15262603759765625,0.2795150903658656,0.09366750717163086,-0.0061054229736328125,0.15273551663359536,-0.32567834854125977,0.15262603759765625,-0.2804497295396583,-1.3906292915344238,0.03052520751953125,-1.4120344868509576,1.4853515625,-0.4334545135498047,1.4282015394004137,-0.21038341522216797,0.05128288269042969,-0.19245426822637648,-1.204127311706543,0.3003654479980469,-1.1565585108139746,-0.8157782554626465,0.45787620544433594,-0.7939504496481836,-0.6911444664001465,-0.0061054229736328125,-0.5742346004024081,1.985422134399414,-0.3113555908203125,1.871354699770494,-1.4036684036254883,0.20146560668945312,-1.4560623674806707,1.7800636291503906,-0.4212455749511719,1.6969620413735855,-0.2634086608886719,0.021978378295898438,-0.2415300233828338,-0.6429767608642578,0.16849899291992188,-0.6013125533843472,0.14539456367492676,-0.033756256103515625,0.14266660290804498,0.0,0.0,3.7839207872714416e-22
1.2803,1785804302.7412,ramp,0,0.351761,0.29792603351342856,-0.08813198995399223,-0.13072196950870393,0.11931109428405762,0.3348381519317627,0.0776638463139534,0.931459367275238,-1.8734431266784668,0.3846149444580078,-1.9364827973611194,-0.23249053955078125,0.03052520751953125,-0.17766423110395244,0.7007312774658203,-0.16483497619628906,0.6819148828973068,0.09059953689575195,0.0061054229736328125,0.05086376253716898,0.15905237197875977,-0.10378456115722656,0.14299662826965792,-0.2150421142578125,0.05494499206542969,-0.21146938647104635,-1.8354778289794922,0.5677661895751953,-1.9082386594859193,0.037102699279785156,-0.03052520751953125,0.05242084131249971,1.1440458297729492,-0.3235645294189453,1.1590586453028506,1.2464375495910645,-0.10378456115722656,1.2211210605230087,-0.4978656768798828,0.128204345703125,-0.49262875361792835,-0.20008563995361328,0.05494499206542969,-0.1979203727895609,-0.055318355560302734,-0.03052520751953125,-0.03359342427253491,-0.28862941514459345,-0.004373781532700095,0.2585259130968138,-0.15219762909228515,0.008806000275142792,0.17746508838343908,0.2451457977294922,-0.16483497619628906,0.27908778430730563,0.09405088424682617,0.018314361572265625,0.15298946388937895,-0.32318592071533203,0.1770458221435547,-0.278942737856825,-1.3900542259216309,0.0061054229736328125,-1.4060589700642994,1.478065013885498,-0.40903472900390625,1.420527011772919,-0.20923900604248047,0.05128288269042969,-0.19142017165051117,-1.1976423263549805,0.3150177001953125,-1.1503436047972944,-0.8061914443969727,0.47008514404296875,-0.788609461425484,-0.6905689239501953,0.0061054229736328125,-0.5722236278813444,1.9790945053100586,-0.33577537536621094,1.8612988528714551,-1.398491382598877,0.25030517578125,-1.4498502528116919,1.7712435722351074,-0.3846149444580078,1.68784331136335,-0.2630271911621094,0.03663063049316406,-0.24023221594985614,-0.6391620635986328,0.1831493377685547,-0.5980811881123675,0.1445317268371582,-0.039893150329589844,0.14189997725854014,0.0,0.0,3.844258283204036e-22
1.3004,1785804302.7613,ramp,0,0.354115,0.20505822741673246,-0.09282924019516035,-0.048868140475599744,0.12096165865659714,0.3347233235836029,0.07573308050632477,0.9314467310905457,-1.866157054901123,0.40903472900390625,-1.9271016957138836,-0.23191547393798828,0.03052520751953125,-0.17670441351575253,0.6976637840270996,-0.16483497619628906,0.6782309387476559,0.09117460250854492,0.0061054229736328125,0.052749980645101356,0.15694332122802734,-0.128204345703125,0.14114361425795313,-0.21427488327026367,0.04273414611816406,-0.2103269121807156,-1.8255071640014648,0.5799751281738281,-1.899010142517765,0.0369110107421875,-0.018314361572265625,0.05213762217349945,1.1379098892211914,-0.3235645294189453,1.1527969063014019,1.2445201873779297,-0.09157562255859375,1.2166850638868745,-0.4961400032043457,0.09157562255859375,-0.49104786141526524,-0.1991267204284668,-0.018314361572265625,-0.19685114138268006,-0.05570220947265625,-0.04273414611816406,-0.03341195727709952,-0.28862941514459345,1.9239508468085338e-05,0.2571292882609832,-0.15219762909228515,0.0040896974161655905,0.17650635980426974,0.24131107330322266,-0.2625160217285156,0.2786604918574314,0.09462594985961914,0.0061054229736328125,0.15324340305754391,-0.32050132751464844,0.1892547607421875,-0.27743579416810715,-1.3890953063964844,0.06715583801269531,-1.4000836435836963,1.4713540077209473,-0.3601951599121094,1.4128527285609502,-0.20771312713623047,0.0659332275390625,-0.19038610800817232,-1.191920280456543,0.27106285095214844,-1.144128896710649,-0.796412467956543,0.4822959899902344,-0.783268643300608,-0.690185546875,-0.0061054229736328125,-0.5702127194049919,1.9706578254699707,-0.4945049285888672,1.851243326227321,-1.3935060501098633,0.25030517578125,-1.4436383359838505,1.7631897926330566,-0.4334545135498047,1.6787248717630658,-0.2618827819824219,0.0659332275390625,-0.2389344498489711,-0.6353473663330078,0.21245384216308594,-0.5948499257517176,0.14376473426818848,-0.027618408203125,0.1411333760242463,0.0,0.0,3.904593857530307e-22
1.3202,1785804302.7809,ramp,0,0.355657,0.12557670899315726,-0.05603943407993787,0.018590287535460593,0.12201192229986191,0.3342961370944977,0.07486453652381897,0.9315333962440491,-1.85829496383667,0.34798622131347656,-1.917900271369372,-0.23114824295043945,0.018314361572265625,-0.17576297942256638,0.6940202713012695,-0.22588539123535156,0.6746175535976929,0.0917501449584961,0.03052520751953125,0.054600071803904714,0.15464210510253906,-0.11599540710449219,0.13932609123356032,-0.21312427520751953,0.11599540710449219,-0.20920631982990945,-1.8161115646362305,0.4334545135498047,-1.8899583803806894,0.03671884536743164,-0.03052520751953125,0.051859827562757095,1.1311988830566406,-0.34798622131347656,1.1466550990965008,1.241835594177246,-0.15262603759765625,1.2123340303969095,-0.4944143295288086,0.10378456115722656,-0.4894972482200743,-0.19816827774047852,0.16483497619628906,-0.19580238908607872,-0.05666065216064453,-0.06715583801269531,-0.033233965939587856,-0.28862941514459345,1.9239508468085338e-05,0.25575941313887046,-0.15219762909228515,0.0040896974161655905,0.17556599386220084,0.2367091178894043,-0.27472496032714844,0.27824138338826176,0.0948176383972168,-0.0061054229736328125,0.15349247850004985,-0.31685829162597656,0.22588539123535156,-0.2759577131425955,-1.3875617980957031,0.06715583801269531,-1.3942227632081787,1.4629178047180176,-0.4334545135498047,1.4053254317648338,-0.20656871795654297,0.05128288269042969,-0.18937184990393421,-1.185816764831543,0.3296699523925781,-1.1380332196321112,-0.7854828834533691,0.4945049285888672,-0.7780301184703906,-0.6892271041870117,0.018314361572265625,-0.5682403260865221,1.960878849029541,-0.45787620544433594,1.841380394224289,-1.388136863708496,0.27472496032714844,-1.4375453967028204,1.7536025047302246,-0.5067157745361328,1.6697810786695617,-0.2607383728027344,0.05128288269042969,-0.23766154000925271,-0.6311511993408203,0.1978015899658203,-0.5916805521251621,0.14309358596801758,-0.039893150329589844,0.14038145759024853,0.0,0.0,3.9637738177655095e-22
1.3403,1785804302.8011,ramp,0,0.357517,0.09369345261364789,-0.11577064193148445,0.027489121724068075,0.1230224072933197,0.333735853433609,0.07465046644210815,0.9316185712814331,-1.8498587608337402,0.45787620544433594,-1.9085038729015729,-0.23038148880004883,0.06715583801269531,-0.17480159675619422,0.689610481262207,-0.21367454528808594,0.670927602410197,0.0921335220336914,0.018314361572265625,0.05648936557832328,0.15234136581420898,-0.11599540710449219,0.13747005569795523,-0.21216583251953125,0.10378456115722656,-0.20806198262146158,-1.8070993423461914,0.4945049285888672,-1.8807148153964883,0.036527156829833984,-0.0061054229736328125,0.05157614660674299,1.1248712539672852,-0.28693580627441406,1.1403831497059613,1.2376174926757812,-0.2625160217285156,1.2078908004264493,-0.4930720329284668,0.07936477661132812,-0.4879137782152231,-0.19701766967773438,-0.03052520751953125,-0.19473141419089696,-0.05781126022338867,-0.06715583801269531,-0.03305220304414289,-0.28862941514459345,0.008805967893107395,0.2543605109671458,-0.15219762909228515,-0.005343645108984403,0.17460570198059694,0.23249053955078125,-0.2625160217285156,0.2778133941954911,0.09500932693481445,-0.04273414611816406,0.1537468317413201,-0.3128318786621094,0.22588539123535156,-0.2744483122321064,-1.3852605819702148,0.128204345703125,-1.3882376933626261,1.4544806480407715,-0.4456653594970703,1.3976386348697545,-0.20542430877685547,0.05128288269042969,-0.18833610011783716,-1.1793317794799805,0.3003654479980469,-1.1318083778449661,-0.7778129577636719,0.2991447448730469,-0.7726805916096339,-0.6878848075866699,0.03052520751953125,-0.566226138623619,1.9547429084777832,-0.2625160217285156,1.8313084710424634,-1.383918285369873,0.21367454528808594,-1.4313233507259044,1.744399070739746,-0.4822959899902344,1.660647770545342,-0.2599754333496094,0.03663063049316406,-0.23636165777148688,-0.6269550323486328,0.1978015899658203,-0.58844402086941,0.14232659339904785,-0.027618408203125,0.1396136063362912,0.0,0.0,4.0242077752549473e-22
1.3608,1785804302.8217,ramp,0,0.359286,0.1061200036089314,-0.12868560002593168,-0.007955622633393578,0.12408335506916046,0.3330322504043579,0.07428295910358429,0.9317590594291687,-1.8406548500061035,0.4456653594970703,-1.8989249144172309,-0.22846412658691406,0.128204345703125,-0.1738215356529637,0.684816837310791,-0.22588539123535156,0.6671659601857429,0.09270858764648438,-0.0061054229736328125,0.05841536591684653,0.14984893798828125,-0.128204345703125,0.13557795976333192,-0.21082353591918945,0.07936477661132812,-0.2068954124031621,-1.7978954315185547,0.39682579040527344,-1.8712916597550568,0.036527156829833984,0.0061054229736328125,0.05128695409220993,1.1196942329406738,-0.25030517578125,1.1339893443523725,1.2295637130737305,-0.372406005859375,1.2033612441747348,-0.491729736328125,0.06715583801269531,-0.4862995434113617,-0.1960587501525879,0.1770458221435547,-0.19363963162187603,-0.05838632583618164,-0.04273414611816406,-0.03286690872787612,-0.28828452894803835,0.0263830107749095,0.25293442991358817,-0.15256801175127918,-0.0242297810889189,0.17362675285468906,0.22903919219970703,-0.1770458221435547,0.27737708971954256,0.0948176383972168,-0.04273414611816406,0.15400612674108352,-0.308804988861084,0.15262603759765625,-0.2729095855904735,-1.382192611694336,0.1892547607421875,-1.38213634125704,1.4470024108886719,-0.34798622131347656,1.389802493332349,-0.20466136932373047,0.03663063049316406,-0.1872802270367636,-1.1732282638549805,0.3150177001953125,-1.1254625953353166,-0.773594856262207,0.20146560668945312,-0.767227130277011,-0.6863508224487305,0.04273414611816406,-0.5641728180718194,1.947648525238037,-0.3601951599121094,1.8210408632620134,-1.379316806793213,0.23809432983398438,-1.4249804183455046,1.7363457679748535,-0.28693580627441406,1.651337013913808,-0.2595939636230469,0.03663063049316406,-0.23503652048268814,-0.6235218048095703,0.15384674072265625,-0.5851446079466429,0.14155960083007812,-0.027618408203125,0.13883083671354554,0.0,0.0,4.085815887322525e-22
1.3804,1785804302.8411,ramp,0,0.360945,0.10527539871396958,-0.195064016346424,-0.02767451934782962,0.12529760599136353,0.33199313282966614,0.07358216494321823,0.9320229291915894,-1.8318347930908203,0.4945049285888672,-1.8897976432625956,-0.22616291046142578,0.10378456115722656,-0.1728876884657232,0.6809821128845215,-0.15262603759765625,0.6635816948790876,0.09290027618408203,0.018314361572265625,0.060250547409944934,0.14773941040039062,-0.11599540710449219,0.13377508394190307,-0.2096729278564453,0.06715583801269531,-0.20578385077349776,-1.7917594909667969,0.33577537536621094,-1.8623128446978388,0.036527156829833984,-0.0061054229736328125,0.05101139819536073,1.1137504577636719,-0.3601951599121094,1.127897033244901,1.220935344696045,-0.25030517578125,1.1990452751487544,-0.4903874397277832,0.06715583801269531,-0.4847614264244079,-0.1951003074645996,0.07936477661132812,-0.1925993310959214,-0.05896139144897461,-0.05494499206542969,-0.032690351801489576,-0.2875254696049066,0.035179351848126476,0.2515755944529705,-0.15338399411177348,-0.033726492136254276,0.17269396521046235,0.22673797607421875,-0.128204345703125,0.27696135879592776,0.09443426132202148,-0.018314361572265625,0.1542531949140744,-0.30592918395996094,0.10378456115722656,-0.2714434162450271,-1.3773994445800781,0.2625160217285156,-1.3763226930228794,1.4400997161865234,-0.3113555908203125,1.3823358581303158,-0.20389842987060547,0.021978378295898438,-0.18627414271855808,-1.1671247482299805,0.28571510314941406,-1.119416042596979,-0.7705268859863281,0.09157562255859375,-0.7620308220984616,-0.685391902923584,-0.018314361572265625,-0.562216320037686,1.938061237335205,-0.5433464050292969,1.811257415460793,-1.3747148513793945,0.21367454528808594,-1.4189365813410888,1.7284841537475586,-0.40903472900390625,1.6424652977904164,-0.2592124938964844,0.021978378295898438,-0.2337738688727291,-0.6208515167236328,0.10988998413085938,-0.5820007759270732,0.1407926082611084,-0.039893150329589844,0.13808497790122368,0.0,0.0,4.1445189232616782e-22
1.4002,1785804302.8610,ramp,0,0.361708,0.07341058472500903,-0.2497661607297354,-0.013992256689654725,0.12630335986614227,0.33040642738342285,0.07281219214200974,0.9325112700462341,-1.8214802742004395,0.5189247131347656,-1.8805197796319157,-0.22367048263549805,0.11599540710449219,-0.17193843356704397,0.6786808967590332,-0.128204345703125,0.6599382921393281,0.0934758186340332,0.018314361572265625,0.0621160078900871,0.14543867111206055,-0.11599540710449219,0.131942462150474,-0.20813941955566406,0.10378456115722656,-0.20465394929008623,-1.785623550415039,0.33577537536621094,-1.8531858865682274,0.03671884536743164,0.018314361572265625,0.05073129585258128,1.1068472862243652,-0.3113555908203125,1.1217042040089589,1.2142243385314941,-0.3235645294189453,1.1946580961793918,-0.4894289970397949,0.10378456115722656,-0.48319793177072456,-0.19394969940185547,0.0061054229736328125,-0.1915418664658901,-0.06049537658691406,-0.10378456115722656,-0.03251088183085828,-0.28676604759047597,0.035262983569544624,0.25019433932352914,-0.15420147793107705,-0.017381537794491527,0.1717457873363862,0.22577953338623047,-0.0061054229736328125,0.2765387686535941,0.09424257278442383,-0.0061054229736328125,0.15450433950895442,-0.30401182174682617,0.06715583801269531,-0.2699530563098315,-1.3718385696411133,0.28693580627441406,-1.3704131243687379,1.433197021484375,-0.39682579040527344,1.3747460295812521,-0.20275402069091797,0.03663063049316406,-0.18525145883559527,-1.161402702331543,0.3003654479980469,-1.1132697267056717,-0.7670755386352539,0.1770458221435547,-0.7567487791037073,-0.6832828521728516,0.1892547607421875,-0.5602275413932425,1.922529697418213,-0.9096450805664062,1.8013125488079056,-1.370880126953125,0.2625160217285156,-1.4127930259910815,1.7154455184936523,-0.5189247131347656,1.6334472056390588,-0.2561607360839844,0.22710609436035156,-0.23249038454846768,-0.6185626983642578,0.124542236328125,-0.5788050732618227,0.13992977142333984,-0.039893150329589844,0.13732681303121777,0.0,0.0,4.204190511069579e-22
1.4204,1785804302.8814,ramp,0,0.361601,0.017883821638479028,-0.2481228738238588,0.004108955875775029,0.12692736089229584,0.32858309149742126,0.0722755715250969,0.9331125020980835,-1.8118929862976074,0.5067157745361328,-1.8710961786206841,-0.22136926651000977,0.07936477661132812,-0.17097426770093557,0.6754217147827148,-0.1770458221435547,0.6562376585549774,0.09424257278442383,0.03052520751953125,0.06401077116392409,0.14371299743652344,-0.10378456115722656,0.13008105339794523,-0.20679712295532227,0.11599540710449219,-0.20350629922908953,-1.7789134979248047,0.3601951599121094,-1.843915561493039,0.03729438781738281,0.018314361572265625,0.05044679364110922,1.1026287078857422,-0.15262603759765625,1.1154140973450464,1.2080888748168945,-0.3113555908203125,1.1902020030724156,-0.48789501190185547,0.10378456115722656,-0.4816098776252871,-0.19279956817626953,0.15262603759765625,-0.19046779110182116,-0.06279659271240234,-0.14041519165039062,-0.03232859273241388,-0.2866280126709179,1.870432313315498e-05,0.24879138733450323,-0.15435018574019038,0.004101511432138365,0.1707827154128645,0.22577953338623047,-0.0061054229736328125,0.27610954043348285,0.09424257278442383,-0.0061054229736328125,0.15475942910204246,-0.303436279296875,0.018314361572265625,-0.26843928568854697,-1.3647441864013672,0.34798622131347656,-1.364410727765175,1.4241852760314941,-0.4334545135498047,1.3670369794338113,-0.20160961151123047,0.03663063049316406,-0.18421271055718885,-1.155679702758789,0.27106285095214844,-1.1070268640215144,-0.7641992568969727,0.128204345703125,-0.7513837653798434,-0.6781058311462402,0.21367454528808594,-0.5582075228640934,1.9091076850891113,-0.5189247131347656,1.791211467440767,-1.3670449256896973,0.23809432983398438,-1.406552967211015,1.7052831649780273,-0.3601951599121094,1.624287456617108,-0.2553977966308594,0.0073261260986328125,-0.23118673915579194,-0.6162738800048828,0.08058547973632812,-0.575559172258464,0.13916277885437012,-0.033756256103515625,0.13655673885034253,0.0,0.0,4.264799424672151e-22
1.4403,1785804302.9013,ramp,0,0.360231,-0.07406012139250094,-0.2628575116345084,0.046335324476123076,0.12692758440971375,0.32642775774002075,0.07228464633226395,0.933867871761322,-1.8015389442443848,0.4945049285888672,-1.8618020322112763,-0.2198352813720703,0.06715583801269531,-0.17002334684680723,0.6706275939941406,-0.2625160217285156,0.6525878615931221,0.09520149230957031,0.05494499206542969,0.06587950555295659,0.14179515838623047,-0.07936477661132812,0.12824521532997776,-0.20545482635498047,0.09157562255859375,-0.20237441475297935,-1.7720098495483398,0.3601951599121094,-1.8347725854259371,0.03748607635498047,0.0061054229736328125,0.05016619971485213,1.0989856719970703,-0.1892547607421875,1.1092103996083198,1.203486442565918,-0.16483497619628906,1.1858071245434085,-0.48616933822631836,0.128204345703125,-0.4800436390169067,-0.19126558303833008,0.11599540710449219,-0.1894084706067687,-0.06490564346313477,-0.128204345703125,-0.03214880778950702,-0.2866280126709179,1.870432313315498e-05,0.2474077080832451,-0.15435018574019038,0.004101511432138365,0.16983287347353232,0.22597122192382812,-0.0061054229736328125,0.2756862086396167,0.09424257278442383,-0.018314361572265625,0.15501101445915286,-0.30324459075927734,0.03052520751953125,-0.2669463101510947,-1.3589916229248047,0.23809432983398438,-1.3584907877364796,1.416323184967041,-0.3235645294189453,1.3594338306308866,-0.20084667205810547,0.021978378295898438,-0.18318823184989608,-1.1491947174072266,0.34432220458984375,-1.1008697612609841,-0.759788990020752,0.25030517578125,-0.7460924523267287,-0.6731200218200684,0.16483497619628906,-0.5562152538856792,1.898561954498291,-0.5799751281738281,1.7812491474096412,-1.3620600700378418,0.25030517578125,-1.4003986298365734,1.698188304901123,-0.40903472900390625,1.6152535375895538,-0.2550163269042969,0.021978378295898438,-0.22990100229882635,-0.6143665313720703,0.08058547973632812,-0.5723578610909278,0.1383957862854004,-0.039893150329589844,0.13579724339052532,0.0,0.0,4.324575736940261e-22
1.4603,1785804302.9214,ramp,0,0.357533,-0.14536280579233385,-0.31444179346112305,0.05517730225605197,0.12627586722373962,0.32406219840049744,0.07272879034280777,0.934745192527771,-1.7927184104919434,0.5311355590820312,-1.8524550348129278,-0.21849346160888672,0.05494499206542969,-0.16906701859910758,0.665067195892334,-0.21367454528808594,0.6489173101294151,0.0965433120727539,0.06715583801269531,0.06775886646498294,0.14045286178588867,-0.09157562255859375,0.12639893780332817,-0.20430421829223633,0.03052520751953125,-0.20123609383706137,-1.7649154663085938,0.40903472900390625,-1.8255776179972059,0.03786945343017578,0.018314361572265625,0.04988401019650513,1.0936169624328613,-0.28693580627441406,1.102971424660967,1.2000350952148438,-0.1770458221435547,1.1813872546202164,-0.48444318771362305,0.10378456115722656,-0.478468494022106,-0.18992328643798828,0.0061054229736328125,-0.18834312630562344,-0.06701469421386719,-0.11599540710449219,-0.03196800050290008,-0.28655840766268065,0.013318755158927114,0.246016160565921,-0.1542957746256899,0.01449922780201807,0.16887763027585753,0.22597122192382812,-0.04273414611816406,0.2752604695774582,0.09424257278442383,-0.018314361572265625,0.1552640304516697,-0.3030529022216797,0.05494499206542969,-0.26544484483629843,-1.3551568984985352,0.1892547607421875,-1.3525371840800335,1.4099960327148438,-0.33577537536621094,1.3517874466651407,-0.20008373260498047,0.05128288269042969,-0.18215792746368195,-1.1430912017822266,0.3150177001953125,-1.0946776462512846,-0.754420280456543,0.21367454528808594,-0.7407710503213496,-0.6694769859313965,0.14041519165039062,-0.5542116559071495,1.889549732208252,-0.4212455749511719,1.7712301768328287,-1.3568825721740723,0.25030517578125,-1.3942092959382781,1.6887927055358887,-0.4822959899902344,1.6061682473511774,-0.2542533874511719,0.03663063049316406,-0.22860795412337978,-0.6128406524658203,0.10988998413085938,-0.5691383457275829,0.1377248764038086,-0.021480560302734375,0.1350334290740451,0.0,0.0,4.384691966085018e-22
1.4805,1785804302.9413,ramp,0,0.353838,-0.17890916466070567,-0.29902432114697725,0.0758432409003635,0.12514446675777435,0.32148444652557373,0.07350118458271027,0.935726523399353,-1.782172679901123,0.4822959899902344,-1.8430613253212278,-0.21715116500854492,0.04273414611816406,-0.16810591105250824,0.6591229438781738,-0.1770458221435547,0.6452284148986865,0.09769392013549805,0.03052520751953125,0.06964761957844282,0.13872718811035156,-0.09157562255859375,0.1245434334111406,-0.2031540870666504,0.06715583801269531,-0.20009208410465804,-1.7566709518432617,0.40903472900390625,-1.8163366982526035,0.038252830505371094,-0.0061054229736328125,0.04960041042173436,1.0882482528686523,-0.21367454528808594,1.096701270120025,1.195624828338623,-0.23809432983398438,1.1769452961730145,-0.48271751403808594,0.10378456115722656,-0.4768854771603405,-0.18858098983764648,0.1770458221435547,-0.1872724578923247,-0.06931591033935547,-0.11599540710449219,-0.03178628962271217,-0.28635018304653237,0.022148106983439227,0.24461765871933344,-0.15426130095624524,0.013231829582401364,0.1679176132018756,0.22597122192382812,-0.04273414611816406,0.27483260286275335,0.09405088424682617,-0.0061054229736328125,0.15551831090443602,-0.30228614807128906,0.04273414611816406,-0.26393587587247347,-1.3507466316223145,0.22588539123535156,-1.3465538269874915,1.4023261070251465,-0.3601951599121094,1.3441028495078864,-0.19893932342529297,0.03663063049316406,-0.18112247407906562,-1.135843276977539,0.3296699523925781,-1.08845458583291,-0.7482843399047852,0.27472496032714844,-0.7354230543396759,-0.6662173271179199,0.09157562255859375,-0.5521980448461482,1.8820714950561523,-0.3113555908203125,1.761161135942639,-1.3517050743103027,0.20146560668945312,-1.3879890305300533,1.6788225173950195,-0.47008514404296875,1.5970375529142484,-0.2534904479980469,0.05128288269042969,-0.22730844387412436,-0.6094074249267578,0.13919448852539062,-0.5659027406729941,0.13686180114746094,-0.033756256103515625,0.1342657975567961,0.0,0.0,4.445108629132567e-22
1.5004,1785804302.9612,ramp,0,0.349729,-0.27238360556420815,-0.2854803493701885,0.07766326183408047,0.12367938458919525,0.31904447078704834,0.07463061064481735,0.9366665482521057,-1.7731609344482422,0.47008514404296875,-1.8337561246982361,-0.21600055694580078,0.05494499206542969,-0.16715385919809653,0.6556715965270996,-0.128204345703125,0.6415742769642047,0.09846067428588867,0.04273414611816406,0.0715185765910663,0.1371932029724121,-0.07936477661132812,0.12270541184560228,-0.20200347900390625,0.05494499206542969,-0.19895885339488636,-1.7490015029907227,0.33577537536621094,-1.807182847769952,0.0399785041809082,0.128204345703125,0.04931948276443255,1.0874810218811035,0.1770458221435547,1.0904901938681804,1.1931324005126953,-0.2625160217285156,1.1725451904909379,-0.47964954376220703,0.1770458221435547,-0.47531737570890414,-0.1920323371887207,-0.03052520751953125,-0.1862118774693036,-0.07084941864013672,-0.07936477661132812,-0.031606290848317134,-0.2860022220186417,0.0754039593212599,0.24323233375632292,-0.15398910277727576,0.0712716645361962,0.16696664154549296,0.22597122192382812,-0.06715583801269531,0.27440876756917243,0.09405088424682617,-0.05494499206542969,0.15577019549056104,-0.30190229415893555,0.04273414611816406,-0.26244112462913716,-1.3442273139953613,0.372406005859375,-1.3406268459376418,1.3938894271850586,-0.45787620544433594,1.3364906577195093,-0.19779491424560547,0.05128288269042969,-0.18009677688371126,-1.130502700805664,0.27106285095214844,-1.0822901599761026,-0.7419567108154297,0.3235645294189453,-0.7301254479378179,-0.6646833419799805,-0.0061054229736328125,-0.5502034063153477,1.8742103576660156,-0.4456653594970703,1.7511869669897768,-1.3484458923339844,0.1770458221435547,-1.3818273733484117,1.6703853607177734,-0.372406005859375,1.5879928891807227,-0.2531089782714844,0.03663063049316406,-0.22602117779551723,-0.6063556671142578,0.15384674072265625,-0.5626976219500531,0.13619089126586914,-0.039893150329589844,0.13350539877303083,0.0,0.0,4.504956037776174e-22
1.5204,1785804302.9813,ramp,0,0.341888,-0.37577406047051165,-0.39865677279431316,-0.0894158583036274,0.12087574601173401,0.31615927815437317,0.07522816210985184,0.9379621744155884,-1.7618474960327148,0.6166057586669922,-1.8244233928794447,-0.21350812911987305,0.16483497619628906,-0.16619899051822584,0.6535625457763672,-0.11599540710449219,0.6379093275715896,0.09941959381103516,0.018314361572265625,0.07339506918383844,0.1358509063720703,-0.09157562255859375,0.12086195214566406,-0.20066070556640625,0.11599540710449219,-0.19782226980774845,-1.746124267578125,0.15262603759765625,-1.7980019138895131,0.046306610107421875,0.04273414611816406,0.04903772392952885,1.0886316299438477,-0.1892547607421875,1.0842607409726344,1.1962003707885742,0.21367454528808594,1.168132066264073,-0.4761981964111328,0.25030517578125,-0.4737446347327715,-0.18340396881103516,0.40903472900390625,-0.18514815911852886,-0.07123327255249023,-0.0061054229736328125,-0.03142575951350751,-0.2821070690172025,0.3007279716354389,0.24184291004742298,-0.1504144189938741,0.24954588149587598,0.16601285625962148,0.22482061386108398,-0.06715583801269531,0.27398367827872167,0.09232521057128906,-0.07936477661132812,0.15602282532486939,-0.3013272285461426,0.03052520751953125,-0.26094195088156696,-1.3355989456176758,0.372406005859375,-1.3346823287934726,1.3856439590454102,-0.3601951599121094,1.328855943822143,-0.19665050506591797,0.05128288269042969,-0.1790680449692293,-1.1240177154541016,0.34432220458984375,-1.0761074954996097,-0.7356295585632324,0.2625160217285156,-0.7248121675655607,-0.6644916534423828,-0.018314361572265625,-0.5482028662692369,1.8625140190124512,-0.5677661895751953,1.7411832875717983,-1.3434605598449707,0.27472496032714844,-1.375647485738734,1.6619486808776855,-0.4456653594970703,1.5789214650990557,-0.2519645690917969,0.0659332275390625,-0.22473010309677463,-0.6029224395751953,0.15384674072265625,-0.5594830202772331,0.13542389869689941,-0.027618408203125,0.13274275020566062,0.0,0.0,4.5649805162963225e-22
1.5403,1785804303.0012,ramp,0,0.332811,-0.3614556081592143,-0.4041000077463261,-0.10411505110464364,0.1179121807217598,0.3123399317264557,0.07528454065322876,0.9396131038665771,-1.7493844032287598,0.628814697265625,-1.8151162506850027,-0.21120691299438477,0.10378456115722656,-0.165246740013965,0.6510696411132812,-0.11599540710449219,0.6342544271849931,0.1005702018737793,0.07936477661132812,0.07526641657995481,0.13431739807128906,-0.06715583801269531,0.11902354706876023,-0.19931840896606445,0.03052520751953125,-0.19668880264435457,-1.7417144775390625,0.27472496032714844,-1.7888461534152902,0.050141334533691406,0.1770458221435547,0.048756737655423245,1.0846052169799805,-0.15262603759765625,1.0780483687521354,1.1977343559265137,-0.04273414611816406,1.163731042480397,-0.4731302261352539,0.16483497619628906,-0.4721762060900007,-0.1814866065979004,0.11599540710449219,-0.18408735740069063,-0.07161664962768555,-0.0061054229736328125,-0.031245723181568517,-0.2760056517215041,0.3306351502754735,0.24045729603020424,-0.14570139604859383,0.24334668310792867,0.16506168617877784,0.22443723678588867,-0.0061054229736328125,0.2735597545500238,0.09079122543334961,-0.06715583801269531,0.1562747624678324,-0.3013272285461426,0.0061054229736328125,-0.25944688775174296,-1.3286957740783691,0.3235645294189453,-1.3287541110526948,1.3791251182556152,-0.4212455749511719,1.3212421637161302,-0.19512462615966797,0.05128288269042969,-0.1780421337575982,-1.117532730102539,0.3150177001953125,-1.0699417834079605,-0.730259895324707,0.28693580627441406,-0.7195134557945909,-0.6644916534423828,-0.06715583801269531,-0.5462078115482452,1.8527345657348633,-0.4456653594970703,1.7312070374642716,-1.3382835388183594,0.2991447448730469,-1.3694845428999467,1.651594638824463,-0.5189247131347656,1.569874914156259,-0.2512016296386719,0.021978378295898438,-0.22344256842438115,-0.6002521514892578,0.10988998413085938,-0.5562772327920311,0.1346569061279297,-0.027618408203125,0.13198219276131082,0.0,0.0,4.624840412367631e-22
1.5610,1785804303.0220,ramp,0,0.323356,-0.3747873259971237,-0.3546668110664388,-0.0771616055084936,0.11471189558506012,0.3087542653083801,0.07525886595249176,0.941195011138916,-1.7365374565124512,0.5799751281738281,-1.80544327093045,-0.2089061737060547,0.09157562255859375,-0.1642570592229615,0.6487689018249512,-0.20146560668945312,0.6304558629527237,0.10325431823730469,0.14041519165039062,0.07721132137438008,0.1327834129333496,-0.06715583801269531,0.11711287946338324,-0.19835996627807617,0.10378456115722656,-0.19551078207747136,-1.7359619140625,0.28693580627441406,-1.7793305057702398,0.05244255065917969,0.07936477661132812,0.04846470660185734,1.0807700157165527,-0.1892547607421875,1.0715918056674418,1.1969671249389648,-0.04273414611816406,1.1591570268406424,-0.47121286392211914,0.10378456115722656,-0.4705461269324004,-0.17861032485961914,0.15262603759765625,-0.18298485855347502,-0.07161664962768555,-0.0061054229736328125,-0.031058610128222263,-0.2693681803904993,0.35177995469908774,0.23901721742646437,-0.14127821768369284,0.25522811897004605,0.16407312827959464,0.22462892532348633,0.03052520751953125,0.2731191675728937,0.08983230590820312,-0.04273414611816406,0.1565366025506836,-0.3013272285461426,0.0061054229736328125,-0.2578930578988799,-1.3217930793762207,0.33577537536621094,-1.3225928717604265,1.372030258178711,-0.3601951599121094,1.3133291073468978,-0.19398021697998047,0.05128288269042969,-0.17697589686417217,-1.110666275024414,0.3296699523925781,-1.063533714530433,-0.7237410545349121,0.2991447448730469,-0.7140064665797482,-0.6660256385803223,-0.09157562255859375,-0.5441343368422392,1.8435311317443848,-0.45787620544433594,1.7208386490481058,-1.3315725326538086,0.33577537536621094,-1.3630793521268165,1.641815185546875,-0.4945049285888672,1.560472768761891,-0.2512016296386719,0.0073261260986328125,-0.22210442438841882,-0.5975818634033203,0.10988998413085938,-0.5529454348250596,0.13388991355895996,-0.033756256103515625,0.13119173994478858,0.0,0.0,4.687053232448231e-22
1.5803,1785804303.0411,ramp,0,0.314102,-0.414133966495904,-0.30228612756059264,-0.0351689147296378,0.11128198355436325,0.3057642877101898,0.07569655776023865,0.9425467848777771,-1.7265667915344238,0.5189247131347656,-1.796451324842512,-0.2079477310180664,0.04273414611816406,-0.16333705767816523,0.6460843086242676,-0.2625160217285156,0.6269247395910666,0.1063222885131836,0.1892547607421875,0.07901929363333296,0.1314411163330078,-0.06715583801269531,0.11533673389754218,-0.19759273529052734,0.04273414611816406,-0.1944157009652721,-1.7313604354858398,0.2625160217285156,-1.7704848147022072,0.05435991287231445,0.10378456115722656,0.048193236221860676,1.0759763717651367,-0.27472496032714844,1.065589821930878,1.1963920593261719,-0.03052520751953125,1.1549050483312588,-0.4691038131713867,0.128204345703125,-0.46903081476633124,-0.17669296264648438,0.03052520751953125,-0.18195998199550328,-0.0718083381652832,-0.0061054229736328125,-0.03088467091499822,-0.26343660743305924,0.35528217704730314,0.2376785286774129,-0.1367204186465242,0.29436045684572704,0.1631541705685463,0.22539615631103516,-0.0061054229736328125,0.2727096004647296,0.0890655517578125,-0.018314361572265625,0.1567800075787517,-0.3013272285461426,0.0061054229736328125,-0.25644862664591495,-1.3141236305236816,0.372406005859375,-1.3168654193148772,1.3641691207885742,-0.45787620544433594,1.3059731758688589,-0.19283580780029297,0.05128288269042969,-0.17598472920891636,-1.1049442291259766,0.28571510314941406,-1.0575768107286447,-0.717796802520752,0.2625160217285156,-0.7088872012258209,-0.667943000793457,-0.14041519165039062,-0.5422068467363766,1.8347110748291016,-0.5067157745361328,1.7112002550865058,-1.3244776725769043,0.4212455749511719,-1.3571251237942454,1.6352958679199219,-0.4212455749511719,1.55173258873026,-0.2508201599121094,0.021978378295898438,-0.22086049342458047,-0.5952930450439453,0.10988998413085938,-0.5498482146865797,0.13312268257141113,-0.033756256103515625,0.1304569395739017,0.0,0.0,4.744885910520368e-22
1.6004,1785804303.0612,ramp,0,0.304577,-0.41902855697384706,-0.31248383742769686,-0.02265270883237569,0.10757286846637726,0.30289366841316223,0.07649245858192444,0.9438391327857971,-1.715062141418457,0.5433464050292969,-1.7870670561784812,-0.20737218856811523,0.0061054229736328125,-0.16237691605995946,0.6412906646728516,-0.21367454528808594,0.6232395517588046,0.11034917831420898,0.1892547607421875,0.08090614851982833,0.12990713119506836,-0.07936477661132812,0.11348309431682466,-0.1964426040649414,0.09157562255859375,-0.19327284098087252,-1.725799560546875,0.2991447448730469,-1.7612531822291446,0.05608558654785156,0.05494499206542969,0.04790992146938095,1.0702238082885742,-0.20146560668945312,1.0593259689951253,1.1954331398010254,-0.07936477661132812,1.1504675541230511,-0.46680307388305664,0.06715583801269531,-0.4674493888617274,-0.17592620849609375,0.07936477661132812,-0.1808903896210143,-0.0718083381652832,-0.03052520751953125,-0.030703142657139318,-0.25662575607199417,0.385088055023672,0.23628143234745755,-0.1311213762719581,0.31441546823084954,0.1621951183270156,0.2255878448486328,-0.03052520751953125,0.27228216376288844,0.08887386322021484,-0.0061054229736328125,0.15703403247561265,-0.3013272285461426,0.04273414611816406,-0.2549411742199346,-1.3047280311584473,0.4456653594970703,-1.310888075591521,1.3555402755737305,-0.4212455749511719,1.2982963018541538,-0.19169139862060547,0.05128288269042969,-0.17495031647144507,-1.0988407135009766,0.3003654479980469,-1.0513600045851164,-0.7126197814941406,0.22588539123535156,-0.7035445800652957,-0.6706275939941406,-0.15262603759765625,-0.540195259386566,1.8266572952270508,-0.3601951599121094,1.7011413337427979,-1.316807746887207,0.39682579040527344,-1.3509111098518367,1.625709056854248,-0.5677661895751953,1.542611070786681,-0.2500572204589844,0.05128288269042969,-0.21956228920382515,-0.5926218032836914,0.13919448852539062,-0.5466158614666098,0.1323556900024414,-0.033756256103515625,0.12969007953855496,0.0,0.0,4.805241853859191e-22
1.6202,1785804303.0810,ramp,0,0.295514,-0.4015953380306202,-0.29580632373329363,-0.01634278659459658,0.10405705124139786,0.29987621307373047,0.07734742015600204,0.9451263546943665,-1.7047076225280762,0.5311355590820312,-1.77781557392619,-0.20718050003051758,0.0061054229736328125,-0.16143036034437522,0.6366887092590332,-0.16483497619628906,0.6196065089456539,0.1138005256652832,0.1770458221435547,0.08276630460870597,0.12818145751953125,-0.10378456115722656,0.11165568354065165,-0.19548368453979492,0.07936477661132812,-0.1921461523447028,-1.7190885543823242,0.39682579040527344,-1.7521521763818195,0.05685234069824219,0.03052520751953125,0.04763061559076466,1.0673480033874512,-0.10378456115722656,1.0531507489177,1.1929407119750977,-0.16483497619628906,1.146092849989821,-0.4652690887451172,0.07936477661132812,-0.46589033996686413,-0.17515897750854492,0.03052520751953125,-0.17983593186580338,-0.07200002670288086,-0.018314361572265625,-0.03052418300498145,-0.24948797722790528,0.34926685604339497,0.23490410478320484,-0.1250452203062604,0.297016621992165,0.16124963657354133,0.22577953338623047,-0.0061054229736328125,0.2718607752452922,0.08868217468261719,0.0061054229736328125,0.15728446294697762,-0.3013272285461426,0.04273414611816406,-0.2534550520867753,-1.2968664169311523,0.3235645294189453,-1.3049953106513577,1.348637580871582,-0.372406005859375,1.290728054796997,-0.19092845916748047,0.03663063049316406,-0.17393054056509874,-1.0934991836547852,0.28571510314941406,-1.0452311655927673,-0.7072510719299316,0.27472496032714844,-0.6982775564306504,-0.6731200218200684,-0.11599540710449219,-0.5382121357855721,1.8184123039245605,-0.4456653594970703,1.6912247450750844,-1.3087544441223145,0.4212455749511719,-1.3447850235512566,1.6159300804138184,-0.45787620544433594,1.533618621359862,-0.24891281127929688,0.0659332275390625,-0.21828245443585836,-0.5899515151977539,0.10988998413085938,-0.5434292457037526,0.1316845417022705,-0.039893150329589844,0.12893407049181968,0.0,0.0,4.864743766966139e-22
1.6403,1785804303.1013,ramp,0,0.286846,-0.4124382652508233,-0.22740334738498785,0.009558547044295946,0.10055220872163773,0.29728662967681885,0.0783459022641182,0.9462409019470215,-1.6943535804748535,0.4945049285888672,-1.7684279589804757,-0.20698881149291992,-0.0061054229736328125,-0.16046987635486426,0.6318950653076172,-0.16483497619628906,0.6159200070337352,0.11686849594116211,0.11599540710449219,0.08465383231779125,0.12626409530639648,-0.10378456115722656,0.1098013829813966,-0.19433307647705078,0.07936477661132812,-0.1910028848345204,-1.7114191055297852,0.372406005859375,-1.742917252054723,0.057619571685791016,0.03052520751953125,0.047347199812728134,1.0656218528747559,-0.09157562255859375,1.0468846623911265,1.1894893646240234,-0.1770458221435547,1.1416537734414094,-0.4635434150695801,0.07936477661132812,-0.46430835015081134,-0.1743922233581543,0.018314361572265625,-0.17876595809160178,-0.07219171524047852,-0.0061054229736328125,-0.030342590017018778,-0.242774225369683,0.3310365923575143,0.23350651027080963,-0.1193818974532854,0.3104543873734572,0.1602902423491599,0.22635459899902344,0.0061054229736328125,0.27143318612628803,0.08887386322021484,-0.0061054229736328125,0.1575385784250964,-0.30017662048339844,0.05494499206542969,-0.25194706212711787,-1.2913055419921875,0.22588539123535156,-1.299015835501831,1.3417348861694336,-0.372406005859375,1.2830484433305176,-0.18978404998779297,0.05128288269042969,-0.17289575897241655,-1.0866327285766602,0.34432220458984375,-1.0390121426345595,-0.7001562118530273,0.34798622131347656,-0.6929330301759752,-0.674654483795166,-0.10378456115722656,-0.5361998311355493,1.8084416389465332,-0.5677661895751953,1.6811622368792245,-1.3003177642822266,0.4212455749511719,-1.3385687937898232,1.6063423156738281,-0.4212455749511719,1.5244938508273473,-0.24738693237304688,0.09523773193359375,-0.21698378729602416,-0.5876626968383789,0.09523773193359375,-0.5401957398777818,0.13082170486450195,-0.033756256103515625,0.12816693700632115,0.0,0.0,4.925121232279123e-22
1.6606,1785804303.1217,ramp,0,0.278336,-0.41859835658925837,-0.22884696378813574,0.04681877559894572,0.09691908955574036,0.2950303554534912,0.07971058785915375,0.9472116827964783,-1.6843829154968262,0.4945049285888672,-1.7589759304479362,-0.20698881149291992,-0.0061054229736328125,-0.15950280195669148,0.6288270950317383,-0.15262603759765625,0.6122082100056069,0.11936140060424805,0.07936477661132812,0.08655431139212487,0.12377119064331055,-0.10378456115722656,0.1079343590466342,-0.19318294525146484,0.10378456115722656,-0.18985177273745873,-1.7041325569152832,0.3846149444580078,-1.7336189618350752,0.05800294876098633,0.0061054229736328125,0.04706183936323547,1.063704490661621,-0.16483497619628906,1.0405755808002193,1.1864213943481445,-0.14041519165039062,1.1371842379484922,-0.46239280700683594,0.05494499206542969,-0.46271550543295853,-0.17420053482055664,0.018314361572265625,-0.17768864263913545,-0.07200002670288086,-0.0061054229736328125,-0.030159751019738033,-0.23669202901047473,0.3611912659757324,0.23209932609416098,-0.1135268181572813,0.3227660577351127,0.15932426519359424,0.22673797607421875,-0.03052520751953125,0.2710026630832786,0.08925724029541016,-0.0061054229736328125,0.1577944375292062,-0.29921817779541016,0.10378456115722656,-0.25042872501935526,-1.2861285209655762,0.2625160217285156,-1.2929953318861884,1.3332982063293457,-0.4456653594970703,1.2753161378280304,-0.18863964080810547,0.021978378295898438,-0.17185387717437337,-1.0805292129516602,0.3003654479980469,-1.032750447541033,-0.6930618286132812,0.2991447448730469,-0.6875518321886042,-0.6754217147827148,-0.03052520751953125,-0.5341737189570922,1.7973203659057617,-0.5555553436279297,1.6710306842829397,-1.2918810844421387,0.4334545135498047,-1.3323099110587298,1.5971388816833496,-0.5433464050292969,1.5153064702280212,-0.24586105346679688,0.0659332275390625,-0.21567620928702327,-0.5853738784790039,0.124542236328125,-0.5369400471907742,0.13005471229553223,-0.027618408203125,0.12739453979626003,0.0,0.0,4.985912980573107e-22
1.6803,1785804303.1411,ramp,0,0.269940,-0.4431981087363748,-0.21902937023236996,0.08684738091267888,0.09321305900812149,0.29278820753097534,0.08144143223762512,0.9481316804885864,-1.6746039390563965,0.47008514404296875,-1.7497617040556845,-0.20679712295532227,0.018314361572265625,-0.15856005803540113,0.6259512901306152,-0.21367454528808594,0.608589797511239,0.12108707427978516,0.10378456115722656,0.08840697660408048,0.12166213989257812,-0.11599540710449219,0.10611430728150993,-0.1920323371887207,0.11599540710449219,-0.18872962129359966,-1.695695400238037,0.4212455749511719,-1.7245546058770134,0.05800294876098633,-0.03052520751953125,0.0467836582536495,1.0625543594360352,-0.05494499206542969,1.0344252284281674,1.1829700469970703,-0.1770458221435547,1.1328271508154848,-0.4608588218688965,0.09157562255859375,-0.46116273485175774,-0.17400884628295898,-0.03052520751953125,-0.1766384312013766,-0.07200002670288086,-0.0061054229736328125,-0.029981512040827073,-0.22965627876361164,0.382440533433051,0.2307275450490025,-0.10731551210167348,0.3537208240895031,0.1583825909095521,0.22673797607421875,-0.05494499206542969,0.2705829715036654,0.08944892883300781,-0.0061054229736328125,0.15804385951324595,-0.2976841926574707,0.10378456115722656,-0.24894858752267737,-1.2801847457885742,0.3235645294189453,-1.2871262972002557,1.3248610496520996,-0.47008514404296875,1.2677783682171269,-0.18787670135498047,0.03663063049316406,-0.17083820792114512,-1.0736627578735352,0.3296699523925781,-1.026646289476721,-0.6878848075866699,0.1892547607421875,-0.6823060189384145,-0.6754217147827148,-0.04273414611816406,-0.532198581425066,1.7879247665405273,-0.4945049285888672,1.661154029868938,-1.2845945358276367,0.33577537536621094,-1.3262084946010548,1.5860176086425781,-0.4334545135498047,1.5063502335321057,-0.24471664428710938,0.05128288269042969,-0.21440152843317414,-0.5830850601196289,0.124542236328125,-0.5337662639781637,0.12938356399536133,-0.027618408203125,0.12664157520947888,0.0,0.0,5.045175278569056e-22
1.7001,1785804303.1609,ramp,0,0.261418,-0.4392858252265075,-0.2080564141719437,0.08762978435143054,0.08935997635126114,0.2905345857143402,0.08345436304807663,0.9490204453468323,-1.6667423248291016,0.4456653594970703,-1.740531074907806,-0.20641374588012695,0.05494499206542969,-0.15761563588335092,0.6228833198547363,-0.25030517578125,0.6049649436800322,0.12319612503051758,0.07936477661132812,0.09026293984816987,0.11916971206665039,-0.128204345703125,0.104291015541258,-0.19088172912597656,0.09157562255859375,-0.1876054722456959,-1.6887927055358887,0.3601951599121094,-1.7154741139559995,0.058194637298583984,-0.03052520751953125,0.04650498193843624,1.0610203742980957,-0.07936477661132812,1.0282639274726226,1.1799020767211914,-0.15262603759765625,1.1284623073899311,-0.45932483673095703,0.10378456115722656,-0.45960720009749406,-0.17400884628295898,0.018314361572265625,-0.1755863502239693,-0.07200002670288086,-0.018314361572265625,-0.02980295576882065,-0.22249772439151233,0.3735150236559914,0.22935332202029599,-0.10024812054937876,0.34179481690393,0.1574392402988707,0.22673797607421875,-0.03052520751953125,0.2701625328077858,0.08964061737060547,-0.0061054229736328125,0.15829372550719803,-0.2963418960571289,0.09157562255859375,-0.2474658151511203,-1.273665428161621,0.34798622131347656,-1.2812468147200509,1.3179583549499512,-0.3601951599121094,1.2602271802043261,-0.18673229217529297,0.03663063049316406,-0.1698207306187276,-1.0679407119750977,0.27106285095214844,-1.0205312650619665,-0.6834745407104492,0.22588539123535156,-0.6770508673250085,-0.6756134033203125,-0.04273414611816406,-0.5302199278411339,1.7775707244873047,-0.5799751281738281,1.651259793474435,-1.278459072113037,0.3235645294189453,-1.3200962166734234,1.576430320739746,-0.45787620544433594,1.4973780533423353,-0.24433517456054688,0.021978378295898438,-0.2131245784492149,-0.5796518325805664,0.16849899291992188,-0.5305868309379679,0.1286165714263916,-0.04603099822998047,0.12588727022866067,0.0,0.0,5.104543072669673e-22
1.7205,1785804303.1814,ramp,0,0.253092,-0.4472268389649057,-0.24598538744344758,0.08311930492646102,0.08562628924846649,0.2881366014480591,0.08541684597730637,0.9499207139015198,-1.6571550369262695,0.47008514404296875,-1.7310201302509196,-0.20507144927978516,0.09157562255859375,-0.15664253354363109,0.6190485954284668,-0.15262603759765625,0.6012300103807313,0.12530517578125,0.11599540710449219,0.09217526493641222,0.11686849594116211,-0.10378456115722656,0.10241235412424296,-0.18953990936279297,0.06715583801269531,-0.18644718506836291,-1.6813149452209473,0.4212455749511719,-1.7061178658894296,0.05800294876098633,-0.03052520751953125,0.046217842788036353,1.0581440925598145,-0.14041519165039062,1.0219155202878238,1.1770262718200684,-0.128204345703125,1.123964912511278,-0.45740747451782227,0.09157562255859375,-0.4580044269037443,-0.17381668090820312,0.018314361572265625,-0.17450231967844756,-0.0718083381652832,-0.0061054229736328125,-0.029618977104529574,-0.21602746475505338,0.33408422435584045,0.22793736662193076,-0.09357408260088379,0.32777896350170455,0.15646724204106044,0.22673797607421875,-0.0061054229736328125,0.2697293262403827,0.08983230590820312,-0.0061054229736328125,0.15855117942524022,-0.29519128799438477,0.09157562255859375,-0.2459380139862473,-1.2671456336975098,0.33577537536621094,-1.275188784266817,1.3112473487854004,-0.372406005859375,1.2524466779077958,-0.18558788299560547,0.03663063049316406,-0.16877235459170942,-1.0618371963500977,0.3296699523925781,-1.0142305397427605,-0.6790647506713867,0.20146560668945312,-0.6716361274023092,-0.6758050918579102,-0.018314361572265625,-0.528181186555958,1.7654905319213867,-0.6043949127197266,1.6410650891630942,-1.2711725234985352,0.39682579040527344,-1.3137983212465907,1.5672264099121094,-0.47008514404296875,1.4881334062148825,-0.24357223510742188,0.0659332275390625,-0.21180885008092276,-0.5766000747680664,0.15384674072265625,-0.5273108449568252,0.12784957885742188,-0.033756256103515625,0.12511005853354837,0.0,0.0,5.165713746417534e-22
1.7407,1785804303.2016,ramp,0,0.244294,-0.4650979148808552,-0.30956198352723,0.06933962674844348,0.08179774135351181,0.28517401218414307,0.08734667301177979,0.9509760141372681,-1.6477599143981934,0.4822959899902344,-1.7215580782789717,-0.2031536102294922,0.09157562255859375,-0.15567443360775488,0.6131043434143066,-0.14041519165039062,0.5975142771634049,0.12818145751953125,0.128204345703125,0.09407775938096863,0.11475944519042969,-0.09157562255859375,0.1005433502968871,-0.18838930130004883,0.11599540710449219,-0.18529485227012393,-1.6728782653808594,0.40903472900390625,-1.6968097152627484,0.057427406311035156,-0.04273414611816406,0.04593217972697568,1.0546927452087402,-0.1770458221435547,1.0155997482074801,1.17472505569458,-0.11599540710449219,1.1194906372825417,-0.4554901123046875,0.10378456115722656,-0.45640989304768576,-0.17362499237060547,0.018314361572265625,-0.17342386178273478,-0.0718083381652832,-0.0061054229736328125,-0.02943594421494259,-0.20894373815363984,0.3774727253217053,0.22652869019149946,-0.08641073293037296,0.3708408555026107,0.15550024051136646,0.22673797607421875,-0.0061054229736328125,0.2692983466475839,0.08983230590820312,-0.0061054229736328125,0.15880730985610475,-0.2940406799316406,0.03052520751953125,-0.24441806675215583,-1.2615852355957031,0.2625160217285156,-1.2691618961853433,1.3033857345581055,-0.4212455749511719,1.244706172652692,-0.18482494354248047,0.03663063049316406,-0.16772936792617268,-1.0553522109985352,0.3150177001953125,-1.0079622044109875,-0.6758050918579102,0.128204345703125,-0.6662492229031785,-0.6758050918579102,-0.0061054229736328125,-0.5261529257791778,1.7539863586425781,-0.5677661895751953,1.6309227925235368,-1.2633109092712402,0.39682579040527344,-1.3075328012596314,1.5562973022460938,-0.5311355590820312,1.4789362828230495,-0.24242782592773438,0.05128288269042969,-0.21049988544587644,-0.5724039077758789,0.21245384216308594,-0.5240516997581932,0.12708258628845215,-0.039893150329589844,0.12433684223194429,0.0,0.0,5.226569961550936e-22
1.7610,1785804303.2225,ramp,0,0.235663,-0.41698045293752156,-0.31339071035789606,0.05631670660011795,0.0781293734908104,0.2820149064064026,0.0890541672706604,0.9520676732063293,-1.6379804611206055,0.4945049285888672,-1.7120883034365246,-0.2008523941040039,0.10378456115722656,-0.1547055435144734,0.6102275848388672,-0.15262603759765625,0.5937955111867433,0.13029050827026367,0.07936477661132812,0.09598180663016659,0.11284208297729492,-0.10378456115722656,0.09867282099973212,-0.18743038177490234,0.09157562255859375,-0.18414157894471397,-1.6659750938415527,0.39682579040527344,-1.6874939673789302,0.056468963623046875,-0.05494499206542969,0.0456462835094249,1.0504746437072754,-0.1892547607421875,1.0092788212315573,1.1729989051818848,-0.09157562255859375,1.1150127101769955,-0.4533805847167969,0.10378456115722656,-0.45481405774258477,-0.17285823822021484,0.03052520751953125,-0.17234452365610683,-0.07142496109008789,0.03052520751953125,-0.029252761935000586,-0.20343271261168863,0.3166412474202263,0.2251188640077504,-0.08019134980420949,0.3275885435200197,0.15453244972077976,0.22750520706176758,-0.0061054229736328125,0.2688670152918067,0.08983230590820312,-0.0061054229736328125,0.1590636493391024,-0.29308176040649414,0.05494499206542969,-0.242896878946179,-1.2571749687194824,0.23809432983398438,-1.263130088993691,1.2943735122680664,-0.4334545135498047,1.2369593496432723,-0.18329906463623047,0.0659332275390625,-0.16668552998112762,-1.0484857559204102,0.3150177001953125,-1.0016887529012275,-0.6719698905944824,0.1770458221435547,-0.6608579216446598,-0.6759967803955078,-0.0061054229736328125,-0.5241230095480243,1.7415227890014648,-0.7264957427978516,1.6207722178018318,-1.25506591796875,0.39682579040527344,-1.3012621673925526,1.54536771774292,-0.5677661895751953,1.4697316527938478,-0.24052047729492188,0.10988998413085938,-0.2091898524416863,-0.5682077407836914,0.21245384216308594,-0.5207898944646493,0.1262197494506836,-0.039893150329589844,0.12356299483579723,0.0,0.0,5.287475847164899e-22
